EXECUTION_TIME_STAMP,TICKER,CURRENT_PRICE,PERCENT_CHANGE,CURR,PRICE_CEILING,STRIKE,PRICE_FLOOR,DTE_STRING_AVG,DEX_AVG,GEX_OI_VOL_AVG,ZONE_OI_VOL_AVG,POWER_OI_VOL_AVG,NEG_NEG_OI_VOL_AVG,GEX_OI_AVG,ZONE_OI_AVG,POWER_OI_AVG,NEG_NEG_OI_AVG,DTE_STRING_AVG0,DEX_AVG0,GEX_OI_VOL_AVG0,ZONE_OI_VOL_AVG0,POWER_OI_VOL_AVG0,NEG_NEG_OI_VOL_AVG0,GEX_OI_AVG0,ZONE_OI_AVG0,POWER_OI_AVG0,NEG_NEG_OI_AVG0,DTE_STRING_0,DEX_0,GEX_OI_VOL_0,ZONE_OI_VOL_0,POWER_OI_VOL_0,NEG_NEG_OI_VOL_0,GEX_OI_0,ZONE_OI_0,POWER_OI_0,NEG_NEG_OI_0,DTE_STRING_1,DEX_1,GEX_OI_VOL_1,ZONE_OI_VOL_1,POWER_OI_VOL_1,NEG_NEG_OI_VOL_1,GEX_OI_1,ZONE_OI_1,POWER_OI_1,NEG_NEG_OI_1,NUMBER_OF_1_TOTAL_AVG,NUMBER_OF_1_TOTAL_AVG_0,NUMBER_OF_M_TOTAL_AVG,NUMBER_OF_M_TOTAL_AVG_0
2026-09-10 10:16:15,A,142.02,-1.89,,,230.0,0.0,AVG,0.0,0,,,230.0,0,,,230.0,AVG-0,0.0,0,,,230.0,0,,,230.0,0,0.0,0,,,230.0,0,,,230.0,1,0.0,0,,,230.0,0,,,230.0,0.0,0.0,0.0,0.0
2026-09-10 10:16:15,A,142.02,-1.89,,225.0,220.0,0.0,AVG,0.0,6,,,220.0,6,,,220.0,AVG-0,0.0,6,,,220.0,6,,,220.0,0,0.0,0,,,220.0,0,,,220.0,1,0.0,0,,,220.0,0,,,220.0,0.0,0.0,0.0,0.0
2026-09-10 10:16:15,A,142.02,-1.89,,215.0,210.0,0.0,AVG,0.0,9,,,210.0,9,,,210.0,AVG-0,0.0,9,,,210.0,9,,,210.0,0,0.0,0,,,210.0,0,,,210.0,1,0.0,0,,,210.0,0,,,210.0,0.0,0.0,0.0,0.0
2026-09-10 10:16:15,A,142.02,-1.89,,205.0,200.0,0.0,AVG,0.0,65,,,200.0,65,,,200.0,AVG-0,0.0,65,,,200.0,65,,,200.0,0,0.0,0,,,200.0,0,,,200.0,1,0.0,0,,,200.0,0,,,200.0,0.0,0.0,0.0,0.0
2026-09-10 10:16:15,A,142.02,-1.89,,197.5,195.0,0.0,AVG,0.4067,69,,,195.0,67,,,195.0,AVG-0,0.4067,69,,,195.0,67,,,195.0,0,0.0,0,,,195.0,0,,,195.0,1,0.0,0,,,195.0,0,,,195.0,0.0,0.0,0.0,0.0
2026-09-10 10:16:15,A,142.02,-1.89,,192.5,190.0,0.0,AVG,0.0,1137,,,190.0,1137,,,190.0,AVG-0,0.0,1137,,5.0,190.0,1137,,5.0,190.0,0,0.0,0,,,190.0,0,,,190.0,1,0.0,0,,,190.0,0,,,190.0,0.0,0.0,0.0,0.0
2026-09-10 10:16:15,A,142.02,-1.89,,187.5,185.0,0.0,AVG,0.0,218,,,185.0,218,,,185.0,AVG-0,0.0,218,,,185.0,218,,,185.0,0,0.0,0,,,185.0,0,,,185.0,1,0.0,0,,,185.0,0,,,185.0,0.0,0.0,0.0,0.0
2026-09-10 10:16:15,A,142.02,-1.89,,182.5,180.0,0.0,AVG,0.0,194,,,180.0,194,,,180.0,AVG-0,0.0,194,,,180.0,194,,,180.0,0,0.0,0,,,180.0,0,,,180.0,1,0.0,7,,,180.0,7,,,180.0,0.0,0.0,0.0,0.0
2026-09-10 10:16:15,A,142.02,-1.89,,177.5,175.0,0.0,AVG,0.0,369,,,175.0,369,,,175.0,AVG-0,0.0,368,,,175.0,368,,,175.0,0,0.0,1,,,175.0,1,,,175.0,1,0.0,14,,,175.0,14,,,175.0,0.0,0.0,0.0,0.0
2026-09-10 10:16:15,A,142.02,-1.89,,172.5,170.0,0.0,AVG,0.0,653,,,170.0,653,,,170.0,AVG-0,0.0,651,,,170.0,651,,,170.0,0,0.0,2,,,170.0,2,,,170.0,1,0.0,67,,,170.0,67,,,170.0,0.0,0.0,0.0,0.0
2026-09-10 10:16:15,A,142.02,-1.89,,167.5,165.0,0.0,AVG,0.069,2030,,,165.0,2028,,,165.0,AVG-0,0.069,2004,,3.0,165.0,2002,,3.0,165.0,0,0.0,26,,,165.0,26,,,165.0,1,0.069,609,,3.0,165.0,607,,3.0,165.0,0.0,0.0,0.0,0.0
2026-09-10 10:16:15,A,142.02,-1.89,,162.5,160.0,0.0,AVG,0.58604,3440,,4.0,160.0,3436,,4.0,160.0,AVG-0,0.58604,3261,+,2.0,160.0,3257,+,2.0,160.0,0,0.0,179,,,160.0,179,,,160.0,1,0.0,1885,+,2.0,160.0,1885,+,2.0,160.0,0.0,0.0,0.0,0.0
2026-09-10 10:16:15,A,142.02,-1.89,,157.5,155.0,0.0,AVG,-1.13955,2126,,5.0,155.0,2129,,5.0,155.0,AVG-0,-1.20882,457,*,,155.0,461,*,,155.0,0,0.06927,1669,,3.0,155.0,1668,,3.0,155.0,1,0.0,-23,*,,155.0,-23,*,,155.0,0.0,0.0,0.0,0.0
2026-09-10 10:16:15,A,142.02,-1.89,,152.5,150.0,0.0,AVG,2.37237,8080,+,2.0,150.0,8069,+,2.0,150.0,AVG-0,3.09236,1314,*,4.0,150.0,1303,*,4.0,150.0,0,-0.71999,6766,M+,2.0,150.0,6766,M+,2.0,150.0,1,0.0,193,*,,150.0,193,*,,150.0,0.0,0.0,0.0,0.0
2026-09-10 10:16:15,A,142.02,-1.89,,147.5,145.0,0.0,AVG,0.39794,-6933,M,3.0,145.0,-6941,M,3.0,145.0,AVG-0,0.0,-49,*,,145.0,-49,*,,145.0,0,0.39794,-6884,-,1.0,145.0,-6892,-,1.0,145.0,1,0.0,-249,*,5.0,145.0,-249,*,5.0,145.0,0.0,0.0,0.0,0.0
2026-09-10 10:16:15,A,142.02,-1.89,CURR,142.5,140.0,0.0,AVG,-1.14033,-16016,-,1.0,N/N,-16000,-,1.0,N/N,AVG-0,-0.79678,-16162,M-,1.0,N/N,-16154,M-,1.0,N/N,0,-0.34355,146,,,140.0,154,,,140.0,1,-0.79678,-15866,M-,1.0,N/N,-15858,M-,1.0,N/N,0.0,0.0,0.0,0.0
2026-09-10 10:16:15,A,142.02,-1.89,,137.5,135.0,0.0,AVG,0.91071,-555,,,135.0,-559,,,135.0,AVG-0,0.0496699999999999,-906,,,135.0,-905,,,135.0,0,0.86104,351,,4.0,135.0,346,,4.0,135.0,1,0.73499,-382,,4.0,135.0,-385,,4.0,135.0,0.0,0.0,0.0,0.0
2026-09-10 10:16:15,A,142.02,-1.89,,132.5,130.0,0.0,AVG,-0.2235,404,,,130.0,406,,,130.0,AVG-0,-0.2235,107,,,130.0,109,,,130.0,0,0.0,297,,5.0,130.0,297,,5.0,130.0,1,0.0,-106,,,130.0,-106,,,130.0,0.0,0.0,0.0,0.0
2026-09-10 10:16:15,A,142.02,-1.89,,127.5,125.0,0.0,AVG,-0.19928,-649,,,N/N,-648,,,N/N,AVG-0,-0.19928,-507,,,N/N,-506,,,N/N,0,0.0,-142,,,125.0,-142,,,125.0,1,0.0,-5,,,125.0,-5,,,125.0,0.0,0.0,0.0,0.0
2026-09-10 10:16:15,A,142.02,-1.89,,122.5,120.0,0.0,AVG,0.0,-222,,,120.0,-222,,,120.0,AVG-0,0.0,-221,,,120.0,-221,,,120.0,0,0.0,-1,,,120.0,-1,,,120.0,1,0.0,-99,,,120.0,-99,,,120.0,0.0,0.0,0.0,0.0
2026-09-10 10:16:15,A,142.02,-1.89,,117.5,115.0,0.0,AVG,-0.36482,-8,,,N/N,-6,,,N/N,AVG-0,-0.36482,-8,,,N/N,-6,,,N/N,0,0.0,0,,,115.0,0,,,115.0,1,0.0,-3,,,115.0,-3,,,115.0,0.0,0.0,0.0,0.0
2026-09-10 10:16:15,A,142.02,-1.89,,112.5,110.0,0.0,AVG,-0.30336,679,,,110.0,681,,,110.0,AVG-0,-0.30336,679,,,110.0,681,,,110.0,0,0.0,0,,,110.0,0,,,110.0,1,0.0,0,,,110.0,0,,,110.0,0.0,0.0,0.0,0.0
2026-09-10 10:16:15,A,142.02,-1.89,,107.5,105.0,0.0,AVG,-0.25106,-131,,,N/N,-129,,,N/N,AVG-0,-0.25106,-131,,,N/N,-129,,,N/N,0,0.0,0,,,105.0,0,,,105.0,1,0.0,0,,,105.0,0,,,105.0,0.0,0.0,0.0,0.0
2026-09-10 10:16:15,A,142.02,-1.89,,102.5,100.0,0.0,AVG,-0.06174,-119,,,N/N,-119,,,N/N,AVG-0,-0.06174,-119,,,N/N,-119,,,N/N,0,0.0,0,,,100.0,0,,,100.0,1,0.0,0,,,100.0,0,,,100.0,0.0,0.0,0.0,0.0
2026-09-10 10:16:15,A,142.02,-1.89,,97.5,95.0,0.0,AVG,0.0,-11,,,95.0,-11,,,95.0,AVG-0,0.0,-11,,,95.0,-11,,,95.0,0,0.0,0,,,95.0,0,,,95.0,1,0.0,0,,,95.0,0,,,95.0,0.0,0.0,0.0,0.0
2026-09-10 10:16:15,A,142.02,-1.89,,92.5,90.0,0.0,AVG,0.0,-7,,,90.0,-7,,,90.0,AVG-0,0.0,-7,,,90.0,-7,,,90.0,0,0.0,0,,,90.0,0,,,90.0,1,0.0,0,,,90.0,0,,,90.0,0.0,0.0,0.0,0.0
2026-09-10 10:16:15,A,142.02,-1.89,,87.5,85.0,0.0,AVG,0.0,0,,,85.0,0,,,85.0,AVG-0,0.0,0,,,85.0,0,,,85.0,0,0.0,0,,,85.0,0,,,85.0,1,0.0,0,,,85.0,0,,,85.0,0.0,0.0,0.0,0.0
2026-09-10 10:16:15,A,142.02,-1.89,,82.5,80.0,0.0,AVG,0.0,-3,,,80.0,-3,,,80.0,AVG-0,0.0,-3,,,80.0,-3,,,80.0,0,0.0,0,,,80.0,0,,,80.0,1,0.0,0,,,80.0,0,,,80.0,0.0,0.0,0.0,0.0
2026-09-10 10:16:15,A,142.02,-1.89,,77.5,75.0,0.0,AVG,0.0,0,,,75.0,0,,,75.0,AVG-0,0.0,0,,,75.0,0,,,75.0,0,0.0,0,,,75.0,0,,,75.0,1,0.0,0,,,75.0,0,,,75.0,0.0,0.0,0.0,0.0
2026-09-10 10:16:15,A,142.02,-1.89,,72.5,70.0,0.0,AVG,0.0,0,,,70.0,0,,,70.0,AVG-0,0.0,0,,,70.0,0,,,70.0,0,0.0,0,,,70.0,0,,,70.0,1,0.0,0,,,70.0,0,,,70.0,0.0,0.0,0.0,0.0
2026-09-10 10:16:15,A,142.02,-1.89,,67.5,65.0,0.0,AVG,0.0,0,,,65.0,0,,,65.0,AVG-0,0.0,0,,,65.0,0,,,65.0,0,0.0,0,,,65.0,0,,,65.0,1,0.0,0,,,65.0,0,,,65.0,0.0,0.0,0.0,0.0
2026-09-10 10:16:15,A,142.02,-1.89,,62.5,60.0,0.0,AVG,0.0,0,,,60.0,0,,,60.0,AVG-0,0.0,0,,,60.0,0,,,60.0,0,0.0,0,,,60.0,0,,,60.0,1,0.0,0,,,60.0,0,,,60.0,0.0,0.0,0.0,0.0
2026-09-10 10:16:15,A,142.02,-1.89,,57.5,55.0,0.0,AVG,0.0,0,,,55.0,0,,,55.0,AVG-0,0.0,0,,,55.0,0,,,55.0,0,0.0,0,,,55.0,0,,,55.0,1,0.0,0,,,55.0,0,,,55.0,0.0,0.0,0.0,0.0
2026-09-10 10:16:15,AA,49.35,-2.73,,,120.0,0.0,AVG,0.5175000000000001,105,,,120.0,103,,,120.0,AVG-0,0.5175000000000001,105,,,120.0,103,,,120.0,0,0.0,0,,,120.0,0,,,120.0,1,0.0,0,,,120.0,0,,,120.0,0.0,0.0,0.0,0.0
2026-09-10 10:16:15,AA,49.35,-2.73,,117.5,115.0,0.0,AVG,0.0,7,,,115.0,7,,,115.0,AVG-0,0.0,7,,,115.0,7,,,115.0,0,0.0,0,,,115.0,0,,,115.0,1,0.0,0,,,115.0,0,,,115.0,0.0,0.0,0.0,0.0
2026-09-10 10:16:15,AA,49.35,-2.73,,112.5,110.0,0.0,AVG,0.0,117,,,110.0,117,,,110.0,AVG-0,0.0,117,,,110.0,117,,,110.0,0,0.0,0,,,110.0,0,,,110.0,1,0.0,0,,,110.0,0,,,110.0,0.0,0.0,0.0,0.0
2026-09-10 10:16:15,AA,49.35,-2.73,,107.5,105.0,0.0,AVG,0.0,23,,,105.0,23,,,105.0,AVG-0,0.0,23,,,105.0,23,,,105.0,0,0.0,0,,,105.0,0,,,105.0,1,0.0,0,,,105.0,0,,,105.0,0.0,0.0,0.0,0.0
2026-09-10 10:16:15,AA,49.35,-2.73,,102.5,100.0,0.0,AVG,0.0,409,,,100.0,409,,,100.0,AVG-0,0.0,409,,,100.0,409,,,100.0,0,0.0,0,,,100.0,0,,,100.0,1,0.0,0,,,100.0,0,,,100.0,0.0,0.0,0.0,0.0
2026-09-10 10:16:15,AA,49.35,-2.73,,97.5,95.0,0.0,AVG,0.0,226,,,95.0,226,,,95.0,AVG-0,0.0,226,,,95.0,226,,,95.0,0,0.0,0,,,95.0,0,,,95.0,1,0.0,0,,,95.0,0,,,95.0,0.0,0.0,0.0,0.0
2026-09-10 10:16:15,AA,49.35,-2.73,,92.5,90.0,0.0,AVG,0.0,414,,,90.0,414,,,90.0,AVG-0,0.0,414,,,90.0,414,,,90.0,0,0.0,0,,,90.0,0,,,90.0,1,0.0,0,,,90.0,0,,,90.0,0.0,0.0,0.0,0.0
2026-09-10 10:16:15,AA,49.35,-2.73,,87.5,85.0,0.0,AVG,0.20413,1300,,,85.0,1300,,,85.0,AVG-0,0.20413,1300,,,85.0,1300,,,85.0,0,0.0,0,,,85.0,0,,,85.0,1,0.0,0,,,85.0,0,,,85.0,0.0,0.0,0.0,0.0
2026-09-10 10:16:15,AA,49.35,-2.73,,82.5,80.0,0.0,AVG,0.19902,546,,,80.0,545,,,80.0,AVG-0,0.19902,546,,,80.0,545,,,80.0,0,0.0,0,,,80.0,0,,,80.0,1,0.0,0,,,80.0,0,,,80.0,0.0,0.0,0.0,0.0
2026-09-10 10:16:15,AA,49.35,-2.73,,77.5,75.0,0.0,AVG,0.0,2184,,,75.0,2184,,,75.0,AVG-0,0.0,2184,,,75.0,2184,,,75.0,0,0.0,0,,,75.0,0,,,75.0,1,0.0,0,,,75.0,0,,,75.0,0.0,0.0,0.0,0.0
2026-09-10 10:16:15,AA,49.35,-2.73,,72.5,70.0,0.0,AVG,1.11317,4634,,,70.0,4632,,,70.0,AVG-0,1.11317,4634,,,70.0,4632,,,70.0,0,0.0,0,,,70.0,0,,,70.0,1,0.05313,1,,,70.0,1,,,70.0,0.0,0.0,0.0,0.0
2026-09-10 10:16:15,AA,49.35,-2.73,,67.5,65.0,0.0,AVG,0.48126,5805,,,65.0,5803,,,65.0,AVG-0,0.48126,5805,,,65.0,5803,,,65.0,0,0.0,0,,,65.0,0,,,65.0,1,0.0,36,,,65.0,36,,,65.0,0.0,0.0,0.0,0.0
2026-09-10 10:16:15,AA,49.35,-2.73,,64.5,64.0,0.0,AVG,0.0,0,,,64.0,0,,,64.0,AVG-0,0.0,0,,,64.0,0,,,64.0,0,0.0,0,,,64.0,0,,,64.0,1,0.0,0,,,64.0,0,,,64.0,0.0,0.0,0.0,0.0
2026-09-10 10:16:15,AA,49.35,-2.73,,63.5,63.0,0.0,AVG,0.0,189,,,63.0,189,,,63.0,AVG-0,0.0,189,,,63.0,189,,,63.0,0,0.0,0,,,63.0,0,,,63.0,1,0.0,3,,,63.0,3,,,63.0,0.0,0.0,0.0,0.0
2026-09-10 10:16:15,AA,49.35,-2.73,,62.5,62.0,0.0,AVG,0.0,73,,,62.0,73,,,62.0,AVG-0,0.0,73,,,62.0,73,,,62.0,0,0.0,0,,,62.0,0,,,62.0,1,0.0,21,,,62.0,21,,,62.0,0.0,0.0,0.0,0.0
2026-09-10 10:16:15,AA,49.35,-2.73,,61.5,61.0,0.0,AVG,0.0,57,,,61.0,57,,,61.0,AVG-0,0.0,57,,,61.0,57,,,61.0,0,0.0,0,,,61.0,0,,,61.0,1,0.0,14,,,61.0,14,,,61.0,0.0,0.0,0.0,0.0
2026-09-10 10:16:15,AA,49.35,-2.73,,60.5,60.0,0.0,AVG,-49.11717000000001,11032,,3.0,60.0,11035,,3.0,60.0,AVG-0,-49.180870000000006,11032,,2.0,60.0,11035,,2.0,60.0,0,0.0636999999999999,0,,,60.0,0,,,60.0,1,-49.3445,1213,,,60.0,1230,,,60.0,0.0,0.0,0.0,0.0
2026-09-10 10:16:15,AA,49.35,-2.73,,59.5,59.0,0.0,AVG,-1.72277,135,,,59.0,138,,,59.0,AVG-0,-1.82832,135,,,59.0,138,,,59.0,0,0.10555,0,,,59.0,0,,,59.0,1,0.0,79,,,59.0,79,,,59.0,0.0,0.0,0.0,0.0
2026-09-10 10:16:15,AA,49.35,-2.73,,58.5,58.0,0.0,AVG,-1.77554,211,,,58.0,214,,,58.0,AVG-0,-1.77554,211,,,58.0,214,,,58.0,0,0.0,0,,,58.0,0,,,58.0,1,0.0,125,,,58.0,125,,,58.0,0.0,0.0,0.0,0.0
2026-09-10 10:16:15,AA,49.35,-2.73,,57.5,57.0,0.0,AVG,-4.142939999999999,549,,,57.0,548,,,57.0,AVG-0,-4.142939999999999,548,,,57.0,547,,,57.0,0,0.0,1,,,57.0,1,,,57.0,1,-4.5017,229,,,57.0,232,,,57.0,0.0,0.0,0.0,0.0
2026-09-10 10:16:15,AA,49.35,-2.73,,56.5,56.0,0.0,AVG,-4.3125100000000005,960,,,56.0,966,,,56.0,AVG-0,-4.3125100000000005,959,,,56.0,965,,,56.0,0,0.0,1,,,56.0,1,,,56.0,1,-4.4568,722,,,56.0,730,,,56.0,0.0,0.0,0.0,0.0
2026-09-10 10:16:15,AA,49.35,-2.73,,55.5,55.0,0.0,AVG,35.64582,41110,+,1.0,55.0,40862,+,1.0,55.0,AVG-0,35.38006,41076,M+,1.0,55.0,40828,M+,1.0,55.0,0,0.26576,34,,,55.0,34,,,55.0,1,0.44175,15475,+,1.0,55.0,15458,+,1.0,55.0,0.0,0.0,0.0,0.0
2026-09-10 10:16:15,AA,49.35,-2.73,,54.5,54.0,0.0,AVG,1.23024,2201,*,,54.0,2187,*,,54.0,AVG-0,0.42145,2059,*,,54.0,2054,*,,54.0,0,0.80879,142,,,54.0,133,,,54.0,1,0.18049,1652,*,5.0,54.0,1650,*,5.0,54.0,0.0,0.0,0.0,0.0
2026-09-10 10:16:15,AA,49.35,-2.73,,53.5,53.0,0.0,AVG,28.58812,106,*,,53.0,-312,*,,53.0,AVG-0,27.6985,1672,*,,53.0,1296,*,,53.0,0,0.8896199999999999,-1566,,,53.0,-1608,,,53.0,1,26.23215,1312,M,,53.0,951,M,,53.0,0.0,0.0,0.0,0.0
2026-09-10 10:16:15,AA,49.35,-2.73,,52.5,52.0,0.0,AVG,18.46303,4243,*,,52.0,3909,*,,52.0,AVG-0,10.09567,1088,*,,52.0,990,*,,52.0,0,8.36736,3155,,2.0,52.0,2919,,3.0,52.0,1,1.87656,637,*,,52.0,612,*,,52.0,0.0,0.0,0.0,0.0
2026-09-10 10:16:15,AA,49.35,-2.73,,51.5,51.0,0.0,AVG,11.6628,-158,M,,51.0,-426,M,,51.0,AVG-0,4.37383,949,*,,51.0,912,*,,51.0,0,7.288970000000001,-1107,,,51.0,-1338,,,51.0,1,2.35482,-126,*,,51.0,-153,*,,51.0,0.0,0.0,0.0,0.0
2026-09-10 10:16:15,AA,49.35,-2.73,,50.5,50.0,0.0,AVG,78.47116000000001,32723,*,2.0,50.0,30827,*,2.0,50.0,AVG-0,12.92256,7924,*,3.0,50.0,7833,*,3.0,50.0,0,65.54860000000001,24799,M+,1.0,50.0,22994,M+,1.0,50.0,1,11.26657,7838,*,2.0,50.0,7729,*,2.0,50.0,0.0,0.0,0.0,0.0
2026-09-10 10:16:15,AA,49.35,-2.73,CURR,49.75,49.5,0.0,AVG,3.11538,703,*,,49.5,725,*,,49.5,AVG-0,5.90478,138,*,,49.5,86,*,,49.5,0,-2.7894,565,*,,49.5,639,*,,49.5,1,5.372,134,*,,49.5,86,*,,49.5,0.0,0.0,0.0,0.0
2026-09-10 10:16:15,AA,49.35,-2.73,,49.25,49.0,0.0,AVG,3.65946,-3103,*,,49.0,-3094,*,,49.0,AVG-0,4.75323,-1030,*,,49.0,-1057,*,,49.0,0,-1.09377,-2073,*,5.0,N/N,-2037,*,5.0,N/N,1,1.94188,-721,*,,49.0,-735,*,,49.0,0.0,0.0,0.0,0.0
2026-09-10 10:16:15,AA,49.35,-2.73,,48.75,48.5,0.0,AVG,0.15224,-3269,*,,48.5,-3259,*,,48.5,AVG-0,0.0,-181,*,,48.5,-181,*,,48.5,0,0.15224,-3088,-,3.0,48.5,-3078,-,2.0,48.5,1,0.0,-181,*,,48.5,-181,*,,48.5,0.0,0.0,0.0,0.0
2026-09-10 10:16:15,AA,49.35,-2.73,,48.25,48.0,0.0,AVG,1.6943399999999986,-5122,*,,48.0,-4724,*,,48.0,AVG-0,12.80268,-2260,*,,48.0,-2316,*,,48.0,0,-11.10834,-2862,,4.0,N/N,-2408,,4.0,N/N,1,0.0,-1520,*,,48.0,-1520,*,,48.0,0.0,0.0,0.0,0.0
2026-09-10 10:16:15,AA,49.35,-2.73,,47.75,47.5,0.0,AVG,15.3363,-283,*,,47.5,-371,*,,47.5,AVG-0,15.3363,-144,*,,47.5,-232,*,,47.5,0,0.0,-139,,,47.5,-139,,,47.5,1,15.3363,-144,*,,47.5,-232,*,,47.5,0.0,0.0,0.0,0.0
2026-09-10 10:16:15,AA,49.35,-2.73,,47.25,47.0,0.0,AVG,-6.0998100000000015,-4595,*,,N/N,-4429,*,,N/N,AVG-0,-6.0998100000000015,-3934,*,,N/N,-3768,*,,N/N,0,0.0,-661,,,47.0,-661,,,47.0,1,-6.173840000000001,-2684,-,4.0,N/N,-2523,-,4.0,N/N,0.0,0.0,0.0,0.0
2026-09-10 10:16:15,AA,49.35,-2.73,,46.75,46.5,0.0,AVG,0.0,-128,*,,46.5,-128,*,,46.5,AVG-0,0.0,0,*,,46.5,0,*,,46.5,0,0.0,-128,,,46.5,-128,,,46.5,1,0.0,0,,,46.5,0,,,46.5,0.0,0.0,0.0,0.0
2026-09-10 10:16:15,AA,49.35,-2.73,,46.25,46.0,0.0,AVG,-4.11184,-1386,*,,N/N,-1314,*,,N/N,AVG-0,-4.11184,-1262,*,,N/N,-1190,*,,N/N,0,0.0,-124,,,46.0,-124,,,46.0,1,-3.1635,-1071,,,N/N,-1009,,,N/N,0.0,0.0,0.0,0.0
2026-09-10 10:16:15,AA,49.35,-2.73,,45.75,45.5,0.0,AVG,0.0,-21,*,,45.5,-21,*,,45.5,AVG-0,0.0,0,*,,45.5,0,*,,45.5,0,0.0,-21,,,45.5,-21,,,45.5,1,0.0,0,,,45.5,0,,,45.5,0.0,0.0,0.0,0.0
2026-09-10 10:16:15,AA,49.35,-2.73,,45.25,45.0,0.0,AVG,0.3797500000000002,-6136,*,5.0,45.0,-6109,*,5.0,45.0,AVG-0,0.6940500000000001,-6050,*,5.0,45.0,-6026,*,5.0,45.0,0,-0.3143,-86,,,N/N,-83,,,N/N,1,0.87565,3403,,3.0,45.0,3400,,3.0,45.0,0.0,0.0,0.0,0.0
2026-09-10 10:16:15,AA,49.35,-2.73,,44.75,44.5,0.0,AVG,0.0,-1,*,,44.5,-1,*,,44.5,AVG-0,0.0,0,*,,44.5,0,*,,44.5,0,0.0,-1,,,44.5,-1,,,44.5,1,0.0,0,,,44.5,0,,,44.5,0.0,0.0,0.0,0.0
2026-09-10 10:16:15,AA,49.35,-2.73,,44.25,44.0,0.0,AVG,-0.97901,-491,*,,N/N,-483,*,,N/N,AVG-0,-0.97901,-490,*,,N/N,-482,*,,N/N,0,0.0,-1,,,44.0,-1,,,44.0,1,-0.06777,-256,,,N/N,-254,,,N/N,0.0,0.0,0.0,0.0
2026-09-10 10:16:15,AA,49.35,-2.73,,43.75,43.5,0.0,AVG,0.0,0,*,,43.5,0,*,,43.5,AVG-0,0.0,0,*,,43.5,0,*,,43.5,0,0.0,0,,,43.5,0,,,43.5,1,0.0,0,,,43.5,0,,,43.5,0.0,0.0,0.0,0.0
2026-09-10 10:16:15,AA,49.35,-2.73,,43.25,43.0,0.0,AVG,0.0,-1115,*,,43.0,-1115,*,,43.0,AVG-0,0.0,-1115,*,,43.0,-1115,*,,43.0,0,0.0,0,,,43.0,0,,,43.0,1,0.0,-782,,,43.0,-782,,,43.0,0.0,0.0,0.0,0.0
2026-09-10 10:16:15,AA,49.35,-2.73,,42.5,42.0,0.0,AVG,0.0,-3253,*,,42.0,-3253,*,,42.0,AVG-0,0.0,-3253,*,,42.0,-3253,*,,42.0,0,0.0,0,,,42.0,0,,,42.0,1,0.0,-446,,,42.0,-446,,,42.0,0.0,0.0,0.0,0.0
2026-09-10 10:16:15,AA,49.35,-2.73,,41.5,41.0,0.0,AVG,0.0,-57,*,,41.0,-57,*,,41.0,AVG-0,0.0,-57,*,,41.0,-57,*,,41.0,0,0.0,0,,,41.0,0,,,41.0,1,0.0,-3,,,41.0,-3,,,41.0,0.0,0.0,0.0,0.0
2026-09-10 10:16:15,AA,49.35,-2.73,,40.5,40.0,0.0,AVG,-4.032430000000001,-6927,-,4.0,N/N,-6874,-,4.0,N/N,AVG-0,-4.032430000000001,-6927,-,4.0,N/N,-6874,-,4.0,N/N,0,0.0,0,,,40.0,0,,,40.0,1,-0.0081,-237,,,N/N,-237,,,N/N,0.0,0.0,0.0,0.0
2026-09-10 10:16:15,AA,49.35,-2.73,,39.5,39.0,0.0,AVG,0.0,-14,,,39.0,-14,,,39.0,AVG-0,0.0,-14,,,39.0,-14,,,39.0,0,0.0,0,,,39.0,0,,,39.0,1,0.0,0,,,39.0,0,,,39.0,0.0,0.0,0.0,0.0
2026-09-10 10:16:15,AA,49.35,-2.73,,38.5,38.0,0.0,AVG,-0.07701,-1597,,,N/N,-1597,,,N/N,AVG-0,-0.07701,-1597,,,N/N,-1597,,,N/N,0,0.0,0,,,38.0,0,,,38.0,1,-0.07701,-13,,,N/N,-13,,,N/N,0.0,0.0,0.0,0.0
2026-09-10 10:16:15,AA,49.35,-2.73,,37.5,37.0,0.0,AVG,-0.01439,-1,,,N/N,-1,,,N/N,AVG-0,-0.01439,-1,,,N/N,-1,,,N/N,0,0.0,0,,,37.0,0,,,37.0,1,0.0,0,,,37.0,0,,,37.0,0.0,0.0,0.0,0.0
2026-09-10 10:16:15,AA,49.35,-2.73,,36.5,36.0,0.0,AVG,1.0,0,,,36.0,0,,,36.0,AVG-0,0.0,0,,,36.0,0,,,36.0,0,1.0,0,,,36.0,0,,,36.0,1,0.0,0,,,36.0,0,,,36.0,0.0,0.0,0.0,0.0
2026-09-10 10:16:15,AA,49.35,-2.73,,35.5,35.0,0.0,AVG,1.0,-3911,,,35.0,-3911,,,35.0,AVG-0,0.0,-3911,,,35.0,-3911,,,35.0,0,1.0,0,,,35.0,0,,,35.0,1,0.0,-1,,,35.0,-1,,,35.0,0.0,0.0,0.0,0.0
2026-09-10 10:16:15,AA,49.35,-2.73,,34.5,34.0,0.0,AVG,0.0,0,,,34.0,0,,,34.0,AVG-0,0.0,0,,,34.0,0,,,34.0,0,0.0,0,,,34.0,0,,,34.0,1,0.0,0,,,34.0,0,,,34.0,0.0,0.0,0.0,0.0
2026-09-10 10:16:15,AA,49.35,-2.73,,33.5,33.0,0.0,AVG,0.0,-195,,,33.0,-195,,,33.0,AVG-0,0.0,-195,,,33.0,-195,,,33.0,0,0.0,0,,,33.0,0,,,33.0,1,0.0,0,,,33.0,0,,,33.0,0.0,0.0,0.0,0.0
2026-09-10 10:16:15,AA,49.35,-2.73,,31.5,30.0,0.0,AVG,0.0,-2296,,,30.0,-2296,,,30.0,AVG-0,0.0,-2296,,,30.0,-2296,,,30.0,0,0.0,0,,,30.0,0,,,30.0,1,0.0,0,,,30.0,0,,,30.0,0.0,0.0,0.0,0.0
2026-09-10 10:16:15,AA,49.35,-2.73,,29.0,28.0,0.0,AVG,-0.03065,-62,,,N/N,-62,,,N/N,AVG-0,-0.03065,-62,,,N/N,-62,,,N/N,0,0.0,0,,,28.0,0,,,28.0,1,0.0,0,,,28.0,0,,,28.0,0.0,0.0,0.0,0.0
2026-09-10 10:16:15,AA,49.35,-2.73,,26.5,25.0,0.0,AVG,0.0,-546,,,25.0,-546,,,25.0,AVG-0,0.0,-546,,,25.0,-546,,,25.0,0,0.0,0,,,25.0,0,,,25.0,1,0.0,0,,,25.0,0,,,25.0,0.0,0.0,0.0,0.0
2026-09-10 10:16:15,AA,49.35,-2.73,,23.75,22.5,0.0,AVG,0.0,-214,,,22.5,-214,,,22.5,AVG-0,0.0,-214,,,22.5,-214,,,22.5,0,0.0,0,,,22.5,0,,,22.5,1,0.0,0,,,22.5,0,,,22.5,0.0,0.0,0.0,0.0
2026-09-10 10:16:15,AA,49.35,-2.73,,21.25,20.0,0.0,AVG,0.0,38,,,20.0,38,,,20.0,AVG-0,0.0,38,,,20.0,38,,,20.0,0,0.0,0,,,20.0,0,,,20.0,1,0.0,0,,,20.0,0,,,20.0,0.0,0.0,0.0,0.0
2026-09-10 10:16:15,AA,49.35,-2.73,,18.75,17.5,0.0,AVG,0.0,-19,,,17.5,-19,,,17.5,AVG-0,0.0,-19,,,17.5,-19,,,17.5,0,0.0,0,,,17.5,0,,,17.5,1,0.0,0,,,17.5,0,,,17.5,0.0,0.0,0.0,0.0
2026-09-10 10:16:15,AA,49.35,-2.73,,16.25,15.0,0.0,AVG,0.0,0,,,15.0,0,,,15.0,AVG-0,0.0,0,,,15.0,0,,,15.0,0,0.0,0,,,15.0,0,,,15.0,1,0.0,0,,,15.0,0,,,15.0,0.0,0.0,0.0,0.0
2026-09-10 10:16:15,AA,49.35,-2.73,,13.75,12.5,0.0,AVG,0.0,0,,,12.5,0,,,12.5,AVG-0,0.0,0,,,12.5,0,,,12.5,0,0.0,0,,,12.5,0,,,12.5,1,0.0,0,,,12.5,0,,,12.5,0.0,0.0,0.0,0.0
2026-09-10 10:16:15,AAL,12.84,-0.81,,,35.0,0.0,AVG,0.05418,2683,,,35.0,2683,,,35.0,AVG-0,0.05418,2683,,,35.0,2683,,,35.0,0,0.0,0,,,35.0,0,,,35.0,1,0.0,0,,,35.0,0,,,35.0,0.0,0.0,0.0,0.0
2026-09-10 10:16:15,AAL,12.84,-0.81,,33.5,32.0,0.0,AVG,0.0,332,,,32.0,332,,,32.0,AVG-0,0.0,332,,,32.0,332,,,32.0,0,0.0,0,,,32.0,0,,,32.0,1,0.0,0,,,32.0,0,,,32.0,0.0,0.0,0.0,0.0
2026-09-10 10:16:15,AAL,12.84,-0.81,,31.0,30.0,0.0,AVG,8.0496,4900,,,30.0,4887,,,30.0,AVG-0,8.0496,4900,,,30.0,4887,,,30.0,0,0.0,0,,,30.0,0,,,30.0,1,0.0,0,,,30.0,0,,,30.0,0.0,0.0,0.0,0.0
2026-09-10 10:16:15,AAL,12.84,-0.81,,29.5,29.0,0.0,AVG,0.0,1,,,29.0,1,,,29.0,AVG-0,0.0,1,,,29.0,1,,,29.0,0,0.0,0,,,29.0,0,,,29.0,1,0.0,0,,,29.0,0,,,29.0,0.0,0.0,0.0,0.0
2026-09-10 10:16:15,AAL,12.84,-0.81,,28.5,28.0,0.0,AVG,0.0,0,,,28.0,0,,,28.0,AVG-0,0.0,0,,,28.0,0,,,28.0,0,0.0,0,,,28.0,0,,,28.0,1,0.0,0,,,28.0,0,,,28.0,0.0,0.0,0.0,0.0
2026-09-10 10:16:15,AAL,12.84,-0.81,,27.5,27.0,0.0,AVG,0.0,2385,,,27.0,2385,,,27.0,AVG-0,0.0,2385,,,27.0,2385,,,27.0,0,0.0,0,,,27.0,0,,,27.0,1,0.0,0,,,27.0,0,,,27.0,0.0,0.0,0.0,0.0
2026-09-10 10:16:15,AAL,12.84,-0.81,,26.5,26.0,0.0,AVG,0.0,0,,,26.0,0,,,26.0,AVG-0,0.0,0,,,26.0,0,,,26.0,0,0.0,0,,,26.0,0,,,26.0,1,0.0,0,,,26.0,0,,,26.0,0.0,0.0,0.0,0.0
2026-09-10 10:16:15,AAL,12.84,-0.81,,25.5,25.0,0.0,AVG,11.27963,7220,,,25.0,7193,,,25.0,AVG-0,11.27963,7220,,,25.0,7193,,,25.0,0,0.0,0,,,25.0,0,,,25.0,1,0.0,0,,,25.0,0,,,25.0,0.0,0.0,0.0,0.0
2026-09-10 10:16:15,AAL,12.84,-0.81,,24.5,24.0,0.0,AVG,0.0,10,,,24.0,10,,,24.0,AVG-0,0.0,10,,,24.0,10,,,24.0,0,0.0,0,,,24.0,0,,,24.0,1,0.0,0,,,24.0,0,,,24.0,0.0,0.0,0.0,0.0
2026-09-10 10:16:15,AAL,12.84,-0.81,,23.5,23.0,0.0,AVG,0.0,162,,,23.0,162,,,23.0,AVG-0,0.0,162,,,23.0,162,,,23.0,0,0.0,0,,,23.0,0,,,23.0,1,0.0,0,,,23.0,0,,,23.0,0.0,0.0,0.0,0.0
2026-09-10 10:16:15,AAL,12.84,-0.81,,22.5,22.0,0.0,AVG,1.9606,8411,,,22.0,8405,,,22.0,AVG-0,1.9606,8411,,,22.0,8405,,,22.0,0,0.0,0,,,22.0,0,,,22.0,1,0.0,0,,,22.0,0,,,22.0,0.0,0.0,0.0,0.0
2026-09-10 10:16:15,AAL,12.84,-0.81,,21.75,21.5,0.0,AVG,0.0,0,,,21.5,0,,,21.5,AVG-0,0.0,0,,,21.5,0,,,21.5,0,0.0,0,,,21.5,0,,,21.5,1,0.0,0,,,21.5,0,,,21.5,0.0,0.0,0.0,0.0
2026-09-10 10:16:15,AAL,12.84,-0.81,,21.25,21.0,0.0,AVG,0.0,657,,,21.0,657,,,21.0,AVG-0,0.0,657,,,21.0,657,,,21.0,0,0.0,0,,,21.0,0,,,21.0,1,0.0,0,,,21.0,0,,,21.0,0.0,0.0,0.0,0.0
2026-09-10 10:16:15,AAL,12.84,-0.81,,20.75,20.5,0.0,AVG,0.0,0,,,20.5,0,,,20.5,AVG-0,0.0,0,,,20.5,0,,,20.5,0,0.0,0,,,20.5,0,,,20.5,1,0.0,0,,,20.5,0,,,20.5,0.0,0.0,0.0,0.0
2026-09-10 10:16:15,AAL,12.84,-0.81,,20.25,20.0,0.0,AVG,2.52708,31406,,,20.0,31396,,,20.0,AVG-0,2.52708,31406,,,20.0,31396,,,20.0,0,0.0,0,,,20.0,0,,,20.0,1,0.0,0,,,20.0,0,,,20.0,0.0,0.0,0.0,0.0
2026-09-10 10:16:15,AAL,12.84,-0.81,,19.75,19.5,0.0,AVG,0.0,0,,,19.5,0,,,19.5,AVG-0,0.0,0,,,19.5,0,,,19.5,0,0.0,0,,,19.5,0,,,19.5,1,0.0,0,,,19.5,0,,,19.5,0.0,0.0,0.0,0.0
2026-09-10 10:16:15,AAL,12.84,-0.81,,19.25,19.0,0.0,AVG,0.0,4066,,,19.0,4066,,,19.0,AVG-0,0.0,4066,,,19.0,4066,,,19.0,0,0.0,0,,,19.0,0,,,19.0,1,0.0,0,,,19.0,0,,,19.0,0.0,0.0,0.0,0.0
2026-09-10 10:16:15,AAL,12.84,-0.81,,18.75,18.5,0.0,AVG,0.0,4,,,18.5,4,,,18.5,AVG-0,0.0,4,,,18.5,4,,,18.5,0,0.0,0,,,18.5,0,,,18.5,1,0.0,0,,,18.5,0,,,18.5,0.0,0.0,0.0,0.0
2026-09-10 10:16:15,AAL,12.84,-0.81,,18.25,18.0,0.0,AVG,40.02832,3297,,,18.0,3085,,,18.0,AVG-0,40.02832,3297,,,18.0,3085,,,18.0,0,0.0,0,,,18.0,0,,,18.0,1,0.00926,1,,,18.0,1,,,18.0,0.0,0.0,0.0,0.0
2026-09-10 10:16:15,AAL,12.84,-0.81,,17.75,17.5,0.0,AVG,0.0,55,,,17.5,55,,,17.5,AVG-0,0.0,55,,,17.5,55,,,17.5,0,0.0,0,,,17.5,0,,,17.5,1,0.0,0,,,17.5,0,,,17.5,0.0,0.0,0.0,0.0
2026-09-10 10:16:15,AAL,12.84,-0.81,,17.25,17.0,0.0,AVG,2.28182,43717,+,5.0,17.0,43662,+,5.0,17.0,AVG-0,2.28182,43717,+,5.0,17.0,43662,+,5.0,17.0,0,0.0,0,,,17.0,0,,,17.0,1,0.09115,158,,,17.0,158,,,17.0,0.0,0.0,0.0,0.0
2026-09-10 10:16:15,AAL,12.84,-0.81,,16.75,16.5,0.0,AVG,-1.95194,80,*,,16.5,80,*,,16.5,AVG-0,-1.95194,80,*,,16.5,80,*,,16.5,0,0.0,0,,,16.5,0,,,16.5,1,-1.95194,2,,,16.5,2,,,16.5,0.0,0.0,0.0,0.0
2026-09-10 10:16:15,AAL,12.84,-0.81,,16.25,16.0,0.0,AVG,7.935370000000001,10220,*,,16.0,10158,*,,16.0,AVG-0,9.93526,10220,*,,16.0,10158,*,,16.0,0,-1.99989,0,,,16.0,0,,,16.0,1,0.0,606,,,16.0,606,,,16.0,0.0,0.0,0.0,0.0
2026-09-10 10:16:15,AAL,12.84,-0.81,,15.75,15.5,0.0,AVG,0.10132,4461,*,,15.5,4461,*,,15.5,AVG-0,0.10132,4461,*,,15.5,4461,*,,15.5,0,0.0,0,,,15.5,0,,,15.5,1,0.10132,2797,,,15.5,2797,,,15.5,0.0,0.0,0.0,0.0
2026-09-10 10:16:15,AAL,12.84,-0.81,,15.25,15.0,0.0,AVG,53.83572,39706,*,,15.0,39426,*,,15.0,AVG-0,54.82768,39706,*,,15.0,39426,*,,15.0,0,-0.99196,0,,,15.0,0,,,15.0,1,-4.40181,1926,,,15.0,1902,,,15.0,0.0,0.0,0.0,0.0
2026-09-10 10:16:15,AAL,12.84,-0.81,,14.75,14.5,0.0,AVG,41.74437,11316,*,,14.5,10686,*,,14.5,AVG-0,41.74437,11314,*,,14.5,10684,*,,14.5,0,0.0,2,,,14.5,2,,,14.5,1,0.7840500000000006,3501,+,,14.5,3288,+,,14.5,0.0,0.0,0.0,0.0
2026-09-10 10:16:15,AAL,12.84,-0.81,,14.25,14.0,0.0,AVG,-0.5613500000000018,9052,*,,14.0,8246,*,,14.0,AVG-0,24.7522,8755,*,,14.0,7945,*,,14.0,0,-25.313550000000003,297,,5.0,14.0,301,,5.0,14.0,1,22.1636,1294,*,,14.0,666,*,,14.0,0.0,0.0,0.0,0.0
2026-09-10 10:16:15,AAL,12.84,-0.81,,13.75,13.5,0.0,AVG,-251.59028,5756,*,,13.5,5838,*,,13.5,AVG-0,-85.55999999999999,3396,*,,13.5,3439,*,,13.5,0,-166.03028,2360,+,3.0,13.5,2399,+,3.0,13.5,1,4.648299999999999,1764,*,,13.5,1437,*,,13.5,0.0,0.0,0.0,0.0
2026-09-10 10:16:15,AAL,12.84,-0.81,CURR,13.25,13.0,0.0,AVG,-263.23309000000006,-76958,*,3.0,N/N,-75705,*,3.0,N/N,AVG-0,-220.01637,-65816,*,3.0,N/N,-63670,*,3.0,N/N,0,-43.21672000000002,-11142,*,2.0,N/N,-12035,*,2.0,N/N,1,-228.19162000000003,-17941,*,3.0,N/N,-15803,*,3.0,N/N,0.0,0.0,0.0,0.0
2026-09-10 10:16:15,AAL,12.84,-0.81,,12.75,12.5,0.0,AVG,-111.11479,-68450,*,4.0,N/N,-64869,*,4.0,N/N,AVG-0,-82.33687000000002,-47205,*,4.0,N/N,-45250,*,4.0,N/N,0,-28.777919999999995,-21245,M-,1.0,N/N,-19619,M-,1.0,N/N,1,-71.01935000000002,-30989,*,2.0,N/N,-29122,*,2.0,N/N,0.0,0.0,0.0,0.0
2026-09-10 10:16:15,AAL,12.84,-0.81,,12.25,12.0,0.0,AVG,-98.17083,-309884,M-,1.0,N/N,-308244,M-,1.0,N/N,AVG-0,-112.89889,-308063,M-,1.0,N/N,-306841,M-,1.0,N/N,0,14.728060000000006,-1821,,4.0,12.0,-1403,,4.0,12.0,1,-37.07544,-171154,M-,1.0,N/N,-170337,M-,1.0,N/N,0.0,0.0,0.0,0.0
2026-09-10 10:16:15,AAL,12.84,-0.81,,11.75,11.5,0.0,AVG,-0.7636800000000002,-6055,,,N/N,-6000,,,N/N,AVG-0,-0.7636800000000002,-6047,,,N/N,-5992,,,N/N,0,0.0,-8,,,11.5,-8,,,11.5,1,0.3776099999999998,-4923,,5.0,11.5,-4882,,5.0,11.5,0.0,0.0,0.0,0.0
2026-09-10 10:16:15,AAL,12.84,-0.81,,11.25,11.0,0.0,AVG,39.85795,-40575,,,11.0,-40556,,,11.0,AVG-0,39.85795,-40575,,,11.0,-40556,,,11.0,0,0.0,0,,,11.0,0,,,11.0,1,-0.4123,-10000,,4.0,N/N,-9994,,4.0,N/N,0.0,0.0,0.0,0.0
2026-09-10 10:16:15,AAL,12.84,-0.81,,10.75,10.5,0.0,AVG,-0.0927,-213,,,N/N,-212,,,N/N,AVG-0,-0.0927,-213,,,N/N,-212,,,N/N,0,0.0,0,,,10.5,0,,,10.5,1,0.0,-1,,,10.5,-1,,,10.5,0.0,0.0,0.0,0.0
2026-09-10 10:16:15,AAL,12.84,-0.81,,10.25,10.0,0.0,AVG,-64.49329,-143183,,2.0,N/N,-142737,,2.0,N/N,AVG-0,-64.49329,-143183,,2.0,N/N,-142737,,2.0,N/N,0,0.0,0,,,10.0,0,,,10.0,1,0.0,-1226,,,10.0,-1226,,,10.0,0.0,0.0,0.0,0.0
2026-09-10 10:16:15,AAL,12.84,-0.81,,9.75,9.5,0.0,AVG,0.0,0,,,9.5,0,,,9.5,AVG-0,0.0,0,,,9.5,0,,,9.5,0,0.0,0,,,9.5,0,,,9.5,1,0.0,0,,,9.5,0,,,9.5,0.0,0.0,0.0,0.0
2026-09-10 10:16:15,AAL,12.84,-0.81,,9.25,9.0,0.0,AVG,-1.85192,-4641,,,N/N,-4630,,,N/N,AVG-0,-1.85192,-4641,,,N/N,-4630,,,N/N,0,0.0,0,,,9.0,0,,,9.0,1,0.0,-1,,,9.0,-1,,,9.0,0.0,0.0,0.0,0.0
2026-09-10 10:16:15,AAL,12.84,-0.81,,8.75,8.5,0.0,AVG,0.0,1,,,8.5,1,,,8.5,AVG-0,0.0,1,,,8.5,1,,,8.5,0,0.0,0,,,8.5,0,,,8.5,1,0.0,0,,,8.5,0,,,8.5,0.0,0.0,0.0,0.0
2026-09-10 10:16:15,AAL,12.84,-0.81,,8.25,8.0,0.0,AVG,-0.5775,-27254,,,N/N,-27250,,,N/N,AVG-0,-0.5775,-27254,,,N/N,-27250,,,N/N,0,0.0,0,,,8.0,0,,,8.0,1,0.0,0,,,8.0,0,,,8.0,0.0,0.0,0.0,0.0
2026-09-10 10:16:15,AAL,12.84,-0.81,,7.5,7.0,0.0,AVG,-0.06896,-57,,,N/N,-56,,,N/N,AVG-0,-0.06896,-57,,,N/N,-56,,,N/N,0,0.0,0,,,7.0,0,,,7.0,1,0.0,0,,,7.0,0,,,7.0,0.0,0.0,0.0,0.0
2026-09-10 10:16:15,AAL,12.84,-0.81,,6.5,6.0,0.0,AVG,5.98212,-5,,,6.0,-5,,,6.0,AVG-0,5.98212,-5,,,6.0,-5,,,6.0,0,0.0,0,,,6.0,0,,,6.0,1,5.0,0,,,6.0,0,,,6.0,0.0,0.0,0.0,0.0
2026-09-10 10:16:15,AAL,12.84,-0.81,,5.5,5.0,0.0,AVG,1.07879,-17342,,,5.0,-17342,,,5.0,AVG-0,0.07879,-17342,,,5.0,-17342,,,5.0,0,1.0,0,,,5.0,0,,,5.0,1,0.0,0,,,5.0,0,,,5.0,0.0,0.0,0.0,0.0
2026-09-10 10:16:15,AAL,12.84,-0.81,,4.5,4.0,0.0,AVG,0.0,-621,,,4.0,-621,,,4.0,AVG-0,0.0,-621,,,4.0,-621,,,4.0,0,0.0,0,,,4.0,0,,,4.0,1,0.0,0,,,4.0,0,,,4.0,0.0,0.0,0.0,0.0
2026-09-10 10:16:15,AAL,12.84,-0.81,,3.5,3.0,0.0,AVG,1.99815,-297,,,3.0,-297,,,3.0,AVG-0,1.99815,-297,,,3.0,-297,,,3.0,0,0.0,0,,,3.0,0,,,3.0,1,0.0,0,,,3.0,0,,,3.0,0.0,0.0,0.0,0.0
2026-09-10 10:16:15,AAL,12.84,-0.81,,2.5,2.0,0.0,AVG,2.0,-123,,,2.0,-123,,,2.0,AVG-0,2.0,-123,,,2.0,-123,,,2.0,0,0.0,0,,,2.0,0,,,2.0,1,2.0,0,,,2.0,0,,,2.0,0.0,0.0,0.0,0.0
2026-09-10 10:16:15,AAL,12.84,-0.81,,1.5,1.0,0.0,AVG,0.0,0,,,1.0,0,,,1.0,AVG-0,0.0,0,,,1.0,0,,,1.0,0,0.0,0,,,1.0,0,,,1.0,1,0.0,0,,,1.0,0,,,1.0,0.0,0.0,0.0,0.0
2026-09-10 10:16:15,AAOI,106.25,-1.56,,,350.0,0.0,AVG,2.5264800000000003,1174,,,350.0,1171,,,350.0,AVG-0,2.5264800000000003,1174,,,350.0,1171,,,350.0,0,0.0,0,,,350.0,0,,,350.0,1,0.0,0,,,350.0,0,,,350.0,0.0,0.0,0.0,0.0
2026-09-10 10:16:15,AAOI,106.25,-1.56,,345.0,340.0,0.0,AVG,0.0,74,,,340.0,74,,,340.0,AVG-0,0.0,74,,,340.0,74,,,340.0,0,0.0,0,,,340.0,0,,,340.0,1,0.0,0,,,340.0,0,,,340.0,0.0,0.0,0.0,0.0
2026-09-10 10:16:15,AAOI,106.25,-1.56,,335.0,330.0,0.0,AVG,0.0,228,,,330.0,228,,,330.0,AVG-0,0.0,228,,,330.0,228,,,330.0,0,0.0,0,,,330.0,0,,,330.0,1,0.0,0,,,330.0,0,,,330.0,0.0,0.0,0.0,0.0
2026-09-10 10:16:15,AAOI,106.25,-1.56,,325.0,320.0,0.0,AVG,0.0,53,,,320.0,53,,,320.0,AVG-0,0.0,53,,,320.0,53,,,320.0,0,0.0,0,,,320.0,0,,,320.0,1,0.0,0,,,320.0,0,,,320.0,0.0,0.0,0.0,0.0
2026-09-10 10:16:15,AAOI,106.25,-1.56,,315.0,310.0,0.0,AVG,0.0,99,,,310.0,99,,,310.0,AVG-0,0.0,99,,,310.0,99,,,310.0,0,0.0,0,,,310.0,0,,,310.0,1,0.0,0,,,310.0,0,,,310.0,0.0,0.0,0.0,0.0
2026-09-10 10:16:15,AAOI,106.25,-1.56,,305.0,300.0,0.0,AVG,0.81496,515,,,300.0,514,,,300.0,AVG-0,0.81496,515,,,300.0,514,,,300.0,0,0.0,0,,,300.0,0,,,300.0,1,0.0,0,,,300.0,0,,,300.0,0.0,0.0,0.0,0.0
2026-09-10 10:16:15,AAOI,106.25,-1.56,,295.0,290.0,0.0,AVG,0.0,102,,,290.0,102,,,290.0,AVG-0,0.0,102,,,290.0,102,,,290.0,0,0.0,0,,,290.0,0,,,290.0,1,0.0,0,,,290.0,0,,,290.0,0.0,0.0,0.0,0.0
2026-09-10 10:16:15,AAOI,106.25,-1.56,,285.0,280.0,0.0,AVG,0.0,192,,,280.0,192,,,280.0,AVG-0,0.0,192,,,280.0,192,,,280.0,0,0.0,0,,,280.0,0,,,280.0,1,0.0,0,,,280.0,0,,,280.0,0.0,0.0,0.0,0.0
2026-09-10 10:16:15,AAOI,106.25,-1.56,,275.0,270.0,0.0,AVG,0.0904,118,,,270.0,118,,,270.0,AVG-0,0.0904,118,,,270.0,118,,,270.0,0,0.0,0,,,270.0,0,,,270.0,1,0.0,0,,,270.0,0,,,270.0,0.0,0.0,0.0,0.0
2026-09-10 10:16:15,AAOI,106.25,-1.56,,265.0,260.0,0.0,AVG,0.0,231,,,260.0,231,,,260.0,AVG-0,0.0,231,,,260.0,231,,,260.0,0,0.0,0,,,260.0,0,,,260.0,1,0.0,0,,,260.0,0,,,260.0,0.0,0.0,0.0,0.0
2026-09-10 10:16:15,AAOI,106.25,-1.56,,255.0,250.0,0.0,AVG,0.11214,1035,,,250.0,1035,,,250.0,AVG-0,0.11214,1035,,,250.0,1035,,,250.0,0,0.0,0,,,250.0,0,,,250.0,1,0.0,0,,,250.0,0,,,250.0,0.0,0.0,0.0,0.0
2026-09-10 10:16:15,AAOI,106.25,-1.56,,245.0,240.0,0.0,AVG,0.0,285,,,240.0,285,,,240.0,AVG-0,0.0,285,,,240.0,285,,,240.0,0,0.0,0,,,240.0,0,,,240.0,1,0.0,0,,,240.0,0,,,240.0,0.0,0.0,0.0,0.0
2026-09-10 10:16:15,AAOI,106.25,-1.56,,235.0,230.0,0.0,AVG,0.0,352,,,230.0,352,,,230.0,AVG-0,0.0,352,,,230.0,352,,,230.0,0,0.0,0,,,230.0,0,,,230.0,1,0.0,0,,,230.0,0,,,230.0,0.0,0.0,0.0,0.0
2026-09-10 10:16:15,AAOI,106.25,-1.56,,225.0,220.0,0.0,AVG,0.0,904,,,220.0,904,,,220.0,AVG-0,0.0,904,,,220.0,904,,,220.0,0,0.0,0,,,220.0,0,,,220.0,1,0.0,0,,,220.0,0,,,220.0,0.0,0.0,0.0,0.0
2026-09-10 10:16:15,AAOI,106.25,-1.56,,215.0,210.0,0.0,AVG,-0.4481199999999999,360,,,210.0,358,,,210.0,AVG-0,-0.4481199999999999,360,,,210.0,358,,,210.0,0,0.0,0,,,210.0,0,,,210.0,1,0.0,0,,,210.0,0,,,210.0,0.0,0.0,0.0,0.0
2026-09-10 10:16:15,AAOI,106.25,-1.56,,205.0,200.0,0.0,AVG,4.615539999999999,4007,,,200.0,3999,,5.0,200.0,AVG-0,4.615539999999999,4007,+,4.0,200.0,3999,+,4.0,200.0,0,0.0,0,,,200.0,0,,,200.0,1,0.0038,0,,,200.0,0,,,200.0,0.0,0.0,0.0,0.0
2026-09-10 10:16:15,AAOI,106.25,-1.56,,197.5,195.0,0.0,AVG,0.6579900000000001,297,,,195.0,296,,,195.0,AVG-0,0.6579900000000001,297,*,,195.0,296,*,,195.0,0,0.0,0,,,195.0,0,,,195.0,1,-0.99672,0,,,195.0,0,,,195.0,0.0,0.0,0.0,0.0
2026-09-10 10:16:15,AAOI,106.25,-1.56,,192.5,190.0,0.0,AVG,2.85018,898,,,190.0,892,,,190.0,AVG-0,2.85018,898,*,,190.0,892,*,,190.0,0,0.0,0,,,190.0,0,,,190.0,1,0.0081,1,,,190.0,1,,,190.0,0.0,0.0,0.0,0.0
2026-09-10 10:16:15,AAOI,106.25,-1.56,,187.5,185.0,0.0,AVG,4.43965,-176,,,185.0,-182,,,185.0,AVG-0,4.43965,-176,*,,185.0,-182,*,,185.0,0,0.0,0,,,185.0,0,,,185.0,1,0.0,1,,,185.0,1,,,185.0,0.0,0.0,0.0,0.0
2026-09-10 10:16:15,AAOI,106.25,-1.56,,182.5,180.0,0.0,AVG,3.74353,280,,,180.0,274,,,180.0,AVG-0,3.74353,280,*,,180.0,274,*,,180.0,0,0.0,0,,,180.0,0,,,180.0,1,0.0,6,,,180.0,6,,,180.0,0.0,0.0,0.0,0.0
2026-09-10 10:16:15,AAOI,106.25,-1.56,,177.5,175.0,0.0,AVG,1.56515,715,,,175.0,712,,,175.0,AVG-0,1.56515,715,*,,175.0,712,*,,175.0,0,0.0,0,,,175.0,0,,,175.0,1,0.00725,8,,,175.0,8,,,175.0,0.0,0.0,0.0,0.0
2026-09-10 10:16:15,AAOI,106.25,-1.56,,172.5,170.0,0.0,AVG,0.56294,916,,,170.0,916,,,170.0,AVG-0,0.56294,916,*,,170.0,916,*,,170.0,0,0.0,0,,,170.0,0,,,170.0,1,0.08148,10,,,170.0,10,,,170.0,0.0,0.0,0.0,0.0
2026-09-10 10:16:15,AAOI,106.25,-1.56,,167.5,165.0,0.0,AVG,1.04557,273,,,165.0,271,,,165.0,AVG-0,1.04557,273,*,,165.0,271,*,,165.0,0,0.0,0,,,165.0,0,,,165.0,1,0.0306,12,,,165.0,12,,,165.0,0.0,0.0,0.0,0.0
2026-09-10 10:16:15,AAOI,106.25,-1.56,,163.75,162.5,0.0,AVG,0.0,6,,,162.5,6,,,162.5,AVG-0,0.0,6,*,,162.5,6,*,,162.5,0,0.0,0,,,162.5,0,,,162.5,1,0.0,0,,,162.5,0,,,162.5,0.0,0.0,0.0,0.0
2026-09-10 10:16:15,AAOI,106.25,-1.56,,161.25,160.0,0.0,AVG,2.57307,1086,,,160.0,1079,,,160.0,AVG-0,2.57307,1086,*,,160.0,1079,*,,160.0,0,0.0,0,,,160.0,0,,,160.0,1,0.22968,38,,,160.0,37,,,160.0,0.0,0.0,0.0,0.0
2026-09-10 10:16:15,AAOI,106.25,-1.56,,158.75,157.5,0.0,AVG,0.0,11,,,157.5,11,,,157.5,AVG-0,0.0,11,*,,157.5,11,*,,157.5,0,0.0,0,,,157.5,0,,,157.5,1,0.0,0,,,157.5,0,,,157.5,0.0,0.0,0.0,0.0
2026-09-10 10:16:15,AAOI,106.25,-1.56,,156.25,155.0,0.0,AVG,0.02022,436,,,155.0,436,,,155.0,AVG-0,0.02022,436,*,,155.0,436,*,,155.0,0,0.0,0,,,155.0,0,,,155.0,1,0.02022,-33,,,155.0,-33,,,155.0,0.0,0.0,0.0,0.0
2026-09-10 10:16:15,AAOI,106.25,-1.56,,153.75,152.5,0.0,AVG,0.0,10,,,152.5,10,,,152.5,AVG-0,0.0,10,*,,152.5,10,*,,152.5,0,0.0,0,,,152.5,0,,,152.5,1,0.0,0,,,152.5,0,,,152.5,0.0,0.0,0.0,0.0
2026-09-10 10:16:15,AAOI,106.25,-1.56,,151.25,150.0,0.0,AVG,23.95217,2136,,,150.0,2059,,,150.0,AVG-0,23.94817,2136,*,,150.0,2059,*,,150.0,0,0.004,0,,,150.0,0,,,150.0,1,0.4291,258,,,150.0,256,,,150.0,0.0,0.0,0.0,0.0
2026-09-10 10:16:15,AAOI,106.25,-1.56,,149.5,149.0,0.0,AVG,0.0,1,,,149.0,1,,,149.0,AVG-0,0.0,1,*,,149.0,1,*,,149.0,0,0.0,0,,,149.0,0,,,149.0,1,0.0,0,,,149.0,0,,,149.0,0.0,0.0,0.0,0.0
2026-09-10 10:16:15,AAOI,106.25,-1.56,,148.5,148.0,0.0,AVG,0.0,25,,,148.0,25,,,148.0,AVG-0,0.0,25,*,,148.0,25,*,,148.0,0,0.0,0,,,148.0,0,,,148.0,1,0.0,0,,,148.0,0,,,148.0,0.0,0.0,0.0,0.0
2026-09-10 10:16:15,AAOI,106.25,-1.56,,147.5,147.0,0.0,AVG,0.0,7,,,147.0,7,,,147.0,AVG-0,0.0,7,*,,147.0,7,*,,147.0,0,0.0,0,,,147.0,0,,,147.0,1,0.0,0,,,147.0,0,,,147.0,0.0,0.0,0.0,0.0
2026-09-10 10:16:15,AAOI,106.25,-1.56,,146.5,146.0,0.0,AVG,0.0,251,,,146.0,251,,,146.0,AVG-0,0.0,251,*,,146.0,251,*,,146.0,0,0.0,0,,,146.0,0,,,146.0,1,0.0,0,,,146.0,0,,,146.0,0.0,0.0,0.0,0.0
2026-09-10 10:16:15,AAOI,106.25,-1.56,,145.5,145.0,0.0,AVG,1.55592,323,,,145.0,319,,,145.0,AVG-0,1.55592,323,*,,145.0,319,*,,145.0,0,0.0,0,,,145.0,0,,,145.0,1,0.0,38,,,145.0,38,,,145.0,0.0,0.0,0.0,0.0
2026-09-10 10:16:15,AAOI,106.25,-1.56,,144.5,144.0,0.0,AVG,-0.95588,66,,,144.0,66,,,144.0,AVG-0,-0.95588,66,*,,144.0,66,*,,144.0,0,0.0,0,,,144.0,0,,,144.0,1,-0.95588,0,,,144.0,0,,,144.0,0.0,0.0,0.0,0.0
2026-09-10 10:16:15,AAOI,106.25,-1.56,,143.5,143.0,0.0,AVG,0.3732,88,,,143.0,85,,,143.0,AVG-0,0.3732,88,*,,143.0,85,*,,143.0,0,0.0,0,,,143.0,0,,,143.0,1,0.0,0,,,143.0,0,,,143.0,0.0,0.0,0.0,0.0
2026-09-10 10:16:15,AAOI,106.25,-1.56,,142.5,142.0,0.0,AVG,0.00178,25,,,142.0,25,,,142.0,AVG-0,0.0,25,*,,142.0,25,*,,142.0,0,0.00178,0,,,142.0,0,,,142.0,1,0.0,0,,,142.0,0,,,142.0,0.0,0.0,0.0,0.0
2026-09-10 10:16:15,AAOI,106.25,-1.56,,141.5,141.0,0.0,AVG,0.0,55,,,141.0,55,,,141.0,AVG-0,0.0,55,*,,141.0,55,*,,141.0,0,0.0,0,,,141.0,0,,,141.0,1,0.0,0,,,141.0,0,,,141.0,0.0,0.0,0.0,0.0
2026-09-10 10:16:15,AAOI,106.25,-1.56,,140.5,140.0,0.0,AVG,10.31922,3802,,,140.0,3750,,,140.0,AVG-0,10.31076,3802,*,5.0,140.0,3750,*,5.0,140.0,0,0.00846,0,,,140.0,0,,,140.0,1,1.6716,100,,,140.0,87,,,140.0,0.0,0.0,0.0,0.0
2026-09-10 10:16:15,AAOI,106.25,-1.56,,139.5,139.0,0.0,AVG,0.0,24,,,139.0,24,,,139.0,AVG-0,0.0,24,*,,139.0,24,*,,139.0,0,0.0,0,,,139.0,0,,,139.0,1,0.0,0,,,139.0,0,,,139.0,0.0,0.0,0.0,0.0
2026-09-10 10:16:15,AAOI,106.25,-1.56,,138.5,138.0,0.0,AVG,0.0,38,,,138.0,38,,,138.0,AVG-0,0.0,38,*,,138.0,38,*,,138.0,0,0.0,0,,,138.0,0,,,138.0,1,0.0,17,,,138.0,17,,,138.0,0.0,0.0,0.0,0.0
2026-09-10 10:16:15,AAOI,106.25,-1.56,,137.5,137.0,0.0,AVG,0.0,114,,,137.0,114,,,137.0,AVG-0,0.0,114,*,,137.0,114,*,,137.0,0,0.0,0,,,137.0,0,,,137.0,1,0.0,45,,,137.0,45,,,137.0,0.0,0.0,0.0,0.0
2026-09-10 10:16:15,AAOI,106.25,-1.56,,136.5,136.0,0.0,AVG,0.00679,139,,,136.0,139,,,136.0,AVG-0,0.0,139,*,,136.0,139,*,,136.0,0,0.00679,0,,,136.0,0,,,136.0,1,0.0,43,,,136.0,43,,,136.0,0.0,0.0,0.0,0.0
2026-09-10 10:16:15,AAOI,106.25,-1.56,,135.5,135.0,0.0,AVG,3.29977,62,,,135.0,28,,,135.0,AVG-0,3.11519,62,*,,135.0,28,*,,135.0,0,0.18458,0,,,135.0,0,,,135.0,1,1.50236,151,,,135.0,128,,,135.0,0.0,0.0,0.0,0.0
2026-09-10 10:16:15,AAOI,106.25,-1.56,,134.5,134.0,0.0,AVG,0.0,35,,,134.0,35,,,134.0,AVG-0,0.0,35,*,,134.0,35,*,,134.0,0,0.0,0,,,134.0,0,,,134.0,1,0.0,20,,,134.0,20,,,134.0,0.0,0.0,0.0,0.0
2026-09-10 10:16:15,AAOI,106.25,-1.56,,133.5,133.0,0.0,AVG,0.08431,234,,,133.0,233,,,133.0,AVG-0,0.08431,234,*,,133.0,233,*,,133.0,0,0.0,0,,,133.0,0,,,133.0,1,0.08431,282,,,133.0,281,,,133.0,0.0,0.0,0.0,0.0
2026-09-10 10:16:15,AAOI,106.25,-1.56,,132.5,132.0,0.0,AVG,2.0835,88,,,132.0,69,,,132.0,AVG-0,2.00655,88,*,,132.0,69,*,,132.0,0,0.0769499999999999,0,,,132.0,0,,,132.0,1,2.00655,74,,,132.0,55,,,132.0,0.0,0.0,0.0,0.0
2026-09-10 10:16:15,AAOI,106.25,-1.56,,131.5,131.0,0.0,AVG,0.0761,145,,,131.0,145,,,131.0,AVG-0,0.0,145,*,,131.0,145,*,,131.0,0,0.0761,0,,,131.0,0,,,131.0,1,0.0,32,,,131.0,32,,,131.0,0.0,0.0,0.0,0.0
2026-09-10 10:16:15,AAOI,106.25,-1.56,,130.5,130.0,0.0,AVG,30.54021,2459,,,130.0,2280,,,130.0,AVG-0,20.15525,2420,*,,130.0,2245,*,,130.0,0,10.38496,39,,,130.0,35,,,130.0,1,5.90942,1166,+,,130.0,1057,+,,130.0,0.0,0.0,0.0,0.0
2026-09-10 10:16:15,AAOI,106.25,-1.56,,129.5,129.0,0.0,AVG,-6.981339999999999,445,,,129.0,456,,,129.0,AVG-0,-7.199019999999999,443,*,,129.0,454,*,,129.0,0,0.21768,2,,,129.0,2,,,129.0,1,-0.8859,407,*,,129.0,408,*,,129.0,0.0,0.0,0.0,0.0
2026-09-10 10:16:15,AAOI,106.25,-1.56,,128.5,128.0,0.0,AVG,0.15806,100,,,128.0,100,,,128.0,AVG-0,0.0,97,*,,128.0,97,*,,128.0,0,0.15806,3,,,128.0,3,,,128.0,1,0.0,43,*,,128.0,43,*,,128.0,0.0,0.0,0.0,0.0
2026-09-10 10:16:15,AAOI,106.25,-1.56,,127.5,127.0,0.0,AVG,0.02326,84,,,127.0,84,,,127.0,AVG-0,0.0,76,*,,127.0,76,*,,127.0,0,0.02326,8,,,127.0,8,,,127.0,1,0.0,61,*,,127.0,61,*,,127.0,0.0,0.0,0.0,0.0
2026-09-10 10:16:15,AAOI,106.25,-1.56,,126.5,126.0,0.0,AVG,0.89946,398,,,126.0,394,,,126.0,AVG-0,0.53901,388,*,,126.0,385,*,,126.0,0,0.36045,10,,,126.0,9,,,126.0,1,0.0,47,*,,126.0,47,*,,126.0,0.0,0.0,0.0,0.0
2026-09-10 10:16:15,AAOI,106.25,-1.56,,125.5,125.0,0.0,AVG,-1.809270000000002,2324,,,125.0,2174,,,125.0,AVG-0,11.08902,2256,*,,125.0,2111,*,,125.0,0,-12.89829,68,,,125.0,63,,,125.0,1,-0.4188799999999997,-801,*,,N/N,-907,*,,N/N,0.0,0.0,0.0,0.0
2026-09-10 10:16:15,AAOI,106.25,-1.56,,124.5,124.0,0.0,AVG,2.58943,81,,,124.0,39,,,124.0,AVG-0,2.02663,61,*,,124.0,21,*,,124.0,0,0.5628,20,,,124.0,18,,,124.0,1,-0.6320700000000001,32,*,,124.0,10,*,,124.0,0.0,0.0,0.0,0.0
2026-09-10 10:16:15,AAOI,106.25,-1.56,,123.5,123.0,0.0,AVG,0.7091500000000002,250,,,123.0,223,,,123.0,AVG-0,0.4754500000000004,205,*,,123.0,179,*,,123.0,0,0.2337,45,,,123.0,44,,,123.0,1,2.60565,168,*,,123.0,141,*,,123.0,0.0,0.0,0.0,0.0
2026-09-10 10:16:15,AAOI,106.25,-1.56,,122.5,122.0,0.0,AVG,1.30342,12,,,122.0,4,,,122.0,AVG-0,0.8575900000000001,-83,*,,122.0,-88,*,,122.0,0,0.4458299999999999,95,,,122.0,92,,,122.0,1,0.0,22,*,,122.0,22,*,,122.0,0.0,0.0,0.0,0.0
2026-09-10 10:16:15,AAOI,106.25,-1.56,,121.5,121.0,0.0,AVG,-2.23879,325,,,121.0,318,,,121.0,AVG-0,-2.0405,195,*,,121.0,193,*,,121.0,0,-0.1982899999999999,130,,,121.0,125,,,121.0,1,-0.59848,138,*,,121.0,132,*,,121.0,0.0,0.0,0.0,0.0
2026-09-10 10:16:15,AAOI,106.25,-1.56,,120.5,120.0,0.0,AVG,86.80158,5342,,4.0,120.0,4643,+,4.0,120.0,AVG-0,69.75501,3349,*,,120.0,2977,*,,120.0,0,17.04657,1993,,,120.0,1666,,,120.0,1,24.98712,218,*,,120.0,-79,*,,120.0,0.0,0.0,0.0,0.0
2026-09-10 10:16:15,AAOI,106.25,-1.56,,119.5,119.0,0.0,AVG,-3.75296,332,,,119.0,332,*,,119.0,AVG-0,-3.96089,137,*,,119.0,139,*,,119.0,0,0.20793,195,,,119.0,193,,,119.0,1,-3.96089,46,*,,119.0,48,*,,119.0,0.0,0.0,0.0,0.0
2026-09-10 10:16:15,AAOI,106.25,-1.56,,118.5,118.0,0.0,AVG,-16.90372,602,,,118.0,605,*,,118.0,AVG-0,0.75564,282,*,,118.0,276,*,,118.0,0,-17.65936,320,,,118.0,329,,,118.0,1,0.75564,191,*,,118.0,185,*,,118.0,0.0,0.0,0.0,0.0
2026-09-10 10:16:15,AAOI,106.25,-1.56,,117.5,117.0,0.0,AVG,-2.81779,687,,,117.0,673,*,,117.0,AVG-0,-0.36639,92,*,,117.0,90,*,,117.0,0,-2.4514,595,,,117.0,583,,,117.0,1,0.0,97,*,,117.0,97,*,,117.0,0.0,0.0,0.0,0.0
2026-09-10 10:16:15,AAOI,106.25,-1.56,,116.5,116.0,0.0,AVG,0.9168500000000002,1805,,,116.0,1767,*,,116.0,AVG-0,1.71075,321,*,,116.0,295,*,,116.0,0,-0.7939,1484,,,116.0,1472,,,116.0,1,3.14017,237,*,,116.0,210,*,,116.0,0.0,0.0,0.0,0.0
2026-09-10 10:16:15,AAOI,106.25,-1.56,,115.5,115.0,0.0,AVG,48.62087,1399,,,115.0,630,*,,115.0,AVG-0,19.332860000000004,-821,*,,115.0,-961,*,,115.0,0,29.28801,2220,,5.0,115.0,1591,,,115.0,1,14.012080000000005,-2474,*,4.0,115.0,-2599,*,2.0,115.0,0.0,0.0,0.0,0.0
2026-09-10 10:16:15,AAOI,106.25,-1.56,,114.5,114.0,0.0,AVG,1.69183,688,,,114.0,617,*,,114.0,AVG-0,1.71429,30,*,,114.0,17,*,,114.0,0,-0.0224600000000001,658,,,114.0,600,,,114.0,1,1.3198,29,*,,114.0,18,*,,114.0,0.0,0.0,0.0,0.0
2026-09-10 10:16:15,AAOI,106.25,-1.56,,113.5,113.0,0.0,AVG,-7.451930000000001,922,,,113.0,775,*,,113.0,AVG-0,-0.1618499999999998,447,*,,113.0,442,*,,113.0,0,-7.2900800000000014,475,,,113.0,333,,,113.0,1,-0.1618499999999998,337,*,,113.0,332,*,,113.0,0.0,0.0,0.0,0.0
2026-09-10 10:16:15,AAOI,106.25,-1.56,,112.5,112.0,0.0,AVG,28.03355,2091,,,112.0,1549,*,,112.0,AVG-0,4.95333,560,M,,112.0,531,*,,112.0,0,23.08022,1531,,,112.0,1018,,,112.0,1,0.4171200000000001,337,*,,112.0,328,*,,112.0,0.0,0.0,0.0,0.0
2026-09-10 10:16:15,AAOI,106.25,-1.56,,111.5,111.0,0.0,AVG,15.32496,1954,,,111.0,1671,*,,111.0,AVG-0,3.7521,513,*,,111.0,492,M,,111.0,0,11.57286,1441,,,111.0,1179,,,111.0,1,2.23539,692,*,,111.0,675,*,,111.0,0.0,0.0,0.0,0.0
2026-09-10 10:16:15,AAOI,106.25,-1.56,,110.5,110.0,0.0,AVG,171.59788,5697,+,2.0,110.0,3167,*,,110.0,AVG-0,68.46056,-3269,*,,110.0,-3608,*,,110.0,0,103.13732,8966,+,1.0,110.0,6775,+,1.0,110.0,1,44.61882,-3818,-,1.0,110.0,-4117,M-,1.0,110.0,0.0,0.0,0.0,0.0
2026-09-10 10:16:15,AAOI,106.25,-1.56,,109.5,109.0,0.0,AVG,5.59502,-1369,M,,109.0,-1469,M,,109.0,AVG-0,0.89074,-6,*,,109.0,-12,*,,109.0,0,4.70428,-1363,M,,109.0,-1457,M,,109.0,1,0.91116,6,M,,109.0,0,,,109.0,0.0,0.0,0.0,0.0
2026-09-10 10:16:15,AAOI,106.25,-1.56,,108.5,108.0,0.0,AVG,21.21176,-2551,*,,108.0,-2958,*,,108.0,AVG-0,2.04049,29,*,,108.0,17,*,,108.0,0,19.17127,-2580,*,4.0,108.0,-2975,*,4.0,108.0,1,1.93512,12,,,108.0,0,,,108.0,0.0,0.0,0.0,0.0
2026-09-10 10:16:15,AAOI,106.25,-1.56,,107.5,107.0,0.0,AVG,0.8564699999999974,-670,*,,107.0,-773,*,,107.0,AVG-0,-8.51688,132,*,,107.0,186,*,,107.0,0,9.37335,-802,*,,107.0,-959,*,,107.0,1,-9.14665,-55,,,N/N,0,,,107.0,0.0,0.0,0.0,0.0
2026-09-10 10:16:15,AAOI,106.25,-1.56,CURR,106.5,106.0,0.0,AVG,-32.17511999999999,-3883,*,,N/N,-3298,*,,N/N,AVG-0,5.4350000000000005,112,*,,106.0,86,*,,106.0,0,-37.61012,-3995,*,3.0,N/N,-3384,-,2.0,N/N,1,4.30504,23,,,106.0,0,,,106.0,0.0,0.0,0.0,0.0
2026-09-10 10:16:15,AAOI,106.25,-1.56,,105.5,105.0,0.0,AVG,21.850369999999995,-1709,*,,105.0,-1056,*,,105.0,AVG-0,44.66461,-2216,*,,105.0,-2302,*,,105.0,0,-22.814240000000005,507,*,,105.0,1246,,,105.0,1,18.94388,-2281,,,105.0,-2364,,5.0,105.0,0.0,0.0,0.0,0.0
2026-09-10 10:16:15,AAOI,106.25,-1.56,,104.5,104.0,0.0,AVG,-7.54428,-1412,*,,N/N,-1249,*,,N/N,AVG-0,0.18189,-48,*,,104.0,-49,*,,104.0,0,-7.72617,-1364,*,,N/N,-1200,,,N/N,1,0.59299,3,,,104.0,0,,,104.0,0.0,0.0,0.0,0.0
2026-09-10 10:16:15,AAOI,106.25,-1.56,,103.5,103.0,0.0,AVG,-7.791019999999999,-782,*,,N/N,-588,*,,N/N,AVG-0,-1.89585,-354,*,,N/N,-340,*,,N/N,0,-5.895169999999999,-428,*,,N/N,-248,,,N/N,1,-1.89585,-14,,,N/N,0,,,103.0,0.0,0.0,0.0,0.0
2026-09-10 10:16:15,AAOI,106.25,-1.56,,102.5,102.0,0.0,AVG,-4.61781,-1907,*,,N/N,-1780,*,,N/N,AVG-0,-0.11359,-99,*,,N/N,-97,*,,N/N,0,-4.50422,-1808,*,,N/N,-1683,,5.0,N/N,1,0.0,0,,,102.0,0,,,102.0,0.0,0.0,0.0,0.0
2026-09-10 10:16:15,AAOI,106.25,-1.56,,101.5,101.0,0.0,AVG,1.1333000000000002,-9,*,,101.0,2,*,,101.0,AVG-0,0.9842300000000002,-14,*,,101.0,-12,*,,101.0,0,0.14907,5,*,,101.0,14,,,101.0,1,2.0552,3,,,101.0,0,,,101.0,0.0,0.0,0.0,0.0
2026-09-10 10:16:15,AAOI,106.25,-1.56,,100.5,100.0,0.0,AVG,-88.99727,-8846,-,1.0,N/N,-7144,-,1.0,N/N,AVG-0,-31.43888,-4362,*,3.0,N/N,-4033,*,3.0,N/N,0,-57.55839,-4484,-,2.0,N/N,-3111,,3.0,N/N,1,-30.27659,-2412,,5.0,N/N,-2134,,,N/N,0.0,0.0,0.0,0.0
2026-09-10 10:16:15,AAOI,106.25,-1.56,,99.5,99.0,0.0,AVG,0.5553800000000002,-807,,,99.0,-785,,,99.0,AVG-0,1.84355,-38,*,,99.0,-43,*,,99.0,0,-1.28817,-769,,,N/N,-742,,,N/N,1,2.16963,7,,,99.0,0,,,99.0,0.0,0.0,0.0,0.0
2026-09-10 10:16:15,AAOI,106.25,-1.56,,98.5,98.0,0.0,AVG,-3.31184,-270,,,N/N,-234,,,N/N,AVG-0,-2.63438,-101,*,,N/N,-79,*,,N/N,0,-0.67746,-169,,,N/N,-155,,,N/N,1,-2.01408,-19,,,N/N,0,,,98.0,0.0,0.0,0.0,0.0
2026-09-10 10:16:15,AAOI,106.25,-1.56,,97.5,97.0,0.0,AVG,-3.92674,-343,,,N/N,-307,,,N/N,AVG-0,-2.70398,-75,*,,N/N,-62,*,,N/N,0,-1.22276,-268,,,N/N,-245,,,N/N,1,-0.22905,-2,,,N/N,0,,,97.0,0.0,0.0,0.0,0.0
2026-09-10 10:16:15,AAOI,106.25,-1.56,,96.5,96.0,0.0,AVG,-0.28043,-176,,,N/N,-175,,,N/N,AVG-0,-0.28043,-22,*,,N/N,-21,*,,N/N,0,0.0,-154,,,96.0,-154,,,96.0,1,0.0,0,,,96.0,0,,,96.0,0.0,0.0,0.0,0.0
2026-09-10 10:16:15,AAOI,106.25,-1.56,,95.5,95.0,0.0,AVG,-8.02415,-5569,,3.0,N/N,-5477,,2.0,N/N,AVG-0,-7.46513,-4825,-,1.0,N/N,-4742,-,1.0,N/N,0,-0.55902,-744,,,N/N,-735,,,N/N,1,-6.45732,-2515,,3.0,N/N,-2444,,4.0,N/N,0.0,0.0,0.0,0.0
2026-09-10 10:16:15,AAOI,106.25,-1.56,,94.5,94.0,0.0,AVG,-1.00642,-234,,,N/N,-226,,,N/N,AVG-0,-0.77944,-210,,,N/N,-205,,,N/N,0,-0.22698,-24,,,N/N,-21,,,N/N,1,0.0,0,,,94.0,0,,,94.0,0.0,0.0,0.0,0.0
2026-09-10 10:16:15,AAOI,106.25,-1.56,,93.5,93.0,0.0,AVG,-2.2441500000000003,-70,,,N/N,-55,,,N/N,AVG-0,-2.1057,-50,,,N/N,-36,,,N/N,0,-0.13845,-20,,,N/N,-19,,,N/N,1,-0.746,-8,,,N/N,0,,,93.0,0.0,0.0,0.0,0.0
2026-09-10 10:16:15,AAOI,106.25,-1.56,,92.5,92.0,0.0,AVG,-0.71748,-27,,,N/N,-21,,,N/N,AVG-0,0.0,-7,,,92.0,-7,,,92.0,0,-0.71748,-20,,,N/N,-14,,,N/N,1,0.0,0,,,92.0,0,,,92.0,0.0,0.0,0.0,0.0
2026-09-10 10:16:15,AAOI,106.25,-1.56,,91.5,91.0,0.0,AVG,-0.11234,-11,,,N/N,-10,,,N/N,AVG-0,-0.11234,-12,,,N/N,-11,,,N/N,0,0.0,1,,,91.0,1,,,91.0,1,-0.11234,-1,,,N/N,0,,,91.0,0.0,0.0,0.0,0.0
2026-09-10 10:16:15,AAOI,106.25,-1.56,,90.5,90.0,0.0,AVG,-3.10121,-4820,,5.0,N/N,-4718,,3.0,N/N,AVG-0,-3.0913900000000005,-4803,,2.0,N/N,-4701,,2.0,N/N,0,-0.00982,-17,,,N/N,-17,,,N/N,1,-6.34522,-2587,,2.0,N/N,-2509,,3.0,N/N,0.0,0.0,0.0,0.0
2026-09-10 10:16:15,AAOI,106.25,-1.56,,89.5,89.0,0.0,AVG,-0.2288599999999999,-35,,,N/N,-32,,,N/N,AVG-0,-0.2288599999999999,-30,,,N/N,-27,,,N/N,0,0.0,-5,,,89.0,-5,,,89.0,1,-0.08602,-1,,,N/N,0,,,89.0,0.0,0.0,0.0,0.0
2026-09-10 10:16:15,AAOI,106.25,-1.56,,88.5,88.0,0.0,AVG,0.6152200000000001,-79,,,88.0,-77,,,88.0,AVG-0,-0.37633,-77,,,N/N,-75,,,N/N,0,0.99155,-2,,,88.0,-2,,,88.0,1,0.0,0,,,88.0,0,,,88.0,0.0,0.0,0.0,0.0
2026-09-10 10:16:15,AAOI,106.25,-1.56,,87.5,87.0,0.0,AVG,1.0,-1,,,87.0,-1,,,87.0,AVG-0,0.0,0,,,87.0,0,,,87.0,0,1.0,-1,,,87.0,-1,,,87.0,1,0.0,0,,,87.0,0,,,87.0,0.0,0.0,0.0,0.0
2026-09-10 10:16:15,AAOI,106.25,-1.56,,86.5,86.0,0.0,AVG,-0.00152,0,,,86.0,0,,,86.0,AVG-0,0.0,0,,,86.0,0,,,86.0,0,-0.00152,0,,,86.0,0,,,86.0,1,0.0,0,,,86.0,0,,,86.0,0.0,0.0,0.0,0.0
2026-09-10 10:16:15,AAOI,106.25,-1.56,,85.5,85.0,0.0,AVG,-8.26606,-3151,,,N/N,-3105,,,N/N,AVG-0,-8.26254,-3151,,,N/N,-3105,,,N/N,0,-0.00352,0,,,85.0,0,,,85.0,1,-1.09824,-512,,,N/N,-497,,,N/N,0.0,0.0,0.0,0.0
2026-09-10 10:16:15,AAOI,106.25,-1.56,,84.5,84.0,0.0,AVG,-0.05048,-1,,,N/N,0,,,84.0,AVG-0,-0.05048,-1,,,N/N,0,,,84.0,0,0.0,0,,,84.0,0,,,84.0,1,-0.05048,-1,,,N/N,0,,,84.0,0.0,0.0,0.0,0.0
2026-09-10 10:16:15,AAOI,106.25,-1.56,,83.5,83.0,0.0,AVG,0.0,0,,,83.0,0,,,83.0,AVG-0,0.0,0,,,83.0,0,,,83.0,0,0.0,0,,,83.0,0,,,83.0,1,0.0,0,,,83.0,0,,,83.0,0.0,0.0,0.0,0.0
2026-09-10 10:16:15,AAOI,106.25,-1.56,,82.5,82.0,0.0,AVG,0.0,0,,,82.0,0,,,82.0,AVG-0,0.0,0,,,82.0,0,,,82.0,0,0.0,0,,,82.0,0,,,82.0,1,0.0,0,,,82.0,0,,,82.0,0.0,0.0,0.0,0.0
2026-09-10 10:16:15,AAOI,106.25,-1.56,,81.5,81.0,0.0,AVG,0.93854,1,,,81.0,0,,,81.0,AVG-0,0.93854,1,,,81.0,0,,,81.0,0,0.0,0,,,81.0,0,,,81.0,1,0.0,0,,,81.0,0,,,81.0,0.0,0.0,0.0,0.0
2026-09-10 10:16:15,AAOI,106.25,-1.56,,80.5,80.0,0.0,AVG,-5.91946,-2217,,,N/N,-2189,,,N/N,AVG-0,-5.91946,-2217,,,N/N,-2189,,,N/N,0,0.0,0,,,80.0,0,,,80.0,1,-0.23584,-410,,,N/N,-406,,,N/N,0.0,0.0,0.0,0.0
2026-09-10 10:16:15,AAOI,106.25,-1.56,,79.5,79.0,0.0,AVG,0.0,0,,,79.0,0,,,79.0,AVG-0,0.0,0,,,79.0,0,,,79.0,0,0.0,0,,,79.0,0,,,79.0,1,0.0,0,,,79.0,0,,,79.0,0.0,0.0,0.0,0.0
2026-09-10 10:16:15,AAOI,106.25,-1.56,,78.5,78.0,0.0,AVG,0.0,0,,,78.0,0,,,78.0,AVG-0,0.0,0,,,78.0,0,,,78.0,0,0.0,0,,,78.0,0,,,78.0,1,0.0,0,,,78.0,0,,,78.0,0.0,0.0,0.0,0.0
2026-09-10 10:16:15,AAOI,106.25,-1.56,,77.5,77.0,0.0,AVG,0.0,0,,,77.0,0,,,77.0,AVG-0,0.0,0,,,77.0,0,,,77.0,0,0.0,0,,,77.0,0,,,77.0,1,0.0,0,,,77.0,0,,,77.0,0.0,0.0,0.0,0.0
2026-09-10 10:16:15,AAOI,106.25,-1.56,,76.5,76.0,0.0,AVG,0.0,0,,,76.0,0,,,76.0,AVG-0,0.0,0,,,76.0,0,,,76.0,0,0.0,0,,,76.0,0,,,76.0,1,0.0,0,,,76.0,0,,,76.0,0.0,0.0,0.0,0.0
2026-09-10 10:16:15,AAOI,106.25,-1.56,,75.5,75.0,0.0,AVG,-0.7684999999999997,-1847,,,N/N,-1829,,,N/N,AVG-0,-0.7684999999999997,-1847,,,N/N,-1829,,,N/N,0,0.0,0,,,75.0,0,,,75.0,1,0.0,-189,,,75.0,-189,,,75.0,0.0,0.0,0.0,0.0
2026-09-10 10:16:15,AAOI,106.25,-1.56,,74.5,74.0,0.0,AVG,0.0,0,,,74.0,0,,,74.0,AVG-0,0.0,0,,,74.0,0,,,74.0,0,0.0,0,,,74.0,0,,,74.0,1,0.0,0,,,74.0,0,,,74.0,0.0,0.0,0.0,0.0
2026-09-10 10:16:15,AAOI,106.25,-1.56,,73.5,73.0,0.0,AVG,0.0,0,,,73.0,0,,,73.0,AVG-0,0.0,0,,,73.0,0,,,73.0,0,0.0,0,,,73.0,0,,,73.0,1,0.0,0,,,73.0,0,,,73.0,0.0,0.0,0.0,0.0
2026-09-10 10:16:15,AAOI,106.25,-1.56,,72.5,72.0,0.0,AVG,0.0,0,,,72.0,0,,,72.0,AVG-0,0.0,0,,,72.0,0,,,72.0,0,0.0,0,,,72.0,0,,,72.0,1,0.0,0,,,72.0,0,,,72.0,0.0,0.0,0.0,0.0
2026-09-10 10:16:15,AAOI,106.25,-1.56,,71.5,71.0,0.0,AVG,0.0,0,,,71.0,0,,,71.0,AVG-0,0.0,0,,,71.0,0,,,71.0,0,0.0,0,,,71.0,0,,,71.0,1,0.0,0,,,71.0,0,,,71.0,0.0,0.0,0.0,0.0
2026-09-10 10:16:15,AAOI,106.25,-1.56,,70.5,70.0,0.0,AVG,-2.17203,-2399,,,N/N,-2383,,,N/N,AVG-0,-2.17203,-2399,,,N/N,-2383,,,N/N,0,0.0,0,,,70.0,0,,,70.0,1,0.0,7,,,70.0,7,,,70.0,0.0,0.0,0.0,0.0
2026-09-10 10:16:15,AAOI,106.25,-1.56,,69.5,69.0,0.0,AVG,0.0,0,,,69.0,0,,,69.0,AVG-0,0.0,0,,,69.0,0,,,69.0,0,0.0,0,,,69.0,0,,,69.0,1,0.0,0,,,69.0,0,,,69.0,0.0,0.0,0.0,0.0
2026-09-10 10:16:15,AAOI,106.25,-1.56,,67.0,65.0,0.0,AVG,0.8195,-188,,,65.0,-188,,,65.0,AVG-0,0.8195,-188,,,65.0,-188,,,65.0,0,0.0,0,,,65.0,0,,,65.0,1,0.0,-1,,,65.0,-1,,,65.0,0.0,0.0,0.0,0.0
2026-09-10 10:16:15,AAOI,106.25,-1.56,,62.5,60.0,0.0,AVG,1.65436,427,,,60.0,428,,,60.0,AVG-0,1.65436,427,,,60.0,428,,,60.0,0,0.0,0,,,60.0,0,,,60.0,1,-0.0052,0,,,60.0,0,,,60.0,0.0,0.0,0.0,0.0
2026-09-10 10:16:15,AAOI,106.25,-1.56,,57.5,55.0,0.0,AVG,-1.0791,22,,,55.0,26,,,55.0,AVG-0,-1.0791,22,,,55.0,26,,,55.0,0,0.0,0,,,55.0,0,,,55.0,1,0.0,0,,,55.0,0,,,55.0,0.0,0.0,0.0,0.0
2026-09-10 10:16:15,AAOI,106.25,-1.56,,52.5,50.0,0.0,AVG,0.50486,-1961,,,50.0,-1959,,,50.0,AVG-0,0.50486,-1961,,,50.0,-1959,,,50.0,0,0.0,0,,,50.0,0,,,50.0,1,0.0,0,,,50.0,0,,,50.0,0.0,0.0,0.0,0.0
2026-09-10 10:16:15,AAOI,106.25,-1.56,,49.5,49.0,0.0,AVG,0.0,0,,,49.0,0,,,49.0,AVG-0,0.0,0,,,49.0,0,,,49.0,0,0.0,0,,,49.0,0,,,49.0,1,0.0,0,,,49.0,0,,,49.0,0.0,0.0,0.0,0.0
2026-09-10 10:16:15,AAOI,106.25,-1.56,,48.5,48.0,0.0,AVG,0.0,0,,,48.0,0,,,48.0,AVG-0,0.0,0,,,48.0,0,,,48.0,0,0.0,0,,,48.0,0,,,48.0,1,0.0,0,,,48.0,0,,,48.0,0.0,0.0,0.0,0.0
2026-09-10 10:16:15,AAOI,106.25,-1.56,,47.5,47.0,0.0,AVG,0.0,-39,,,47.0,-39,,,47.0,AVG-0,0.0,-39,,,47.0,-39,,,47.0,0,0.0,0,,,47.0,0,,,47.0,1,0.0,0,,,47.0,0,,,47.0,0.0,0.0,0.0,0.0
2026-09-10 10:16:15,AAOI,106.25,-1.56,,46.5,46.0,0.0,AVG,0.0,0,,,46.0,0,,,46.0,AVG-0,0.0,0,,,46.0,0,,,46.0,0,0.0,0,,,46.0,0,,,46.0,1,0.0,0,,,46.0,0,,,46.0,0.0,0.0,0.0,0.0
2026-09-10 10:16:15,AAOI,106.25,-1.56,,45.5,45.0,0.0,AVG,-0.02801,-159,,,N/N,-159,,,N/N,AVG-0,-0.02801,-159,,,N/N,-159,,,N/N,0,0.0,0,,,45.0,0,,,45.0,1,0.0,0,,,45.0,0,,,45.0,0.0,0.0,0.0,0.0
2026-09-10 10:16:15,AAOI,106.25,-1.56,,44.5,44.0,0.0,AVG,0.0,0,,,44.0,0,,,44.0,AVG-0,0.0,0,,,44.0,0,,,44.0,0,0.0,0,,,44.0,0,,,44.0,1,0.0,0,,,44.0,0,,,44.0,0.0,0.0,0.0,0.0
2026-09-10 10:16:15,AAOI,106.25,-1.56,,43.5,43.0,0.0,AVG,0.0,0,,,43.0,0,,,43.0,AVG-0,0.0,0,,,43.0,0,,,43.0,0,0.0,0,,,43.0,0,,,43.0,1,0.0,0,,,43.0,0,,,43.0,0.0,0.0,0.0,0.0
2026-09-10 10:16:15,AAOI,106.25,-1.56,,42.5,42.0,0.0,AVG,0.0,-2,,,42.0,-2,,,42.0,AVG-0,0.0,-2,,,42.0,-2,,,42.0,0,0.0,0,,,42.0,0,,,42.0,1,0.0,0,,,42.0,0,,,42.0,0.0,0.0,0.0,0.0
2026-09-10 10:16:15,AAOI,106.25,-1.56,,41.5,41.0,0.0,AVG,0.0,0,,,41.0,0,,,41.0,AVG-0,0.0,0,,,41.0,0,,,41.0,0,0.0,0,,,41.0,0,,,41.0,1,0.0,0,,,41.0,0,,,41.0,0.0,0.0,0.0,0.0
2026-09-10 10:16:15,AAOI,106.25,-1.56,,40.5,40.0,0.0,AVG,-0.29032,-106,,,N/N,-105,,,N/N,AVG-0,-0.29032,-106,,,N/N,-105,,,N/N,0,0.0,0,,,40.0,0,,,40.0,1,0.0,0,,,40.0,0,,,40.0,0.0,0.0,0.0,0.0
2026-09-10 10:16:15,AAOI,106.25,-1.56,,39.5,39.0,0.0,AVG,0.0,0,,,39.0,0,,,39.0,AVG-0,0.0,0,,,39.0,0,,,39.0,0,0.0,0,,,39.0,0,,,39.0,1,0.0,0,,,39.0,0,,,39.0,0.0,0.0,0.0,0.0
2026-09-10 10:16:15,AAOI,106.25,-1.56,,38.5,38.0,0.0,AVG,0.0,0,,,38.0,0,,,38.0,AVG-0,0.0,0,,,38.0,0,,,38.0,0,0.0,0,,,38.0,0,,,38.0,1,0.0,0,,,38.0,0,,,38.0,0.0,0.0,0.0,0.0
2026-09-10 10:16:15,AAOI,106.25,-1.56,,37.5,37.0,0.0,AVG,0.0,-238,,,37.0,-238,,,37.0,AVG-0,0.0,-238,,,37.0,-238,,,37.0,0,0.0,0,,,37.0,0,,,37.0,1,0.0,0,,,37.0,0,,,37.0,0.0,0.0,0.0,0.0
2026-09-10 10:16:15,AAOI,106.25,-1.56,,36.5,36.0,0.0,AVG,0.0,0,,,36.0,0,,,36.0,AVG-0,0.0,0,,,36.0,0,,,36.0,0,0.0,0,,,36.0,0,,,36.0,1,0.0,0,,,36.0,0,,,36.0,0.0,0.0,0.0,0.0
2026-09-10 10:16:15,AAOI,106.25,-1.56,,35.5,35.0,0.0,AVG,-0.38598,-342,,,N/N,-341,,,N/N,AVG-0,-0.38598,-342,,,N/N,-341,,,N/N,0,0.0,0,,,35.0,0,,,35.0,1,0.0,0,,,35.0,0,,,35.0,0.0,0.0,0.0,0.0
2026-09-10 10:16:15,AAOI,106.25,-1.56,,34.5,34.0,0.0,AVG,0.0,0,,,34.0,0,,,34.0,AVG-0,0.0,0,,,34.0,0,,,34.0,0,0.0,0,,,34.0,0,,,34.0,1,0.0,0,,,34.0,0,,,34.0,0.0,0.0,0.0,0.0
2026-09-10 10:16:15,AAOI,106.25,-1.56,,33.5,33.0,0.0,AVG,0.0,0,,,33.0,0,,,33.0,AVG-0,0.0,0,,,33.0,0,,,33.0,0,0.0,0,,,33.0,0,,,33.0,1,0.0,0,,,33.0,0,,,33.0,0.0,0.0,0.0,0.0
2026-09-10 10:16:15,AAOI,106.25,-1.56,,32.5,32.0,0.0,AVG,0.0,-1,,,32.0,-1,,,32.0,AVG-0,0.0,-1,,,32.0,-1,,,32.0,0,0.0,0,,,32.0,0,,,32.0,1,0.0,0,,,32.0,0,,,32.0,0.0,0.0,0.0,0.0
2026-09-10 10:16:15,AAOI,106.25,-1.56,,31.5,31.0,0.0,AVG,0.0,0,,,31.0,0,,,31.0,AVG-0,0.0,0,,,31.0,0,,,31.0,0,0.0,0,,,31.0,0,,,31.0,1,0.0,0,,,31.0,0,,,31.0,0.0,0.0,0.0,0.0
2026-09-10 10:16:15,AAOI,106.25,-1.56,,30.5,30.0,0.0,AVG,0.0,3,,,30.0,3,,,30.0,AVG-0,0.0,3,,,30.0,3,,,30.0,0,0.0,0,,,30.0,0,,,30.0,1,0.0,0,,,30.0,0,,,30.0,0.0,0.0,0.0,0.0
2026-09-10 10:16:15,AAOI,106.25,-1.56,,29.5,29.0,0.0,AVG,0.0,0,,,29.0,0,,,29.0,AVG-0,0.0,0,,,29.0,0,,,29.0,0,0.0,0,,,29.0,0,,,29.0,1,0.0,0,,,29.0,0,,,29.0,0.0,0.0,0.0,0.0
2026-09-10 10:16:15,AAOI,106.25,-1.56,,28.5,28.0,0.0,AVG,0.0,0,,,28.0,0,,,28.0,AVG-0,0.0,0,,,28.0,0,,,28.0,0,0.0,0,,,28.0,0,,,28.0,1,0.0,0,,,28.0,0,,,28.0,0.0,0.0,0.0,0.0
2026-09-10 10:16:15,AAOI,106.25,-1.56,,27.5,27.0,0.0,AVG,0.0,2,,,27.0,2,,,27.0,AVG-0,0.0,2,,,27.0,2,,,27.0,0,0.0,0,,,27.0,0,,,27.0,1,0.0,0,,,27.0,0,,,27.0,0.0,0.0,0.0,0.0
2026-09-10 10:16:15,AAOI,106.25,-1.56,,26.5,26.0,0.0,AVG,0.0,0,,,26.0,0,,,26.0,AVG-0,0.0,0,,,26.0,0,,,26.0,0,0.0,0,,,26.0,0,,,26.0,1,0.0,0,,,26.0,0,,,26.0,0.0,0.0,0.0,0.0
2026-09-10 10:16:15,AAOI,106.25,-1.56,,25.5,25.0,0.0,AVG,0.0,-41,,,25.0,-41,,,25.0,AVG-0,0.0,-41,,,25.0,-41,,,25.0,0,0.0,0,,,25.0,0,,,25.0,1,0.0,0,,,25.0,0,,,25.0,0.0,0.0,0.0,0.0
2026-09-10 10:16:15,AAOI,106.25,-1.56,,24.5,24.0,0.0,AVG,0.0,0,,,24.0,0,,,24.0,AVG-0,0.0,0,,,24.0,0,,,24.0,0,0.0,0,,,24.0,0,,,24.0,1,0.0,0,,,24.0,0,,,24.0,0.0,0.0,0.0,0.0
2026-09-10 10:16:15,AAOI,106.25,-1.56,,23.5,23.0,0.0,AVG,0.0,-9,,,23.0,-9,,,23.0,AVG-0,0.0,-9,,,23.0,-9,,,23.0,0,0.0,0,,,23.0,0,,,23.0,1,0.0,0,,,23.0,0,,,23.0,0.0,0.0,0.0,0.0
2026-09-10 10:16:15,AAOI,106.25,-1.56,,22.75,22.5,0.0,AVG,0.0,0,,,22.5,0,,,22.5,AVG-0,0.0,0,,,22.5,0,,,22.5,0,0.0,0,,,22.5,0,,,22.5,1,0.0,0,,,22.5,0,,,22.5,0.0,0.0,0.0,0.0
2026-09-10 10:16:15,AAOI,106.25,-1.56,,22.25,22.0,0.0,AVG,0.0,0,,,22.0,0,,,22.0,AVG-0,0.0,0,,,22.0,0,,,22.0,0,0.0,0,,,22.0,0,,,22.0,1,0.0,0,,,22.0,0,,,22.0,0.0,0.0,0.0,0.0
2026-09-10 10:16:15,AAOI,106.25,-1.56,,21.5,21.0,0.0,AVG,0.0,0,,,21.0,0,,,21.0,AVG-0,0.0,0,,,21.0,0,,,21.0,0,0.0,0,,,21.0,0,,,21.0,1,0.0,0,,,21.0,0,,,21.0,0.0,0.0,0.0,0.0
2026-09-10 10:16:15,AAOI,106.25,-1.56,,20.5,20.0,0.0,AVG,0.0,-9,,,20.0,-9,,,20.0,AVG-0,0.0,-9,,,20.0,-9,,,20.0,0,0.0,0,,,20.0,0,,,20.0,1,0.0,0,,,20.0,0,,,20.0,0.0,0.0,0.0,0.0
2026-09-10 10:16:15,AAOI,106.25,-1.56,,19.0,18.0,0.0,AVG,0.0,-1,,,18.0,-1,,,18.0,AVG-0,0.0,-1,,,18.0,-1,,,18.0,0,0.0,0,,,18.0,0,,,18.0,1,0.0,0,,,18.0,0,,,18.0,0.0,0.0,0.0,0.0
2026-09-10 10:16:15,AAOI,106.25,-1.56,,17.75,17.5,0.0,AVG,0.0,-1,,,17.5,-1,,,17.5,AVG-0,0.0,-1,,,17.5,-1,,,17.5,0,0.0,0,,,17.5,0,,,17.5,1,0.0,0,,,17.5,0,,,17.5,0.0,0.0,0.0,0.0
2026-09-10 10:16:15,AAOI,106.25,-1.56,,16.25,15.0,0.0,AVG,0.0,-6,,,15.0,-6,,,15.0,AVG-0,0.0,-6,,,15.0,-6,,,15.0,0,0.0,0,,,15.0,0,,,15.0,1,0.0,0,,,15.0,0,,,15.0,0.0,0.0,0.0,0.0
2026-09-10 10:16:15,AAOI,106.25,-1.56,,14.0,13.0,0.0,AVG,0.0,-2,,,13.0,-2,,,13.0,AVG-0,0.0,-2,,,13.0,-2,,,13.0,0,0.0,0,,,13.0,0,,,13.0,1,0.0,0,,,13.0,0,,,13.0,0.0,0.0,0.0,0.0
2026-09-10 10:16:15,AAOI,106.25,-1.56,,12.75,12.5,0.0,AVG,0.0,0,,,12.5,0,,,12.5,AVG-0,0.0,0,,,12.5,0,,,12.5,0,0.0,0,,,12.5,0,,,12.5,1,0.0,0,,,12.5,0,,,12.5,0.0,0.0,0.0,0.0
2026-09-10 10:16:15,AAOI,106.25,-1.56,,11.25,10.0,0.0,AVG,0.0,-1,,,10.0,-1,,,10.0,AVG-0,0.0,-1,,,10.0,-1,,,10.0,0,0.0,0,,,10.0,0,,,10.0,1,0.0,0,,,10.0,0,,,10.0,0.0,0.0,0.0,0.0
2026-09-10 10:16:15,AAOI,106.25,-1.56,,9.0,8.0,0.0,AVG,0.0,0,,,8.0,0,,,8.0,AVG-0,0.0,0,,,8.0,0,,,8.0,0,0.0,0,,,8.0,0,,,8.0,1,0.0,0,,,8.0,0,,,8.0,0.0,0.0,0.0,0.0
2026-09-10 10:16:15,AAOI,106.25,-1.56,,7.75,7.5,0.0,AVG,0.0,0,,,7.5,0,,,7.5,AVG-0,0.0,0,,,7.5,0,,,7.5,0,0.0,0,,,7.5,0,,,7.5,1,0.0,0,,,7.5,0,,,7.5,0.0,0.0,0.0,0.0
2026-09-10 10:16:15,AAOI,106.25,-1.56,,6.25,5.0,0.0,AVG,0.0,0,,,5.0,0,,,5.0,AVG-0,0.0,0,,,5.0,0,,,5.0,0,0.0,0,,,5.0,0,,,5.0,1,0.0,0,,,5.0,0,,,5.0,0.0,0.0,0.0,0.0
2026-09-10 10:16:15,AAOI,106.25,-1.56,,4.0,3.0,0.0,AVG,0.0,0,,,3.0,0,,,3.0,AVG-0,0.0,0,,,3.0,0,,,3.0,0,0.0,0,,,3.0,0,,,3.0,1,0.0,0,,,3.0,0,,,3.0,0.0,0.0,0.0,0.0
2026-09-10 10:16:15,AAOI,106.25,-1.56,,2.75,2.5,0.0,AVG,0.0,0,,,2.5,0,,,2.5,AVG-0,0.0,0,,,2.5,0,,,2.5,0,0.0,0,,,2.5,0,,,2.5,1,0.0,0,,,2.5,0,,,2.5,0.0,0.0,0.0,0.0
2026-09-10 10:16:15,AAP,42.37,-2.33,,,90.0,0.0,AVG,0.0,592,,,90.0,592,,,90.0,AVG-0,0.0,592,,,90.0,592,,,90.0,0,0.0,0,,,90.0,0,,,90.0,1,0.0,0,,,90.0,0,,,90.0,0.0,0.0,0.0,0.0
2026-09-10 10:16:15,AAP,42.37,-2.33,,87.5,85.0,0.0,AVG,0.0,295,,,85.0,295,,,85.0,AVG-0,0.0,295,,,85.0,295,,,85.0,0,0.0,0,,,85.0,0,,,85.0,1,0.0,0,,,85.0,0,,,85.0,0.0,0.0,0.0,0.0
2026-09-10 10:16:15,AAP,42.37,-2.33,,82.5,80.0,0.0,AVG,0.0,659,,,80.0,659,,,80.0,AVG-0,0.0,659,,,80.0,659,,,80.0,0,0.0,0,,,80.0,0,,,80.0,1,0.0,0,,,80.0,0,,,80.0,0.0,0.0,0.0,0.0
2026-09-10 10:16:15,AAP,42.37,-2.33,,77.5,75.0,0.0,AVG,0.11369,955,,,75.0,955,,,75.0,AVG-0,0.11369,955,,,75.0,955,,,75.0,0,0.0,0,,,75.0,0,,,75.0,1,0.0,0,,,75.0,0,,,75.0,0.0,0.0,0.0,0.0
2026-09-10 10:16:15,AAP,42.37,-2.33,,73.75,72.5,0.0,AVG,0.0,15,,,72.5,15,,,72.5,AVG-0,0.0,15,,,72.5,15,,,72.5,0,0.0,0,,,72.5,0,,,72.5,1,0.0,0,,,72.5,0,,,72.5,0.0,0.0,0.0,0.0
2026-09-10 10:16:15,AAP,42.37,-2.33,,71.75,71.0,0.0,AVG,0.0,0,,,71.0,0,,,71.0,AVG-0,0.0,0,,,71.0,0,,,71.0,0,0.0,0,,,71.0,0,,,71.0,1,0.0,0,,,71.0,0,,,71.0,0.0,0.0,0.0,0.0
2026-09-10 10:16:15,AAP,42.37,-2.33,,70.5,70.0,0.0,AVG,0.08618,1724,,,70.0,1724,,,70.0,AVG-0,0.08618,1724,,,70.0,1724,,,70.0,0,0.0,0,,,70.0,0,,,70.0,1,0.0,0,,,70.0,0,,,70.0,0.0,0.0,0.0,0.0
2026-09-10 10:16:15,AAP,42.37,-2.33,,69.5,69.0,0.0,AVG,0.0,0,,,69.0,0,,,69.0,AVG-0,0.0,0,,,69.0,0,,,69.0,0,0.0,0,,,69.0,0,,,69.0,1,0.0,0,,,69.0,0,,,69.0,0.0,0.0,0.0,0.0
2026-09-10 10:16:15,AAP,42.37,-2.33,,68.5,68.0,0.0,AVG,0.0,0,,,68.0,0,,,68.0,AVG-0,0.0,0,,,68.0,0,,,68.0,0,0.0,0,,,68.0,0,,,68.0,1,0.0,0,,,68.0,0,,,68.0,0.0,0.0,0.0,0.0
2026-09-10 10:16:15,AAP,42.37,-2.33,,67.75,67.5,0.0,AVG,0.0,372,,,67.5,372,,,67.5,AVG-0,0.0,372,,,67.5,372,,,67.5,0,0.0,0,,,67.5,0,,,67.5,1,0.0,0,,,67.5,0,,,67.5,0.0,0.0,0.0,0.0
2026-09-10 10:16:15,AAP,42.37,-2.33,,67.25,67.0,0.0,AVG,0.0,0,,,67.0,0,,,67.0,AVG-0,0.0,0,,,67.0,0,,,67.0,0,0.0,0,,,67.0,0,,,67.0,1,0.0,0,,,67.0,0,,,67.0,0.0,0.0,0.0,0.0
2026-09-10 10:16:15,AAP,42.37,-2.33,,66.5,66.0,0.0,AVG,0.0,0,,,66.0,0,,,66.0,AVG-0,0.0,0,,,66.0,0,,,66.0,0,0.0,0,,,66.0,0,,,66.0,1,0.0,0,,,66.0,0,,,66.0,0.0,0.0,0.0,0.0
2026-09-10 10:16:15,AAP,42.37,-2.33,,65.5,65.0,0.0,AVG,0.0,663,,,65.0,663,,,65.0,AVG-0,0.0,663,,,65.0,663,,,65.0,0,0.0,0,,,65.0,0,,,65.0,1,0.0,0,,,65.0,0,,,65.0,0.0,0.0,0.0,0.0
2026-09-10 10:16:15,AAP,42.37,-2.33,,64.5,64.0,0.0,AVG,0.0,0,,,64.0,0,,,64.0,AVG-0,0.0,0,,,64.0,0,,,64.0,0,0.0,0,,,64.0,0,,,64.0,1,0.0,0,,,64.0,0,,,64.0,0.0,0.0,0.0,0.0
2026-09-10 10:16:15,AAP,42.37,-2.33,,63.5,63.0,0.0,AVG,0.0,0,,,63.0,0,,,63.0,AVG-0,0.0,0,,,63.0,0,,,63.0,0,0.0,0,,,63.0,0,,,63.0,1,0.0,0,,,63.0,0,,,63.0,0.0,0.0,0.0,0.0
2026-09-10 10:16:15,AAP,42.37,-2.33,,62.75,62.5,0.0,AVG,0.0,157,,,62.5,157,,,62.5,AVG-0,0.0,157,,,62.5,157,,,62.5,0,0.0,0,,,62.5,0,,,62.5,1,0.0,0,,,62.5,0,,,62.5,0.0,0.0,0.0,0.0
2026-09-10 10:16:15,AAP,42.37,-2.33,,62.25,62.0,0.0,AVG,0.0,0,,,62.0,0,,,62.0,AVG-0,0.0,0,,,62.0,0,,,62.0,0,0.0,0,,,62.0,0,,,62.0,1,0.0,0,,,62.0,0,,,62.0,0.0,0.0,0.0,0.0
2026-09-10 10:16:15,AAP,42.37,-2.33,,61.5,61.0,0.0,AVG,0.0,0,,,61.0,0,,,61.0,AVG-0,0.0,0,,,61.0,0,,,61.0,0,0.0,0,,,61.0,0,,,61.0,1,0.0,0,,,61.0,0,,,61.0,0.0,0.0,0.0,0.0
2026-09-10 10:16:15,AAP,42.37,-2.33,,60.5,60.0,0.0,AVG,8.6776,554,,,60.0,540,,,60.0,AVG-0,8.6776,554,,,60.0,540,,,60.0,0,0.0,0,,,60.0,0,,,60.0,1,0.0,0,,,60.0,0,,,60.0,0.0,0.0,0.0,0.0
2026-09-10 10:16:15,AAP,42.37,-2.33,,59.5,59.0,0.0,AVG,0.0,0,,,59.0,0,,,59.0,AVG-0,0.0,0,,,59.0,0,,,59.0,0,0.0,0,,,59.0,0,,,59.0,1,0.0,0,,,59.0,0,,,59.0,0.0,0.0,0.0,0.0
2026-09-10 10:16:15,AAP,42.37,-2.33,,58.5,58.0,0.0,AVG,0.0,0,,,58.0,0,,,58.0,AVG-0,0.0,0,,,58.0,0,,,58.0,0,0.0,0,,,58.0,0,,,58.0,1,0.0,0,,,58.0,0,,,58.0,0.0,0.0,0.0,0.0
2026-09-10 10:16:15,AAP,42.37,-2.33,,57.75,57.5,0.0,AVG,0.0,93,,,57.5,93,,,57.5,AVG-0,0.0,93,,,57.5,93,,,57.5,0,0.0,0,,,57.5,0,,,57.5,1,0.0,0,,,57.5,0,,,57.5,0.0,0.0,0.0,0.0
2026-09-10 10:16:15,AAP,42.37,-2.33,,57.25,57.0,0.0,AVG,0.0,1,,,57.0,1,,,57.0,AVG-0,0.0,1,,,57.0,1,,,57.0,0,0.0,0,,,57.0,0,,,57.0,1,0.0,0,,,57.0,0,,,57.0,0.0,0.0,0.0,0.0
2026-09-10 10:16:15,AAP,42.37,-2.33,,56.5,56.0,0.0,AVG,0.0,1,,,56.0,1,,,56.0,AVG-0,0.0,1,,,56.0,1,,,56.0,0,0.0,0,,,56.0,0,,,56.0,1,0.0,0,,,56.0,0,,,56.0,0.0,0.0,0.0,0.0
2026-09-10 10:16:15,AAP,42.37,-2.33,,55.5,55.0,0.0,AVG,0.0,1054,,,55.0,1054,,,55.0,AVG-0,0.0,1054,,,55.0,1054,,,55.0,0,0.0,0,,,55.0,0,,,55.0,1,0.0,1,,,55.0,1,,,55.0,0.0,0.0,0.0,0.0
2026-09-10 10:16:15,AAP,42.37,-2.33,,54.5,54.0,0.0,AVG,0.0,1,,,54.0,1,,,54.0,AVG-0,0.0,1,,,54.0,1,,,54.0,0,0.0,0,,,54.0,0,,,54.0,1,0.0,0,,,54.0,0,,,54.0,0.0,0.0,0.0,0.0
2026-09-10 10:16:15,AAP,42.37,-2.33,,53.5,53.0,0.0,AVG,0.0,-18,,,53.0,-18,,,53.0,AVG-0,0.0,-18,,,53.0,-18,,,53.0,0,0.0,0,,,53.0,0,,,53.0,1,0.0,1,,,53.0,1,,,53.0,0.0,0.0,0.0,0.0
2026-09-10 10:16:15,AAP,42.37,-2.33,,52.75,52.5,0.0,AVG,0.0,12,,,52.5,12,,,52.5,AVG-0,0.0,12,,,52.5,12,,,52.5,0,0.0,0,,,52.5,0,,,52.5,1,0.0,-20,,,52.5,-20,,,52.5,0.0,0.0,0.0,0.0
2026-09-10 10:16:15,AAP,42.37,-2.33,,52.25,52.0,0.0,AVG,0.0,-1,,,52.0,-1,,,52.0,AVG-0,0.0,-1,,,52.0,-1,,,52.0,0,0.0,0,,,52.0,0,,,52.0,1,0.0,0,,,52.0,0,,,52.0,0.0,0.0,0.0,0.0
2026-09-10 10:16:15,AAP,42.37,-2.33,,51.5,51.0,0.0,AVG,0.0,1864,,,51.0,1864,,,51.0,AVG-0,0.0,1864,,,51.0,1864,,,51.0,0,0.0,0,,,51.0,0,,,51.0,1,0.0,1,,,51.0,1,,,51.0,0.0,0.0,0.0,0.0
2026-09-10 10:16:15,AAP,42.37,-2.33,,50.5,50.0,0.0,AVG,0.0,6574,,2.0,50.0,6574,,2.0,50.0,AVG-0,0.0,6574,,2.0,50.0,6574,,2.0,50.0,0,0.0,0,,,50.0,0,,,50.0,1,0.0,3117,+,1.0,50.0,3117,+,1.0,50.0,0.0,0.0,0.0,0.0
2026-09-10 10:16:15,AAP,42.37,-2.33,,49.75,49.5,0.0,AVG,0.0,0,,,49.5,0,,,49.5,AVG-0,0.0,0,,,49.5,0,,,49.5,0,0.0,0,,,49.5,0,,,49.5,1,0.0,0,*,,49.5,0,*,,49.5,0.0,0.0,0.0,0.0
2026-09-10 10:16:15,AAP,42.37,-2.33,,49.25,49.0,0.0,AVG,0.0,305,,,49.0,305,,,49.0,AVG-0,0.0,305,,,49.0,305,,,49.0,0,0.0,0,,,49.0,0,,,49.0,1,0.0,100,*,,49.0,100,*,,49.0,0.0,0.0,0.0,0.0
2026-09-10 10:16:15,AAP,42.37,-2.33,,48.75,48.5,0.0,AVG,0.0,21,,,48.5,21,,,48.5,AVG-0,0.0,21,,,48.5,21,,,48.5,0,0.0,0,,,48.5,0,,,48.5,1,0.0,21,*,,48.5,21,*,,48.5,0.0,0.0,0.0,0.0
2026-09-10 10:16:15,AAP,42.37,-2.33,,48.25,48.0,0.0,AVG,0.18892,309,,,48.0,306,,,48.0,AVG-0,0.18892,309,,,48.0,306,,,48.0,0,0.0,0,,,48.0,0,,,48.0,1,0.18892,32,*,,48.0,29,*,,48.0,0.0,0.0,0.0,0.0
2026-09-10 10:16:15,AAP,42.37,-2.33,,47.75,47.5,0.0,AVG,0.0,816,,,47.5,816,,,47.5,AVG-0,0.0,816,,,47.5,816,,,47.5,0,0.0,0,,,47.5,0,,,47.5,1,0.0,158,*,,47.5,158,*,,47.5,0.0,0.0,0.0,0.0
2026-09-10 10:16:15,AAP,42.37,-2.33,,47.25,47.0,0.0,AVG,0.0,281,,,47.0,281,,,47.0,AVG-0,0.0,282,,,47.0,282,,,47.0,0,0.0,-1,,,47.0,-1,,,47.0,1,0.0,231,*,,47.0,231,*,,47.0,0.0,0.0,0.0,0.0
2026-09-10 10:16:15,AAP,42.37,-2.33,,46.75,46.5,0.0,AVG,-1.0,79,,,46.5,79,,,46.5,AVG-0,0.0,81,,,46.5,81,,,46.5,0,-1.0,-2,,,N/N,-2,,,N/N,1,0.0,81,*,,46.5,81,*,,46.5,0.0,0.0,0.0,0.0
2026-09-10 10:16:15,AAP,42.37,-2.33,,46.25,46.0,0.0,AVG,-0.99642,478,,,46.0,478,,,46.0,AVG-0,0.0,410,,,46.0,410,,,46.0,0,-0.99642,68,,,46.0,68,,,46.0,1,0.0,434,*,,46.0,434,*,,46.0,0.0,0.0,0.0,0.0
2026-09-10 10:16:15,AAP,42.37,-2.33,,45.75,45.5,0.0,AVG,0.0,196,,,45.5,196,,,45.5,AVG-0,0.0,39,,,45.5,39,,,45.5,0,0.0,157,,,45.5,157,,,45.5,1,0.0,39,*,,45.5,39,*,,45.5,0.0,0.0,0.0,0.0
2026-09-10 10:16:15,AAP,42.37,-2.33,,45.25,45.0,0.0,AVG,23.11183,13217,+,1.0,45.0,13063,+,1.0,45.0,AVG-0,23.11183,12260,+,1.0,45.0,12106,+,1.0,45.0,0,0.0,957,+,4.0,45.0,957,+,4.0,45.0,1,2.6726,3113,*,2.0,45.0,3072,*,2.0,45.0,0.0,0.0,0.0,0.0
2026-09-10 10:16:15,AAP,42.37,-2.33,,44.75,44.5,0.0,AVG,0.0,1100,*,,44.5,1100,*,,44.5,AVG-0,0.0,350,M,,44.5,350,M,,44.5,0,0.0,750,*,,44.5,750,*,,44.5,1,0.0,350,M,,44.5,350,M,,44.5,0.0,0.0,0.0,0.0
2026-09-10 10:16:15,AAP,42.37,-2.33,,44.25,44.0,0.0,AVG,-1.19896,2036,M,,44.0,2044,M,,44.0,AVG-0,0.4265,1174,*,,44.0,1170,*,,44.0,0,-1.62546,862,*,,44.0,874,*,,44.0,1,0.0,1029,*,,44.0,1029,*,,44.0,0.0,0.0,0.0,0.0
2026-09-10 10:16:15,AAP,42.37,-2.33,,43.75,43.5,0.0,AVG,0.5919700000000001,1234,*,,43.5,1227,*,,43.5,AVG-0,1.30041,408,*,,43.5,392,*,,43.5,0,-0.70844,826,*,,43.5,835,*,,43.5,1,1.30041,408,*,,43.5,392,*,,43.5,0.0,0.0,0.0,0.0
2026-09-10 10:16:15,AAP,42.37,-2.33,,43.25,43.0,0.0,AVG,14.54912,1887,*,,43.0,1600,*,,43.0,AVG-0,7.8352,2485,*,,43.0,2398,*,,43.0,0,6.71392,-598,*,,43.0,-798,*,,43.0,1,7.8352,22,*,,43.0,-65,*,,43.0,0.0,0.0,0.0,0.0
2026-09-10 10:16:15,AAP,42.37,-2.33,CURR,42.75,42.5,0.0,AVG,-0.89604,-3699,*,,N/N,-3671,*,,N/N,AVG-0,0.0,-2384,*,,42.5,-2384,*,,42.5,0,-0.89604,-1315,*,3.0,N/N,-1287,*,3.0,N/N,1,0.0,-1869,*,4.0,42.5,-1869,*,4.0,42.5,0.0,0.0,0.0,0.0
2026-09-10 10:16:15,AAP,42.37,-2.33,,42.25,42.0,0.0,AVG,-3.5650200000000005,-5135,*,5.0,N/N,-4996,*,5.0,N/N,AVG-0,-0.40702,-676,*,,N/N,-672,*,,N/N,0,-3.1580000000000004,-4459,M-,1.0,N/N,-4324,M-,1.0,N/N,1,0.0,-147,*,,42.0,-147,*,,42.0,0.0,0.0,0.0,0.0
2026-09-10 10:16:15,AAP,42.37,-2.33,,41.75,41.5,0.0,AVG,-3.92151,-1769,*,,N/N,-1685,*,,N/N,AVG-0,-3.3102,-68,*,,N/N,-16,*,,N/N,0,-0.61131,-1701,,2.0,N/N,-1669,,2.0,N/N,1,-3.3102,-68,*,,N/N,-16,*,,N/N,0.0,0.0,0.0,0.0
2026-09-10 10:16:15,AAP,42.37,-2.33,,41.25,41.0,0.0,AVG,-0.267,-1749,*,,N/N,-1745,*,,N/N,AVG-0,-0.267,-805,*,,N/N,-801,*,,N/N,0,0.0,-944,,5.0,41.0,-944,,5.0,41.0,1,-0.267,-156,*,,N/N,-152,*,,N/N,0.0,0.0,0.0,0.0
2026-09-10 10:16:15,AAP,42.37,-2.33,,40.75,40.5,0.0,AVG,0.0,-294,*,,40.5,-294,*,,40.5,AVG-0,0.0,0,*,,40.5,0,*,,40.5,0,0.0,-294,,,40.5,-294,,,40.5,1,0.0,0,*,,40.5,0,*,,40.5,0.0,0.0,0.0,0.0
2026-09-10 10:16:15,AAP,42.37,-2.33,,40.25,40.0,0.0,AVG,1.0947,-5550,-,3.0,40.0,-5548,-,3.0,40.0,AVG-0,1.0947,-5275,*,4.0,40.0,-5273,*,4.0,40.0,0,0.0,-275,,,40.0,-275,,,40.0,1,-0.3337,-1529,*,5.0,N/N,-1522,*,5.0,N/N,0.0,0.0,0.0,0.0
2026-09-10 10:16:15,AAP,42.37,-2.33,,39.75,39.5,0.0,AVG,0.0,-7,,,39.5,-7,,,39.5,AVG-0,0.0,0,*,,39.5,0,*,,39.5,0,0.0,-7,,,39.5,-7,,,39.5,1,0.0,0,*,,39.5,0,*,,39.5,0.0,0.0,0.0,0.0
2026-09-10 10:16:15,AAP,42.37,-2.33,,39.25,39.0,0.0,AVG,0.0,-314,,,39.0,-314,,,39.0,AVG-0,0.0,-307,*,,39.0,-307,*,,39.0,0,0.0,-7,,,39.0,-7,,,39.0,1,0.0,-239,*,,39.0,-239,*,,39.0,0.0,0.0,0.0,0.0
2026-09-10 10:16:15,AAP,42.37,-2.33,,38.75,38.5,0.0,AVG,0.0,0,,,38.5,0,,,38.5,AVG-0,0.0,0,*,,38.5,0,*,,38.5,0,0.0,0,,,38.5,0,,,38.5,1,0.0,0,*,,38.5,0,*,,38.5,0.0,0.0,0.0,0.0
2026-09-10 10:16:15,AAP,42.37,-2.33,,38.25,38.0,0.0,AVG,0.0,-105,,,38.0,-105,,,38.0,AVG-0,0.0,-104,*,,38.0,-104,*,,38.0,0,0.0,-1,,,38.0,-1,,,38.0,1,0.0,-47,*,,38.0,-47,*,,38.0,0.0,0.0,0.0,0.0
2026-09-10 10:16:15,AAP,42.37,-2.33,,37.75,37.5,0.0,AVG,0.0,-5351,,4.0,37.5,-5351,,4.0,37.5,AVG-0,0.0,-5351,-,3.0,37.5,-5351,-,3.0,37.5,0,0.0,0,,,37.5,0,,,37.5,1,0.0,-2404,-,3.0,37.5,-2404,-,3.0,37.5,0.0,0.0,0.0,0.0
2026-09-10 10:16:15,AAP,42.37,-2.33,,37.25,37.0,0.0,AVG,0.0,-86,,,37.0,-86,,,37.0,AVG-0,0.0,-86,,,37.0,-86,,,37.0,0,0.0,0,,,37.0,0,,,37.0,1,0.0,-4,,,37.0,-4,,,37.0,0.0,0.0,0.0,0.0
2026-09-10 10:16:15,AAP,42.37,-2.33,,36.75,36.5,0.0,AVG,0.0,0,,,36.5,0,,,36.5,AVG-0,0.0,0,,,36.5,0,,,36.5,0,0.0,0,,,36.5,0,,,36.5,1,0.0,0,,,36.5,0,,,36.5,0.0,0.0,0.0,0.0
2026-09-10 10:16:15,AAP,42.37,-2.33,,36.25,36.0,0.0,AVG,0.0,-47,,,36.0,-47,,,36.0,AVG-0,0.0,-47,,,36.0,-47,,,36.0,0,0.0,0,,,36.0,0,,,36.0,1,0.0,0,,,36.0,0,,,36.0,0.0,0.0,0.0,0.0
2026-09-10 10:16:15,AAP,42.37,-2.33,,35.75,35.5,0.0,AVG,0.0,0,,,35.5,0,,,35.5,AVG-0,0.0,0,,,35.5,0,,,35.5,0,0.0,0,,,35.5,0,,,35.5,1,0.0,0,,,35.5,0,,,35.5,0.0,0.0,0.0,0.0
2026-09-10 10:16:15,AAP,42.37,-2.33,,35.25,35.0,0.0,AVG,0.0,-2776,,,35.0,-2776,,,35.0,AVG-0,0.0,-2776,,5.0,35.0,-2776,,5.0,35.0,0,0.0,0,,,35.0,0,,,35.0,1,0.0,-37,,,35.0,-37,,,35.0,0.0,0.0,0.0,0.0
2026-09-10 10:16:15,AAP,42.37,-2.33,,34.5,34.0,0.0,AVG,0.0,-3,,,34.0,-3,,,34.0,AVG-0,0.0,-3,,,34.0,-3,,,34.0,0,0.0,0,,,34.0,0,,,34.0,1,0.0,0,,,34.0,0,,,34.0,0.0,0.0,0.0,0.0
2026-09-10 10:16:15,AAP,42.37,-2.33,,33.5,33.0,0.0,AVG,0.0,0,,,33.0,0,,,33.0,AVG-0,0.0,0,,,33.0,0,,,33.0,0,0.0,0,,,33.0,0,,,33.0,1,0.0,0,,,33.0,0,,,33.0,0.0,0.0,0.0,0.0
2026-09-10 10:16:15,AAP,42.37,-2.33,,32.75,32.5,0.0,AVG,0.0,-855,,,32.5,-855,,,32.5,AVG-0,0.0,-855,,,32.5,-855,,,32.5,0,0.0,0,,,32.5,0,,,32.5,1,0.0,-1,,,32.5,-1,,,32.5,0.0,0.0,0.0,0.0
2026-09-10 10:16:15,AAP,42.37,-2.33,,32.25,32.0,0.0,AVG,0.0,0,,,32.0,0,,,32.0,AVG-0,0.0,0,,,32.0,0,,,32.0,0,0.0,0,,,32.0,0,,,32.0,1,0.0,0,,,32.0,0,,,32.0,0.0,0.0,0.0,0.0
2026-09-10 10:16:15,AAP,42.37,-2.33,,31.5,31.0,0.0,AVG,0.0,0,,,31.0,0,,,31.0,AVG-0,0.0,0,,,31.0,0,,,31.0,0,0.0,0,,,31.0,0,,,31.0,1,0.0,0,,,31.0,0,,,31.0,0.0,0.0,0.0,0.0
2026-09-10 10:16:15,AAP,42.37,-2.33,,30.5,30.0,0.0,AVG,-0.08785,-830,,,N/N,-829,,,N/N,AVG-0,-0.08785,-830,,,N/N,-829,,,N/N,0,0.0,0,,,30.0,0,,,30.0,1,0.0,0,,,30.0,0,,,30.0,0.0,0.0,0.0,0.0
2026-09-10 10:16:15,AAP,42.37,-2.33,,29.5,29.0,0.0,AVG,0.0,0,,,29.0,0,,,29.0,AVG-0,0.0,0,,,29.0,0,,,29.0,0,0.0,0,,,29.0,0,,,29.0,1,0.0,0,,,29.0,0,,,29.0,0.0,0.0,0.0,0.0
2026-09-10 10:16:15,AAP,42.37,-2.33,,28.5,28.0,0.0,AVG,0.0,0,,,28.0,0,,,28.0,AVG-0,0.0,0,,,28.0,0,,,28.0,0,0.0,0,,,28.0,0,,,28.0,1,0.0,0,,,28.0,0,,,28.0,0.0,0.0,0.0,0.0
2026-09-10 10:16:15,AAP,42.37,-2.33,,27.75,27.5,0.0,AVG,0.0,-624,,,27.5,-624,,,27.5,AVG-0,0.0,-624,,,27.5,-624,,,27.5,0,0.0,0,,,27.5,0,,,27.5,1,0.0,0,,,27.5,0,,,27.5,0.0,0.0,0.0,0.0
2026-09-10 10:16:15,AAP,42.37,-2.33,,27.25,27.0,0.0,AVG,0.0,0,,,27.0,0,,,27.0,AVG-0,0.0,0,,,27.0,0,,,27.0,0,0.0,0,,,27.0,0,,,27.0,1,0.0,0,,,27.0,0,,,27.0,0.0,0.0,0.0,0.0
2026-09-10 10:16:15,AAP,42.37,-2.33,,26.5,26.0,0.0,AVG,0.0,0,,,26.0,0,,,26.0,AVG-0,0.0,0,,,26.0,0,,,26.0,0,0.0,0,,,26.0,0,,,26.0,1,0.0,0,,,26.0,0,,,26.0,0.0,0.0,0.0,0.0
2026-09-10 10:16:15,AAP,42.37,-2.33,,25.5,25.0,0.0,AVG,0.0,-120,,,25.0,-120,,,25.0,AVG-0,0.0,-120,,,25.0,-120,,,25.0,0,0.0,0,,,25.0,0,,,25.0,1,0.0,0,,,25.0,0,,,25.0,0.0,0.0,0.0,0.0
2026-09-10 10:16:15,AAP,42.37,-2.33,,24.5,24.0,0.0,AVG,0.0,0,,,24.0,0,,,24.0,AVG-0,0.0,0,,,24.0,0,,,24.0,0,0.0,0,,,24.0,0,,,24.0,1,0.0,0,,,24.0,0,,,24.0,0.0,0.0,0.0,0.0
2026-09-10 10:16:15,AAP,42.37,-2.33,,23.5,23.0,0.0,AVG,0.0,0,,,23.0,0,,,23.0,AVG-0,0.0,0,,,23.0,0,,,23.0,0,0.0,0,,,23.0,0,,,23.0,1,0.0,0,,,23.0,0,,,23.0,0.0,0.0,0.0,0.0
2026-09-10 10:16:15,AAP,42.37,-2.33,,22.75,22.5,0.0,AVG,0.0,-25,,,22.5,-25,,,22.5,AVG-0,0.0,-25,,,22.5,-25,,,22.5,0,0.0,0,,,22.5,0,,,22.5,1,0.0,0,,,22.5,0,,,22.5,0.0,0.0,0.0,0.0
2026-09-10 10:16:15,AAP,42.37,-2.33,,22.25,22.0,0.0,AVG,0.0,0,,,22.0,0,,,22.0,AVG-0,0.0,0,,,22.0,0,,,22.0,0,0.0,0,,,22.0,0,,,22.0,1,0.0,0,,,22.0,0,,,22.0,0.0,0.0,0.0,0.0
2026-09-10 10:16:15,AAP,42.37,-2.33,,21.5,21.0,0.0,AVG,0.0,0,,,21.0,0,,,21.0,AVG-0,0.0,0,,,21.0,0,,,21.0,0,0.0,0,,,21.0,0,,,21.0,1,0.0,0,,,21.0,0,,,21.0,0.0,0.0,0.0,0.0
2026-09-10 10:16:15,AAP,42.37,-2.33,,20.5,20.0,0.0,AVG,0.0,-30,,,20.0,-30,,,20.0,AVG-0,0.0,-30,,,20.0,-30,,,20.0,0,0.0,0,,,20.0,0,,,20.0,1,0.0,0,,,20.0,0,,,20.0,0.0,0.0,0.0,0.0
2026-09-10 10:16:15,AAP,42.37,-2.33,,18.75,17.5,0.0,AVG,0.0,-1,,,17.5,-1,,,17.5,AVG-0,0.0,-1,,,17.5,-1,,,17.5,0,0.0,0,,,17.5,0,,,17.5,1,0.0,0,,,17.5,0,,,17.5,0.0,0.0,0.0,0.0
2026-09-10 10:16:15,AAPL,318.66,1.05,,,600.0,0.0,AVG,22.30884,3146,,,600.0,3083,,,600.0,AVG-0,22.30884,3146,,,600.0,3083,,,600.0,0,0.0,0,,,600.0,0,,,600.0,1,0.0,0,,,600.0,0,,,600.0,0.0,0.0,0.0,0.0
2026-09-10 10:16:15,AAPL,318.66,1.05,,595.0,590.0,0.0,AVG,0.08155,319,,,590.0,318,,,590.0,AVG-0,0.08155,319,,,590.0,318,,,590.0,0,0.0,0,,,590.0,0,,,590.0,1,0.0,0,,,590.0,0,,,590.0,0.0,0.0,0.0,0.0
2026-09-10 10:16:15,AAPL,318.66,1.05,,585.0,580.0,0.0,AVG,0.0,136,,,580.0,136,,,580.0,AVG-0,0.0,136,,,580.0,136,,,580.0,0,0.0,0,,,580.0,0,,,580.0,1,0.0,0,,,580.0,0,,,580.0,0.0,0.0,0.0,0.0
2026-09-10 10:16:15,AAPL,318.66,1.05,,575.0,570.0,0.0,AVG,0.23034,125,,,570.0,124,,,570.0,AVG-0,0.23034,125,,,570.0,124,,,570.0,0,0.0,0,,,570.0,0,,,570.0,1,0.0,0,,,570.0,0,,,570.0,0.0,0.0,0.0,0.0
2026-09-10 10:16:15,AAPL,318.66,1.05,,565.0,560.0,0.0,AVG,0.0,266,,,560.0,266,,,560.0,AVG-0,0.0,266,,,560.0,266,,,560.0,0,0.0,0,,,560.0,0,,,560.0,1,0.0,0,,,560.0,0,,,560.0,0.0,0.0,0.0,0.0
2026-09-10 10:16:15,AAPL,318.66,1.05,,555.0,550.0,0.0,AVG,10.2488,2052,,,550.0,2005,,,550.0,AVG-0,10.2488,2052,,,550.0,2005,,,550.0,0,0.0,0,,,550.0,0,,,550.0,1,0.0,0,,,550.0,0,,,550.0,0.0,0.0,0.0,0.0
2026-09-10 10:16:15,AAPL,318.66,1.05,,545.0,540.0,0.0,AVG,0.6074499999999999,309,,,540.0,306,,,540.0,AVG-0,0.6074499999999999,309,,,540.0,306,,,540.0,0,0.0,0,,,540.0,0,,,540.0,1,0.0,0,,,540.0,0,,,540.0,0.0,0.0,0.0,0.0
2026-09-10 10:16:15,AAPL,318.66,1.05,,535.0,530.0,0.0,AVG,0.00381,2604,,,530.0,2604,,,530.0,AVG-0,0.00381,2604,,,530.0,2604,,,530.0,0,0.0,0,,,530.0,0,,,530.0,1,0.0,0,,,530.0,0,,,530.0,0.0,0.0,0.0,0.0
2026-09-10 10:16:15,AAPL,318.66,1.05,,525.0,520.0,0.0,AVG,0.00838,1837,,,520.0,1837,,,520.0,AVG-0,0.00838,1837,,,520.0,1837,,,520.0,0,0.0,0,,,520.0,0,,,520.0,1,0.0,0,,,520.0,0,,,520.0,0.0,0.0,0.0,0.0
2026-09-10 10:16:15,AAPL,318.66,1.05,,515.0,510.0,0.0,AVG,0.12157,1372,,,510.0,1371,,,510.0,AVG-0,0.12157,1372,,,510.0,1371,,,510.0,0,0.0,0,,,510.0,0,,,510.0,1,0.0,0,,,510.0,0,,,510.0,0.0,0.0,0.0,0.0
2026-09-10 10:16:15,AAPL,318.66,1.05,,505.0,500.0,0.0,AVG,30.57424,6623,,,500.0,6544,,,500.0,AVG-0,30.57424,6623,,,500.0,6544,,,500.0,0,0.0,0,,,500.0,0,,,500.0,1,0.0,0,,,500.0,0,,,500.0,0.0,0.0,0.0,0.0
2026-09-10 10:16:15,AAPL,318.66,1.05,,495.0,490.0,0.0,AVG,1.7848800000000002,1011,,,490.0,1004,,,490.0,AVG-0,1.7848800000000002,1011,,,490.0,1004,,,490.0,0,0.0,0,,,490.0,0,,,490.0,1,0.0,0,,,490.0,0,,,490.0,0.0,0.0,0.0,0.0
2026-09-10 10:16:15,AAPL,318.66,1.05,,485.0,480.0,0.0,AVG,0.08363,1936,,,480.0,1934,,,480.0,AVG-0,0.08363,1936,,,480.0,1934,,,480.0,0,0.0,0,,,480.0,0,,,480.0,1,0.0,0,,,480.0,0,,,480.0,0.0,0.0,0.0,0.0
2026-09-10 10:16:15,AAPL,318.66,1.05,,475.0,470.0,0.0,AVG,3.53061,2702,,,470.0,2681,,,470.0,AVG-0,3.53061,2702,,,470.0,2681,,,470.0,0,0.0,0,,,470.0,0,,,470.0,1,0.0,0,,,470.0,0,,,470.0,0.0,0.0,0.0,0.0
2026-09-10 10:16:15,AAPL,318.66,1.05,,465.0,460.0,0.0,AVG,20.0696,2620,,,460.0,2476,,,460.0,AVG-0,20.0696,2620,,,460.0,2476,,,460.0,0,0.0,0,,,460.0,0,,,460.0,1,0.0,0,,,460.0,0,,,460.0,0.0,0.0,0.0,0.0
2026-09-10 10:16:15,AAPL,318.66,1.05,,455.0,450.0,0.0,AVG,7.78407,21666,,,450.0,21598,,,450.0,AVG-0,7.78407,21666,,,450.0,21598,,,450.0,0,0.0,0,,,450.0,0,,,450.0,1,0.0,0,,,450.0,0,,,450.0,0.0,0.0,0.0,0.0
2026-09-10 10:16:15,AAPL,318.66,1.05,,445.0,440.0,0.0,AVG,4.16541,13433,,,440.0,13396,,,440.0,AVG-0,4.16541,13433,,,440.0,13396,,,440.0,0,0.0,0,,,440.0,0,,,440.0,1,0.0,0,,,440.0,0,,,440.0,0.0,0.0,0.0,0.0
2026-09-10 10:16:15,AAPL,318.66,1.05,,437.5,435.0,0.0,AVG,0.0,342,,,435.0,342,,,435.0,AVG-0,0.0,342,,,435.0,342,,,435.0,0,0.0,0,,,435.0,0,,,435.0,1,0.0,0,,,435.0,0,,,435.0,0.0,0.0,0.0,0.0
2026-09-10 10:16:15,AAPL,318.66,1.05,,432.5,430.0,0.0,AVG,16.61189,8912,,,430.0,8793,,,430.0,AVG-0,16.61189,8912,,,430.0,8793,,,430.0,0,0.0,0,,,430.0,0,,,430.0,1,0.0,0,,,430.0,0,,,430.0,0.0,0.0,0.0,0.0
2026-09-10 10:16:15,AAPL,318.66,1.05,,427.5,425.0,0.0,AVG,0.0,368,,,425.0,368,,,425.0,AVG-0,0.0,368,,,425.0,368,,,425.0,0,0.0,0,,,425.0,0,,,425.0,1,0.0,0,,,425.0,0,,,425.0,0.0,0.0,0.0,0.0
2026-09-10 10:16:15,AAPL,318.66,1.05,,422.5,420.0,0.0,AVG,7.498729999999999,16018,,,420.0,15955,,,420.0,AVG-0,7.498729999999999,16018,,,420.0,15955,,,420.0,0,0.0,0,,,420.0,0,,,420.0,1,0.0,0,,,420.0,0,,,420.0,0.0,0.0,0.0,0.0
2026-09-10 10:16:15,AAPL,318.66,1.05,,417.5,415.0,0.0,AVG,0.48448,217,,,415.0,216,,,415.0,AVG-0,0.48448,217,,,415.0,216,,,415.0,0,0.0,0,,,415.0,0,,,415.0,1,0.0,0,,,415.0,0,,,415.0,0.0,0.0,0.0,0.0
2026-09-10 10:16:15,AAPL,318.66,1.05,,412.5,410.0,0.0,AVG,2.77494,13722,,,410.0,13696,,,410.0,AVG-0,2.3974800000000003,13722,,,410.0,13696,,,410.0,0,0.3774599999999999,0,,,410.0,0,,,410.0,1,0.0,0,,,410.0,0,,,410.0,0.0,0.0,0.0,0.0
2026-09-10 10:16:15,AAPL,318.66,1.05,,407.5,405.0,0.0,AVG,0.0,649,,,405.0,649,,,405.0,AVG-0,0.0,649,,,405.0,649,,,405.0,0,0.0,0,,,405.0,0,,,405.0,1,0.0,0,,,405.0,0,,,405.0,0.0,0.0,0.0,0.0
2026-09-10 10:16:15,AAPL,318.66,1.05,,402.5,400.0,0.0,AVG,66.24767,75057,,,400.0,74405,,,400.0,AVG-0,66.24767,75057,,,400.0,74405,,,400.0,0,0.0,0,,,400.0,0,,,400.0,1,0.0,0,,,400.0,0,,,400.0,0.0,0.0,0.0,0.0
2026-09-10 10:16:15,AAPL,318.66,1.05,,397.5,395.0,0.0,AVG,4.09021,4181,,,395.0,4121,,,395.0,AVG-0,4.09021,4181,,,395.0,4121,,,395.0,0,0.0,0,,,395.0,0,,,395.0,1,0.0,0,,,395.0,0,,,395.0,0.0,0.0,0.0,0.0
2026-09-10 10:16:15,AAPL,318.66,1.05,,392.5,390.0,0.0,AVG,3.87777,28074,,,390.0,28038,,,390.0,AVG-0,3.87777,28074,,,390.0,28038,,,390.0,0,0.0,0,,,390.0,0,,,390.0,1,0.0,0,,,390.0,0,,,390.0,0.0,0.0,0.0,0.0
2026-09-10 10:16:15,AAPL,318.66,1.05,,387.5,385.0,0.0,AVG,6.40675,4922,,,385.0,4836,,,385.0,AVG-0,6.40675,4922,,,385.0,4836,,,385.0,0,0.0,0,,,385.0,0,,,385.0,1,0.0,0,,,385.0,0,,,385.0,0.0,0.0,0.0,0.0
2026-09-10 10:16:15,AAPL,318.66,1.05,,382.5,380.0,0.0,AVG,798.59828,65020,,,380.0,56968,,,380.0,AVG-0,798.59608,65020,,,380.0,56968,,,380.0,0,0.0022,0,,,380.0,0,,,380.0,1,0.0,0,,,380.0,0,,,380.0,0.0,0.0,0.0,0.0
2026-09-10 10:16:15,AAPL,318.66,1.05,,377.5,375.0,0.0,AVG,10.12913,15514,,,375.0,15368,,,375.0,AVG-0,10.00511,15514,,,375.0,15368,,,375.0,0,0.12402,0,,,375.0,0,,,375.0,1,0.00117,0,,,375.0,0,,,375.0,0.0,0.0,0.0,0.0
2026-09-10 10:16:15,AAPL,318.66,1.05,,372.5,370.0,0.0,AVG,87.68845,76744,,,370.0,76187,,,370.0,AVG-0,87.6847,76744,,,370.0,76187,,,370.0,0,0.00375,0,,,370.0,0,,,370.0,1,0.00252,0,,,370.0,0,,,370.0,0.0,0.0,0.0,0.0
2026-09-10 10:16:15,AAPL,318.66,1.05,,367.5,365.0,0.0,AVG,30.55999,31890,,,365.0,31492,,,365.0,AVG-0,30.54911,31890,,,365.0,31492,,,365.0,0,0.01088,0,,,365.0,0,,,365.0,1,0.0,0,,,365.0,0,,,365.0,0.0,0.0,0.0,0.0
2026-09-10 10:16:15,AAPL,318.66,1.05,,362.5,360.0,0.0,AVG,1933.71376,276744,,,360.0,257580,,,360.0,AVG-0,1933.51544,276744,,,360.0,257580,,,360.0,0,0.19832,0,,,360.0,0,,,360.0,1,0.4921,2,,,360.0,1,,,360.0,0.0,0.0,0.0,0.0
2026-09-10 10:16:15,AAPL,318.66,1.05,,357.5,355.0,0.0,AVG,98.26942,68380,,,355.0,66958,,,355.0,AVG-0,97.89714,68380,,,355.0,66958,,,355.0,0,0.37228,0,,,355.0,0,,,355.0,1,0.0429,5,,,355.0,4,,,355.0,0.0,0.0,0.0,0.0
2026-09-10 10:16:15,AAPL,318.66,1.05,,353.75,352.5,0.0,AVG,0.2141999999999999,6,,,352.5,0,,,352.5,AVG-0,0.2141999999999999,6,,,352.5,0,,,352.5,0,0.0,0,,,352.5,0,,,352.5,1,0.0,0,,,352.5,0,,,352.5,0.0,0.0,0.0,0.0
2026-09-10 10:16:15,AAPL,318.66,1.05,,351.25,350.0,0.0,AVG,1504.91451,356835,,5.0,350.0,341965,,4.0,350.0,AVG-0,1499.19419,356835,,4.0,350.0,341965,,4.0,350.0,0,5.72032,0,,,350.0,0,,,350.0,1,7.054830000000001,157,,,350.0,90,,,350.0,0.0,0.0,0.0,0.0
2026-09-10 10:16:15,AAPL,318.66,1.05,,348.75,347.5,0.0,AVG,6.48828,186,,,347.5,0,,,347.5,AVG-0,6.48828,186,,,347.5,0,,,347.5,0,0.0,0,,,347.5,0,,,347.5,1,0.0492,1,,,347.5,0,,,347.5,0.0,0.0,0.0,0.0
2026-09-10 10:16:15,AAPL,318.66,1.05,,346.25,345.0,0.0,AVG,432.84285,186747,,,345.0,179195,,,345.0,AVG-0,419.28643,186746,,,345.0,179194,,,345.0,0,13.55642,1,,,345.0,1,,,345.0,1,4.29652,336,,,345.0,252,,,345.0,0.0,0.0,0.0,0.0
2026-09-10 10:16:15,AAPL,318.66,1.05,,343.75,342.5,0.0,AVG,26.40461,374,,,342.5,5,,,342.5,AVG-0,10.57776,368,,,342.5,0,,,342.5,0,15.82685,6,,,342.5,5,,,342.5,1,0.60605,16,,,342.5,0,,,342.5,0.0,0.0,0.0,0.0
2026-09-10 10:16:15,AAPL,318.66,1.05,,341.25,340.0,0.0,AVG,964.35947,307590,,,340.0,289651,,5.0,340.0,AVG-0,886.69948,307481,,5.0,340.0,289576,,5.0,340.0,0,77.65999000000001,109,,,340.0,75,,,340.0,1,31.24751,3096,,,340.0,2026,,,340.0,0.0,0.0,0.0,0.0
2026-09-10 10:16:15,AAPL,318.66,1.05,,338.75,337.5,0.0,AVG,278.891,9135,,,337.5,2219,,,337.5,AVG-0,195.65927,8913,,,337.5,2129,,,337.5,0,83.23173,222,,,337.5,90,,,337.5,1,19.46322,777,,,337.5,0,,,337.5,0.0,0.0,0.0,0.0
2026-09-10 10:16:15,AAPL,318.66,1.05,,336.25,335.0,0.0,AVG,1482.36664,282449,,,335.0,243917,,,335.0,AVG-0,1109.29454,278605,,,335.0,242133,,,335.0,0,373.0721,3844,,,335.0,1784,,,335.0,1,292.97328,33732,,,335.0,19880,,,335.0,0.0,0.0,0.0,0.0
2026-09-10 10:16:15,AAPL,318.66,1.05,,333.75,332.5,0.0,AVG,1186.2777,39088,,,332.5,15622,,,332.5,AVG-0,329.9966,21318,,,332.5,8264,,,332.5,0,856.2811,17770,,,332.5,7358,,,332.5,1,53.54674,2895,,,332.5,0,,,332.5,0.0,0.0,0.0,0.0
2026-09-10 10:16:15,AAPL,318.66,1.05,,331.25,330.0,0.0,AVG,9139.36423,789644,,4.0,330.0,572418,,3.0,330.0,AVG-0,4954.32868,613897,M,2.0,330.0,501323,M,2.0,330.0,0,4185.03555,175747,,,330.0,71095,,,330.0,1,793.92181,80423,,4.0,330.0,42867,,3.0,330.0,0.0,0.0,0.0,0.0
2026-09-10 10:16:15,AAPL,318.66,1.05,,328.75,327.5,0.0,AVG,6093.91969,320225,,,327.5,68806,,,327.5,AVG-0,449.90406999999993,38923,,,327.5,21238,,,327.5,0,5644.01562,281302,,4.0,327.5,47568,,,327.5,1,209.62111,10556,,,327.5,0,,,327.5,0.0,0.0,0.0,0.0
2026-09-10 10:16:15,AAPL,318.66,1.05,,326.25,325.0,0.0,AVG,19090.95215,1492282,,2.0,325.0,584121,M,2.0,325.0,AVG-0,5816.591230000001,522526,,3.0,325.0,352869,,3.0,325.0,0,13274.36092,969756,,2.0,325.0,231252,,2.0,325.0,1,2418.1735500000004,137106,,2.0,325.0,40224,,4.0,325.0,0.0,0.0,0.0,0.0
2026-09-10 10:16:15,AAPL,318.66,1.05,,323.75,322.5,0.0,AVG,14536.2151,953557,M,3.0,322.5,94580,,,322.5,AVG-0,1323.73199,50163,,,322.5,9790,,,322.5,0,13212.48311,903394,M,3.0,322.5,84790,,4.0,322.5,1,639.52262,22865,,,322.5,0,,,322.5,0.0,0.0,0.0,0.0
2026-09-10 10:16:15,AAPL,318.66,1.05,,321.25,320.0,0.0,AVG,32434.85205,2678390,+,1.0,320.0,1116639,+,1.0,320.0,AVG-0,8190.23503,808965,+,1.0,320.0,633598,+,1.0,320.0,0,24244.61702,1869425,+,1.0,320.0,483041,M+,1.0,320.0,1,3503.8197,251900,M+,1.0,320.0,149788,M+,1.0,320.0,0.0,0.0,0.0,0.0
2026-09-10 10:16:15,AAPL,318.66,1.05,CURR,318.75,317.5,0.0,AVG,3096.03717,235269,*,,317.5,190659,*,,317.5,AVG-0,-176.31965,-16873,*,,N/N,1155,*,,317.5,0,3272.35682,252142,*,5.0,317.5,189504,*,3.0,317.5,1,-811.39787,-28271,*,,N/N,0,*,,317.5,0.0,0.0,0.0,0.0
2026-09-10 10:16:15,AAPL,318.66,1.05,,316.25,315.0,0.0,AVG,3408.58262,154917,*,,315.0,232191,*,,315.0,AVG-0,2540.54332,184454,*,,315.0,159115,*,,315.0,0,868.0392999999999,-29537,*,,315.0,73076,*,5.0,315.0,1,918.47805,82069,*,3.0,315.0,69653,*,2.0,315.0,0.0,0.0,0.0,0.0
2026-09-10 10:16:15,AAPL,318.66,1.05,,313.75,312.5,0.0,AVG,301.4112100000001,-102906,-,,312.5,-44307,*,,312.5,AVG-0,106.89468,-10855,*,,312.5,-9010,*,,312.5,0,194.5165300000001,-92051,-,,312.5,-35297,-,,312.5,1,48.82876,-1015,*,,312.5,0,*,,312.5,0.0,0.0,0.0,0.0
2026-09-10 10:16:15,AAPL,318.66,1.05,,311.25,310.0,0.0,AVG,-101.86176,-9574,,,N/N,37661,*,,310.0,AVG-0,349.29515999999995,53135,*,,310.0,65528,*,,310.0,0,-451.15692,-62709,,,N/N,-27867,,,N/N,1,-31.732260000000025,-38192,-,5.0,N/N,-31427,-,5.0,N/N,0.0,0.0,0.0,0.0
2026-09-10 10:16:15,AAPL,318.66,1.05,,308.75,307.5,0.0,AVG,-256.03266,-32724,,,N/N,-23029,*,,N/N,AVG-0,-42.96713999999999,-18038,*,,N/N,-15721,*,,N/N,0,-213.06552,-14686,,,N/N,-7308,,,N/N,1,0.5508400000000009,-638,,,307.5,0,,,307.5,0.0,0.0,0.0,0.0
2026-09-10 10:16:15,AAPL,318.66,1.05,,306.25,305.0,0.0,AVG,-185.07078,-38804,,,N/N,-29053,*,,N/N,AVG-0,-80.44014000000001,-33092,*,,N/N,-25610,*,,N/N,0,-104.63064,-5712,,,N/N,-3443,,,N/N,1,-78.51596,-6808,,,N/N,-2567,,,N/N,0.0,0.0,0.0,0.0
2026-09-10 10:16:15,AAPL,318.66,1.05,,303.75,302.5,0.0,AVG,-55.28108,-14696,,,N/N,-14048,*,,N/N,AVG-0,-12.787960000000002,-14216,*,,N/N,-13733,*,,N/N,0,-42.493120000000005,-480,,,N/N,-315,,,N/N,1,-1.10262,-47,,,N/N,0,,,302.5,0.0,0.0,0.0,0.0
2026-09-10 10:16:15,AAPL,318.66,1.05,,301.25,300.0,0.0,AVG,-62.16915999999999,31166,,,300.0,42142,*,,300.0,AVG-0,-242.48207,31388,*,,300.0,42333,*,,300.0,0,180.31291,-222,,,300.0,-191,,,300.0,1,-27.164790000000004,-5981,,,N/N,-4804,,,N/N,0.0,0.0,0.0,0.0
2026-09-10 10:16:15,AAPL,318.66,1.05,,298.75,297.5,0.0,AVG,-46.25002,-7911,,,N/N,-6489,*,,N/N,AVG-0,-45.19732,-7904,*,,N/N,-6483,*,,N/N,0,-1.0527000000000015,-7,,,N/N,-6,,,N/N,1,-0.2118,-5,,,N/N,0,,,297.5,0.0,0.0,0.0,0.0
2026-09-10 10:16:15,AAPL,318.66,1.05,,296.25,295.0,0.0,AVG,-202.72894,-61180,,,N/N,-57078,*,,N/N,AVG-0,-182.85656,-61179,*,,N/N,-57078,*,,N/N,0,-19.87238,-1,,,N/N,0,,,295.0,1,1.4951700000000003,-485,,,295.0,-451,,,295.0,0.0,0.0,0.0,0.0
2026-09-10 10:16:15,AAPL,318.66,1.05,,293.75,292.5,0.0,AVG,-12.01588,-984,,,N/N,-887,*,,N/N,AVG-0,-4.626899999999999,-984,*,,N/N,-887,*,,N/N,0,-7.388980000000001,0,,,292.5,0,,,292.5,1,0.0,0,,,292.5,0,,,292.5,0.0,0.0,0.0,0.0
2026-09-10 10:16:15,AAPL,318.66,1.05,,291.25,290.0,0.0,AVG,-198.38836000000003,-48629,,,N/N,-45281,*,,N/N,AVG-0,-198.27686,-48629,*,,N/N,-45281,*,,N/N,0,-0.1115,0,,,290.0,0,,,290.0,1,0.48713,-82,,,290.0,-80,,,290.0,0.0,0.0,0.0,0.0
2026-09-10 10:16:15,AAPL,318.66,1.05,,288.75,287.5,0.0,AVG,-11.62187,-481,,,N/N,-216,*,,N/N,AVG-0,-11.6015,-481,*,,N/N,-216,*,,N/N,0,-0.0203699999999998,0,,,287.5,0,,,287.5,1,-0.0272,0,,,287.5,0,,,287.5,0.0,0.0,0.0,0.0
2026-09-10 10:16:15,AAPL,318.66,1.05,,286.25,285.0,0.0,AVG,-50.718,-20820,,,N/N,-19118,*,,N/N,AVG-0,-62.44344000000001,-20820,*,,N/N,-19118,*,,N/N,0,11.72544,0,,,285.0,0,,,285.0,1,-0.265,-11,,,N/N,-11,,,N/N,0.0,0.0,0.0,0.0
2026-09-10 10:16:15,AAPL,318.66,1.05,,283.75,282.5,0.0,AVG,12.39872,-5,,,282.5,0,*,,282.5,AVG-0,0.5111,-5,*,,282.5,0,*,,282.5,0,11.88762,0,,,282.5,0,,,282.5,1,0.0,0,,,282.5,0,,,282.5,0.0,0.0,0.0,0.0
2026-09-10 10:16:15,AAPL,318.66,1.05,,281.25,280.0,0.0,AVG,-103.22605,-64015,,,N/N,-62271,-,,N/N,AVG-0,-108.76975,-64015,-,,N/N,-62271,-,,N/N,0,5.543699999999999,0,,,280.0,0,,,280.0,1,-0.33288,0,,,280.0,0,,,280.0,0.0,0.0,0.0,0.0
2026-09-10 10:16:15,AAPL,318.66,1.05,,278.75,277.5,0.0,AVG,-0.16918,0,,,277.5,0,,,277.5,AVG-0,-0.01018,0,,,277.5,0,,,277.5,0,-0.159,0,,,277.5,0,,,277.5,1,-0.01018,0,,,277.5,0,,,277.5,0.0,0.0,0.0,0.0
2026-09-10 10:16:15,AAPL,318.66,1.05,,276.25,275.0,0.0,AVG,210.74498,-27753,,,275.0,-27905,,,275.0,AVG-0,210.06682,-27753,,,275.0,-27905,,,275.0,0,0.6781599999999999,0,,,275.0,0,,,275.0,1,-0.00726,0,,,275.0,0,,,275.0,0.0,0.0,0.0,0.0
2026-09-10 10:16:15,AAPL,318.66,1.05,,273.75,272.5,0.0,AVG,-0.07944,0,,,272.5,0,,,272.5,AVG-0,-0.01384,0,,,272.5,0,,,272.5,0,-0.0656,0,,,272.5,0,,,272.5,1,-0.01384,0,,,272.5,0,,,272.5,0.0,0.0,0.0,0.0
2026-09-10 10:16:15,AAPL,318.66,1.05,,271.25,270.0,0.0,AVG,65.95455,-32350,,,270.0,-32286,,,270.0,AVG-0,65.98205,-32350,,,270.0,-32286,,,270.0,0,-0.0275,0,,,270.0,0,,,270.0,1,-0.05504,0,,,270.0,0,,,270.0,0.0,0.0,0.0,0.0
2026-09-10 10:16:15,AAPL,318.66,1.05,,268.75,267.5,0.0,AVG,-0.08091,0,,,267.5,0,,,267.5,AVG-0,0.0,0,,,267.5,0,,,267.5,0,-0.08091,0,,,267.5,0,,,267.5,1,0.0,0,,,267.5,0,,,267.5,0.0,0.0,0.0,0.0
2026-09-10 10:16:15,AAPL,318.66,1.05,,266.25,265.0,0.0,AVG,-156.10467999999997,-12077,,,N/N,-10217,,,N/N,AVG-0,-156.10467999999997,-12077,,,N/N,-10217,,,N/N,0,0.0,0,,,265.0,0,,,265.0,1,0.0,0,,,265.0,0,,,265.0,0.0,0.0,0.0,0.0
2026-09-10 10:16:15,AAPL,318.66,1.05,,263.75,262.5,0.0,AVG,-0.00096,0,,,262.5,0,,,262.5,AVG-0,0.0,0,,,262.5,0,,,262.5,0,-0.00096,0,,,262.5,0,,,262.5,1,0.0,0,,,262.5,0,,,262.5,0.0,0.0,0.0,0.0
2026-09-10 10:16:15,AAPL,318.66,1.05,,261.25,260.0,0.0,AVG,12.30034,-28530,,,260.0,-28473,,,260.0,AVG-0,12.30218,-28530,,,260.0,-28473,,,260.0,0,-0.00184,0,,,260.0,0,,,260.0,1,-0.0501,0,,,260.0,0,,,260.0,0.0,0.0,0.0,0.0
2026-09-10 10:16:15,AAPL,318.66,1.05,,258.75,257.5,0.0,AVG,0.0,0,,,257.5,0,,,257.5,AVG-0,0.0,0,,,257.5,0,,,257.5,0,0.0,0,,,257.5,0,,,257.5,1,0.0,0,,,257.5,0,,,257.5,0.0,0.0,0.0,0.0
2026-09-10 10:16:15,AAPL,318.66,1.05,,256.25,255.0,0.0,AVG,77.80143,-5998,,,255.0,-6012,,,255.0,AVG-0,77.80143,-5998,,,255.0,-6012,,,255.0,0,0.0,0,,,255.0,0,,,255.0,1,0.0,0,,,255.0,0,,,255.0,0.0,0.0,0.0,0.0
2026-09-10 10:16:15,AAPL,318.66,1.05,,252.5,250.0,0.0,AVG,93.9492,-41038,,,250.0,-40990,,,250.0,AVG-0,93.9492,-41038,,,250.0,-40990,,,250.0,0,0.0,0,,,250.0,0,,,250.0,1,0.0,0,,,250.0,0,,,250.0,0.0,0.0,0.0,0.0
2026-09-10 10:16:15,AAPL,318.66,1.05,,247.5,245.0,0.0,AVG,0.7873100000000002,-2966,,,245.0,-2955,,,245.0,AVG-0,0.7873100000000002,-2966,,,245.0,-2955,,,245.0,0,0.0,0,,,245.0,0,,,245.0,1,0.0,0,,,245.0,0,,,245.0,0.0,0.0,0.0,0.0
2026-09-10 10:16:15,AAPL,318.66,1.05,,242.5,240.0,0.0,AVG,5.34343,-36143,,,240.0,-36129,,,240.0,AVG-0,5.34343,-36143,,,240.0,-36129,,,240.0,0,0.0,0,,,240.0,0,,,240.0,1,0.0,0,,,240.0,0,,,240.0,0.0,0.0,0.0,0.0
2026-09-10 10:16:15,AAPL,318.66,1.05,,237.5,235.0,0.0,AVG,-0.04595,-1771,,,N/N,-1771,,,N/N,AVG-0,-0.04595,-1771,,,N/N,-1771,,,N/N,0,0.0,0,,,235.0,0,,,235.0,1,0.0,0,,,235.0,0,,,235.0,0.0,0.0,0.0,0.0
2026-09-10 10:16:15,AAPL,318.66,1.05,,232.5,230.0,0.0,AVG,303.80497,-10507,,,230.0,-10589,,,230.0,AVG-0,303.80497,-10507,,,230.0,-10589,,,230.0,0,0.0,0,,,230.0,0,,,230.0,1,0.0,0,,,230.0,0,,,230.0,0.0,0.0,0.0,0.0
2026-09-10 10:16:15,AAPL,318.66,1.05,,227.5,225.0,0.0,AVG,-0.29479,-37,,,N/N,-35,,,N/N,AVG-0,-0.29479,-37,,,N/N,-35,,,N/N,0,0.0,0,,,225.0,0,,,225.0,1,0.0,0,,,225.0,0,,,225.0,0.0,0.0,0.0,0.0
2026-09-10 10:16:15,AAPL,318.66,1.05,,222.5,220.0,0.0,AVG,315.88896,-9041,,,220.0,-9097,,,220.0,AVG-0,315.88896,-9041,,,220.0,-9097,,,220.0,0,0.0,0,,,220.0,0,,,220.0,1,0.0,0,,,220.0,0,,,220.0,0.0,0.0,0.0,0.0
2026-09-10 10:16:15,AAPL,318.66,1.05,,217.5,215.0,0.0,AVG,1.96271,-165,,,215.0,-165,,,215.0,AVG-0,0.96322,-165,,,215.0,-165,,,215.0,0,0.99949,0,,,215.0,0,,,215.0,1,0.0,0,,,215.0,0,,,215.0,0.0,0.0,0.0,0.0
2026-09-10 10:16:15,AAPL,318.66,1.05,,212.5,210.0,0.0,AVG,10.33859,-4035,,,210.0,-4028,,,210.0,AVG-0,10.33859,-4035,,,210.0,-4028,,,210.0,0,0.0,0,,,210.0,0,,,210.0,1,0.0,0,,,210.0,0,,,210.0,0.0,0.0,0.0,0.0
2026-09-10 10:16:15,AAPL,318.66,1.05,,207.5,205.0,0.0,AVG,14.93975,205,,,205.0,199,,,205.0,AVG-0,14.93975,205,,,205.0,199,,,205.0,0,0.0,0,,,205.0,0,,,205.0,1,0.0,0,,,205.0,0,,,205.0,0.0,0.0,0.0,0.0
2026-09-10 10:16:15,AAPL,318.66,1.05,,202.5,200.0,0.0,AVG,-4.346320000000001,-3711,,,N/N,-3674,,,N/N,AVG-0,-4.346320000000001,-3711,,,N/N,-3674,,,N/N,0,0.0,0,,,200.0,0,,,200.0,1,0.0,0,,,200.0,0,,,200.0,0.0,0.0,0.0,0.0
2026-09-10 10:16:15,AAPL,318.66,1.05,,197.5,195.0,0.0,AVG,-0.00571,-1293,,,N/N,-1293,,,N/N,AVG-0,-0.00571,-1293,,,N/N,-1293,,,N/N,0,0.0,0,,,195.0,0,,,195.0,1,0.0,0,,,195.0,0,,,195.0,0.0,0.0,0.0,0.0
2026-09-10 10:16:15,AAPL,318.66,1.05,,192.5,190.0,0.0,AVG,13.43699,-942,,,190.0,-945,,,190.0,AVG-0,13.43699,-942,,,190.0,-945,,,190.0,0,0.0,0,,,190.0,0,,,190.0,1,0.0,0,,,190.0,0,,,190.0,0.0,0.0,0.0,0.0
2026-09-10 10:16:15,AAPL,318.66,1.05,,187.5,185.0,0.0,AVG,-0.05345,-325,,,N/N,-325,,,N/N,AVG-0,-0.05345,-325,,,N/N,-325,,,N/N,0,0.0,0,,,185.0,0,,,185.0,1,0.0,0,,,185.0,0,,,185.0,0.0,0.0,0.0,0.0
2026-09-10 10:16:15,AAPL,318.66,1.05,,182.5,180.0,0.0,AVG,-0.30765,-1422,,,N/N,-1422,,,N/N,AVG-0,-0.30765,-1422,,,N/N,-1422,,,N/N,0,0.0,0,,,180.0,0,,,180.0,1,0.0,0,,,180.0,0,,,180.0,0.0,0.0,0.0,0.0
2026-09-10 10:16:15,AAPL,318.66,1.05,,177.5,175.0,0.0,AVG,0.0,-488,,,175.0,-488,,,175.0,AVG-0,0.0,-488,,,175.0,-488,,,175.0,0,0.0,0,,,175.0,0,,,175.0,1,0.0,0,,,175.0,0,,,175.0,0.0,0.0,0.0,0.0
2026-09-10 10:16:15,AAPL,318.66,1.05,,172.5,170.0,0.0,AVG,-7.39446,-475,,,N/N,-447,,,N/N,AVG-0,-7.39446,-475,,,N/N,-447,,,N/N,0,0.0,0,,,170.0,0,,,170.0,1,0.0,0,,,170.0,0,,,170.0,0.0,0.0,0.0,0.0
2026-09-10 10:16:15,AAPL,318.66,1.05,,167.5,165.0,0.0,AVG,-0.53537,-207,,,N/N,-207,,,N/N,AVG-0,-0.53537,-207,,,N/N,-207,,,N/N,0,0.0,0,,,165.0,0,,,165.0,1,0.0,0,,,165.0,0,,,165.0,0.0,0.0,0.0,0.0
2026-09-10 10:16:15,AAPL,318.66,1.05,,162.5,160.0,0.0,AVG,-0.00959,-81,,,N/N,-81,,,N/N,AVG-0,-0.00959,-81,,,N/N,-81,,,N/N,0,0.0,0,,,160.0,0,,,160.0,1,0.0,0,,,160.0,0,,,160.0,0.0,0.0,0.0,0.0
2026-09-10 10:16:15,AAPL,318.66,1.05,,157.5,155.0,0.0,AVG,-0.00306,-151,,,N/N,-151,,,N/N,AVG-0,-0.00306,-151,,,N/N,-151,,,N/N,0,0.0,0,,,155.0,0,,,155.0,1,0.0,0,,,155.0,0,,,155.0,0.0,0.0,0.0,0.0
2026-09-10 10:16:15,AAPL,318.66,1.05,,152.5,150.0,0.0,AVG,0.94061,-124,,,150.0,-124,,,150.0,AVG-0,0.94061,-124,,,150.0,-124,,,150.0,0,0.0,0,,,150.0,0,,,150.0,1,0.0,0,,,150.0,0,,,150.0,0.0,0.0,0.0,0.0
2026-09-10 10:16:15,AAPL,318.66,1.05,,147.5,145.0,0.0,AVG,1.993,-39,,,145.0,-39,,,145.0,AVG-0,0.993,-39,,,145.0,-39,,,145.0,0,1.0,0,,,145.0,0,,,145.0,1,0.0,0,,,145.0,0,,,145.0,0.0,0.0,0.0,0.0
2026-09-10 10:16:15,AAPL,318.66,1.05,,142.5,140.0,0.0,AVG,0.99618,-157,,,140.0,-157,,,140.0,AVG-0,-0.00382,-157,,,N/N,-157,,,N/N,0,1.0,0,,,140.0,0,,,140.0,1,0.0,0,,,140.0,0,,,140.0,0.0,0.0,0.0,0.0
2026-09-10 10:16:15,AAPL,318.66,1.05,,137.5,135.0,0.0,AVG,-0.00752,-122,,,N/N,-122,,,N/N,AVG-0,-0.00752,-122,,,N/N,-122,,,N/N,0,0.0,0,,,135.0,0,,,135.0,1,0.0,0,,,135.0,0,,,135.0,0.0,0.0,0.0,0.0
2026-09-10 10:16:15,AAPL,318.66,1.05,,132.5,130.0,0.0,AVG,3.0,-15,,,130.0,-15,,,130.0,AVG-0,0.0,-15,,,130.0,-15,,,130.0,0,3.0,0,,,130.0,0,,,130.0,1,0.0,0,,,130.0,0,,,130.0,0.0,0.0,0.0,0.0
2026-09-10 10:16:15,AAPL,318.66,1.05,,127.5,125.0,0.0,AVG,13.97765,-4,,,125.0,-4,,,125.0,AVG-0,9.97765,-4,,,125.0,-4,,,125.0,0,4.0,0,,,125.0,0,,,125.0,1,0.0,0,,,125.0,0,,,125.0,0.0,0.0,0.0,0.0
2026-09-10 10:16:15,AAPL,318.66,1.05,,122.5,120.0,0.0,AVG,1.0,-8,,,120.0,-8,,,120.0,AVG-0,0.0,-8,,,120.0,-8,,,120.0,0,1.0,0,,,120.0,0,,,120.0,1,0.0,0,,,120.0,0,,,120.0,0.0,0.0,0.0,0.0
2026-09-10 10:16:15,AAPL,318.66,1.05,,117.5,115.0,0.0,AVG,0.0,-5,,,115.0,-5,,,115.0,AVG-0,0.0,-5,,,115.0,-5,,,115.0,0,0.0,0,,,115.0,0,,,115.0,1,0.0,0,,,115.0,0,,,115.0,0.0,0.0,0.0,0.0
2026-09-10 10:16:15,AAPL,318.66,1.05,,112.5,110.0,0.0,AVG,0.99768,9,,,110.0,9,,,110.0,AVG-0,0.99768,9,,,110.0,9,,,110.0,0,0.0,0,,,110.0,0,,,110.0,1,0.0,0,,,110.0,0,,,110.0,0.0,0.0,0.0,0.0
2026-09-10 10:16:15,AAPL,318.66,1.05,,107.5,105.0,0.0,AVG,-0.00163,0,,,105.0,0,,,105.0,AVG-0,-0.00163,0,,,105.0,0,,,105.0,0,0.0,0,,,105.0,0,,,105.0,1,0.0,0,,,105.0,0,,,105.0,0.0,0.0,0.0,0.0
2026-09-10 10:16:15,AAPL,318.66,1.05,,102.5,100.0,0.0,AVG,8.96594,8,,,100.0,8,,,100.0,AVG-0,8.96594,8,,,100.0,8,,,100.0,0,0.0,0,,,100.0,0,,,100.0,1,0.0,0,,,100.0,0,,,100.0,0.0,0.0,0.0,0.0
2026-09-10 10:16:15,AAPL,318.66,1.05,,97.5,95.0,0.0,AVG,0.0,0,,,95.0,0,,,95.0,AVG-0,0.0,0,,,95.0,0,,,95.0,0,0.0,0,,,95.0,0,,,95.0,1,0.0,0,,,95.0,0,,,95.0,0.0,0.0,0.0,0.0
2026-09-10 10:16:15,AAPL,318.66,1.05,,92.5,90.0,0.0,AVG,-0.00192,0,,,90.0,0,,,90.0,AVG-0,-0.00192,0,,,90.0,0,,,90.0,0,0.0,0,,,90.0,0,,,90.0,1,0.0,0,,,90.0,0,,,90.0,0.0,0.0,0.0,0.0
2026-09-10 10:16:15,AAPL,318.66,1.05,,87.5,85.0,0.0,AVG,0.0,0,,,85.0,0,,,85.0,AVG-0,0.0,0,,,85.0,0,,,85.0,0,0.0,0,,,85.0,0,,,85.0,1,0.0,0,,,85.0,0,,,85.0,0.0,0.0,0.0,0.0
2026-09-10 10:16:15,AAPL,318.66,1.05,,82.5,80.0,0.0,AVG,-0.0007,0,,,80.0,0,,,80.0,AVG-0,-0.0007,0,,,80.0,0,,,80.0,0,0.0,0,,,80.0,0,,,80.0,1,0.0,0,,,80.0,0,,,80.0,0.0,0.0,0.0,0.0
2026-09-10 10:16:15,AAPL,318.66,1.05,,77.5,75.0,0.0,AVG,0.0,0,,,75.0,0,,,75.0,AVG-0,0.0,0,,,75.0,0,,,75.0,0,0.0,0,,,75.0,0,,,75.0,1,0.0,0,,,75.0,0,,,75.0,0.0,0.0,0.0,0.0
2026-09-10 10:16:15,AAPL,318.66,1.05,,72.5,70.0,0.0,AVG,0.0,0,,,70.0,0,,,70.0,AVG-0,0.0,0,,,70.0,0,,,70.0,0,0.0,0,,,70.0,0,,,70.0,1,0.0,0,,,70.0,0,,,70.0,0.0,0.0,0.0,0.0
2026-09-10 10:16:15,AAPL,318.66,1.05,,67.5,65.0,0.0,AVG,0.0,0,,,65.0,0,,,65.0,AVG-0,0.0,0,,,65.0,0,,,65.0,0,0.0,0,,,65.0,0,,,65.0,1,0.0,0,,,65.0,0,,,65.0,0.0,0.0,0.0,0.0
2026-09-10 10:16:15,AAPL,318.66,1.05,,62.5,60.0,0.0,AVG,0.99737,0,,,60.0,0,,,60.0,AVG-0,0.99737,0,,,60.0,0,,,60.0,0,0.0,0,,,60.0,0,,,60.0,1,0.0,0,,,60.0,0,,,60.0,0.0,0.0,0.0,0.0
2026-09-10 10:16:15,AAPL,318.66,1.05,,57.5,55.0,0.0,AVG,0.0,0,,,55.0,0,,,55.0,AVG-0,0.0,0,,,55.0,0,,,55.0,0,0.0,0,,,55.0,0,,,55.0,1,0.0,0,,,55.0,0,,,55.0,0.0,0.0,0.0,0.0
2026-09-10 10:16:15,AAPL,318.66,1.05,,52.5,50.0,0.0,AVG,0.0,0,,,50.0,0,,,50.0,AVG-0,0.0,0,,,50.0,0,,,50.0,0,0.0,0,,,50.0,0,,,50.0,1,0.0,0,,,50.0,0,,,50.0,0.0,0.0,0.0,0.0
2026-09-10 10:16:15,AAPL,318.66,1.05,,47.5,45.0,0.0,AVG,0.0,0,,,45.0,0,,,45.0,AVG-0,0.0,0,,,45.0,0,,,45.0,0,0.0,0,,,45.0,0,,,45.0,1,0.0,0,,,45.0,0,,,45.0,0.0,0.0,0.0,0.0
2026-09-10 10:16:15,AAPL,318.66,1.05,,42.5,40.0,0.0,AVG,0.0,0,,,40.0,0,,,40.0,AVG-0,0.0,0,,,40.0,0,,,40.0,0,0.0,0,,,40.0,0,,,40.0,1,0.0,0,,,40.0,0,,,40.0,0.0,0.0,0.0,0.0
2026-09-10 10:16:15,AAPL,318.66,1.05,,37.5,35.0,0.0,AVG,0.0,0,,,35.0,0,,,35.0,AVG-0,0.0,0,,,35.0,0,,,35.0,0,0.0,0,,,35.0,0,,,35.0,1,0.0,0,,,35.0,0,,,35.0,0.0,0.0,0.0,0.0
2026-09-10 10:16:15,AAPL,318.66,1.05,,32.5,30.0,0.0,AVG,0.0,0,,,30.0,0,,,30.0,AVG-0,0.0,0,,,30.0,0,,,30.0,0,0.0,0,,,30.0,0,,,30.0,1,0.0,0,,,30.0,0,,,30.0,0.0,0.0,0.0,0.0
2026-09-10 10:16:15,AAPL,318.66,1.05,,27.5,25.0,0.0,AVG,0.0,0,,,25.0,0,,,25.0,AVG-0,0.0,0,,,25.0,0,,,25.0,0,0.0,0,,,25.0,0,,,25.0,1,0.0,0,,,25.0,0,,,25.0,0.0,0.0,0.0,0.0
2026-09-10 10:16:15,AAPL,318.66,1.05,,22.5,20.0,0.0,AVG,0.0,0,,,20.0,0,,,20.0,AVG-0,0.0,0,,,20.0,0,,,20.0,0,0.0,0,,,20.0,0,,,20.0,1,0.0,0,,,20.0,0,,,20.0,0.0,0.0,0.0,0.0
2026-09-10 10:16:15,AAPL,318.66,1.05,,17.5,15.0,0.0,AVG,0.0,0,,,15.0,0,,,15.0,AVG-0,0.0,0,,,15.0,0,,,15.0,0,0.0,0,,,15.0,0,,,15.0,1,0.0,0,,,15.0,0,,,15.0,0.0,0.0,0.0,0.0
2026-09-10 10:16:15,AAPL,318.66,1.05,,12.5,10.0,0.0,AVG,0.0,0,,,10.0,0,,,10.0,AVG-0,0.0,0,,,10.0,0,,,10.0,0,0.0,0,,,10.0,0,,,10.0,1,0.0,0,,,10.0,0,,,10.0,0.0,0.0,0.0,0.0
2026-09-10 10:16:15,AAPL,318.66,1.05,,7.5,5.0,0.0,AVG,0.0,0,,,5.0,0,,,5.0,AVG-0,0.0,0,,,5.0,0,,,5.0,0,0.0,0,,,5.0,0,,,5.0,1,0.0,0,,,5.0,0,,,5.0,0.0,0.0,0.0,0.0
2026-09-10 10:16:15,ABBV,252.51,0.64,,,400.0,0.0,AVG,0.24312,140,,,400.0,139,,,400.0,AVG-0,0.24312,140,,,400.0,139,,,400.0,0,0.0,0,,,400.0,0,,,400.0,1,0.0,0,,,400.0,0,,,400.0,0.0,0.0,0.0,0.0
2026-09-10 10:16:15,ABBV,252.51,0.64,,395.0,390.0,0.0,AVG,0.0,41,,,390.0,41,,,390.0,AVG-0,0.0,41,,,390.0,41,,,390.0,0,0.0,0,,,390.0,0,,,390.0,1,0.0,0,,,390.0,0,,,390.0,0.0,0.0,0.0,0.0
2026-09-10 10:16:15,ABBV,252.51,0.64,,385.0,380.0,0.0,AVG,0.0,56,,,380.0,56,,,380.0,AVG-0,0.0,56,,,380.0,56,,,380.0,0,0.0,0,,,380.0,0,,,380.0,1,0.0,0,,,380.0,0,,,380.0,0.0,0.0,0.0,0.0
2026-09-10 10:16:15,ABBV,252.51,0.64,,375.0,370.0,0.0,AVG,0.0,154,,,370.0,154,,,370.0,AVG-0,0.0,154,,,370.0,154,,,370.0,0,0.0,0,,,370.0,0,,,370.0,1,0.0,0,,,370.0,0,,,370.0,0.0,0.0,0.0,0.0
2026-09-10 10:16:15,ABBV,252.51,0.64,,365.0,360.0,0.0,AVG,0.0,146,,,360.0,146,,,360.0,AVG-0,0.0,146,,,360.0,146,,,360.0,0,0.0,0,,,360.0,0,,,360.0,1,0.0,0,,,360.0,0,,,360.0,0.0,0.0,0.0,0.0
2026-09-10 10:16:15,ABBV,252.51,0.64,,355.0,350.0,0.0,AVG,0.0,741,,,350.0,741,,,350.0,AVG-0,0.0,741,,,350.0,741,,,350.0,0,0.0,0,,,350.0,0,,,350.0,1,0.0,0,,,350.0,0,,,350.0,0.0,0.0,0.0,0.0
2026-09-10 10:16:15,ABBV,252.51,0.64,,345.0,340.0,0.0,AVG,0.0,243,,,340.0,243,,,340.0,AVG-0,0.0,243,,,340.0,243,,,340.0,0,0.0,0,,,340.0,0,,,340.0,1,0.0,0,,,340.0,0,,,340.0,0.0,0.0,0.0,0.0
2026-09-10 10:16:15,ABBV,252.51,0.64,,337.5,335.0,0.0,AVG,0.0,0,,,335.0,0,,,335.0,AVG-0,0.0,0,,,335.0,0,,,335.0,0,0.0,0,,,335.0,0,,,335.0,1,0.0,0,,,335.0,0,,,335.0,0.0,0.0,0.0,0.0
2026-09-10 10:16:15,ABBV,252.51,0.64,,332.5,330.0,0.0,AVG,0.0,749,,,330.0,749,,,330.0,AVG-0,0.0,749,,,330.0,749,,,330.0,0,0.0,0,,,330.0,0,,,330.0,1,0.0,0,,,330.0,0,,,330.0,0.0,0.0,0.0,0.0
2026-09-10 10:16:15,ABBV,252.51,0.64,,327.5,325.0,0.0,AVG,0.0,0,,,325.0,0,,,325.0,AVG-0,0.0,0,,,325.0,0,,,325.0,0,0.0,0,,,325.0,0,,,325.0,1,0.0,0,,,325.0,0,,,325.0,0.0,0.0,0.0,0.0
2026-09-10 10:16:15,ABBV,252.51,0.64,,322.5,320.0,0.0,AVG,0.2714,1850,,,320.0,1849,,,320.0,AVG-0,0.2714,1850,,,320.0,1849,,,320.0,0,0.0,0,,,320.0,0,,,320.0,1,0.0,0,,,320.0,0,,,320.0,0.0,0.0,0.0,0.0
2026-09-10 10:16:15,ABBV,252.51,0.64,,317.5,315.0,0.0,AVG,0.0,0,,,315.0,0,,,315.0,AVG-0,0.0,0,,,315.0,0,,,315.0,0,0.0,0,,,315.0,0,,,315.0,1,0.0,0,,,315.0,0,,,315.0,0.0,0.0,0.0,0.0
2026-09-10 10:16:15,ABBV,252.51,0.64,,312.5,310.0,0.0,AVG,0.0,3268,,,310.0,3268,,,310.0,AVG-0,0.0,3268,,,310.0,3268,,,310.0,0,0.0,0,,,310.0,0,,,310.0,1,0.0,0,,,310.0,0,,,310.0,0.0,0.0,0.0,0.0
2026-09-10 10:16:15,ABBV,252.51,0.64,,307.5,305.0,0.0,AVG,0.0,0,,,305.0,0,,,305.0,AVG-0,0.0,0,,,305.0,0,,,305.0,0,0.0,0,,,305.0,0,,,305.0,1,0.0,0,,,305.0,0,,,305.0,0.0,0.0,0.0,0.0
2026-09-10 10:16:15,ABBV,252.51,0.64,,302.5,300.0,0.0,AVG,0.69626,21928,,5.0,300.0,21921,,5.0,300.0,AVG-0,0.69626,21928,,5.0,300.0,21921,,5.0,300.0,0,0.0,0,,,300.0,0,,,300.0,1,0.0,1,,,300.0,1,,,300.0,0.0,0.0,0.0,0.0
2026-09-10 10:16:15,ABBV,252.51,0.64,,297.5,295.0,0.0,AVG,0.0,13,,,295.0,13,,,295.0,AVG-0,0.0,13,,,295.0,13,,,295.0,0,0.0,0,,,295.0,0,,,295.0,1,0.0,0,,,295.0,0,,,295.0,0.0,0.0,0.0,0.0
2026-09-10 10:16:15,ABBV,252.51,0.64,,292.5,290.0,0.0,AVG,3.37702,21614,,,290.0,21577,,,290.0,AVG-0,3.37702,21614,,,290.0,21577,,,290.0,0,0.0,0,,,290.0,0,,,290.0,1,0.26052,202,,,290.0,201,,,290.0,0.0,0.0,0.0,0.0
2026-09-10 10:16:15,ABBV,252.51,0.64,,288.75,287.5,0.0,AVG,0.0,13,,,287.5,13,,,287.5,AVG-0,0.0,13,,,287.5,13,,,287.5,0,0.0,0,,,287.5,0,,,287.5,1,0.0,13,,,287.5,13,,,287.5,0.0,0.0,0.0,0.0
2026-09-10 10:16:15,ABBV,252.51,0.64,,286.25,285.0,0.0,AVG,0.0,180,,,285.0,180,,,285.0,AVG-0,0.0,180,,,285.0,180,,,285.0,0,0.0,0,,,285.0,0,,,285.0,1,0.0,17,,,285.0,17,,,285.0,0.0,0.0,0.0,0.0
2026-09-10 10:16:15,ABBV,252.51,0.64,,283.75,282.5,0.0,AVG,0.0,5,,,282.5,5,,,282.5,AVG-0,0.0,5,,,282.5,5,,,282.5,0,0.0,0,,,282.5,0,,,282.5,1,0.0,5,,,282.5,5,,,282.5,0.0,0.0,0.0,0.0
2026-09-10 10:16:15,ABBV,252.51,0.64,,281.25,280.0,0.0,AVG,9.33355,31652,,4.0,280.0,31524,,4.0,280.0,AVG-0,9.33355,31652,,4.0,280.0,31524,,4.0,280.0,0,0.0,0,,,280.0,0,,,280.0,1,0.01214,5813,,5.0,280.0,5813,,5.0,280.0,0.0,0.0,0.0,0.0
2026-09-10 10:16:15,ABBV,252.51,0.64,,278.75,277.5,0.0,AVG,0.0,17,,,277.5,17,,,277.5,AVG-0,0.0,17,,,277.5,17,,,277.5,0,0.0,0,,,277.5,0,,,277.5,1,0.0,17,,,277.5,17,,,277.5,0.0,0.0,0.0,0.0
2026-09-10 10:16:15,ABBV,252.51,0.64,,276.25,275.0,0.0,AVG,0.18413,1660,,,275.0,1656,,,275.0,AVG-0,0.18413,1660,,,275.0,1656,,,275.0,0,0.0,0,,,275.0,0,,,275.0,1,0.03276,562,,,275.0,561,,,275.0,0.0,0.0,0.0,0.0
2026-09-10 10:16:15,ABBV,252.51,0.64,,273.75,272.5,0.0,AVG,0.51211,108,,,272.5,88,,,272.5,AVG-0,0.5025999999999999,108,,,272.5,88,,,272.5,0,0.00951,0,,,272.5,0,,,272.5,1,0.5025999999999999,108,,,272.5,88,,,272.5,0.0,0.0,0.0,0.0
2026-09-10 10:16:15,ABBV,252.51,0.64,,271.25,270.0,0.0,AVG,23.26939,48438,+,1.0,270.0,48119,+,1.0,270.0,AVG-0,23.24815,48437,+,1.0,270.0,48118,+,1.0,270.0,0,0.02124,1,,,270.0,1,,,270.0,1,0.52936,22259,+,1.0,270.0,22237,+,1.0,270.0,0.0,0.0,0.0,0.0
2026-09-10 10:16:15,ABBV,252.51,0.64,,268.75,267.5,0.0,AVG,0.15143,2094,*,,267.5,2056,*,,267.5,AVG-0,0.13953,2090,*,,267.5,2052,*,,267.5,0,0.0119,4,,,267.5,4,,,267.5,1,0.13953,2090,*,,267.5,2052,*,,267.5,0.0,0.0,0.0,0.0
2026-09-10 10:16:15,ABBV,252.51,0.64,,266.25,265.0,0.0,AVG,-2.14311,3151,*,,265.0,3097,*,,265.0,AVG-0,-2.35581,2965,*,,265.0,2914,*,,265.0,0,0.2127,186,,,265.0,183,,,265.0,1,1.47488,1087,*,,265.0,1031,*,,265.0,0.0,0.0,0.0,0.0
2026-09-10 10:16:15,ABBV,252.51,0.64,,263.75,262.5,0.0,AVG,3.83616,230,*,,262.5,97,M,,262.5,AVG-0,3.4792,-6,M,,262.5,-133,M,,262.5,0,0.35696,236,,,262.5,230,,,262.5,1,3.4792,-6,*,,262.5,-133,*,,262.5,0.0,0.0,0.0,0.0
2026-09-10 10:16:15,ABBV,252.51,0.64,,261.25,260.0,0.0,AVG,17.49093,39264,M,2.0,260.0,38682,*,2.0,260.0,AVG-0,19.89895,38476,*,2.0,260.0,37990,*,2.0,260.0,0,-2.4080200000000005,788,,,260.0,692,,,260.0,1,13.490279999999998,15889,M,3.0,260.0,15482,M,3.0,260.0,0.0,0.0,0.0,0.0
2026-09-10 10:16:15,ABBV,252.51,0.64,,258.75,257.5,0.0,AVG,3.90894,2343,*,,257.5,2090,*,,257.5,AVG-0,0.0,163,*,,257.5,163,*,,257.5,0,3.90894,2180,,4.0,257.5,1927,,5.0,257.5,1,0.0,163,*,,257.5,163,*,,257.5,0.0,0.0,0.0,0.0
2026-09-10 10:16:15,ABBV,252.51,0.64,,256.25,255.0,0.0,AVG,23.372119999999995,10557,*,,255.0,8439,*,,255.0,AVG-0,-11.054760000000002,5931,*,,255.0,6003,*,,255.0,0,34.42688,4626,,3.0,255.0,2436,,3.0,255.0,1,3.35744,6032,*,4.0,255.0,5958,*,4.0,255.0,0.0,0.0,0.0,0.0
2026-09-10 10:16:15,ABBV,252.51,0.64,CURR,253.75,252.5,0.0,AVG,15.31882,9765,*,,252.5,8825,*,,252.5,AVG-0,-6.69746,-2034,*,,N/N,-1901,*,,N/N,0,22.01628,11799,M+,1.0,252.5,10726,M+,1.0,252.5,1,-6.69746,-2034,*,,N/N,-1901,*,,N/N,0.0,0.0,0.0,0.0
2026-09-10 10:16:15,ABBV,252.51,0.64,,251.25,250.0,0.0,AVG,13.48838,33171,*,3.0,250.0,33057,*,3.0,250.0,AVG-0,10.226730000000002,35204,*,3.0,250.0,35191,*,3.0,250.0,0,3.26165,-2033,*,5.0,250.0,-2134,*,4.0,250.0,1,2.045020000000001,18395,*,2.0,250.0,18441,*,2.0,250.0,0.0,0.0,0.0,0.0
2026-09-10 10:16:15,ABBV,252.51,0.64,,248.75,247.5,0.0,AVG,-0.1317499999999999,-8040,*,,N/N,-8027,*,,N/N,AVG-0,-0.91761,-3354,*,,N/N,-3329,*,,N/N,0,0.78586,-4686,-,2.0,247.5,-4698,-,2.0,247.5,1,-0.91761,-3354,*,,N/N,-3329,*,,N/N,0.0,0.0,0.0,0.0
2026-09-10 10:16:15,ABBV,252.51,0.64,,246.25,245.0,0.0,AVG,-2.20004,-5284,*,,N/N,-5231,*,,N/N,AVG-0,-2.08057,-3945,*,,N/N,-3896,*,,N/N,0,-0.11947,-1339,,,N/N,-1335,,,N/N,1,-1.07135,-2971,*,,N/N,-2935,*,,N/N,0.0,0.0,0.0,0.0
2026-09-10 10:16:15,ABBV,252.51,0.64,,243.75,242.5,0.0,AVG,-0.35778,-584,*,,N/N,-573,*,,N/N,AVG-0,-0.35778,-415,*,,N/N,-404,*,,N/N,0,0.0,-169,,,242.5,-169,,,242.5,1,-0.35778,-415,*,,N/N,-404,*,,N/N,0.0,0.0,0.0,0.0
2026-09-10 10:16:15,ABBV,252.51,0.64,,241.25,240.0,0.0,AVG,-7.042989999999999,-10243,*,,N/N,-10157,*,,N/N,AVG-0,-7.022609999999999,-10195,*,,N/N,-10109,*,,N/N,0,-0.02038,-48,,,N/N,-48,,,N/N,1,-0.35241,-4234,-,,N/N,-4221,-,,N/N,0.0,0.0,0.0,0.0
2026-09-10 10:16:15,ABBV,252.51,0.64,,238.75,237.5,0.0,AVG,-0.4797499999999999,-74,*,,N/N,-58,*,,N/N,AVG-0,-0.4797499999999999,-73,*,,N/N,-57,*,,N/N,0,0.0,-1,,,237.5,-1,,,237.5,1,-0.4797499999999999,-73,,,N/N,-57,,,N/N,0.0,0.0,0.0,0.0
2026-09-10 10:16:15,ABBV,252.51,0.64,,236.25,235.0,0.0,AVG,-0.50823,-1450,*,,N/N,-1440,*,,N/N,AVG-0,-0.50823,-1450,*,,N/N,-1440,*,,N/N,0,0.0,0,,,235.0,0,,,235.0,1,0.0,-83,,,235.0,-83,,,235.0,0.0,0.0,0.0,0.0
2026-09-10 10:16:15,ABBV,252.51,0.64,,233.75,232.5,0.0,AVG,0.0,0,*,,232.5,0,*,,232.5,AVG-0,0.0,0,*,,232.5,0,*,,232.5,0,0.0,0,,,232.5,0,,,232.5,1,0.0,0,,,232.5,0,,,232.5,0.0,0.0,0.0,0.0
2026-09-10 10:16:15,ABBV,252.51,0.64,,231.25,230.0,0.0,AVG,1.0658199999999998,-16113,-,,230.0,-16067,-,,230.0,AVG-0,1.0658199999999998,-16113,-,,230.0,-16067,-,,230.0,0,0.0,0,,,230.0,0,,,230.0,1,2.55216,461,,,230.0,470,,,230.0,0.0,0.0,0.0,0.0
2026-09-10 10:16:15,ABBV,252.51,0.64,,228.75,227.5,0.0,AVG,0.0,0,,,227.5,0,,,227.5,AVG-0,0.0,0,,,227.5,0,,,227.5,0,0.0,0,,,227.5,0,,,227.5,1,0.0,0,,,227.5,0,,,227.5,0.0,0.0,0.0,0.0
2026-09-10 10:16:15,ABBV,252.51,0.64,,226.25,225.0,0.0,AVG,0.0,-44,,,225.0,-44,,,225.0,AVG-0,0.0,-44,,,225.0,-44,,,225.0,0,0.0,0,,,225.0,0,,,225.0,1,0.0,-2,,,225.0,-2,,,225.0,0.0,0.0,0.0,0.0
2026-09-10 10:16:15,ABBV,252.51,0.64,,222.5,220.0,0.0,AVG,-0.44844,-9591,,,N/N,-9584,,,N/N,AVG-0,-0.44844,-9591,,,N/N,-9584,,,N/N,0,0.0,0,,,220.0,0,,,220.0,1,0.0,-56,,,220.0,-56,,,220.0,0.0,0.0,0.0,0.0
2026-09-10 10:16:15,ABBV,252.51,0.64,,217.5,215.0,0.0,AVG,0.0,-1,,,215.0,-1,,,215.0,AVG-0,0.0,-1,,,215.0,-1,,,215.0,0,0.0,0,,,215.0,0,,,215.0,1,0.0,0,,,215.0,0,,,215.0,0.0,0.0,0.0,0.0
2026-09-10 10:16:15,ABBV,252.51,0.64,,212.5,210.0,0.0,AVG,-0.00766,-3316,,,N/N,-3316,,,N/N,AVG-0,-0.00766,-3316,,,N/N,-3316,,,N/N,0,0.0,0,,,210.0,0,,,210.0,1,-0.00766,0,,,210.0,0,,,210.0,0.0,0.0,0.0,0.0
2026-09-10 10:16:15,ABBV,252.51,0.64,,207.5,205.0,0.0,AVG,0.0,0,,,205.0,0,,,205.0,AVG-0,0.0,0,,,205.0,0,,,205.0,0,0.0,0,,,205.0,0,,,205.0,1,0.0,0,,,205.0,0,,,205.0,0.0,0.0,0.0,0.0
2026-09-10 10:16:15,ABBV,252.51,0.64,,202.5,200.0,0.0,AVG,-0.23312,-2440,,,N/N,-2439,,,N/N,AVG-0,-0.23312,-2440,,,N/N,-2439,,,N/N,0,0.0,0,,,200.0,0,,,200.0,1,0.0,0,,,200.0,0,,,200.0,0.0,0.0,0.0,0.0
2026-09-10 10:16:15,ABBV,252.51,0.64,,197.5,195.0,0.0,AVG,0.0,-1678,,,195.0,-1678,,,195.0,AVG-0,0.0,-1678,,,195.0,-1678,,,195.0,0,0.0,0,,,195.0,0,,,195.0,1,0.0,0,,,195.0,0,,,195.0,0.0,0.0,0.0,0.0
2026-09-10 10:16:15,ABBV,252.51,0.64,,192.5,190.0,0.0,AVG,-0.14491,-1817,,,N/N,-1817,,,N/N,AVG-0,-0.14491,-1817,,,N/N,-1817,,,N/N,0,0.0,0,,,190.0,0,,,190.0,1,0.0,0,,,190.0,0,,,190.0,0.0,0.0,0.0,0.0
2026-09-10 10:16:15,ABBV,252.51,0.64,,187.5,185.0,0.0,AVG,-0.01225,-691,,,N/N,-691,,,N/N,AVG-0,-0.01225,-691,,,N/N,-691,,,N/N,0,0.0,0,,,185.0,0,,,185.0,1,0.0,0,,,185.0,0,,,185.0,0.0,0.0,0.0,0.0
2026-09-10 10:16:15,ABBV,252.51,0.64,,182.5,180.0,0.0,AVG,0.0,-1091,,,180.0,-1091,,,180.0,AVG-0,0.0,-1091,,,180.0,-1091,,,180.0,0,0.0,0,,,180.0,0,,,180.0,1,0.0,0,,,180.0,0,,,180.0,0.0,0.0,0.0,0.0
2026-09-10 10:16:15,ABBV,252.51,0.64,,177.5,175.0,0.0,AVG,0.0,-498,,,175.0,-498,,,175.0,AVG-0,0.0,-498,,,175.0,-498,,,175.0,0,0.0,0,,,175.0,0,,,175.0,1,0.0,0,,,175.0,0,,,175.0,0.0,0.0,0.0,0.0
2026-09-10 10:16:15,ABBV,252.51,0.64,,172.5,170.0,0.0,AVG,0.0,-375,,,170.0,-375,,,170.0,AVG-0,0.0,-375,,,170.0,-375,,,170.0,0,0.0,0,,,170.0,0,,,170.0,1,0.0,0,,,170.0,0,,,170.0,0.0,0.0,0.0,0.0
2026-09-10 10:16:15,ABBV,252.51,0.64,,167.5,165.0,0.0,AVG,0.0,-171,,,165.0,-171,,,165.0,AVG-0,0.0,-171,,,165.0,-171,,,165.0,0,0.0,0,,,165.0,0,,,165.0,1,0.0,0,,,165.0,0,,,165.0,0.0,0.0,0.0,0.0
2026-09-10 10:16:15,ABBV,252.51,0.64,,162.5,160.0,0.0,AVG,0.0,-183,,,160.0,-183,,,160.0,AVG-0,0.0,-183,,,160.0,-183,,,160.0,0,0.0,0,,,160.0,0,,,160.0,1,0.0,0,,,160.0,0,,,160.0,0.0,0.0,0.0,0.0
2026-09-10 10:16:15,ABBV,252.51,0.64,,157.5,155.0,0.0,AVG,0.0,-46,,,155.0,-46,,,155.0,AVG-0,0.0,-46,,,155.0,-46,,,155.0,0,0.0,0,,,155.0,0,,,155.0,1,0.0,0,,,155.0,0,,,155.0,0.0,0.0,0.0,0.0
2026-09-10 10:16:15,ABBV,252.51,0.64,,152.5,150.0,0.0,AVG,0.0,-119,,,150.0,-119,,,150.0,AVG-0,0.0,-119,,,150.0,-119,,,150.0,0,0.0,0,,,150.0,0,,,150.0,1,0.0,0,,,150.0,0,,,150.0,0.0,0.0,0.0,0.0
2026-09-10 10:16:15,ABBV,252.51,0.64,,147.5,145.0,0.0,AVG,0.0,-68,,,145.0,-68,,,145.0,AVG-0,0.0,-68,,,145.0,-68,,,145.0,0,0.0,0,,,145.0,0,,,145.0,1,0.0,0,,,145.0,0,,,145.0,0.0,0.0,0.0,0.0
2026-09-10 10:16:15,ABBV,252.51,0.64,,142.5,140.0,0.0,AVG,-0.02938,-54,,,N/N,-54,,,N/N,AVG-0,-0.02938,-54,,,N/N,-54,,,N/N,0,0.0,0,,,140.0,0,,,140.0,1,0.0,0,,,140.0,0,,,140.0,0.0,0.0,0.0,0.0
2026-09-10 10:16:15,ABBV,252.51,0.64,,137.5,135.0,0.0,AVG,0.0,-79,,,135.0,-79,,,135.0,AVG-0,0.0,-79,,,135.0,-79,,,135.0,0,0.0,0,,,135.0,0,,,135.0,1,0.0,0,,,135.0,0,,,135.0,0.0,0.0,0.0,0.0
2026-09-10 10:16:15,ABBV,252.51,0.64,,132.5,130.0,0.0,AVG,0.0,-18,,,130.0,-18,,,130.0,AVG-0,0.0,-18,,,130.0,-18,,,130.0,0,0.0,0,,,130.0,0,,,130.0,1,0.0,0,,,130.0,0,,,130.0,0.0,0.0,0.0,0.0
2026-09-10 10:16:15,ABBV,252.51,0.64,,127.5,125.0,0.0,AVG,0.0,-130,,,125.0,-130,,,125.0,AVG-0,0.0,-130,,,125.0,-130,,,125.0,0,0.0,0,,,125.0,0,,,125.0,1,0.0,0,,,125.0,0,,,125.0,0.0,0.0,0.0,0.0
2026-09-10 10:16:15,ABBV,252.51,0.64,,122.5,120.0,0.0,AVG,0.0,-18,,,120.0,-18,,,120.0,AVG-0,0.0,-18,,,120.0,-18,,,120.0,0,0.0,0,,,120.0,0,,,120.0,1,0.0,0,,,120.0,0,,,120.0,0.0,0.0,0.0,0.0
2026-09-10 10:16:15,ABBV,252.51,0.64,,117.5,115.0,0.0,AVG,0.0,-14,,,115.0,-14,,,115.0,AVG-0,0.0,-14,,,115.0,-14,,,115.0,0,0.0,0,,,115.0,0,,,115.0,1,0.0,0,,,115.0,0,,,115.0,0.0,0.0,0.0,0.0
2026-09-10 10:16:15,ABBV,252.51,0.64,,112.5,110.0,0.0,AVG,0.0,-6,,,110.0,-6,,,110.0,AVG-0,0.0,-6,,,110.0,-6,,,110.0,0,0.0,0,,,110.0,0,,,110.0,1,0.0,0,,,110.0,0,,,110.0,0.0,0.0,0.0,0.0
2026-09-10 10:16:15,ABBV,252.51,0.64,,107.5,105.0,0.0,AVG,0.0,-1,,,105.0,-1,,,105.0,AVG-0,0.0,-1,,,105.0,-1,,,105.0,0,0.0,0,,,105.0,0,,,105.0,1,0.0,0,,,105.0,0,,,105.0,0.0,0.0,0.0,0.0
2026-09-10 10:16:15,ABBV,252.51,0.64,,102.5,100.0,0.0,AVG,0.0,0,,,100.0,0,,,100.0,AVG-0,0.0,0,,,100.0,0,,,100.0,0,0.0,0,,,100.0,0,,,100.0,1,0.0,0,,,100.0,0,,,100.0,0.0,0.0,0.0,0.0
2026-09-10 10:16:15,ABBV,252.51,0.64,,97.5,95.0,0.0,AVG,0.0,0,,,95.0,0,,,95.0,AVG-0,0.0,0,,,95.0,0,,,95.0,0,0.0,0,,,95.0,0,,,95.0,1,0.0,0,,,95.0,0,,,95.0,0.0,0.0,0.0,0.0
2026-09-10 10:16:15,ABBV,252.51,0.64,,92.5,90.0,0.0,AVG,0.0,0,,,90.0,0,,,90.0,AVG-0,0.0,0,,,90.0,0,,,90.0,0,0.0,0,,,90.0,0,,,90.0,1,0.0,0,,,90.0,0,,,90.0,0.0,0.0,0.0,0.0
2026-09-10 10:16:15,ABBV,252.51,0.64,,87.5,85.0,0.0,AVG,0.0,0,,,85.0,0,,,85.0,AVG-0,0.0,0,,,85.0,0,,,85.0,0,0.0,0,,,85.0,0,,,85.0,1,0.0,0,,,85.0,0,,,85.0,0.0,0.0,0.0,0.0
2026-09-10 10:16:15,ABNB,169.17,-0.27,,,280.0,0.0,AVG,0.0,50,,,280.0,50,,,280.0,AVG-0,0.0,50,,,280.0,50,,,280.0,0,0.0,0,,,280.0,0,,,280.0,1,0.0,0,,,280.0,0,,,280.0,0.0,0.0,0.0,0.0
2026-09-10 10:16:15,ABNB,169.17,-0.27,,275.0,270.0,0.0,AVG,0.06233,284,,,270.0,284,,,270.0,AVG-0,0.06233,284,,,270.0,284,,,270.0,0,0.0,0,,,270.0,0,,,270.0,1,0.0,0,,,270.0,0,,,270.0,0.0,0.0,0.0,0.0
2026-09-10 10:16:15,ABNB,169.17,-0.27,,265.0,260.0,0.0,AVG,0.07764,13,,,260.0,12,,,260.0,AVG-0,0.07764,13,,,260.0,12,,,260.0,0,0.0,0,,,260.0,0,,,260.0,1,0.0,0,,,260.0,0,,,260.0,0.0,0.0,0.0,0.0
2026-09-10 10:16:15,ABNB,169.17,-0.27,,255.0,250.0,0.0,AVG,0.03535,283,,,250.0,283,,,250.0,AVG-0,0.03535,283,,,250.0,283,,,250.0,0,0.0,0,,,250.0,0,,,250.0,1,0.0,0,,,250.0,0,,,250.0,0.0,0.0,0.0,0.0
2026-09-10 10:16:15,ABNB,169.17,-0.27,,245.0,240.0,0.0,AVG,0.3298,977,,,240.0,976,,,240.0,AVG-0,0.3298,977,,,240.0,976,,,240.0,0,0.0,0,,,240.0,0,,,240.0,1,0.0,0,,,240.0,0,,,240.0,0.0,0.0,0.0,0.0
2026-09-10 10:16:15,ABNB,169.17,-0.27,,235.0,230.0,0.0,AVG,0.90039,3496,,,230.0,3493,,,230.0,AVG-0,0.90039,3496,,,230.0,3493,,,230.0,0,0.0,0,,,230.0,0,,,230.0,1,0.1755,0,,,230.0,0,,,230.0,0.0,0.0,0.0,0.0
2026-09-10 10:16:15,ABNB,169.17,-0.27,,227.5,225.0,0.0,AVG,0.0,1,,,225.0,1,,,225.0,AVG-0,0.0,1,,,225.0,1,,,225.0,0,0.0,0,,,225.0,0,,,225.0,1,0.0,0,,,225.0,0,,,225.0,0.0,0.0,0.0,0.0
2026-09-10 10:16:15,ABNB,169.17,-0.27,,222.5,220.0,0.0,AVG,6.386559999999999,3404,,,220.0,3350,,,220.0,AVG-0,6.386559999999999,3404,,,220.0,3350,,,220.0,0,0.0,0,,,220.0,0,,,220.0,1,0.0,0,,,220.0,0,,,220.0,0.0,0.0,0.0,0.0
2026-09-10 10:16:15,ABNB,169.17,-0.27,,218.75,217.5,0.0,AVG,0.0,1,,,217.5,1,,,217.5,AVG-0,0.0,1,,,217.5,1,,,217.5,0,0.0,0,,,217.5,0,,,217.5,1,0.0,0,,,217.5,0,,,217.5,0.0,0.0,0.0,0.0
2026-09-10 10:16:15,ABNB,169.17,-0.27,,216.25,215.0,0.0,AVG,0.0,13,,,215.0,13,,,215.0,AVG-0,0.0,13,,,215.0,13,,,215.0,0,0.0,0,,,215.0,0,,,215.0,1,0.0,0,,,215.0,0,,,215.0,0.0,0.0,0.0,0.0
2026-09-10 10:16:15,ABNB,169.17,-0.27,,213.75,212.5,0.0,AVG,0.0,0,,,212.5,0,,,212.5,AVG-0,0.0,0,,,212.5,0,,,212.5,0,0.0,0,,,212.5,0,,,212.5,1,0.0,0,,,212.5,0,,,212.5,0.0,0.0,0.0,0.0
2026-09-10 10:16:15,ABNB,169.17,-0.27,,211.25,210.0,0.0,AVG,0.3496,7496,,5.0,210.0,7493,,5.0,210.0,AVG-0,0.3496,7496,,4.0,210.0,7493,,4.0,210.0,0,0.0,0,,,210.0,0,,,210.0,1,0.0383,0,,,210.0,0,,,210.0,0.0,0.0,0.0,0.0
2026-09-10 10:16:15,ABNB,169.17,-0.27,,208.75,207.5,0.0,AVG,0.0,2,,,207.5,2,,,207.5,AVG-0,0.0,2,,,207.5,2,,,207.5,0,0.0,0,,,207.5,0,,,207.5,1,0.0,0,,,207.5,0,,,207.5,0.0,0.0,0.0,0.0
2026-09-10 10:16:15,ABNB,169.17,-0.27,,206.25,205.0,0.0,AVG,0.1672999999999999,71,,,205.0,71,,,205.0,AVG-0,0.1672999999999999,71,,,205.0,71,,,205.0,0,0.0,0,,,205.0,0,,,205.0,1,0.1672999999999999,1,,,205.0,1,,,205.0,0.0,0.0,0.0,0.0
2026-09-10 10:16:15,ABNB,169.17,-0.27,,203.75,202.5,0.0,AVG,0.0,18,,,202.5,18,,,202.5,AVG-0,0.0,18,,,202.5,18,,,202.5,0,0.0,0,,,202.5,0,,,202.5,1,0.0,2,,,202.5,2,,,202.5,0.0,0.0,0.0,0.0
2026-09-10 10:16:15,ABNB,169.17,-0.27,,201.25,200.0,0.0,AVG,1.90144,6251,,,200.0,6238,,,200.0,AVG-0,1.90144,6251,,,200.0,6238,,,200.0,0,0.0,0,,,200.0,0,,,200.0,1,0.2342199999999999,124,,,200.0,123,,,200.0,0.0,0.0,0.0,0.0
2026-09-10 10:16:15,ABNB,169.17,-0.27,,198.75,197.5,0.0,AVG,0.05638,170,,,197.5,169,,,197.5,AVG-0,0.05638,170,,,197.5,169,,,197.5,0,0.0,0,,,197.5,0,,,197.5,1,0.0,130,,,197.5,130,,,197.5,0.0,0.0,0.0,0.0
2026-09-10 10:16:15,ABNB,169.17,-0.27,,196.25,195.0,0.0,AVG,-0.20919,5169,,,195.0,5155,,,195.0,AVG-0,-0.20919,5169,,,195.0,5155,,,195.0,0,0.0,0,,,195.0,0,,,195.0,1,0.1077999999999999,473,,,195.0,472,,,195.0,0.0,0.0,0.0,0.0
2026-09-10 10:16:15,ABNB,169.17,-0.27,,193.75,192.5,0.0,AVG,0.1704,151,,,192.5,148,,,192.5,AVG-0,0.1704,151,,,192.5,148,,,192.5,0,0.0,0,,,192.5,0,,,192.5,1,0.0,86,,,192.5,86,,,192.5,0.0,0.0,0.0,0.0
2026-09-10 10:16:15,ABNB,169.17,-0.27,,191.25,190.0,0.0,AVG,97.43808,7431,,,190.0,7210,,,190.0,AVG-0,97.409,7431,,5.0,190.0,7210,,5.0,190.0,0,0.02908,0,,,190.0,0,,,190.0,1,-0.90929,1015,,,190.0,1014,,,190.0,0.0,0.0,0.0,0.0
2026-09-10 10:16:15,ABNB,169.17,-0.27,,188.75,187.5,0.0,AVG,0.03318,1457,,,187.5,1456,,,187.5,AVG-0,0.03318,1457,,,187.5,1456,,,187.5,0,0.0,0,,,187.5,0,,,187.5,1,0.03318,1540,,,187.5,1539,,,187.5,0.0,0.0,0.0,0.0
2026-09-10 10:16:15,ABNB,169.17,-0.27,,186.25,185.0,0.0,AVG,-4.995279999999999,4021,,,185.0,4021,,,185.0,AVG-0,-6.276879999999999,4021,,,185.0,4021,,,185.0,0,1.2816,0,,,185.0,0,,,185.0,1,-4.64723,1086,,,185.0,1091,,,185.0,0.0,0.0,0.0,0.0
2026-09-10 10:16:15,ABNB,169.17,-0.27,,183.75,182.5,0.0,AVG,-1.15007,428,,,182.5,424,,,182.5,AVG-0,-1.15007,426,,,182.5,422,,,182.5,0,0.0,2,,,182.5,2,,,182.5,1,0.0,279,,,182.5,279,,,182.5,0.0,0.0,0.0,0.0
2026-09-10 10:16:15,ABNB,169.17,-0.27,,181.25,180.0,0.0,AVG,40.12508,3319,,,180.0,2690,,,180.0,AVG-0,44.73778,3308,,,180.0,2678,,,180.0,0,-4.6127,11,,,180.0,12,,,180.0,1,16.584329999999998,1316,,,180.0,733,,,180.0,0.0,0.0,0.0,0.0
2026-09-10 10:16:15,ABNB,169.17,-0.27,,178.75,177.5,0.0,AVG,1.8265200000000004,-352,,,177.5,-405,,,177.5,AVG-0,0.0,-630,,,177.5,-630,,,177.5,0,1.8265200000000004,278,+,5.0,177.5,225,+,,177.5,1,0.0,-452,,,177.5,-452,,,177.5,0.0,0.0,0.0,0.0
2026-09-10 10:16:15,ABNB,169.17,-0.27,,176.25,175.0,0.0,AVG,1.1185799999999997,7837,,3.0,175.0,7757,,3.0,175.0,AVG-0,0.1382599999999998,8072,,2.0,175.0,8044,,2.0,175.0,0,0.98032,-235,*,,175.0,-287,*,5.0,175.0,1,-0.38223,1780,,5.0,175.0,1761,,5.0,175.0,0.0,0.0,0.0,0.0
2026-09-10 10:16:15,ABNB,169.17,-0.27,,173.75,172.5,0.0,AVG,-17.723209999999998,-1488,,,N/N,-1270,,,N/N,AVG-0,-6.532680000000001,-761,M,,N/N,-706,M,,N/N,0,-11.19053,-727,*,4.0,N/N,-564,*,4.0,N/N,1,-2.7193200000000006,-175,,,N/N,-153,,,N/N,0.0,0.0,0.0,0.0
2026-09-10 10:16:15,ABNB,169.17,-0.27,CURR,171.25,170.0,0.0,AVG,15.13923,-4271,M,,170.0,-4165,M,,170.0,AVG-0,20.17665,-2985,,,170.0,-3015,,,170.0,0,-5.037419999999999,-1286,*,3.0,N/N,-1150,*,3.0,N/N,1,-4.92393,-9193,-,1.0,N/N,-9131,-,1.0,N/N,0.0,0.0,0.0,0.0
2026-09-10 10:16:15,ABNB,169.17,-0.27,,168.75,167.5,0.0,AVG,-4.46838,-10838,-,1.0,N/N,-10709,-,1.0,N/N,AVG-0,-2.67521,-431,,,N/N,-390,,,N/N,0,-1.79317,-10407,M-,1.0,N/N,-10319,M-,1.0,N/N,1,-1.37022,-129,M,,N/N,-106,M,,N/N,0.0,0.0,0.0,0.0
2026-09-10 10:16:15,ABNB,169.17,-0.27,,166.25,165.0,0.0,AVG,8.669380000000002,-1218,*,,165.0,-1294,*,,165.0,AVG-0,1.32042,1352,,,165.0,1340,,,165.0,0,7.348960000000002,-2570,,2.0,165.0,-2634,,2.0,165.0,1,2.6082,3554,*,3.0,165.0,3526,*,3.0,165.0,0.0,0.0,0.0,0.0
2026-09-10 10:16:15,ABNB,169.17,-0.27,,163.75,162.5,0.0,AVG,-1.39925,-2547,*,,N/N,-2513,*,,N/N,AVG-0,-0.5069,-2465,,,N/N,-2454,,,N/N,0,-0.89235,-82,,,N/N,-59,,,N/N,1,-0.5069,-2056,*,4.0,N/N,-2045,*,4.0,N/N,0.0,0.0,0.0,0.0
2026-09-10 10:16:15,ABNB,169.17,-0.27,,161.25,160.0,0.0,AVG,-7.84427,10395,+,2.0,160.0,10495,+,2.0,160.0,AVG-0,-7.12619,10401,+,1.0,160.0,10496,+,1.0,160.0,0,-0.7180799999999999,-6,,,N/N,-1,,,N/N,1,0.5731199999999999,7996,+,2.0,160.0,8012,+,2.0,160.0,0.0,0.0,0.0,0.0
2026-09-10 10:16:15,ABNB,169.17,-0.27,,158.75,157.5,0.0,AVG,-0.76505,-723,,,N/N,-710,,,N/N,AVG-0,-0.76505,-721,*,,N/N,-708,*,,N/N,0,0.0,-2,,,157.5,-2,,,157.5,1,0.0,0,,,157.5,0,,,157.5,0.0,0.0,0.0,0.0
2026-09-10 10:16:15,ABNB,169.17,-0.27,,156.25,155.0,0.0,AVG,-13.46084,6400,,,155.0,6673,,,155.0,AVG-0,-13.46084,6400,*,,155.0,6673,*,,155.0,0,0.0,0,,,155.0,0,,,155.0,1,-14.174,-49,,,N/N,216,,,155.0,0.0,0.0,0.0,0.0
2026-09-10 10:16:15,ABNB,169.17,-0.27,,153.75,152.5,0.0,AVG,-3.4865600000000003,-89,,,N/N,-41,,,N/N,AVG-0,-3.4865600000000003,-89,*,,N/N,-41,*,,N/N,0,0.0,0,,,152.5,0,,,152.5,1,0.0,0,,,152.5,0,,,152.5,0.0,0.0,0.0,0.0
2026-09-10 10:16:15,ABNB,169.17,-0.27,,151.25,150.0,0.0,AVG,51.32835,2691,,,150.0,2666,,,150.0,AVG-0,51.32835,2691,*,,150.0,2666,*,,150.0,0,0.0,0,,,150.0,0,,,150.0,1,-0.3106,330,,,150.0,335,,,150.0,0.0,0.0,0.0,0.0
2026-09-10 10:16:15,ABNB,169.17,-0.27,,149.5,149.0,0.0,AVG,0.0,-13,,,149.0,-13,,,149.0,AVG-0,0.0,-13,*,,149.0,-13,*,,149.0,0,0.0,0,,,149.0,0,,,149.0,1,0.0,0,,,149.0,0,,,149.0,0.0,0.0,0.0,0.0
2026-09-10 10:16:15,ABNB,169.17,-0.27,,148.5,148.0,0.0,AVG,0.0,0,,,148.0,0,,,148.0,AVG-0,0.0,0,*,,148.0,0,*,,148.0,0,0.0,0,,,148.0,0,,,148.0,1,0.0,0,,,148.0,0,,,148.0,0.0,0.0,0.0,0.0
2026-09-10 10:16:15,ABNB,169.17,-0.27,,147.5,147.0,0.0,AVG,0.0,0,,,147.0,0,,,147.0,AVG-0,0.0,0,*,,147.0,0,*,,147.0,0,0.0,0,,,147.0,0,,,147.0,1,0.0,0,,,147.0,0,,,147.0,0.0,0.0,0.0,0.0
2026-09-10 10:16:15,ABNB,169.17,-0.27,,146.5,146.0,0.0,AVG,0.0,-1,,,146.0,-1,,,146.0,AVG-0,0.0,-1,*,,146.0,-1,*,,146.0,0,0.0,0,,,146.0,0,,,146.0,1,0.0,0,,,146.0,0,,,146.0,0.0,0.0,0.0,0.0
2026-09-10 10:16:15,ABNB,169.17,-0.27,,145.5,145.0,0.0,AVG,-3.16686,559,,,145.0,594,,,145.0,AVG-0,-3.16686,559,*,,145.0,594,*,,145.0,0,0.0,0,,,145.0,0,,,145.0,1,0.0,-11,,,145.0,-11,,,145.0,0.0,0.0,0.0,0.0
2026-09-10 10:16:15,ABNB,169.17,-0.27,,144.5,144.0,0.0,AVG,0.0,0,,,144.0,0,,,144.0,AVG-0,0.0,0,*,,144.0,0,*,,144.0,0,0.0,0,,,144.0,0,,,144.0,1,0.0,0,,,144.0,0,,,144.0,0.0,0.0,0.0,0.0
2026-09-10 10:16:15,ABNB,169.17,-0.27,,143.5,143.0,0.0,AVG,0.0,0,,,143.0,0,,,143.0,AVG-0,0.0,0,*,,143.0,0,*,,143.0,0,0.0,0,,,143.0,0,,,143.0,1,0.0,0,,,143.0,0,,,143.0,0.0,0.0,0.0,0.0
2026-09-10 10:16:15,ABNB,169.17,-0.27,,142.5,142.0,0.0,AVG,0.0,0,,,142.0,0,,,142.0,AVG-0,0.0,0,*,,142.0,0,*,,142.0,0,0.0,0,,,142.0,0,,,142.0,1,0.0,0,,,142.0,0,,,142.0,0.0,0.0,0.0,0.0
2026-09-10 10:16:15,ABNB,169.17,-0.27,,141.5,141.0,0.0,AVG,0.0,0,,,141.0,0,,,141.0,AVG-0,0.0,0,*,,141.0,0,*,,141.0,0,0.0,0,,,141.0,0,,,141.0,1,0.0,0,,,141.0,0,,,141.0,0.0,0.0,0.0,0.0
2026-09-10 10:16:15,ABNB,169.17,-0.27,,140.5,140.0,0.0,AVG,78.16469000000001,7714,,4.0,140.0,7607,,4.0,140.0,AVG-0,78.16469000000001,7714,*,3.0,140.0,7607,*,3.0,140.0,0,0.0,0,,,140.0,0,,,140.0,1,0.0,2,,,140.0,2,,,140.0,0.0,0.0,0.0,0.0
2026-09-10 10:16:15,ABNB,169.17,-0.27,,139.5,139.0,0.0,AVG,0.0,0,,,139.0,0,,,139.0,AVG-0,0.0,0,*,,139.0,0,*,,139.0,0,0.0,0,,,139.0,0,,,139.0,1,0.0,0,,,139.0,0,,,139.0,0.0,0.0,0.0,0.0
2026-09-10 10:16:15,ABNB,169.17,-0.27,,138.5,138.0,0.0,AVG,0.0,0,,,138.0,0,,,138.0,AVG-0,0.0,0,*,,138.0,0,*,,138.0,0,0.0,0,,,138.0,0,,,138.0,1,0.0,0,,,138.0,0,,,138.0,0.0,0.0,0.0,0.0
2026-09-10 10:16:15,ABNB,169.17,-0.27,,137.5,137.0,0.0,AVG,0.0,0,,,137.0,0,,,137.0,AVG-0,0.0,0,*,,137.0,0,*,,137.0,0,0.0,0,,,137.0,0,,,137.0,1,0.0,0,,,137.0,0,,,137.0,0.0,0.0,0.0,0.0
2026-09-10 10:16:15,ABNB,169.17,-0.27,,136.0,135.0,0.0,AVG,1.91948,-4747,,,135.0,-4747,,,135.0,AVG-0,1.91948,-4747,-,,135.0,-4747,-,,135.0,0,0.0,0,,,135.0,0,,,135.0,1,0.0,0,,,135.0,0,,,135.0,0.0,0.0,0.0,0.0
2026-09-10 10:16:15,ABNB,169.17,-0.27,,132.5,130.0,0.0,AVG,1.9981,-1930,,,130.0,-1930,,,130.0,AVG-0,1.9981,-1930,,,130.0,-1930,,,130.0,0,0.0,0,,,130.0,0,,,130.0,1,1.9981,0,,,130.0,0,,,130.0,0.0,0.0,0.0,0.0
2026-09-10 10:16:15,ABNB,169.17,-0.27,,127.5,125.0,0.0,AVG,1.96492,-2781,,,125.0,-2781,,,125.0,AVG-0,1.96492,-2781,,,125.0,-2781,,,125.0,0,0.0,0,,,125.0,0,,,125.0,1,1.97659,0,,,125.0,0,,,125.0,0.0,0.0,0.0,0.0
2026-09-10 10:16:15,ABNB,169.17,-0.27,,122.5,120.0,0.0,AVG,1.97366,-3904,,,120.0,-3904,,,120.0,AVG-0,1.97366,-3904,,,120.0,-3904,,,120.0,0,0.0,0,,,120.0,0,,,120.0,1,0.0,0,,,120.0,0,,,120.0,0.0,0.0,0.0,0.0
2026-09-10 10:16:15,ABNB,169.17,-0.27,,117.5,115.0,0.0,AVG,0.0,-420,,,115.0,-420,,,115.0,AVG-0,0.0,-420,,,115.0,-420,,,115.0,0,0.0,0,,,115.0,0,,,115.0,1,0.0,0,,,115.0,0,,,115.0,0.0,0.0,0.0,0.0
2026-09-10 10:16:15,ABNB,169.17,-0.27,,112.5,110.0,0.0,AVG,-0.0511999999999999,-1133,,,N/N,-1133,,,N/N,AVG-0,-0.0511999999999999,-1133,,,N/N,-1133,,,N/N,0,0.0,0,,,110.0,0,,,110.0,1,-0.01168,0,,,110.0,0,,,110.0,0.0,0.0,0.0,0.0
2026-09-10 10:16:15,ABNB,169.17,-0.27,,107.5,105.0,0.0,AVG,-0.5686,-780,,,N/N,-778,,,N/N,AVG-0,-0.5686,-780,,,N/N,-778,,,N/N,0,0.0,0,,,105.0,0,,,105.0,1,0.0,0,,,105.0,0,,,105.0,0.0,0.0,0.0,0.0
2026-09-10 10:16:15,ABNB,169.17,-0.27,,102.5,100.0,0.0,AVG,0.15005,-622,,,100.0,-619,,,100.0,AVG-0,0.15005,-622,,,100.0,-619,,,100.0,0,0.0,0,,,100.0,0,,,100.0,1,0.0,0,,,100.0,0,,,100.0,0.0,0.0,0.0,0.0
2026-09-10 10:16:15,ABNB,169.17,-0.27,,97.5,95.0,0.0,AVG,-0.591,-181,,,N/N,-180,,,N/N,AVG-0,-0.591,-181,,,N/N,-180,,,N/N,0,0.0,0,,,95.0,0,,,95.0,1,0.0,0,,,95.0,0,,,95.0,0.0,0.0,0.0,0.0
2026-09-10 10:16:15,ABNB,169.17,-0.27,,92.5,90.0,0.0,AVG,-0.4546,-47,,,N/N,-46,,,N/N,AVG-0,-0.4546,-47,,,N/N,-46,,,N/N,0,0.0,0,,,90.0,0,,,90.0,1,0.0,0,,,90.0,0,,,90.0,0.0,0.0,0.0,0.0
2026-09-10 10:16:15,ABNB,169.17,-0.27,,87.5,85.0,0.0,AVG,0.0,-81,,,85.0,-81,,,85.0,AVG-0,0.0,-81,,,85.0,-81,,,85.0,0,0.0,0,,,85.0,0,,,85.0,1,0.0,0,,,85.0,0,,,85.0,0.0,0.0,0.0,0.0
2026-09-10 10:16:15,ABNB,169.17,-0.27,,82.5,80.0,0.0,AVG,0.0,-63,,,80.0,-63,,,80.0,AVG-0,0.0,-63,,,80.0,-63,,,80.0,0,0.0,0,,,80.0,0,,,80.0,1,0.0,0,,,80.0,0,,,80.0,0.0,0.0,0.0,0.0
2026-09-10 10:16:15,ABNB,169.17,-0.27,,77.5,75.0,0.0,AVG,0.0,-7,,,75.0,-7,,,75.0,AVG-0,0.0,-7,,,75.0,-7,,,75.0,0,0.0,0,,,75.0,0,,,75.0,1,0.0,0,,,75.0,0,,,75.0,0.0,0.0,0.0,0.0
2026-09-10 10:16:15,ABNB,169.17,-0.27,,72.5,70.0,0.0,AVG,0.0,-18,,,70.0,-18,,,70.0,AVG-0,0.0,-18,,,70.0,-18,,,70.0,0,0.0,0,,,70.0,0,,,70.0,1,0.0,0,,,70.0,0,,,70.0,0.0,0.0,0.0,0.0
2026-09-10 10:16:15,ABNB,169.17,-0.27,,67.5,65.0,0.0,AVG,-0.2259,-3,,,N/N,-2,,,N/N,AVG-0,-0.2259,-3,,,N/N,-2,,,N/N,0,0.0,0,,,65.0,0,,,65.0,1,0.0,0,,,65.0,0,,,65.0,0.0,0.0,0.0,0.0
2026-09-10 10:16:15,ABNB,169.17,-0.27,,62.5,60.0,0.0,AVG,0.0,-1,,,60.0,-1,,,60.0,AVG-0,0.0,-1,,,60.0,-1,,,60.0,0,0.0,0,,,60.0,0,,,60.0,1,0.0,0,,,60.0,0,,,60.0,0.0,0.0,0.0,0.0
2026-09-10 10:16:15,ABNB,169.17,-0.27,,57.5,55.0,0.0,AVG,0.0,0,,,55.0,0,,,55.0,AVG-0,0.0,0,,,55.0,0,,,55.0,0,0.0,0,,,55.0,0,,,55.0,1,0.0,0,,,55.0,0,,,55.0,0.0,0.0,0.0,0.0
2026-09-10 10:16:15,ABT,104.85,-0.36,,,200.0,0.0,AVG,0.0,42,,,200.0,42,,,200.0,AVG-0,0.0,42,,,200.0,42,,,200.0,0,0.0,0,,,200.0,0,,,200.0,1,0.0,0,,,200.0,0,,,200.0,0.0,0.0,0.0,0.0
2026-09-10 10:16:15,ABT,104.85,-0.36,,197.5,195.0,0.0,AVG,0.0,2,,,195.0,2,,,195.0,AVG-0,0.0,2,,,195.0,2,,,195.0,0,0.0,0,,,195.0,0,,,195.0,1,0.0,0,,,195.0,0,,,195.0,0.0,0.0,0.0,0.0
2026-09-10 10:16:15,ABT,104.85,-0.36,,192.5,190.0,0.0,AVG,0.0,7,,,190.0,7,,,190.0,AVG-0,0.0,7,,,190.0,7,,,190.0,0,0.0,0,,,190.0,0,,,190.0,1,0.0,0,,,190.0,0,,,190.0,0.0,0.0,0.0,0.0
2026-09-10 10:16:15,ABT,104.85,-0.36,,187.5,185.0,0.0,AVG,0.0,1,,,185.0,1,,,185.0,AVG-0,0.0,1,,,185.0,1,,,185.0,0,0.0,0,,,185.0,0,,,185.0,1,0.0,0,,,185.0,0,,,185.0,0.0,0.0,0.0,0.0
2026-09-10 10:16:15,ABT,104.85,-0.36,,182.5,180.0,0.0,AVG,0.0,19,,,180.0,19,,,180.0,AVG-0,0.0,19,,,180.0,19,,,180.0,0,0.0,0,,,180.0,0,,,180.0,1,0.0,0,,,180.0,0,,,180.0,0.0,0.0,0.0,0.0
2026-09-10 10:16:15,ABT,104.85,-0.36,,177.5,175.0,0.0,AVG,0.0,16,,,175.0,16,,,175.0,AVG-0,0.0,16,,,175.0,16,,,175.0,0,0.0,0,,,175.0,0,,,175.0,1,0.0,0,,,175.0,0,,,175.0,0.0,0.0,0.0,0.0
2026-09-10 10:16:15,ABT,104.85,-0.36,,172.5,170.0,0.0,AVG,0.0,93,,,170.0,93,,,170.0,AVG-0,0.0,93,,,170.0,93,,,170.0,0,0.0,0,,,170.0,0,,,170.0,1,0.0,0,,,170.0,0,,,170.0,0.0,0.0,0.0,0.0
2026-09-10 10:16:15,ABT,104.85,-0.36,,167.5,165.0,0.0,AVG,0.0,131,,,165.0,131,,,165.0,AVG-0,0.0,131,,,165.0,131,,,165.0,0,0.0,0,,,165.0,0,,,165.0,1,0.0,0,,,165.0,0,,,165.0,0.0,0.0,0.0,0.0
2026-09-10 10:16:15,ABT,104.85,-0.36,,162.5,160.0,0.0,AVG,0.0,296,,,160.0,296,,,160.0,AVG-0,0.0,296,,,160.0,296,,,160.0,0,0.0,0,,,160.0,0,,,160.0,1,0.0,0,,,160.0,0,,,160.0,0.0,0.0,0.0,0.0
2026-09-10 10:16:15,ABT,104.85,-0.36,,157.5,155.0,0.0,AVG,0.0,716,,,155.0,716,,,155.0,AVG-0,0.0,716,,,155.0,716,,,155.0,0,0.0,0,,,155.0,0,,,155.0,1,0.0,0,,,155.0,0,,,155.0,0.0,0.0,0.0,0.0
2026-09-10 10:16:15,ABT,104.85,-0.36,,152.5,150.0,0.0,AVG,0.0,1074,,,150.0,1074,,,150.0,AVG-0,0.0,1074,,,150.0,1074,,,150.0,0,0.0,0,,,150.0,0,,,150.0,1,0.0,0,,,150.0,0,,,150.0,0.0,0.0,0.0,0.0
2026-09-10 10:16:15,ABT,104.85,-0.36,,147.5,145.0,0.0,AVG,0.0,426,,,145.0,426,,,145.0,AVG-0,0.0,426,,,145.0,426,,,145.0,0,0.0,0,,,145.0,0,,,145.0,1,0.0,0,,,145.0,0,,,145.0,0.0,0.0,0.0,0.0
2026-09-10 10:16:15,ABT,104.85,-0.36,,142.5,140.0,0.0,AVG,0.20564,1875,,,140.0,1874,,,140.0,AVG-0,0.20564,1875,,,140.0,1874,,,140.0,0,0.0,0,,,140.0,0,,,140.0,1,0.0,0,,,140.0,0,,,140.0,0.0,0.0,0.0,0.0
2026-09-10 10:16:15,ABT,104.85,-0.36,,137.5,135.0,0.0,AVG,0.0,4301,,,135.0,4301,,,135.0,AVG-0,0.0,4301,,,135.0,4301,,,135.0,0,0.0,0,,,135.0,0,,,135.0,1,0.0,0,,,135.0,0,,,135.0,0.0,0.0,0.0,0.0
2026-09-10 10:16:15,ABT,104.85,-0.36,,132.5,130.0,0.0,AVG,0.8803,4675,,,130.0,4664,,,130.0,AVG-0,0.8803,4675,,,130.0,4664,,,130.0,0,0.0,0,,,130.0,0,,,130.0,1,0.0,0,,,130.0,0,,,130.0,0.0,0.0,0.0,0.0
2026-09-10 10:16:15,ABT,104.85,-0.36,,129.5,129.0,0.0,AVG,0.0,0,,,129.0,0,,,129.0,AVG-0,0.0,0,,,129.0,0,,,129.0,0,0.0,0,,,129.0,0,,,129.0,1,0.0,0,,,129.0,0,,,129.0,0.0,0.0,0.0,0.0
2026-09-10 10:16:15,ABT,104.85,-0.36,,128.5,128.0,0.0,AVG,0.0,1,,,128.0,1,,,128.0,AVG-0,0.0,1,,,128.0,1,,,128.0,0,0.0,0,,,128.0,0,,,128.0,1,0.0,0,,,128.0,0,,,128.0,0.0,0.0,0.0,0.0
2026-09-10 10:16:15,ABT,104.85,-0.36,,127.5,127.0,0.0,AVG,0.0,0,,,127.0,0,,,127.0,AVG-0,0.0,0,,,127.0,0,,,127.0,0,0.0,0,,,127.0,0,,,127.0,1,0.0,0,,,127.0,0,,,127.0,0.0,0.0,0.0,0.0
2026-09-10 10:16:15,ABT,104.85,-0.36,,126.5,126.0,0.0,AVG,0.0,3,,,126.0,3,,,126.0,AVG-0,0.0,3,,,126.0,3,,,126.0,0,0.0,0,,,126.0,0,,,126.0,1,0.0,0,,,126.0,0,,,126.0,0.0,0.0,0.0,0.0
2026-09-10 10:16:15,ABT,104.85,-0.36,,125.5,125.0,0.0,AVG,0.52619,14665,,5.0,125.0,14658,,5.0,125.0,AVG-0,0.52619,14665,,5.0,125.0,14658,,5.0,125.0,0,0.0,0,,,125.0,0,,,125.0,1,0.0,22,,,125.0,22,,,125.0,0.0,0.0,0.0,0.0
2026-09-10 10:16:15,ABT,104.85,-0.36,,124.5,124.0,0.0,AVG,0.0,0,,,124.0,0,,,124.0,AVG-0,0.0,0,,,124.0,0,,,124.0,0,0.0,0,,,124.0,0,,,124.0,1,0.0,0,,,124.0,0,,,124.0,0.0,0.0,0.0,0.0
2026-09-10 10:16:15,ABT,104.85,-0.36,,123.5,123.0,0.0,AVG,0.0,8,,,123.0,8,,,123.0,AVG-0,0.0,8,,,123.0,8,,,123.0,0,0.0,0,,,123.0,0,,,123.0,1,0.0,0,,,123.0,0,,,123.0,0.0,0.0,0.0,0.0
2026-09-10 10:16:15,ABT,104.85,-0.36,,122.5,122.0,0.0,AVG,0.0,124,,,122.0,124,,,122.0,AVG-0,0.0,124,,,122.0,124,,,122.0,0,0.0,0,,,122.0,0,,,122.0,1,0.0,2,,,122.0,2,,,122.0,0.0,0.0,0.0,0.0
2026-09-10 10:16:15,ABT,104.85,-0.36,,121.5,121.0,0.0,AVG,0.0,11,,,121.0,11,,,121.0,AVG-0,0.0,11,,,121.0,11,,,121.0,0,0.0,0,,,121.0,0,,,121.0,1,0.0,1,,,121.0,1,,,121.0,0.0,0.0,0.0,0.0
2026-09-10 10:16:15,ABT,104.85,-0.36,,120.5,120.0,0.0,AVG,1.09713,22372,,4.0,120.0,22350,,4.0,120.0,AVG-0,1.09713,22372,,4.0,120.0,22350,,4.0,120.0,0,0.0,0,,,120.0,0,,,120.0,1,0.0,207,,,120.0,207,,,120.0,0.0,0.0,0.0,0.0
2026-09-10 10:16:15,ABT,104.85,-0.36,,119.5,119.0,0.0,AVG,0.0,26,,,119.0,26,,,119.0,AVG-0,0.0,26,,,119.0,26,,,119.0,0,0.0,0,,,119.0,0,,,119.0,1,0.0,1,,,119.0,1,,,119.0,0.0,0.0,0.0,0.0
2026-09-10 10:16:15,ABT,104.85,-0.36,,118.5,118.0,0.0,AVG,0.0,101,,,118.0,101,,,118.0,AVG-0,0.0,101,,,118.0,101,,,118.0,0,0.0,0,,,118.0,0,,,118.0,1,0.0,22,,,118.0,22,,,118.0,0.0,0.0,0.0,0.0
2026-09-10 10:16:15,ABT,104.85,-0.36,,117.5,117.0,0.0,AVG,0.0,650,,,117.0,650,,,117.0,AVG-0,0.0,650,,,117.0,650,,,117.0,0,0.0,0,,,117.0,0,,,117.0,1,0.0,360,,,117.0,360,,,117.0,0.0,0.0,0.0,0.0
2026-09-10 10:16:15,ABT,104.85,-0.36,,116.5,116.0,0.0,AVG,0.0,685,,,116.0,685,,,116.0,AVG-0,0.0,685,,,116.0,685,,,116.0,0,0.0,0,,,116.0,0,,,116.0,1,0.0,-4,,,116.0,-4,,,116.0,0.0,0.0,0.0,0.0
2026-09-10 10:16:15,ABT,104.85,-0.36,,115.5,115.0,0.0,AVG,1.8406500000000003,23603,,3.0,115.0,23547,,3.0,115.0,AVG-0,1.8129000000000004,23603,,3.0,115.0,23547,,3.0,115.0,0,0.02775,0,,,115.0,0,,,115.0,1,-1.9179,2431,,3.0,115.0,2432,,3.0,115.0,0.0,0.0,0.0,0.0
2026-09-10 10:16:15,ABT,104.85,-0.36,,114.5,114.0,0.0,AVG,0.0,437,,,114.0,437,,,114.0,AVG-0,0.0,437,,,114.0,437,,,114.0,0,0.0,0,,,114.0,0,,,114.0,1,0.0,169,,,114.0,169,,,114.0,0.0,0.0,0.0,0.0
2026-09-10 10:16:15,ABT,104.85,-0.36,,113.5,113.0,0.0,AVG,0.01922,226,,,113.0,226,,,113.0,AVG-0,0.0,226,,,113.0,226,,,113.0,0,0.01922,0,,,113.0,0,,,113.0,1,0.0,159,,,113.0,159,,,113.0,0.0,0.0,0.0,0.0
2026-09-10 10:16:15,ABT,104.85,-0.36,,112.5,112.0,0.0,AVG,0.0,1281,,,112.0,1281,,,112.0,AVG-0,0.0,1280,,,112.0,1280,,,112.0,0,0.0,1,,,112.0,1,,,112.0,1,0.0,197,,,112.0,197,,,112.0,0.0,0.0,0.0,0.0
2026-09-10 10:16:15,ABT,104.85,-0.36,,111.5,111.0,0.0,AVG,1.1842,532,,,111.0,501,,,111.0,AVG-0,2.15923,529,,,111.0,498,,,111.0,0,-0.97503,3,,,111.0,3,,,111.0,1,-0.92677,217,,,111.0,221,,,111.0,0.0,0.0,0.0,0.0
2026-09-10 10:16:15,ABT,104.85,-0.36,,110.5,110.0,0.0,AVG,7.72846,51503,M+,1.0,110.0,51317,M+,1.0,110.0,AVG-0,7.64812,51463,M+,1.0,110.0,51278,M+,1.0,110.0,0,0.08034,40,,,110.0,39,,,110.0,1,0.7262899999999997,38415,M+,1.0,110.0,38303,+,1.0,110.0,0.0,0.0,0.0,0.0
2026-09-10 10:16:15,ABT,104.85,-0.36,,109.5,109.0,0.0,AVG,-6.62091,1749,*,,109.0,1781,*,,109.0,AVG-0,-3.7185,538,*,,109.0,566,*,,109.0,0,-2.90241,1211,,5.0,109.0,1215,,5.0,109.0,1,0.0,290,*,,109.0,290,M,,109.0,0.0,0.0,0.0,0.0
2026-09-10 10:16:15,ABT,104.85,-0.36,,108.5,108.0,0.0,AVG,-20.60642,-5084,-,,N/N,-4929,-,,N/N,AVG-0,-15.27331,-1581,*,,N/N,-1450,*,,N/N,0,-5.33311,-3503,,3.0,N/N,-3479,,2.0,N/N,1,0.0,-678,*,,108.0,-678,*,,108.0,0.0,0.0,0.0,0.0
2026-09-10 10:16:15,ABT,104.85,-0.36,,107.5,107.0,0.0,AVG,-6.04365,-703,,,N/N,-635,,,N/N,AVG-0,-3.57936,-59,*,,N/N,-26,*,,N/N,0,-2.46429,-644,,,N/N,-609,,,N/N,1,0.0,-118,*,,107.0,-118,*,,107.0,0.0,0.0,0.0,0.0
2026-09-10 10:16:15,ABT,104.85,-0.36,,106.5,106.0,0.0,AVG,-5.79297,386,,,106.0,489,,,106.0,AVG-0,-1.87131,-1697,*,,N/N,-1672,*,,N/N,0,-3.92166,2083,M,4.0,106.0,2161,M,4.0,106.0,1,-1.31476,-454,*,,N/N,-436,*,,N/N,0.0,0.0,0.0,0.0
2026-09-10 10:16:15,ABT,104.85,-0.36,CURR,105.5,105.0,0.0,AVG,-4.666530000000001,29795,,2.0,105.0,29849,,2.0,105.0,AVG-0,-8.95924,26154,*,2.0,105.0,26423,*,2.0,105.0,0,4.29271,3641,+,2.0,105.0,3426,+,3.0,105.0,1,-17.13775,16169,*,2.0,105.0,16496,*,2.0,105.0,0.0,0.0,0.0,0.0
2026-09-10 10:16:15,ABT,104.85,-0.36,,104.5,104.0,0.0,AVG,-2.8768800000000003,-3752,,,N/N,-3696,,,N/N,AVG-0,-2.52972,-38,*,,N/N,-4,*,,N/N,0,-0.34716,-3714,-,1.0,N/N,-3692,-,1.0,N/N,1,0.0,-82,*,,104.0,-82,*,,104.0,0.0,0.0,0.0,0.0
2026-09-10 10:16:15,ABT,104.85,-0.36,,103.5,103.0,0.0,AVG,0.7361899999999999,-646,,,103.0,-653,,,103.0,AVG-0,-0.08937,-311,*,,N/N,-305,*,,N/N,0,0.82556,-335,,,103.0,-348,,,103.0,1,-0.31699,-127,*,,N/N,-119,*,,N/N,0.0,0.0,0.0,0.0
2026-09-10 10:16:15,ABT,104.85,-0.36,,102.5,102.0,0.0,AVG,-7.22118,-850,,,N/N,-712,,,N/N,AVG-0,-7.22118,-766,*,,N/N,-628,*,,N/N,0,0.0,-84,,,102.0,-84,,,102.0,1,0.0,-82,*,,102.0,-82,*,,102.0,0.0,0.0,0.0,0.0
2026-09-10 10:16:15,ABT,104.85,-0.36,,101.5,101.0,0.0,AVG,1.5396200000000002,-111,,,101.0,-109,,,101.0,AVG-0,1.5396200000000002,-131,*,,101.0,-129,*,,101.0,0,0.0,20,,,101.0,20,,,101.0,1,0.0,0,*,,101.0,0,*,,101.0,0.0,0.0,0.0,0.0
2026-09-10 10:16:15,ABT,104.85,-0.36,,100.5,100.0,0.0,AVG,30.18431,-1155,,,100.0,-1284,,,100.0,AVG-0,30.18431,-1163,*,,100.0,-1292,*,,100.0,0,0.0,8,,,100.0,8,,,100.0,1,0.86465,-2294,-,4.0,100.0,-2299,-,4.0,100.0,0.0,0.0,0.0,0.0
2026-09-10 10:16:15,ABT,104.85,-0.36,,99.5,99.0,0.0,AVG,0.0,-131,,,99.0,-131,,,99.0,AVG-0,0.0,-132,*,,99.0,-132,*,,99.0,0,0.0,1,,,99.0,1,,,99.0,1,0.0,0,,,99.0,0,,,99.0,0.0,0.0,0.0,0.0
2026-09-10 10:16:15,ABT,104.85,-0.36,,98.5,98.0,0.0,AVG,0.0,-37,,,98.0,-37,,,98.0,AVG-0,0.0,-37,*,,98.0,-37,*,,98.0,0,0.0,0,,,98.0,0,,,98.0,1,0.0,0,,,98.0,0,,,98.0,0.0,0.0,0.0,0.0
2026-09-10 10:16:15,ABT,104.85,-0.36,,97.75,97.5,0.0,AVG,0.0,-1401,,,97.5,-1401,,,97.5,AVG-0,0.0,-1401,*,,97.5,-1401,*,,97.5,0,0.0,0,,,97.5,0,,,97.5,1,0.0,-1699,,5.0,97.5,-1699,,5.0,97.5,0.0,0.0,0.0,0.0
2026-09-10 10:16:15,ABT,104.85,-0.36,,97.25,97.0,0.0,AVG,0.0,-49,,,97.0,-49,,,97.0,AVG-0,0.0,-49,*,,97.0,-49,*,,97.0,0,0.0,0,,,97.0,0,,,97.0,1,0.0,0,,,97.0,0,,,97.0,0.0,0.0,0.0,0.0
2026-09-10 10:16:15,ABT,104.85,-0.36,,96.5,96.0,0.0,AVG,0.0,-2,,,96.0,-2,,,96.0,AVG-0,0.0,-2,*,,96.0,-2,*,,96.0,0,0.0,0,,,96.0,0,,,96.0,1,0.0,0,,,96.0,0,,,96.0,0.0,0.0,0.0,0.0
2026-09-10 10:16:15,ABT,104.85,-0.36,,95.5,95.0,0.0,AVG,58.33224,6769,,,95.0,6686,,,95.0,AVG-0,58.33224,6769,*,,95.0,6686,*,,95.0,0,0.0,0,,,95.0,0,,,95.0,1,0.0,-1000,,,95.0,-1000,,,95.0,0.0,0.0,0.0,0.0
2026-09-10 10:16:15,ABT,104.85,-0.36,,94.5,94.0,0.0,AVG,0.0,0,,,94.0,0,,,94.0,AVG-0,0.0,0,*,,94.0,0,*,,94.0,0,0.0,0,,,94.0,0,,,94.0,1,0.0,0,,,94.0,0,,,94.0,0.0,0.0,0.0,0.0
2026-09-10 10:16:15,ABT,104.85,-0.36,,93.5,93.0,0.0,AVG,0.0,0,,,93.0,0,,,93.0,AVG-0,0.0,0,*,,93.0,0,*,,93.0,0,0.0,0,,,93.0,0,,,93.0,1,0.0,0,,,93.0,0,,,93.0,0.0,0.0,0.0,0.0
2026-09-10 10:16:15,ABT,104.85,-0.36,,92.75,92.5,0.0,AVG,6.17961,602,,,92.5,606,,,92.5,AVG-0,6.17961,602,*,,92.5,606,*,,92.5,0,0.0,0,,,92.5,0,,,92.5,1,6.84978,-1,,,92.5,-2,,,92.5,0.0,0.0,0.0,0.0
2026-09-10 10:16:15,ABT,104.85,-0.36,,92.25,92.0,0.0,AVG,0.0,0,,,92.0,0,,,92.0,AVG-0,0.0,0,*,,92.0,0,*,,92.0,0,0.0,0,,,92.0,0,,,92.0,1,0.0,0,,,92.0,0,,,92.0,0.0,0.0,0.0,0.0
2026-09-10 10:16:15,ABT,104.85,-0.36,,91.5,91.0,0.0,AVG,0.0,0,,,91.0,0,,,91.0,AVG-0,0.0,0,*,,91.0,0,*,,91.0,0,0.0,0,,,91.0,0,,,91.0,1,0.0,0,,,91.0,0,,,91.0,0.0,0.0,0.0,0.0
2026-09-10 10:16:15,ABT,104.85,-0.36,,90.5,90.0,0.0,AVG,0.75752,-4072,,,90.0,-4073,,,90.0,AVG-0,0.75752,-4072,-,,90.0,-4073,-,,90.0,0,0.0,0,,,90.0,0,,,90.0,1,0.0,-10,,,90.0,-10,,,90.0,0.0,0.0,0.0,0.0
2026-09-10 10:16:15,ABT,104.85,-0.36,,88.75,87.5,0.0,AVG,0.0,-1058,,,87.5,-1058,,,87.5,AVG-0,0.0,-1058,,,87.5,-1058,,,87.5,0,0.0,0,,,87.5,0,,,87.5,1,0.0,0,,,87.5,0,,,87.5,0.0,0.0,0.0,0.0
2026-09-10 10:16:15,ABT,104.85,-0.36,,86.25,85.0,0.0,AVG,-0.08285,-2815,,,N/N,-2814,,,N/N,AVG-0,-0.08285,-2815,,,N/N,-2814,,,N/N,0,0.0,0,,,85.0,0,,,85.0,1,0.0,0,,,85.0,0,,,85.0,0.0,0.0,0.0,0.0
2026-09-10 10:16:15,ABT,104.85,-0.36,,83.75,82.5,0.0,AVG,0.0,-784,,,82.5,-784,,,82.5,AVG-0,0.0,-784,,,82.5,-784,,,82.5,0,0.0,0,,,82.5,0,,,82.5,1,0.0,0,,,82.5,0,,,82.5,0.0,0.0,0.0,0.0
2026-09-10 10:16:15,ABT,104.85,-0.36,,81.25,80.0,0.0,AVG,-0.65928,-3596,,,N/N,-3593,,,N/N,AVG-0,-0.65928,-3596,,,N/N,-3593,,,N/N,0,0.0,0,,,80.0,0,,,80.0,1,0.0,0,,,80.0,0,,,80.0,0.0,0.0,0.0,0.0
2026-09-10 10:16:15,ABT,104.85,-0.36,,78.75,77.5,0.0,AVG,0.0,-737,,,77.5,-737,,,77.5,AVG-0,0.0,-737,,,77.5,-737,,,77.5,0,0.0,0,,,77.5,0,,,77.5,1,0.0,0,,,77.5,0,,,77.5,0.0,0.0,0.0,0.0
2026-09-10 10:16:15,ABT,104.85,-0.36,,76.25,75.0,0.0,AVG,0.0,-1624,,,75.0,-1624,,,75.0,AVG-0,0.0,-1624,,,75.0,-1624,,,75.0,0,0.0,0,,,75.0,0,,,75.0,1,0.0,0,,,75.0,0,,,75.0,0.0,0.0,0.0,0.0
2026-09-10 10:16:15,ABT,104.85,-0.36,,72.5,70.0,0.0,AVG,0.0,-120,,,70.0,-120,,,70.0,AVG-0,0.0,-120,,,70.0,-120,,,70.0,0,0.0,0,,,70.0,0,,,70.0,1,0.0,0,,,70.0,0,,,70.0,0.0,0.0,0.0,0.0
2026-09-10 10:16:15,ABT,104.85,-0.36,,67.5,65.0,0.0,AVG,0.0,-39,,,65.0,-39,,,65.0,AVG-0,0.0,-39,,,65.0,-39,,,65.0,0,0.0,0,,,65.0,0,,,65.0,1,0.0,0,,,65.0,0,,,65.0,0.0,0.0,0.0,0.0
2026-09-10 10:16:15,ABT,104.85,-0.36,,62.5,60.0,0.0,AVG,0.0,-60,,,60.0,-60,,,60.0,AVG-0,0.0,-60,,,60.0,-60,,,60.0,0,0.0,0,,,60.0,0,,,60.0,1,0.0,0,,,60.0,0,,,60.0,0.0,0.0,0.0,0.0
2026-09-10 10:16:15,ABT,104.85,-0.36,,57.5,55.0,0.0,AVG,0.0,-7,,,55.0,-7,,,55.0,AVG-0,0.0,-7,,,55.0,-7,,,55.0,0,0.0,0,,,55.0,0,,,55.0,1,0.0,0,,,55.0,0,,,55.0,0.0,0.0,0.0,0.0
2026-09-10 10:16:15,ABT,104.85,-0.36,,52.5,50.0,0.0,AVG,0.0,0,,,50.0,0,,,50.0,AVG-0,0.0,0,,,50.0,0,,,50.0,0,0.0,0,,,50.0,0,,,50.0,1,0.0,0,,,50.0,0,,,50.0,0.0,0.0,0.0,0.0
2026-09-10 10:16:15,ABT,104.85,-0.36,,48.75,47.5,0.0,AVG,0.0,-2,,,47.5,-2,,,47.5,AVG-0,0.0,-2,,,47.5,-2,,,47.5,0,0.0,0,,,47.5,0,,,47.5,1,0.0,0,,,47.5,0,,,47.5,0.0,0.0,0.0,0.0
2026-09-10 10:16:15,ABT,104.85,-0.36,,46.25,45.0,0.0,AVG,0.0,-5,,,45.0,-5,,,45.0,AVG-0,0.0,-5,,,45.0,-5,,,45.0,0,0.0,0,,,45.0,0,,,45.0,1,0.0,0,,,45.0,0,,,45.0,0.0,0.0,0.0,0.0
2026-09-10 10:16:15,ACHR,5.51,0.27,,,27.0,0.0,AVG,0.0,2877,,,27.0,2877,,,27.0,AVG-0,0.0,2877,,,27.0,2877,,,27.0,0,0.0,0,,5.0,27.0,0,,5.0,27.0,1,0.0,0,,,27.0,0,,,27.0,0.0,0.0,0.0,0.0
2026-09-10 10:16:15,ACHR,5.51,0.27,,26.0,25.0,0.0,AVG,0.0,495,,,25.0,495,,,25.0,AVG-0,0.0,495,,,25.0,495,,,25.0,0,0.0,0,,5.0,25.0,0,,5.0,25.0,1,0.0,0,,,25.0,0,,,25.0,0.0,0.0,0.0,0.0
2026-09-10 10:16:15,ACHR,5.51,0.27,,23.5,22.0,0.0,AVG,0.0,424,,,22.0,424,,,22.0,AVG-0,0.0,424,,,22.0,424,,,22.0,0,0.0,0,,5.0,22.0,0,,5.0,22.0,1,0.0,0,,,22.0,0,,,22.0,0.0,0.0,0.0,0.0
2026-09-10 10:16:15,ACHR,5.51,0.27,,21.0,20.0,0.0,AVG,1.99793,2697,,,20.0,2696,,,20.0,AVG-0,1.99793,2697,,,20.0,2696,,,20.0,0,0.0,0,,5.0,20.0,0,,5.0,20.0,1,0.0,0,,,20.0,0,,,20.0,0.0,0.0,0.0,0.0
2026-09-10 10:16:15,ACHR,5.51,0.27,,18.5,17.0,0.0,AVG,0.31323,1087,,,17.0,1087,,,17.0,AVG-0,0.31323,1087,,,17.0,1087,,,17.0,0,0.0,0,,5.0,17.0,0,,5.0,17.0,1,0.0,0,,,17.0,0,,,17.0,0.0,0.0,0.0,0.0
2026-09-10 10:16:15,ACHR,5.51,0.27,,16.0,15.0,0.0,AVG,3.75939,7443,,,15.0,7438,,,15.0,AVG-0,3.75939,7443,,,15.0,7438,,,15.0,0,0.0,0,,5.0,15.0,0,,5.0,15.0,1,0.0,0,,,15.0,0,,,15.0,0.0,0.0,0.0,0.0
2026-09-10 10:16:15,ACHR,5.51,0.27,,14.0,13.0,0.0,AVG,2.57719,1035,,,13.0,1035,,,13.0,AVG-0,2.57719,1035,,,13.0,1035,,,13.0,0,0.0,0,,5.0,13.0,0,,5.0,13.0,1,0.0,0,,,13.0,0,,,13.0,0.0,0.0,0.0,0.0
2026-09-10 10:16:15,ACHR,5.51,0.27,,12.5,12.0,0.0,AVG,1.45805,8322,,,12.0,8316,,,12.0,AVG-0,2.45805,8322,,,12.0,8316,,,12.0,0,-1.0,0,,5.0,12.0,0,,5.0,12.0,1,0.0,0,,,12.0,0,,,12.0,0.0,0.0,0.0,0.0
2026-09-10 10:16:15,ACHR,5.51,0.27,,11.5,11.0,0.0,AVG,-1.82569,1621,,,11.0,1621,,,11.0,AVG-0,-0.82569,1621,,,11.0,1621,,,11.0,0,-1.0,0,,5.0,11.0,0,,5.0,11.0,1,0.0,0,,,11.0,0,,,11.0,0.0,0.0,0.0,0.0
2026-09-10 10:16:15,ACHR,5.51,0.27,,10.75,10.5,0.0,AVG,0.0,0,,,10.5,0,,,10.5,AVG-0,0.0,0,,,10.5,0,,,10.5,0,0.0,0,,5.0,10.5,0,,5.0,10.5,1,0.0,0,,,10.5,0,,,10.5,0.0,0.0,0.0,0.0
2026-09-10 10:16:15,ACHR,5.51,0.27,,10.25,10.0,0.0,AVG,20.21492,32359,,3.0,10.0,32300,,3.0,10.0,AVG-0,20.21492,32359,,2.0,10.0,32300,,2.0,10.0,0,0.0,0,,5.0,10.0,0,,5.0,10.0,1,0.0,0,,,10.0,0,,,10.0,0.0,0.0,0.0,0.0
2026-09-10 10:16:15,ACHR,5.51,0.27,,9.75,9.5,0.0,AVG,0.0,4,,,9.5,4,,,9.5,AVG-0,0.0,4,,,9.5,4,,,9.5,0,0.0,0,,5.0,9.5,0,,5.0,9.5,1,0.0,0,,,9.5,0,,,9.5,0.0,0.0,0.0,0.0
2026-09-10 10:16:15,ACHR,5.51,0.27,,9.25,9.0,0.0,AVG,-57.626070000000006,18658,,5.0,9.0,18671,,5.0,9.0,AVG-0,-57.626070000000006,18658,,3.0,9.0,18671,,3.0,9.0,0,0.0,0,,5.0,9.0,0,,5.0,9.0,1,0.0,4,,,9.0,4,,,9.0,0.0,0.0,0.0,0.0
2026-09-10 10:16:15,ACHR,5.51,0.27,,8.75,8.5,0.0,AVG,-1.0,43,,,8.5,43,,,8.5,AVG-0,0.0,43,,,8.5,43,,,8.5,0,-1.0,0,,5.0,8.5,0,,5.0,8.5,1,0.0,0,,,8.5,0,,,8.5,0.0,0.0,0.0,0.0
2026-09-10 10:16:15,ACHR,5.51,0.27,,8.25,8.0,0.0,AVG,12.24092,17748,,,8.0,17698,,,8.0,AVG-0,12.24092,17748,,4.0,8.0,17698,,4.0,8.0,0,0.0,0,,5.0,8.0,0,,5.0,8.0,1,0.04004,115,,,8.0,115,,,8.0,0.0,0.0,0.0,0.0
2026-09-10 10:16:15,ACHR,5.51,0.27,,7.75,7.5,0.0,AVG,1.86782,1313,,,7.5,1301,,,7.5,AVG-0,1.86782,1313,M,,7.5,1301,M,,7.5,0,0.0,0,,5.0,7.5,0,,5.0,7.5,1,0.0,59,,,7.5,59,,,7.5,0.0,0.0,0.0,0.0
2026-09-10 10:16:15,ACHR,5.51,0.27,,7.25,7.0,0.0,AVG,173.47036000000003,85404,M+,1.0,7.0,84957,M+,1.0,7.0,AVG-0,173.47036000000003,85404,+,1.0,7.0,84957,+,1.0,7.0,0,0.0,0,,5.0,7.0,0,,5.0,7.0,1,3.5994,9138,+,2.0,7.0,9108,+,2.0,7.0,0.0,0.0,0.0,0.0
2026-09-10 10:16:15,ACHR,5.51,0.27,,6.75,6.5,0.0,AVG,-1.2105300000000003,6449,*,,6.5,6428,*,,6.5,AVG-0,1.7759999999999998,6417,*,,6.5,6396,*,,6.5,0,-2.98653,32,,4.0,6.5,32,,4.0,6.5,1,0.2246199999999998,2699,*,5.0,6.5,2686,*,5.0,6.5,0.0,0.0,0.0,0.0
2026-09-10 10:16:15,ACHR,5.51,0.27,,6.25,6.0,0.0,AVG,147.63101,28856,*,4.0,6.0,26933,*,4.0,6.0,AVG-0,118.97393,14976,*,5.0,6.0,13785,*,5.0,6.0,0,28.65708,13880,+,2.0,6.0,13148,+,2.0,6.0,1,83.25729,5049,M,4.0,6.0,4008,M,4.0,6.0,0.0,0.0,0.0,0.0
2026-09-10 10:16:15,ACHR,5.51,0.27,CURR,5.75,5.5,0.0,AVG,26.563980000000004,-36454,-,2.0,5.5,-36174,-,2.0,5.5,AVG-0,17.383879999999994,-10359,-,,5.5,-10314,-,,5.5,0,9.18010000000001,-26095,M-,1.0,5.5,-25860,M-,1.0,5.5,1,-13.725270000000004,-9278,-,1.0,N/N,-9141,-,1.0,N/N,0.0,0.0,0.0,0.0
2026-09-10 10:16:15,ACHR,5.51,0.27,,5.25,5.0,0.0,AVG,3.269359999999999,-7303,,,5.0,-7015,,,5.0,AVG-0,0.3170599999999979,-6940,,,5.0,-6652,,,5.0,0,2.9523,-363,,3.0,5.0,-363,,3.0,5.0,1,-11.99652,-8854,,3.0,N/N,-8655,,3.0,N/N,0.0,0.0,0.0,0.0
2026-09-10 10:16:15,ACHR,5.51,0.27,,4.75,4.5,0.0,AVG,-2.11334,-915,,,N/N,-881,,,N/N,AVG-0,-2.11334,-915,,,N/N,-881,,,N/N,0,0.0,0,,5.0,4.5,0,,5.0,4.5,1,0.0,-277,,,4.5,-277,,,4.5,0.0,0.0,0.0,0.0
2026-09-10 10:16:15,ACHR,5.51,0.27,,4.25,4.0,0.0,AVG,-0.0687499999999998,-2312,,,N/N,-2307,,,N/N,AVG-0,-1.06875,-2312,,,N/N,-2307,,,N/N,0,1.0,0,,5.0,4.0,0,,5.0,4.0,1,0.0,-111,,,4.0,-111,,,4.0,0.0,0.0,0.0,0.0
2026-09-10 10:16:15,ACHR,5.51,0.27,,3.75,3.5,0.0,AVG,1.0,-1,,,3.5,-1,,,3.5,AVG-0,0.0,-1,,,3.5,-1,,,3.5,0,1.0,0,,5.0,3.5,0,,5.0,3.5,1,0.0,0,,,3.5,0,,,3.5,0.0,0.0,0.0,0.0
2026-09-10 10:16:15,ACHR,5.51,0.27,,3.25,3.0,0.0,AVG,3.64368,442,,,3.0,441,,,3.0,AVG-0,3.64368,442,,,3.0,441,,,3.0,0,0.0,0,,5.0,3.0,0,,5.0,3.0,1,0.0,0,,,3.0,0,,,3.0,0.0,0.0,0.0,0.0
2026-09-10 10:16:15,ACHR,5.51,0.27,,2.75,2.5,0.0,AVG,0.0,1,,,2.5,1,,,2.5,AVG-0,0.0,1,,,2.5,1,,,2.5,0,0.0,0,,5.0,2.5,0,,5.0,2.5,1,0.0,0,,,2.5,0,,,2.5,0.0,0.0,0.0,0.0
2026-09-10 10:16:15,ACHR,5.51,0.27,,2.25,2.0,0.0,AVG,2.0,84,,,2.0,84,,,2.0,AVG-0,0.0,84,,,2.0,84,,,2.0,0,2.0,0,,5.0,2.0,0,,5.0,2.0,1,0.0,0,,,2.0,0,,,2.0,0.0,0.0,0.0,0.0
2026-09-10 10:16:15,ACHR,5.51,0.27,,1.75,1.5,0.0,AVG,0.99999,0,,,1.5,0,,,1.5,AVG-0,0.99999,0,,,1.5,0,,,1.5,0,0.0,0,,5.0,1.5,0,,5.0,1.5,1,0.0,0,,,1.5,0,,,1.5,0.0,0.0,0.0,0.0
2026-09-10 10:16:15,ACHR,5.51,0.27,,1.25,1.0,0.0,AVG,15.881480000000002,17,,,1.0,16,,,1.0,AVG-0,12.881480000000002,17,,,1.0,16,,,1.0,0,3.0,0,,5.0,1.0,0,,5.0,1.0,1,0.99995,0,,,1.0,0,,,1.0,0.0,0.0,0.0,0.0
2026-09-10 10:16:15,ACHR,5.51,0.27,,0.75,0.5,0.0,AVG,4.0,0,,,0.5,0,,,0.5,AVG-0,0.0,0,,,0.5,0,,,0.5,0,4.0,0,,5.0,0.5,0,,5.0,0.5,1,0.0,0,,,0.5,0,,,0.5,0.0,0.0,0.0,0.0
2026-09-10 10:16:15,ACN,177.8,1.14,,,580.0,0.0,AVG,0.0,0,,,580.0,0,,,580.0,AVG-0,0.0,0,,,580.0,0,,,580.0,0,0.0,0,,,580.0,0,,,580.0,1,0.0,0,,,580.0,0,,,580.0,0.0,0.0,0.0,0.0
2026-09-10 10:16:15,ACN,177.8,1.14,,570.0,560.0,0.0,AVG,0.0,1,,,560.0,1,,,560.0,AVG-0,0.0,1,,,560.0,1,,,560.0,0,0.0,0,,,560.0,0,,,560.0,1,0.0,0,,,560.0,0,,,560.0,0.0,0.0,0.0,0.0
2026-09-10 10:16:15,ACN,177.8,1.14,,550.0,540.0,0.0,AVG,0.0,0,,,540.0,0,,,540.0,AVG-0,0.0,0,,,540.0,0,,,540.0,0,0.0,0,,,540.0,0,,,540.0,1,0.0,0,,,540.0,0,,,540.0,0.0,0.0,0.0,0.0
2026-09-10 10:16:15,ACN,177.8,1.14,,530.0,520.0,0.0,AVG,0.0,0,,,520.0,0,,,520.0,AVG-0,0.0,0,,,520.0,0,,,520.0,0,0.0,0,,,520.0,0,,,520.0,1,0.0,0,,,520.0,0,,,520.0,0.0,0.0,0.0,0.0
2026-09-10 10:16:15,ACN,177.8,1.14,,510.0,500.0,0.0,AVG,0.0,8,,,500.0,8,,,500.0,AVG-0,0.0,8,,,500.0,8,,,500.0,0,0.0,0,,,500.0,0,,,500.0,1,0.0,0,,,500.0,0,,,500.0,0.0,0.0,0.0,0.0
2026-09-10 10:16:15,ACN,177.8,1.14,,495.0,490.0,0.0,AVG,0.0,0,,,490.0,0,,,490.0,AVG-0,0.0,0,,,490.0,0,,,490.0,0,0.0,0,,,490.0,0,,,490.0,1,0.0,0,,,490.0,0,,,490.0,0.0,0.0,0.0,0.0
2026-09-10 10:16:15,ACN,177.8,1.14,,485.0,480.0,0.0,AVG,0.0,0,,,480.0,0,,,480.0,AVG-0,0.0,0,,,480.0,0,,,480.0,0,0.0,0,,,480.0,0,,,480.0,1,0.0,0,,,480.0,0,,,480.0,0.0,0.0,0.0,0.0
2026-09-10 10:16:15,ACN,177.8,1.14,,475.0,470.0,0.0,AVG,0.0,0,,,470.0,0,,,470.0,AVG-0,0.0,0,,,470.0,0,,,470.0,0,0.0,0,,,470.0,0,,,470.0,1,0.0,0,,,470.0,0,,,470.0,0.0,0.0,0.0,0.0
2026-09-10 10:16:15,ACN,177.8,1.14,,465.0,460.0,0.0,AVG,0.0,1,,,460.0,1,,,460.0,AVG-0,0.0,1,,,460.0,1,,,460.0,0,0.0,0,,,460.0,0,,,460.0,1,0.0,0,,,460.0,0,,,460.0,0.0,0.0,0.0,0.0
2026-09-10 10:16:15,ACN,177.8,1.14,,455.0,450.0,0.0,AVG,0.0,17,,,450.0,17,,,450.0,AVG-0,0.0,17,,,450.0,17,,,450.0,0,0.0,0,,,450.0,0,,,450.0,1,0.0,0,,,450.0,0,,,450.0,0.0,0.0,0.0,0.0
2026-09-10 10:16:15,ACN,177.8,1.14,,445.0,440.0,0.0,AVG,0.0,19,,,440.0,19,,,440.0,AVG-0,0.0,19,,,440.0,19,,,440.0,0,0.0,0,,,440.0,0,,,440.0,1,0.0,0,,,440.0,0,,,440.0,0.0,0.0,0.0,0.0
2026-09-10 10:16:15,ACN,177.8,1.14,,435.0,430.0,0.0,AVG,0.0,244,,,430.0,244,,,430.0,AVG-0,0.0,244,,,430.0,244,,,430.0,0,0.0,0,,,430.0,0,,,430.0,1,0.0,0,,,430.0,0,,,430.0,0.0,0.0,0.0,0.0
2026-09-10 10:16:15,ACN,177.8,1.14,,425.0,420.0,0.0,AVG,0.0,193,,,420.0,193,,,420.0,AVG-0,0.0,193,,,420.0,193,,,420.0,0,0.0,0,,,420.0,0,,,420.0,1,0.0,0,,,420.0,0,,,420.0,0.0,0.0,0.0,0.0
2026-09-10 10:16:15,ACN,177.8,1.14,,415.0,410.0,0.0,AVG,0.0,15,,,410.0,15,,,410.0,AVG-0,0.0,15,,,410.0,15,,,410.0,0,0.0,0,,,410.0,0,,,410.0,1,0.0,0,,,410.0,0,,,410.0,0.0,0.0,0.0,0.0
2026-09-10 10:16:15,ACN,177.8,1.14,,405.0,400.0,0.0,AVG,0.0,754,,,400.0,754,,,400.0,AVG-0,0.0,754,,,400.0,754,,,400.0,0,0.0,0,,,400.0,0,,,400.0,1,0.0,0,,,400.0,0,,,400.0,0.0,0.0,0.0,0.0
2026-09-10 10:16:15,ACN,177.8,1.14,,395.0,390.0,0.0,AVG,0.0,25,,,390.0,25,,,390.0,AVG-0,0.0,25,,,390.0,25,,,390.0,0,0.0,0,,,390.0,0,,,390.0,1,0.0,0,,,390.0,0,,,390.0,0.0,0.0,0.0,0.0
2026-09-10 10:16:15,ACN,177.8,1.14,,385.0,380.0,0.0,AVG,0.0,221,,,380.0,221,,,380.0,AVG-0,0.0,221,,,380.0,221,,,380.0,0,0.0,0,,,380.0,0,,,380.0,1,0.0,0,,,380.0,0,,,380.0,0.0,0.0,0.0,0.0
2026-09-10 10:16:15,ACN,177.8,1.14,,375.0,370.0,0.0,AVG,0.0,142,,,370.0,142,,,370.0,AVG-0,0.0,142,,,370.0,142,,,370.0,0,0.0,0,,,370.0,0,,,370.0,1,0.0,0,,,370.0,0,,,370.0,0.0,0.0,0.0,0.0
2026-09-10 10:16:15,ACN,177.8,1.14,,365.0,360.0,0.0,AVG,0.0,104,,,360.0,104,,,360.0,AVG-0,0.0,104,,,360.0,104,,,360.0,0,0.0,0,,,360.0,0,,,360.0,1,0.0,0,,,360.0,0,,,360.0,0.0,0.0,0.0,0.0
2026-09-10 10:16:15,ACN,177.8,1.14,,355.0,350.0,0.0,AVG,0.16893,118,,,350.0,118,,,350.0,AVG-0,0.16893,118,,,350.0,118,,,350.0,0,0.0,0,,,350.0,0,,,350.0,1,0.0,0,,,350.0,0,,,350.0,0.0,0.0,0.0,0.0
2026-09-10 10:16:15,ACN,177.8,1.14,,345.0,340.0,0.0,AVG,0.0,139,,,340.0,139,,,340.0,AVG-0,0.0,139,,,340.0,139,,,340.0,0,0.0,0,,,340.0,0,,,340.0,1,0.0,0,,,340.0,0,,,340.0,0.0,0.0,0.0,0.0
2026-09-10 10:16:15,ACN,177.8,1.14,,335.0,330.0,0.0,AVG,0.0,169,,,330.0,169,,,330.0,AVG-0,0.0,169,,,330.0,169,,,330.0,0,0.0,0,,,330.0,0,,,330.0,1,0.0,0,,,330.0,0,,,330.0,0.0,0.0,0.0,0.0
2026-09-10 10:16:15,ACN,177.8,1.14,,325.0,320.0,0.0,AVG,0.0,370,,,320.0,370,,,320.0,AVG-0,0.0,370,,,320.0,370,,,320.0,0,0.0,0,,,320.0,0,,,320.0,1,0.0,0,,,320.0,0,,,320.0,0.0,0.0,0.0,0.0
2026-09-10 10:16:15,ACN,177.8,1.14,,315.0,310.0,0.0,AVG,0.0,556,,,310.0,556,,,310.0,AVG-0,0.0,556,,,310.0,556,,,310.0,0,0.0,0,,,310.0,0,,,310.0,1,0.0,0,,,310.0,0,,,310.0,0.0,0.0,0.0,0.0
2026-09-10 10:16:15,ACN,177.8,1.14,,305.0,300.0,0.0,AVG,0.0,2780,,,300.0,2780,,,300.0,AVG-0,0.0,2780,,,300.0,2780,,,300.0,0,0.0,0,,,300.0,0,,,300.0,1,0.0,0,,,300.0,0,,,300.0,0.0,0.0,0.0,0.0
2026-09-10 10:16:15,ACN,177.8,1.14,,297.5,295.0,0.0,AVG,0.0,2,,,295.0,2,,,295.0,AVG-0,0.0,2,,,295.0,2,,,295.0,0,0.0,0,,,295.0,0,,,295.0,1,0.0,0,,,295.0,0,,,295.0,0.0,0.0,0.0,0.0
2026-09-10 10:16:15,ACN,177.8,1.14,,292.5,290.0,0.0,AVG,0.0,479,,,290.0,479,,,290.0,AVG-0,0.0,479,,,290.0,479,,,290.0,0,0.0,0,,,290.0,0,,,290.0,1,0.0,0,,,290.0,0,,,290.0,0.0,0.0,0.0,0.0
2026-09-10 10:16:15,ACN,177.8,1.14,,287.5,285.0,0.0,AVG,0.0,1,,,285.0,1,,,285.0,AVG-0,0.0,1,,,285.0,1,,,285.0,0,0.0,0,,,285.0,0,,,285.0,1,0.0,0,,,285.0,0,,,285.0,0.0,0.0,0.0,0.0
2026-09-10 10:16:15,ACN,177.8,1.14,,282.5,280.0,0.0,AVG,0.0,1697,,,280.0,1697,,,280.0,AVG-0,0.0,1697,,,280.0,1697,,,280.0,0,0.0,0,,,280.0,0,,,280.0,1,0.0,0,,,280.0,0,,,280.0,0.0,0.0,0.0,0.0
2026-09-10 10:16:15,ACN,177.8,1.14,,277.5,275.0,0.0,AVG,0.0,46,,,275.0,46,,,275.0,AVG-0,0.0,46,,,275.0,46,,,275.0,0,0.0,0,,,275.0,0,,,275.0,1,0.0,0,,,275.0,0,,,275.0,0.0,0.0,0.0,0.0
2026-09-10 10:16:15,ACN,177.8,1.14,,272.5,270.0,0.0,AVG,0.42014,717,,,270.0,715,,,270.0,AVG-0,0.42014,717,,,270.0,715,,,270.0,0,0.0,0,,,270.0,0,,,270.0,1,0.0,0,,,270.0,0,,,270.0,0.0,0.0,0.0,0.0
2026-09-10 10:16:15,ACN,177.8,1.14,,267.5,265.0,0.0,AVG,0.0,589,,,265.0,589,,,265.0,AVG-0,0.0,589,,,265.0,589,,,265.0,0,0.0,0,,,265.0,0,,,265.0,1,0.0,0,,,265.0,0,,,265.0,0.0,0.0,0.0,0.0
2026-09-10 10:16:15,ACN,177.8,1.14,,262.5,260.0,0.0,AVG,0.34583,2685,,,260.0,2685,,,260.0,AVG-0,0.34583,2685,,,260.0,2685,,,260.0,0,0.0,0,,,260.0,0,,,260.0,1,0.0,0,,,260.0,0,,,260.0,0.0,0.0,0.0,0.0
2026-09-10 10:16:15,ACN,177.8,1.14,,257.5,255.0,0.0,AVG,0.0,241,,,255.0,241,,,255.0,AVG-0,0.0,241,,,255.0,241,,,255.0,0,0.0,0,,,255.0,0,,,255.0,1,0.0,0,,,255.0,0,,,255.0,0.0,0.0,0.0,0.0
2026-09-10 10:16:15,ACN,177.8,1.14,,252.5,250.0,0.0,AVG,0.2520099999999999,5949,,,250.0,5948,,,250.0,AVG-0,0.2520099999999999,5949,,,250.0,5948,,,250.0,0,0.0,0,,,250.0,0,,,250.0,1,0.0,0,,,250.0,0,,,250.0,0.0,0.0,0.0,0.0
2026-09-10 10:16:15,ACN,177.8,1.14,,247.5,245.0,0.0,AVG,0.0,239,,,245.0,239,,,245.0,AVG-0,0.0,239,,,245.0,239,,,245.0,0,0.0,0,,,245.0,0,,,245.0,1,0.0,0,,,245.0,0,,,245.0,0.0,0.0,0.0,0.0
2026-09-10 10:16:15,ACN,177.8,1.14,,242.5,240.0,0.0,AVG,31.91976,7301,,5.0,240.0,6975,,5.0,240.0,AVG-0,31.91976,7301,,4.0,240.0,6975,,4.0,240.0,0,0.0,0,,,240.0,0,,,240.0,1,0.0,2,,,240.0,2,,,240.0,0.0,0.0,0.0,0.0
2026-09-10 10:16:15,ACN,177.8,1.14,,237.5,235.0,0.0,AVG,0.0,261,,,235.0,261,,,235.0,AVG-0,0.0,261,,,235.0,261,,,235.0,0,0.0,0,,,235.0,0,,,235.0,1,0.0,1,,,235.0,1,,,235.0,0.0,0.0,0.0,0.0
2026-09-10 10:16:15,ACN,177.8,1.14,,232.5,230.0,0.0,AVG,0.66152,333,,,230.0,329,,,230.0,AVG-0,0.66152,333,,,230.0,329,,,230.0,0,0.0,0,,,230.0,0,,,230.0,1,0.0,19,,,230.0,19,,,230.0,0.0,0.0,0.0,0.0
2026-09-10 10:16:15,ACN,177.8,1.14,,227.5,225.0,0.0,AVG,0.0,500,,,225.0,500,,,225.0,AVG-0,0.0,500,,,225.0,500,,,225.0,0,0.0,0,,,225.0,0,,,225.0,1,0.0,9,,,225.0,9,,,225.0,0.0,0.0,0.0,0.0
2026-09-10 10:16:15,ACN,177.8,1.14,,223.75,222.5,0.0,AVG,0.0,11,,,222.5,11,,,222.5,AVG-0,0.0,11,,,222.5,11,,,222.5,0,0.0,0,,,222.5,0,,,222.5,1,0.0,0,,,222.5,0,,,222.5,0.0,0.0,0.0,0.0
2026-09-10 10:16:15,ACN,177.8,1.14,,221.25,220.0,0.0,AVG,0.80974,3653,,,220.0,3648,,,220.0,AVG-0,0.80974,3653,,,220.0,3648,,,220.0,0,0.0,0,,,220.0,0,,,220.0,1,0.0,89,,,220.0,89,,,220.0,0.0,0.0,0.0,0.0
2026-09-10 10:16:15,ACN,177.8,1.14,,218.75,217.5,0.0,AVG,0.0,1,,,217.5,1,,,217.5,AVG-0,0.0,1,,,217.5,1,,,217.5,0,0.0,0,,,217.5,0,,,217.5,1,0.0,0,,,217.5,0,,,217.5,0.0,0.0,0.0,0.0
2026-09-10 10:16:15,ACN,177.8,1.14,,216.25,215.0,0.0,AVG,1.99125,1525,,,215.0,1508,,,215.0,AVG-0,1.99125,1525,,,215.0,1508,,,215.0,0,0.0,0,,,215.0,0,,,215.0,1,0.0,210,,,215.0,210,,,215.0,0.0,0.0,0.0,0.0
2026-09-10 10:16:15,ACN,177.8,1.14,,213.75,212.5,0.0,AVG,0.0,5,,,212.5,5,,,212.5,AVG-0,0.0,5,,,212.5,5,,,212.5,0,0.0,0,,,212.5,0,,,212.5,1,0.0,0,,,212.5,0,,,212.5,0.0,0.0,0.0,0.0
2026-09-10 10:16:15,ACN,177.8,1.14,,211.25,210.0,0.0,AVG,0.8607799999999999,4646,,,210.0,4638,,,210.0,AVG-0,0.8607799999999999,4646,,,210.0,4638,,,210.0,0,0.0,0,,,210.0,0,,,210.0,1,0.03448,1192,,,210.0,1192,,,210.0,0.0,0.0,0.0,0.0
2026-09-10 10:16:15,ACN,177.8,1.14,,208.75,207.5,0.0,AVG,0.0,321,,,207.5,321,,,207.5,AVG-0,0.0,321,,,207.5,321,,,207.5,0,0.0,0,,,207.5,0,,,207.5,1,0.0,259,,,207.5,259,,,207.5,0.0,0.0,0.0,0.0
2026-09-10 10:16:15,ACN,177.8,1.14,,206.25,205.0,0.0,AVG,1.04004,3248,,,205.0,3238,,,205.0,AVG-0,1.04004,3248,,,205.0,3238,,,205.0,0,0.0,0,,,205.0,0,,,205.0,1,0.04499,692,,,205.0,691,,,205.0,0.0,0.0,0.0,0.0
2026-09-10 10:16:15,ACN,177.8,1.14,,203.75,202.5,0.0,AVG,0.04781,1059,,,202.5,1058,,,202.5,AVG-0,0.04781,1059,,,202.5,1058,,,202.5,0,0.0,0,,,202.5,0,,,202.5,1,0.04781,1026,,,202.5,1025,,,202.5,0.0,0.0,0.0,0.0
2026-09-10 10:16:15,ACN,177.8,1.14,,201.25,200.0,0.0,AVG,1.80714,7671,+,4.0,200.0,7654,+,4.0,200.0,AVG-0,1.80225,7670,+,3.0,200.0,7653,+,3.0,200.0,0,0.00489,1,,,200.0,1,,,200.0,1,0.1929,1108,,,200.0,1103,,,200.0,0.0,0.0,0.0,0.0
2026-09-10 10:16:15,ACN,177.8,1.14,,198.75,197.5,0.0,AVG,0.0,413,*,,197.5,413,*,,197.5,AVG-0,0.0,410,*,,197.5,410,*,,197.5,0,0.0,3,,,197.5,3,,,197.5,1,0.0,329,,,197.5,329,,,197.5,0.0,0.0,0.0,0.0
2026-09-10 10:16:15,ACN,177.8,1.14,,196.25,195.0,0.0,AVG,3.24937,943,*,,195.0,912,*,,195.0,AVG-0,3.1483,931,*,,195.0,902,*,,195.0,0,0.10107,12,,,195.0,10,,,195.0,1,0.2108,1117,,,195.0,1111,,,195.0,0.0,0.0,0.0,0.0
2026-09-10 10:16:15,ACN,177.8,1.14,,193.75,192.5,0.0,AVG,0.7265900000000001,216,*,,192.5,208,*,,192.5,AVG-0,0.7265900000000001,173,*,,192.5,165,*,,192.5,0,0.0,43,,,192.5,43,,,192.5,1,0.0,114,,,192.5,114,,,192.5,0.0,0.0,0.0,0.0
2026-09-10 10:16:15,ACN,177.8,1.14,,191.25,190.0,0.0,AVG,4.038,5439,*,,190.0,5409,*,,190.0,AVG-0,3.98429,5632,*,,190.0,5603,*,,190.0,0,0.05371,-193,,,190.0,-194,,,190.0,1,0.16661,2136,+,5.0,190.0,2133,+,5.0,190.0,0.0,0.0,0.0,0.0
2026-09-10 10:16:15,ACN,177.8,1.14,,188.75,187.5,0.0,AVG,-0.66404,-226,*,,N/N,-240,*,,N/N,AVG-0,-0.66404,-494,*,,N/N,-508,*,,N/N,0,0.0,268,,,187.5,268,,,187.5,1,1.2037,-16,*,,187.5,-37,*,,187.5,0.0,0.0,0.0,0.0
2026-09-10 10:16:15,ACN,177.8,1.14,,186.25,185.0,0.0,AVG,5.43027,-5356,*,,185.0,-5443,*,,185.0,AVG-0,6.18468,-6459,*,5.0,185.0,-6546,*,5.0,185.0,0,-0.7544099999999999,1103,,4.0,185.0,1103,,4.0,185.0,1,4.536300000000001,-1164,*,,185.0,-1231,*,,185.0,0.0,0.0,0.0,0.0
2026-09-10 10:16:15,ACN,177.8,1.14,,183.75,182.5,0.0,AVG,21.304430000000004,1937,*,,182.5,1145,*,,182.5,AVG-0,3.06941,-26,M,,182.5,-51,M,,182.5,0,18.23502,1963,+,2.0,182.5,1196,+,3.0,182.5,1,0.75016,-324,*,,182.5,-334,*,,182.5,0.0,0.0,0.0,0.0
2026-09-10 10:16:15,ACN,177.8,1.14,,181.25,180.0,0.0,AVG,19.97779,-8521,M,3.0,180.0,-8957,M,3.0,180.0,AVG-0,7.71737,-4569,*,,180.0,-4624,*,,180.0,0,12.260420000000002,-3952,M-,1.0,180.0,-4333,M-,1.0,180.0,1,0.8993,-2229,*,3.0,180.0,-2239,*,3.0,180.0,0.0,0.0,0.0,0.0
2026-09-10 10:16:15,ACN,177.8,1.14,CURR,178.75,177.5,0.0,AVG,-1.44901,-2207,*,,N/N,-2179,*,,N/N,AVG-0,-1.3901400000000002,-1123,*,,N/N,-1108,*,,N/N,0,-0.0588699999999999,-1084,,5.0,N/N,-1071,,5.0,N/N,1,-1.3901400000000002,-1035,*,,N/N,-1020,*,,N/N,0.0,0.0,0.0,0.0
2026-09-10 10:16:15,ACN,177.8,1.14,,176.25,175.0,0.0,AVG,-6.25155,-6676,*,,N/N,-6587,*,,N/N,AVG-0,-4.7954,-5261,*,,N/N,-5227,*,,N/N,0,-1.45615,-1415,,3.0,N/N,-1360,,2.0,N/N,1,1.12059,-2851,M,2.0,175.0,-2856,M,2.0,175.0,0.0,0.0,0.0,0.0
2026-09-10 10:16:15,ACN,177.8,1.14,,173.75,172.5,0.0,AVG,-3.0298100000000003,-1311,*,,N/N,-1266,*,,N/N,AVG-0,-2.84338,-1012,*,,N/N,-975,*,,N/N,0,-0.18643,-299,,,N/N,-291,,,N/N,1,-2.04274,-701,*,,N/N,-669,*,,N/N,0.0,0.0,0.0,0.0
2026-09-10 10:16:15,ACN,177.8,1.14,,171.25,170.0,0.0,AVG,11.24289,-10653,*,2.0,170.0,-10544,*,2.0,170.0,AVG-0,5.343919999999999,-10546,*,2.0,170.0,-10495,*,2.0,170.0,0,5.89897,-107,,,170.0,-49,,,170.0,1,1.57232,-6444,-,1.0,170.0,-6452,-,1.0,170.0,0.0,0.0,0.0,0.0
2026-09-10 10:16:15,ACN,177.8,1.14,,168.75,167.5,0.0,AVG,-6.30179,-904,*,,N/N,-847,*,,N/N,AVG-0,-6.30179,-874,*,,N/N,-817,*,,N/N,0,0.0,-30,,,167.5,-30,,,167.5,1,-0.16059,-607,,,N/N,-603,,,N/N,0.0,0.0,0.0,0.0
2026-09-10 10:16:15,ACN,177.8,1.14,,166.25,165.0,0.0,AVG,-1.4470999999999998,-11439,-,1.0,N/N,-11424,-,1.0,N/N,AVG-0,-1.40746,-11389,-,1.0,N/N,-11375,-,1.0,N/N,0,-0.03964,-50,,,N/N,-49,,,N/N,1,-0.23264,-2196,,4.0,N/N,-2190,,4.0,N/N,0.0,0.0,0.0,0.0
2026-09-10 10:16:15,ACN,177.8,1.14,,163.75,162.5,0.0,AVG,-0.13089,-230,,,N/N,-227,,,N/N,AVG-0,-0.13089,-229,,,N/N,-226,,,N/N,0,0.0,-1,,,162.5,-1,,,162.5,1,0.0,-66,,,162.5,-66,,,162.5,0.0,0.0,0.0,0.0
2026-09-10 10:16:15,ACN,177.8,1.14,,161.25,160.0,0.0,AVG,3.3649500000000003,-5334,,,160.0,-5336,,,160.0,AVG-0,3.3649500000000003,-5334,,,160.0,-5336,,,160.0,0,0.0,0,,,160.0,0,,,160.0,1,-0.04712,-1557,,,N/N,-1555,,,N/N,0.0,0.0,0.0,0.0
2026-09-10 10:16:15,ACN,177.8,1.14,,158.75,157.5,0.0,AVG,0.0,-82,,,157.5,-82,,,157.5,AVG-0,0.0,-82,,,157.5,-82,,,157.5,0,0.0,0,,,157.5,0,,,157.5,1,0.0,0,,,157.5,0,,,157.5,0.0,0.0,0.0,0.0
2026-09-10 10:16:15,ACN,177.8,1.14,,156.25,155.0,0.0,AVG,4.6912,-4942,,,155.0,-4940,,,155.0,AVG-0,4.6912,-4942,,,155.0,-4940,,,155.0,0,0.0,0,,,155.0,0,,,155.0,1,3.99168,-1071,,,155.0,-1075,,,155.0,0.0,0.0,0.0,0.0
2026-09-10 10:16:15,ACN,177.8,1.14,,153.75,152.5,0.0,AVG,0.0,-59,,,152.5,-59,,,152.5,AVG-0,0.0,-59,,,152.5,-59,,,152.5,0,0.0,0,,,152.5,0,,,152.5,1,0.0,0,,,152.5,0,,,152.5,0.0,0.0,0.0,0.0
2026-09-10 10:16:15,ACN,177.8,1.14,,151.25,150.0,0.0,AVG,1.55816,-6081,,,150.0,-6083,,,150.0,AVG-0,1.55816,-6081,,,150.0,-6083,,,150.0,0,0.0,0,,,150.0,0,,,150.0,1,0.0,-347,,,150.0,-347,,,150.0,0.0,0.0,0.0,0.0
2026-09-10 10:16:15,ACN,177.8,1.14,,149.5,149.0,0.0,AVG,0.0,0,,,149.0,0,,,149.0,AVG-0,0.0,0,,,149.0,0,,,149.0,0,0.0,0,,,149.0,0,,,149.0,1,0.0,0,,,149.0,0,,,149.0,0.0,0.0,0.0,0.0
2026-09-10 10:16:15,ACN,177.8,1.14,,148.5,148.0,0.0,AVG,0.0,0,,,148.0,0,,,148.0,AVG-0,0.0,0,,,148.0,0,,,148.0,0,0.0,0,,,148.0,0,,,148.0,1,0.0,0,,,148.0,0,,,148.0,0.0,0.0,0.0,0.0
2026-09-10 10:16:15,ACN,177.8,1.14,,147.5,147.0,0.0,AVG,0.0,0,,,147.0,0,,,147.0,AVG-0,0.0,0,,,147.0,0,,,147.0,0,0.0,0,,,147.0,0,,,147.0,1,0.0,0,,,147.0,0,,,147.0,0.0,0.0,0.0,0.0
2026-09-10 10:16:15,ACN,177.8,1.14,,146.0,145.0,0.0,AVG,0.75551,-1872,,,145.0,-1870,,,145.0,AVG-0,0.75551,-1872,,,145.0,-1870,,,145.0,0,0.0,0,,,145.0,0,,,145.0,1,0.98141,-42,,,145.0,-42,,,145.0,0.0,0.0,0.0,0.0
2026-09-10 10:16:15,ACN,177.8,1.14,,142.5,140.0,0.0,AVG,-0.0801,-1339,,,N/N,-1338,,,N/N,AVG-0,-0.0801,-1339,,,N/N,-1338,,,N/N,0,0.0,0,,,140.0,0,,,140.0,1,0.0,-46,,,140.0,-46,,,140.0,0.0,0.0,0.0,0.0
2026-09-10 10:16:15,ACN,177.8,1.14,,137.5,135.0,0.0,AVG,-0.50397,-771,,,N/N,-769,,,N/N,AVG-0,-0.50397,-771,,,N/N,-769,,,N/N,0,0.0,0,,,135.0,0,,,135.0,1,0.0,0,,,135.0,0,,,135.0,0.0,0.0,0.0,0.0
2026-09-10 10:16:15,ACN,177.8,1.14,,132.5,130.0,0.0,AVG,0.0,-85,,,130.0,-85,,,130.0,AVG-0,0.0,-85,,,130.0,-85,,,130.0,0,0.0,0,,,130.0,0,,,130.0,1,0.0,0,,,130.0,0,,,130.0,0.0,0.0,0.0,0.0
2026-09-10 10:16:15,ACN,177.8,1.14,,127.5,125.0,0.0,AVG,0.0,-4517,,,125.0,-4517,,,125.0,AVG-0,0.0,-4517,,,125.0,-4517,,,125.0,0,0.0,0,,,125.0,0,,,125.0,1,0.0,0,,,125.0,0,,,125.0,0.0,0.0,0.0,0.0
2026-09-10 10:16:15,ACN,177.8,1.14,,122.5,120.0,0.0,AVG,0.0,-1444,,,120.0,-1444,,,120.0,AVG-0,0.0,-1444,,,120.0,-1444,,,120.0,0,0.0,0,,,120.0,0,,,120.0,1,0.0,0,,,120.0,0,,,120.0,0.0,0.0,0.0,0.0
2026-09-10 10:16:15,ACN,177.8,1.14,,117.5,115.0,0.0,AVG,-0.02557,-336,,,N/N,-336,,,N/N,AVG-0,-0.02557,-336,,,N/N,-336,,,N/N,0,0.0,0,,,115.0,0,,,115.0,1,0.0,0,,,115.0,0,,,115.0,0.0,0.0,0.0,0.0
2026-09-10 10:16:15,ACN,177.8,1.14,,112.5,110.0,0.0,AVG,-0.04502,-407,,,N/N,-407,,,N/N,AVG-0,-0.04502,-407,,,N/N,-407,,,N/N,0,0.0,0,,,110.0,0,,,110.0,1,0.0,0,,,110.0,0,,,110.0,0.0,0.0,0.0,0.0
2026-09-10 10:16:15,ACN,177.8,1.14,,107.5,105.0,0.0,AVG,0.0,-262,,,105.0,-262,,,105.0,AVG-0,0.0,-262,,,105.0,-262,,,105.0,0,0.0,0,,,105.0,0,,,105.0,1,0.0,0,,,105.0,0,,,105.0,0.0,0.0,0.0,0.0
2026-09-10 10:16:15,ACN,177.8,1.14,,102.5,100.0,0.0,AVG,1.5377,-548,,,100.0,-546,,,100.0,AVG-0,1.5377,-548,,,100.0,-546,,,100.0,0,0.0,0,,,100.0,0,,,100.0,1,2.0,0,,,100.0,0,,,100.0,0.0,0.0,0.0,0.0
2026-09-10 10:16:15,ACN,177.8,1.14,,97.5,95.0,0.0,AVG,0.0,-93,,,95.0,-93,,,95.0,AVG-0,0.0,-93,,,95.0,-93,,,95.0,0,0.0,0,,,95.0,0,,,95.0,1,0.0,0,,,95.0,0,,,95.0,0.0,0.0,0.0,0.0
2026-09-10 10:16:15,ACN,177.8,1.14,,92.5,90.0,0.0,AVG,0.0,-89,,,90.0,-89,,,90.0,AVG-0,0.0,-89,,,90.0,-89,,,90.0,0,0.0,0,,,90.0,0,,,90.0,1,0.0,0,,,90.0,0,,,90.0,0.0,0.0,0.0,0.0
2026-09-10 10:16:15,ACN,177.8,1.14,,87.5,85.0,0.0,AVG,0.0,-74,,,85.0,-74,,,85.0,AVG-0,0.0,-74,,,85.0,-74,,,85.0,0,0.0,0,,,85.0,0,,,85.0,1,0.0,0,,,85.0,0,,,85.0,0.0,0.0,0.0,0.0
2026-09-10 10:16:15,ACN,177.8,1.14,,82.5,80.0,0.0,AVG,0.0,-51,,,80.0,-51,,,80.0,AVG-0,0.0,-51,,,80.0,-51,,,80.0,0,0.0,0,,,80.0,0,,,80.0,1,0.0,0,,,80.0,0,,,80.0,0.0,0.0,0.0,0.0
2026-09-10 10:16:15,ACN,177.8,1.14,,77.5,75.0,0.0,AVG,0.0,-14,,,75.0,-14,,,75.0,AVG-0,0.0,-14,,,75.0,-14,,,75.0,0,0.0,0,,,75.0,0,,,75.0,1,0.0,0,,,75.0,0,,,75.0,0.0,0.0,0.0,0.0
2026-09-10 10:16:15,ACN,177.8,1.14,,72.5,70.0,0.0,AVG,0.0,-8,,,70.0,-8,,,70.0,AVG-0,0.0,-8,,,70.0,-8,,,70.0,0,0.0,0,,,70.0,0,,,70.0,1,0.0,0,,,70.0,0,,,70.0,0.0,0.0,0.0,0.0
2026-09-10 10:16:15,ACN,177.8,1.14,,67.5,65.0,0.0,AVG,0.0,-13,,,65.0,-13,,,65.0,AVG-0,0.0,-13,,,65.0,-13,,,65.0,0,0.0,0,,,65.0,0,,,65.0,1,0.0,0,,,65.0,0,,,65.0,0.0,0.0,0.0,0.0
2026-09-10 10:16:15,AD,38.22,-0.57,,,60.0,0.0,AVG,0.0,0,,5.0,60.0,0,,5.0,60.0,AVG-0,0.0,0,,5.0,60.0,0,,5.0,60.0,0,0.0,0,,3.0,60.0,0,,3.0,60.0,1,0.0,0,-,3.0,60.0,0,-,3.0,60.0,0.0,0.0,0.0,0.0
2026-09-10 10:16:15,AD,38.22,-0.57,,57.5,55.0,0.0,AVG,0.0,0,,5.0,55.0,0,,5.0,55.0,AVG-0,0.0,0,,5.0,55.0,0,,5.0,55.0,0,0.0,0,,3.0,55.0,0,,3.0,55.0,1,0.0,0,*,3.0,55.0,0,*,3.0,55.0,0.0,0.0,0.0,0.0
2026-09-10 10:16:15,AD,38.22,-0.57,,52.5,50.0,0.0,AVG,0.0,0,,5.0,50.0,0,,5.0,50.0,AVG-0,0.0,0,,5.0,50.0,0,,5.0,50.0,0,0.0,0,,3.0,50.0,0,,3.0,50.0,1,0.0,0,*,3.0,50.0,0,*,3.0,50.0,0.0,0.0,0.0,0.0
2026-09-10 10:16:15,AD,38.22,-0.57,,47.5,45.0,0.0,AVG,0.0,15,,4.0,45.0,15,,4.0,45.0,AVG-0,0.0,15,,4.0,45.0,15,,4.0,45.0,0,0.0,0,,3.0,45.0,0,,3.0,45.0,1,0.0,0,*,3.0,45.0,0,*,3.0,45.0,0.0,0.0,0.0,0.0
2026-09-10 10:16:15,AD,38.22,-0.57,CURR,42.5,40.0,0.0,AVG,0.0,1421,M+,1.0,40.0,1421,M+,1.0,40.0,AVG-0,0.0,830,M+,1.0,40.0,830,M+,1.0,40.0,0,0.0,591,M+,1.0,40.0,591,M+,1.0,40.0,1,0.0,84,M+,1.0,40.0,84,M+,1.0,40.0,0.0,0.0,0.0,0.0
2026-09-10 10:16:15,AD,38.22,-0.57,,37.5,35.0,0.0,AVG,0.0,-642,-,2.0,35.0,-642,-,2.0,35.0,AVG-0,0.0,-67,-,2.0,35.0,-67,-,2.0,35.0,0,0.0,-575,-,2.0,35.0,-575,-,2.0,35.0,1,0.0,3,,2.0,35.0,3,,2.0,35.0,0.0,0.0,0.0,0.0
2026-09-10 10:16:15,AD,38.22,-0.57,,32.5,30.0,0.0,AVG,0.0,-24,,3.0,30.0,-24,,3.0,30.0,AVG-0,0.0,-24,,3.0,30.0,-24,,3.0,30.0,0,0.0,0,,3.0,30.0,0,,3.0,30.0,1,0.0,0,,3.0,30.0,0,,3.0,30.0,0.0,0.0,0.0,0.0
2026-09-10 10:16:15,AD,38.22,-0.57,,27.5,25.0,0.0,AVG,0.0,0,,5.0,25.0,0,,5.0,25.0,AVG-0,0.0,0,,5.0,25.0,0,,5.0,25.0,0,0.0,0,,3.0,25.0,0,,3.0,25.0,1,0.0,0,,3.0,25.0,0,,3.0,25.0,0.0,0.0,0.0,0.0
2026-09-10 10:16:15,AD,38.22,-0.57,,23.75,22.5,0.0,AVG,0.0,0,,5.0,22.5,0,,5.0,22.5,AVG-0,0.0,0,,5.0,22.5,0,,5.0,22.5,0,0.0,0,,3.0,22.5,0,,3.0,22.5,1,0.0,0,,3.0,22.5,0,,3.0,22.5,0.0,0.0,0.0,0.0
2026-09-10 10:16:15,AD,38.22,-0.57,,21.25,20.0,0.0,AVG,0.0,0,,5.0,20.0,0,,5.0,20.0,AVG-0,0.0,0,,5.0,20.0,0,,5.0,20.0,0,0.0,0,,3.0,20.0,0,,3.0,20.0,1,0.0,0,,3.0,20.0,0,,3.0,20.0,0.0,0.0,0.0,0.0
2026-09-10 10:16:15,AD,38.22,-0.57,,18.75,17.5,0.0,AVG,0.0,0,,5.0,17.5,0,,5.0,17.5,AVG-0,0.0,0,,5.0,17.5,0,,5.0,17.5,0,0.0,0,,3.0,17.5,0,,3.0,17.5,1,0.0,0,,3.0,17.5,0,,3.0,17.5,0.0,0.0,0.0,0.0
2026-09-10 10:16:15,ADAM,9.24,-3.29,,,20.0,0.0,AVG,0.0,0,-,,20.0,0,-,,20.0,AVG-0,0.0,0,-,,20.0,0,-,,20.0,0,0.0,0,-,2.0,20.0,0,-,2.0,20.0,1,0.0,0,-,4.0,20.0,0,-,4.0,20.0,0.0,0.0,0.0,0.0
2026-09-10 10:16:15,ADAM,9.24,-3.29,,18.75,17.5,0.0,AVG,0.0,0,*,,17.5,0,*,,17.5,AVG-0,0.0,0,*,,17.5,0,*,,17.5,0,0.0,0,*,2.0,17.5,0,*,2.0,17.5,1,0.0,0,*,4.0,17.5,0,*,4.0,17.5,0.0,0.0,0.0,0.0
2026-09-10 10:16:15,ADAM,9.24,-3.29,,16.25,15.0,0.0,AVG,0.0,3,*,4.0,15.0,3,*,4.0,15.0,AVG-0,0.0,3,*,4.0,15.0,3,*,4.0,15.0,0,0.0,0,*,2.0,15.0,0,*,2.0,15.0,1,0.0,0,*,4.0,15.0,0,*,4.0,15.0,0.0,0.0,0.0,0.0
2026-09-10 10:16:15,ADAM,9.24,-3.29,,13.75,12.5,0.0,AVG,0.0,489,*,2.0,12.5,489,*,2.0,12.5,AVG-0,0.0,489,*,2.0,12.5,489,*,2.0,12.5,0,0.0,0,*,2.0,12.5,0,*,2.0,12.5,1,0.0,12,*,2.0,12.5,12,*,2.0,12.5,0.0,0.0,0.0,0.0
2026-09-10 10:16:15,ADAM,9.24,-3.29,CURR,11.25,10.0,0.0,AVG,-0.81418,10852,M+,1.0,10.0,10855,M+,1.0,10.0,AVG-0,-0.81418,8877,M+,1.0,10.0,8880,M+,1.0,10.0,0,0.0,1975,M+,1.0,10.0,1975,M+,1.0,10.0,1,-0.81418,7188,M+,1.0,10.0,7191,M+,1.0,10.0,0.0,0.0,0.0,0.0
2026-09-10 10:16:15,ADAM,9.24,-3.29,,8.75,7.5,0.0,AVG,0.0,70,,3.0,7.5,70,,3.0,7.5,AVG-0,0.0,70,,3.0,7.5,70,,3.0,7.5,0,0.0,0,,2.0,7.5,0,,2.0,7.5,1,0.0,7,,3.0,7.5,7,,3.0,7.5,0.0,0.0,0.0,0.0
2026-09-10 10:16:15,ADAM,9.24,-3.29,,6.25,5.0,0.0,AVG,0.0,1,,5.0,5.0,1,,5.0,5.0,AVG-0,0.0,1,,5.0,5.0,1,,5.0,5.0,0,0.0,0,,2.0,5.0,0,,2.0,5.0,1,0.0,0,,4.0,5.0,0,,4.0,5.0,0.0,0.0,0.0,0.0
2026-09-10 10:16:15,ADAM,9.24,-3.29,,3.75,2.5,0.0,AVG,0.0,0,,,2.5,0,,,2.5,AVG-0,0.0,0,,,2.5,0,,,2.5,0,0.0,0,,2.0,2.5,0,,2.0,2.5,1,0.0,0,,4.0,2.5,0,,4.0,2.5,0.0,0.0,0.0,0.0
2026-09-10 10:16:15,ADBE,252.22,-1.03,,,940.0,0.0,AVG,0.0,0,,,940.0,0,,,940.0,AVG-0,0.0,0,,,940.0,0,,,940.0,0,0.0,0,,,940.0,0,,,940.0,1,0.0,0,,,940.0,0,,,940.0,0.0,0.0,0.0,0.0
2026-09-10 10:16:15,ADBE,252.22,-1.03,,935.0,930.0,0.0,AVG,0.0,0,,,930.0,0,,,930.0,AVG-0,0.0,0,,,930.0,0,,,930.0,0,0.0,0,,,930.0,0,,,930.0,1,0.0,0,,,930.0,0,,,930.0,0.0,0.0,0.0,0.0
2026-09-10 10:16:15,ADBE,252.22,-1.03,,925.0,920.0,0.0,AVG,0.0,0,,,920.0,0,,,920.0,AVG-0,0.0,0,,,920.0,0,,,920.0,0,0.0,0,,,920.0,0,,,920.0,1,0.0,0,,,920.0,0,,,920.0,0.0,0.0,0.0,0.0
2026-09-10 10:16:15,ADBE,252.22,-1.03,,915.0,910.0,0.0,AVG,0.0,0,,,910.0,0,,,910.0,AVG-0,0.0,0,,,910.0,0,,,910.0,0,0.0,0,,,910.0,0,,,910.0,1,0.0,0,,,910.0,0,,,910.0,0.0,0.0,0.0,0.0
2026-09-10 10:16:15,ADBE,252.22,-1.03,,905.0,900.0,0.0,AVG,0.0,0,,,900.0,0,,,900.0,AVG-0,0.0,0,,,900.0,0,,,900.0,0,0.0,0,,,900.0,0,,,900.0,1,0.0,0,,,900.0,0,,,900.0,0.0,0.0,0.0,0.0
2026-09-10 10:16:15,ADBE,252.22,-1.03,,895.0,890.0,0.0,AVG,0.0,0,,,890.0,0,,,890.0,AVG-0,0.0,0,,,890.0,0,,,890.0,0,0.0,0,,,890.0,0,,,890.0,1,0.0,0,,,890.0,0,,,890.0,0.0,0.0,0.0,0.0
2026-09-10 10:16:15,ADBE,252.22,-1.03,,885.0,880.0,0.0,AVG,0.0,0,,,880.0,0,,,880.0,AVG-0,0.0,0,,,880.0,0,,,880.0,0,0.0,0,,,880.0,0,,,880.0,1,0.0,0,,,880.0,0,,,880.0,0.0,0.0,0.0,0.0
2026-09-10 10:16:15,ADBE,252.22,-1.03,,875.0,870.0,0.0,AVG,0.0,0,,,870.0,0,,,870.0,AVG-0,0.0,0,,,870.0,0,,,870.0,0,0.0,0,,,870.0,0,,,870.0,1,0.0,0,,,870.0,0,,,870.0,0.0,0.0,0.0,0.0
2026-09-10 10:16:15,ADBE,252.22,-1.03,,865.0,860.0,0.0,AVG,0.0,0,,,860.0,0,,,860.0,AVG-0,0.0,0,,,860.0,0,,,860.0,0,0.0,0,,,860.0,0,,,860.0,1,0.0,0,,,860.0,0,,,860.0,0.0,0.0,0.0,0.0
2026-09-10 10:16:15,ADBE,252.22,-1.03,,855.0,850.0,0.0,AVG,0.0,0,,,850.0,0,,,850.0,AVG-0,0.0,0,,,850.0,0,,,850.0,0,0.0,0,,,850.0,0,,,850.0,1,0.0,0,,,850.0,0,,,850.0,0.0,0.0,0.0,0.0
2026-09-10 10:16:15,ADBE,252.22,-1.03,,845.0,840.0,0.0,AVG,0.0,0,,,840.0,0,,,840.0,AVG-0,0.0,0,,,840.0,0,,,840.0,0,0.0,0,,,840.0,0,,,840.0,1,0.0,0,,,840.0,0,,,840.0,0.0,0.0,0.0,0.0
2026-09-10 10:16:15,ADBE,252.22,-1.03,,835.0,830.0,0.0,AVG,0.0,0,,,830.0,0,,,830.0,AVG-0,0.0,0,,,830.0,0,,,830.0,0,0.0,0,,,830.0,0,,,830.0,1,0.0,0,,,830.0,0,,,830.0,0.0,0.0,0.0,0.0
2026-09-10 10:16:15,ADBE,252.22,-1.03,,825.0,820.0,0.0,AVG,0.0,5,,,820.0,5,,,820.0,AVG-0,0.0,5,,,820.0,5,,,820.0,0,0.0,0,,,820.0,0,,,820.0,1,0.0,0,,,820.0,0,,,820.0,0.0,0.0,0.0,0.0
2026-09-10 10:16:15,ADBE,252.22,-1.03,,815.0,810.0,0.0,AVG,0.0,0,,,810.0,0,,,810.0,AVG-0,0.0,0,,,810.0,0,,,810.0,0,0.0,0,,,810.0,0,,,810.0,1,0.0,0,,,810.0,0,,,810.0,0.0,0.0,0.0,0.0
2026-09-10 10:16:15,ADBE,252.22,-1.03,,805.0,800.0,0.0,AVG,0.00356,5,,,800.0,5,,,800.0,AVG-0,0.00356,5,,,800.0,5,,,800.0,0,0.0,0,,,800.0,0,,,800.0,1,0.0,0,,,800.0,0,,,800.0,0.0,0.0,0.0,0.0
2026-09-10 10:16:15,ADBE,252.22,-1.03,,795.0,790.0,0.0,AVG,0.0,0,,,790.0,0,,,790.0,AVG-0,0.0,0,,,790.0,0,,,790.0,0,0.0,0,,,790.0,0,,,790.0,1,0.0,0,,,790.0,0,,,790.0,0.0,0.0,0.0,0.0
2026-09-10 10:16:15,ADBE,252.22,-1.03,,785.0,780.0,0.0,AVG,0.0,5,,,780.0,5,,,780.0,AVG-0,0.0,5,,,780.0,5,,,780.0,0,0.0,0,,,780.0,0,,,780.0,1,0.0,0,,,780.0,0,,,780.0,0.0,0.0,0.0,0.0
2026-09-10 10:16:15,ADBE,252.22,-1.03,,775.0,770.0,0.0,AVG,0.0,0,,,770.0,0,,,770.0,AVG-0,0.0,0,,,770.0,0,,,770.0,0,0.0,0,,,770.0,0,,,770.0,1,0.0,0,,,770.0,0,,,770.0,0.0,0.0,0.0,0.0
2026-09-10 10:16:15,ADBE,252.22,-1.03,,765.0,760.0,0.0,AVG,0.0,2,,,760.0,2,,,760.0,AVG-0,0.0,2,,,760.0,2,,,760.0,0,0.0,0,,,760.0,0,,,760.0,1,0.0,0,,,760.0,0,,,760.0,0.0,0.0,0.0,0.0
2026-09-10 10:16:15,ADBE,252.22,-1.03,,755.0,750.0,0.0,AVG,0.0,0,,,750.0,0,,,750.0,AVG-0,0.0,0,,,750.0,0,,,750.0,0,0.0,0,,,750.0,0,,,750.0,1,0.0,0,,,750.0,0,,,750.0,0.0,0.0,0.0,0.0
2026-09-10 10:16:15,ADBE,252.22,-1.03,,745.0,740.0,0.0,AVG,0.0,1,,,740.0,1,,,740.0,AVG-0,0.0,1,,,740.0,1,,,740.0,0,0.0,0,,,740.0,0,,,740.0,1,0.0,0,,,740.0,0,,,740.0,0.0,0.0,0.0,0.0
2026-09-10 10:16:15,ADBE,252.22,-1.03,,735.0,730.0,0.0,AVG,0.0,0,,,730.0,0,,,730.0,AVG-0,0.0,0,,,730.0,0,,,730.0,0,0.0,0,,,730.0,0,,,730.0,1,0.0,0,,,730.0,0,,,730.0,0.0,0.0,0.0,0.0
2026-09-10 10:16:15,ADBE,252.22,-1.03,,725.0,720.0,0.0,AVG,0.0,2,,,720.0,2,,,720.0,AVG-0,0.0,2,,,720.0,2,,,720.0,0,0.0,0,,,720.0,0,,,720.0,1,0.0,0,,,720.0,0,,,720.0,0.0,0.0,0.0,0.0
2026-09-10 10:16:15,ADBE,252.22,-1.03,,715.0,710.0,0.0,AVG,0.0,0,,,710.0,0,,,710.0,AVG-0,0.0,0,,,710.0,0,,,710.0,0,0.0,0,,,710.0,0,,,710.0,1,0.0,0,,,710.0,0,,,710.0,0.0,0.0,0.0,0.0
2026-09-10 10:16:15,ADBE,252.22,-1.03,,705.0,700.0,0.0,AVG,0.0,34,,,700.0,34,,,700.0,AVG-0,0.0,34,,,700.0,34,,,700.0,0,0.0,0,,,700.0,0,,,700.0,1,0.0,0,,,700.0,0,,,700.0,0.0,0.0,0.0,0.0
2026-09-10 10:16:15,ADBE,252.22,-1.03,,695.0,690.0,0.0,AVG,0.0,1,,,690.0,1,,,690.0,AVG-0,0.0,1,,,690.0,1,,,690.0,0,0.0,0,,,690.0,0,,,690.0,1,0.0,0,,,690.0,0,,,690.0,0.0,0.0,0.0,0.0
2026-09-10 10:16:15,ADBE,252.22,-1.03,,685.0,680.0,0.0,AVG,0.0,6,,,680.0,6,,,680.0,AVG-0,0.0,6,,,680.0,6,,,680.0,0,0.0,0,,,680.0,0,,,680.0,1,0.0,0,,,680.0,0,,,680.0,0.0,0.0,0.0,0.0
2026-09-10 10:16:15,ADBE,252.22,-1.03,,675.0,670.0,0.0,AVG,0.0,9,,,670.0,9,,,670.0,AVG-0,0.0,9,,,670.0,9,,,670.0,0,0.0,0,,,670.0,0,,,670.0,1,0.0,0,,,670.0,0,,,670.0,0.0,0.0,0.0,0.0
2026-09-10 10:16:15,ADBE,252.22,-1.03,,665.0,660.0,0.0,AVG,0.0,22,,,660.0,22,,,660.0,AVG-0,0.0,22,,,660.0,22,,,660.0,0,0.0,0,,,660.0,0,,,660.0,1,0.0,0,,,660.0,0,,,660.0,0.0,0.0,0.0,0.0
2026-09-10 10:16:15,ADBE,252.22,-1.03,,655.0,650.0,0.0,AVG,0.0,50,,,650.0,50,,,650.0,AVG-0,0.0,50,,,650.0,50,,,650.0,0,0.0,0,,,650.0,0,,,650.0,1,0.0,0,,,650.0,0,,,650.0,0.0,0.0,0.0,0.0
2026-09-10 10:16:15,ADBE,252.22,-1.03,,645.0,640.0,0.0,AVG,0.0,61,,,640.0,61,,,640.0,AVG-0,0.0,61,,,640.0,61,,,640.0,0,0.0,0,,,640.0,0,,,640.0,1,0.0,0,,,640.0,0,,,640.0,0.0,0.0,0.0,0.0
2026-09-10 10:16:15,ADBE,252.22,-1.03,,635.0,630.0,0.0,AVG,0.0,31,,,630.0,31,,,630.0,AVG-0,0.0,31,,,630.0,31,,,630.0,0,0.0,0,,,630.0,0,,,630.0,1,0.0,0,,,630.0,0,,,630.0,0.0,0.0,0.0,0.0
2026-09-10 10:16:15,ADBE,252.22,-1.03,,625.0,620.0,0.0,AVG,0.09615,356,,,620.0,356,,,620.0,AVG-0,0.09615,356,,,620.0,356,,,620.0,0,0.0,0,,,620.0,0,,,620.0,1,0.0,0,,,620.0,0,,,620.0,0.0,0.0,0.0,0.0
2026-09-10 10:16:15,ADBE,252.22,-1.03,,615.0,610.0,0.0,AVG,0.00999,74,,,610.0,74,,,610.0,AVG-0,0.00999,74,,,610.0,74,,,610.0,0,0.0,0,,,610.0,0,,,610.0,1,0.0,0,,,610.0,0,,,610.0,0.0,0.0,0.0,0.0
2026-09-10 10:16:15,ADBE,252.22,-1.03,,605.0,600.0,0.0,AVG,0.10916,419,,,600.0,419,,,600.0,AVG-0,0.10916,419,,,600.0,419,,,600.0,0,0.0,0,,,600.0,0,,,600.0,1,0.0,0,,,600.0,0,,,600.0,0.0,0.0,0.0,0.0
2026-09-10 10:16:15,ADBE,252.22,-1.03,,595.0,590.0,0.0,AVG,0.0,204,,,590.0,204,,,590.0,AVG-0,0.0,204,,,590.0,204,,,590.0,0,0.0,0,,,590.0,0,,,590.0,1,0.0,0,,,590.0,0,,,590.0,0.0,0.0,0.0,0.0
2026-09-10 10:16:15,ADBE,252.22,-1.03,,585.0,580.0,0.0,AVG,0.0,535,,,580.0,535,,,580.0,AVG-0,0.0,535,,,580.0,535,,,580.0,0,0.0,0,,,580.0,0,,,580.0,1,0.0,0,,,580.0,0,,,580.0,0.0,0.0,0.0,0.0
2026-09-10 10:16:15,ADBE,252.22,-1.03,,575.0,570.0,0.0,AVG,0.0,329,,,570.0,329,,,570.0,AVG-0,0.0,329,,,570.0,329,,,570.0,0,0.0,0,,,570.0,0,,,570.0,1,0.0,0,,,570.0,0,,,570.0,0.0,0.0,0.0,0.0
2026-09-10 10:16:15,ADBE,252.22,-1.03,,565.0,560.0,0.0,AVG,0.0,302,,,560.0,302,,,560.0,AVG-0,0.0,302,,,560.0,302,,,560.0,0,0.0,0,,,560.0,0,,,560.0,1,0.0,0,,,560.0,0,,,560.0,0.0,0.0,0.0,0.0
2026-09-10 10:16:15,ADBE,252.22,-1.03,,555.0,550.0,0.0,AVG,0.29746,3680,,,550.0,3679,,,550.0,AVG-0,0.29746,3680,,,550.0,3679,,,550.0,0,0.0,0,,,550.0,0,,,550.0,1,0.0,0,,,550.0,0,,,550.0,0.0,0.0,0.0,0.0
2026-09-10 10:16:15,ADBE,252.22,-1.03,,547.5,545.0,0.0,AVG,0.0,8,,,545.0,8,,,545.0,AVG-0,0.0,8,,,545.0,8,,,545.0,0,0.0,0,,,545.0,0,,,545.0,1,0.0,0,,,545.0,0,,,545.0,0.0,0.0,0.0,0.0
2026-09-10 10:16:15,ADBE,252.22,-1.03,,542.5,540.0,0.0,AVG,0.07438,1669,,,540.0,1669,,,540.0,AVG-0,0.07438,1669,,,540.0,1669,,,540.0,0,0.0,0,,,540.0,0,,,540.0,1,0.0,0,,,540.0,0,,,540.0,0.0,0.0,0.0,0.0
2026-09-10 10:16:15,ADBE,252.22,-1.03,,537.5,535.0,0.0,AVG,0.0,1,,,535.0,1,,,535.0,AVG-0,0.0,1,,,535.0,1,,,535.0,0,0.0,0,,,535.0,0,,,535.0,1,0.0,0,,,535.0,0,,,535.0,0.0,0.0,0.0,0.0
2026-09-10 10:16:15,ADBE,252.22,-1.03,,532.5,530.0,0.0,AVG,0.0,923,,,530.0,923,,,530.0,AVG-0,0.0,923,,,530.0,923,,,530.0,0,0.0,0,,,530.0,0,,,530.0,1,0.0,0,,,530.0,0,,,530.0,0.0,0.0,0.0,0.0
2026-09-10 10:16:15,ADBE,252.22,-1.03,,527.5,525.0,0.0,AVG,0.0,10,,,525.0,10,,,525.0,AVG-0,0.0,10,,,525.0,10,,,525.0,0,0.0,0,,,525.0,0,,,525.0,1,0.0,0,,,525.0,0,,,525.0,0.0,0.0,0.0,0.0
2026-09-10 10:16:15,ADBE,252.22,-1.03,,522.5,520.0,0.0,AVG,0.0184,1048,,,520.0,1048,,,520.0,AVG-0,0.0184,1048,,,520.0,1048,,,520.0,0,0.0,0,,,520.0,0,,,520.0,1,0.0,0,,,520.0,0,,,520.0,0.0,0.0,0.0,0.0
2026-09-10 10:16:15,ADBE,252.22,-1.03,,517.5,515.0,0.0,AVG,0.0,33,,,515.0,33,,,515.0,AVG-0,0.0,33,,,515.0,33,,,515.0,0,0.0,0,,,515.0,0,,,515.0,1,0.0,0,,,515.0,0,,,515.0,0.0,0.0,0.0,0.0
2026-09-10 10:16:15,ADBE,252.22,-1.03,,512.5,510.0,0.0,AVG,0.9205,830,,,510.0,825,,,510.0,AVG-0,0.9205,830,,,510.0,825,,,510.0,0,0.0,0,,,510.0,0,,,510.0,1,0.0,0,,,510.0,0,,,510.0,0.0,0.0,0.0,0.0
2026-09-10 10:16:15,ADBE,252.22,-1.03,,507.5,505.0,0.0,AVG,0.0,45,,,505.0,45,,,505.0,AVG-0,0.0,45,,,505.0,45,,,505.0,0,0.0,0,,,505.0,0,,,505.0,1,0.0,0,,,505.0,0,,,505.0,0.0,0.0,0.0,0.0
2026-09-10 10:16:15,ADBE,252.22,-1.03,,502.5,500.0,0.0,AVG,0.21053,1691,,,500.0,1691,,,500.0,AVG-0,0.21053,1691,,,500.0,1691,,,500.0,0,0.0,0,,,500.0,0,,,500.0,1,0.0,0,,,500.0,0,,,500.0,0.0,0.0,0.0,0.0
2026-09-10 10:16:15,ADBE,252.22,-1.03,,497.5,495.0,0.0,AVG,0.0,45,,,495.0,45,,,495.0,AVG-0,0.0,45,,,495.0,45,,,495.0,0,0.0,0,,,495.0,0,,,495.0,1,0.0,0,,,495.0,0,,,495.0,0.0,0.0,0.0,0.0
2026-09-10 10:16:15,ADBE,252.22,-1.03,,492.5,490.0,0.0,AVG,0.0,970,,,490.0,970,,,490.0,AVG-0,0.0,970,,,490.0,970,,,490.0,0,0.0,0,,,490.0,0,,,490.0,1,0.0,0,,,490.0,0,,,490.0,0.0,0.0,0.0,0.0
2026-09-10 10:16:15,ADBE,252.22,-1.03,,487.5,485.0,0.0,AVG,0.0,42,,,485.0,42,,,485.0,AVG-0,0.0,42,,,485.0,42,,,485.0,0,0.0,0,,,485.0,0,,,485.0,1,0.0,0,,,485.0,0,,,485.0,0.0,0.0,0.0,0.0
2026-09-10 10:16:15,ADBE,252.22,-1.03,,482.5,480.0,0.0,AVG,0.0,1549,,,480.0,1549,,,480.0,AVG-0,0.0,1549,,,480.0,1549,,,480.0,0,0.0,0,,,480.0,0,,,480.0,1,0.0,0,,,480.0,0,,,480.0,0.0,0.0,0.0,0.0
2026-09-10 10:16:15,ADBE,252.22,-1.03,,477.5,475.0,0.0,AVG,0.0,43,,,475.0,43,,,475.0,AVG-0,0.0,43,,,475.0,43,,,475.0,0,0.0,0,,,475.0,0,,,475.0,1,0.0,0,,,475.0,0,,,475.0,0.0,0.0,0.0,0.0
2026-09-10 10:16:15,ADBE,252.22,-1.03,,472.5,470.0,0.0,AVG,0.0,872,,,470.0,872,,,470.0,AVG-0,0.0,872,,,470.0,872,,,470.0,0,0.0,0,,,470.0,0,,,470.0,1,0.0,0,,,470.0,0,,,470.0,0.0,0.0,0.0,0.0
2026-09-10 10:16:15,ADBE,252.22,-1.03,,467.5,465.0,0.0,AVG,0.0,117,,,465.0,117,,,465.0,AVG-0,0.0,117,,,465.0,117,,,465.0,0,0.0,0,,,465.0,0,,,465.0,1,0.0,0,,,465.0,0,,,465.0,0.0,0.0,0.0,0.0
2026-09-10 10:16:15,ADBE,252.22,-1.03,,462.5,460.0,0.0,AVG,1.53194,964,,,460.0,957,,,460.0,AVG-0,1.53194,964,,,460.0,957,,,460.0,0,0.0,0,,,460.0,0,,,460.0,1,0.0,0,,,460.0,0,,,460.0,0.0,0.0,0.0,0.0
2026-09-10 10:16:15,ADBE,252.22,-1.03,,457.5,455.0,0.0,AVG,0.0,39,,,455.0,39,,,455.0,AVG-0,0.0,39,,,455.0,39,,,455.0,0,0.0,0,,,455.0,0,,,455.0,1,0.0,0,,,455.0,0,,,455.0,0.0,0.0,0.0,0.0
2026-09-10 10:16:15,ADBE,252.22,-1.03,,452.5,450.0,0.0,AVG,1.04568,2381,,,450.0,2379,,,450.0,AVG-0,1.04568,2381,,,450.0,2379,,,450.0,0,0.0,0,,,450.0,0,,,450.0,1,0.0,0,,,450.0,0,,,450.0,0.0,0.0,0.0,0.0
2026-09-10 10:16:15,ADBE,252.22,-1.03,,447.5,445.0,0.0,AVG,0.0,108,,,445.0,108,,,445.0,AVG-0,0.0,108,,,445.0,108,,,445.0,0,0.0,0,,,445.0,0,,,445.0,1,0.0,0,,,445.0,0,,,445.0,0.0,0.0,0.0,0.0
2026-09-10 10:16:15,ADBE,252.22,-1.03,,442.5,440.0,0.0,AVG,0.10142,1360,,,440.0,1359,,,440.0,AVG-0,0.10142,1360,,,440.0,1359,,,440.0,0,0.0,0,,,440.0,0,,,440.0,1,0.0,0,,,440.0,0,,,440.0,0.0,0.0,0.0,0.0
2026-09-10 10:16:15,ADBE,252.22,-1.03,,437.5,435.0,0.0,AVG,0.0,165,,,435.0,165,,,435.0,AVG-0,0.0,165,,,435.0,165,,,435.0,0,0.0,0,,,435.0,0,,,435.0,1,0.0,0,,,435.0,0,,,435.0,0.0,0.0,0.0,0.0
2026-09-10 10:16:15,ADBE,252.22,-1.03,,432.5,430.0,0.0,AVG,0.0,1294,,,430.0,1294,,,430.0,AVG-0,0.0,1294,,,430.0,1294,,,430.0,0,0.0,0,,,430.0,0,,,430.0,1,0.0,0,,,430.0,0,,,430.0,0.0,0.0,0.0,0.0
2026-09-10 10:16:15,ADBE,252.22,-1.03,,427.5,425.0,0.0,AVG,0.0,65,,,425.0,65,,,425.0,AVG-0,0.0,65,,,425.0,65,,,425.0,0,0.0,0,,,425.0,0,,,425.0,1,0.0,0,,,425.0,0,,,425.0,0.0,0.0,0.0,0.0
2026-09-10 10:16:15,ADBE,252.22,-1.03,,422.5,420.0,0.0,AVG,0.0,2060,,,420.0,2060,,,420.0,AVG-0,0.0,2060,,,420.0,2060,,,420.0,0,0.0,0,,,420.0,0,,,420.0,1,0.0,0,,,420.0,0,,,420.0,0.0,0.0,0.0,0.0
2026-09-10 10:16:15,ADBE,252.22,-1.03,,417.5,415.0,0.0,AVG,0.00978,85,,,415.0,84,,,415.0,AVG-0,0.00978,85,,,415.0,84,,,415.0,0,0.0,0,,,415.0,0,,,415.0,1,0.0,0,,,415.0,0,,,415.0,0.0,0.0,0.0,0.0
2026-09-10 10:16:15,ADBE,252.22,-1.03,,412.5,410.0,0.0,AVG,0.08327,1549,,,410.0,1548,,,410.0,AVG-0,0.08327,1549,,,410.0,1548,,,410.0,0,0.0,0,,,410.0,0,,,410.0,1,0.0,0,,,410.0,0,,,410.0,0.0,0.0,0.0,0.0
2026-09-10 10:16:15,ADBE,252.22,-1.03,,407.5,405.0,0.0,AVG,0.11523,178,,,405.0,177,,,405.0,AVG-0,0.11523,178,,,405.0,177,,,405.0,0,0.0,0,,,405.0,0,,,405.0,1,0.0,0,,,405.0,0,,,405.0,0.0,0.0,0.0,0.0
2026-09-10 10:16:15,ADBE,252.22,-1.03,,402.5,400.0,0.0,AVG,0.67909,5041,,,400.0,5037,,,400.0,AVG-0,0.67909,5041,,,400.0,5037,,,400.0,0,0.0,0,,,400.0,0,,,400.0,1,0.00422,0,,,400.0,0,,,400.0,0.0,0.0,0.0,0.0
2026-09-10 10:16:15,ADBE,252.22,-1.03,,397.5,395.0,0.0,AVG,0.0,202,,,395.0,202,,,395.0,AVG-0,0.0,202,,,395.0,202,,,395.0,0,0.0,0,,,395.0,0,,,395.0,1,0.0,0,,,395.0,0,,,395.0,0.0,0.0,0.0,0.0
2026-09-10 10:16:15,ADBE,252.22,-1.03,,392.5,390.0,0.0,AVG,1.74547,2767,,,390.0,2755,,,390.0,AVG-0,1.74547,2767,,,390.0,2755,,,390.0,0,0.0,0,,,390.0,0,,,390.0,1,0.0,0,,,390.0,0,,,390.0,0.0,0.0,0.0,0.0
2026-09-10 10:16:15,ADBE,252.22,-1.03,,387.5,385.0,0.0,AVG,0.0,491,,,385.0,491,,,385.0,AVG-0,0.0,491,,,385.0,491,,,385.0,0,0.0,0,,,385.0,0,,,385.0,1,0.0,0,,,385.0,0,,,385.0,0.0,0.0,0.0,0.0
2026-09-10 10:16:15,ADBE,252.22,-1.03,,382.5,380.0,0.0,AVG,0.999,2141,,,380.0,2136,,,380.0,AVG-0,0.999,2141,,,380.0,2136,,,380.0,0,0.0,0,,,380.0,0,,,380.0,1,0.06666,0,,,380.0,0,,,380.0,0.0,0.0,0.0,0.0
2026-09-10 10:16:15,ADBE,252.22,-1.03,,377.5,375.0,0.0,AVG,0.0,715,,,375.0,715,,,375.0,AVG-0,0.0,715,,,375.0,715,,,375.0,0,0.0,0,,,375.0,0,,,375.0,1,0.0,0,,,375.0,0,,,375.0,0.0,0.0,0.0,0.0
2026-09-10 10:16:15,ADBE,252.22,-1.03,,372.5,370.0,0.0,AVG,0.18195,3784,,,370.0,3783,,,370.0,AVG-0,0.18195,3784,,,370.0,3783,,,370.0,0,0.0,0,,,370.0,0,,,370.0,1,0.00675,0,,,370.0,0,,,370.0,0.0,0.0,0.0,0.0
2026-09-10 10:16:15,ADBE,252.22,-1.03,,367.5,365.0,0.0,AVG,0.8465400000000002,422,,,365.0,414,,,365.0,AVG-0,0.8465400000000002,422,,,365.0,414,,,365.0,0,0.0,0,,,365.0,0,,,365.0,1,0.0,0,,,365.0,0,,,365.0,0.0,0.0,0.0,0.0
2026-09-10 10:16:15,ADBE,252.22,-1.03,,362.5,360.0,0.0,AVG,0.50676,3182,,,360.0,3180,,,360.0,AVG-0,0.27476,3182,,,360.0,3180,,,360.0,0,0.232,0,,,360.0,0,,,360.0,1,0.0,1,,,360.0,1,,,360.0,0.0,0.0,0.0,0.0
2026-09-10 10:16:15,ADBE,252.22,-1.03,,358.75,357.5,0.0,AVG,0.00142,0,,,357.5,0,,,357.5,AVG-0,0.0,0,,,357.5,0,,,357.5,0,0.00142,0,,,357.5,0,,,357.5,1,0.0,0,,,357.5,0,,,357.5,0.0,0.0,0.0,0.0
2026-09-10 10:16:15,ADBE,252.22,-1.03,,356.25,355.0,0.0,AVG,0.24424,924,,,355.0,923,,,355.0,AVG-0,0.24076,924,,,355.0,923,,,355.0,0,0.00348,0,,,355.0,0,,,355.0,1,0.0,0,,,355.0,0,,,355.0,0.0,0.0,0.0,0.0
2026-09-10 10:16:15,ADBE,252.22,-1.03,,353.75,352.5,0.0,AVG,0.00422,0,,,352.5,0,,,352.5,AVG-0,0.0,0,,,352.5,0,,,352.5,0,0.00422,0,,,352.5,0,,,352.5,1,0.0,0,,,352.5,0,,,352.5,0.0,0.0,0.0,0.0
2026-09-10 10:16:15,ADBE,252.22,-1.03,,351.25,350.0,0.0,AVG,7.13737,7584,,,350.0,7531,,,350.0,AVG-0,7.01915,7584,,4.0,350.0,7531,,4.0,350.0,0,0.1182199999999999,0,,,350.0,0,,,350.0,1,0.39864,7,,,350.0,7,,,350.0,0.0,0.0,0.0,0.0
2026-09-10 10:16:15,ADBE,252.22,-1.03,,348.75,347.5,0.0,AVG,0.00987,0,,,347.5,0,,,347.5,AVG-0,0.0,0,,,347.5,0,,,347.5,0,0.00987,0,,,347.5,0,,,347.5,1,0.0,0,,,347.5,0,,,347.5,0.0,0.0,0.0,0.0
2026-09-10 10:16:15,ADBE,252.22,-1.03,,346.25,345.0,0.0,AVG,0.41092,902,,,345.0,901,,,345.0,AVG-0,0.31478,902,,,345.0,901,,,345.0,0,0.0961399999999999,0,,,345.0,0,,,345.0,1,0.1028,1,,,345.0,1,,,345.0,0.0,0.0,0.0,0.0
2026-09-10 10:16:15,ADBE,252.22,-1.03,,343.75,342.5,0.0,AVG,0.01581,0,,,342.5,0,,,342.5,AVG-0,0.0,0,,,342.5,0,,,342.5,0,0.01581,0,,,342.5,0,,,342.5,1,0.0,0,,,342.5,0,,,342.5,0.0,0.0,0.0,0.0
2026-09-10 10:16:15,ADBE,252.22,-1.03,,341.25,340.0,0.0,AVG,-0.6035900000000003,4985,,,340.0,4973,,,340.0,AVG-0,-0.6299900000000003,4985,,,340.0,4973,,,340.0,0,0.0264,0,,,340.0,0,,,340.0,1,0.0,7,,,340.0,7,,,340.0,0.0,0.0,0.0,0.0
2026-09-10 10:16:15,ADBE,252.22,-1.03,,338.75,337.5,0.0,AVG,0.02466,0,,,337.5,0,,,337.5,AVG-0,0.0,0,,,337.5,0,,,337.5,0,0.02466,0,,,337.5,0,,,337.5,1,0.0,0,,,337.5,0,,,337.5,0.0,0.0,0.0,0.0
2026-09-10 10:16:15,ADBE,252.22,-1.03,,336.25,335.0,0.0,AVG,0.2411499999999999,1790,,,335.0,1790,,,335.0,AVG-0,0.1091999999999999,1790,,,335.0,1790,,,335.0,0,0.1319499999999999,0,,,335.0,0,,,335.0,1,0.1091999999999999,3,,,335.0,3,,,335.0,0.0,0.0,0.0,0.0
2026-09-10 10:16:15,ADBE,252.22,-1.03,,333.75,332.5,0.0,AVG,0.13272,0,,,332.5,0,,,332.5,AVG-0,0.0,0,,,332.5,0,,,332.5,0,0.13272,0,,,332.5,0,,,332.5,1,0.0,0,,,332.5,0,,,332.5,0.0,0.0,0.0,0.0
2026-09-10 10:16:15,ADBE,252.22,-1.03,,331.25,330.0,0.0,AVG,3.56238,5919,,,330.0,5909,,,330.0,AVG-0,3.2983800000000003,5919,,,330.0,5909,,,330.0,0,0.264,0,,,330.0,0,,,330.0,1,0.4153799999999999,24,,,330.0,24,,,330.0,0.0,0.0,0.0,0.0
2026-09-10 10:16:15,ADBE,252.22,-1.03,,328.75,327.5,0.0,AVG,0.0,0,,,327.5,0,,,327.5,AVG-0,0.0,0,,,327.5,0,,,327.5,0,0.0,0,,,327.5,0,,,327.5,1,0.0,0,,,327.5,0,,,327.5,0.0,0.0,0.0,0.0
2026-09-10 10:16:15,ADBE,252.22,-1.03,,326.25,325.0,0.0,AVG,1.1831299999999998,2516,,,325.0,2506,,,325.0,AVG-0,1.1004299999999998,2516,,,325.0,2506,,,325.0,0,0.0827,0,,,325.0,0,,,325.0,1,0.2329599999999999,20,,,325.0,19,,,325.0,0.0,0.0,0.0,0.0
2026-09-10 10:16:15,ADBE,252.22,-1.03,,323.75,322.5,0.0,AVG,0.06924,0,,,322.5,0,,,322.5,AVG-0,0.0,0,,,322.5,0,,,322.5,0,0.06924,0,,,322.5,0,,,322.5,1,0.0,0,,,322.5,0,,,322.5,0.0,0.0,0.0,0.0
2026-09-10 10:16:15,ADBE,252.22,-1.03,,321.25,320.0,0.0,AVG,7.290769999999999,4238,,,320.0,4208,,,320.0,AVG-0,5.90807,4238,,,320.0,4208,,,320.0,0,1.3827,0,,,320.0,0,,,320.0,1,2.03361,553,,,320.0,548,,,320.0,0.0,0.0,0.0,0.0
2026-09-10 10:16:15,ADBE,252.22,-1.03,,318.75,317.5,0.0,AVG,0.0,0,,,317.5,0,,,317.5,AVG-0,0.0,0,,,317.5,0,,,317.5,0,0.0,0,,,317.5,0,,,317.5,1,0.0,0,,,317.5,0,,,317.5,0.0,0.0,0.0,0.0
2026-09-10 10:16:15,ADBE,252.22,-1.03,,316.25,315.0,0.0,AVG,2.35913,983,,,315.0,977,,,315.0,AVG-0,1.54427,983,,,315.0,977,,,315.0,0,0.8148599999999999,0,,,315.0,0,,,315.0,1,0.88808,53,,,315.0,51,,,315.0,0.0,0.0,0.0,0.0
2026-09-10 10:16:15,ADBE,252.22,-1.03,,313.75,312.5,0.0,AVG,0.07566,0,,,312.5,0,,,312.5,AVG-0,0.0,0,,,312.5,0,,,312.5,0,0.07566,0,,,312.5,0,,,312.5,1,0.0,0,,,312.5,0,,,312.5,0.0,0.0,0.0,0.0
2026-09-10 10:16:15,ADBE,252.22,-1.03,,311.25,310.0,0.0,AVG,13.76922,3413,,,310.0,3349,,,310.0,AVG-0,12.55398,3413,,,310.0,3349,,,310.0,0,1.21524,0,,,310.0,0,,,310.0,1,7.22418,295,,,310.0,268,,,310.0,0.0,0.0,0.0,0.0
2026-09-10 10:16:15,ADBE,252.22,-1.03,,308.75,307.5,0.0,AVG,0.09468,0,,,307.5,0,,,307.5,AVG-0,0.0,0,,,307.5,0,,,307.5,0,0.09468,0,,,307.5,0,,,307.5,1,0.0,0,,,307.5,0,,,307.5,0.0,0.0,0.0,0.0
2026-09-10 10:16:15,ADBE,252.22,-1.03,,306.25,305.0,0.0,AVG,3.22098,1335,,,305.0,1324,,,305.0,AVG-0,1.2501799999999998,1335,,,305.0,1324,,,305.0,0,1.9708,0,,,305.0,0,,,305.0,1,1.38024,234,,,305.0,228,,,305.0,0.0,0.0,0.0,0.0
2026-09-10 10:16:15,ADBE,252.22,-1.03,,303.75,302.5,0.0,AVG,0.0,0,,,302.5,0,,,302.5,AVG-0,0.0,0,,,302.5,0,,,302.5,0,0.0,0,,,302.5,0,,,302.5,1,0.0,0,,,302.5,0,,,302.5,0.0,0.0,0.0,0.0
2026-09-10 10:16:15,ADBE,252.22,-1.03,,301.25,300.0,0.0,AVG,30.50268,11493,+,,300.0,11299,+,5.0,300.0,AVG-0,15.61725,11493,+,3.0,300.0,11299,+,3.0,300.0,0,14.88543,0,,,300.0,0,,,300.0,1,-1.6760699999999993,5224,+,1.0,300.0,5136,+,1.0,300.0,0.0,0.0,0.0,0.0
2026-09-10 10:16:15,ADBE,252.22,-1.03,,298.75,297.5,0.0,AVG,6.7831600000000005,189,*,,297.5,175,*,,297.5,AVG-0,1.4204800000000002,189,*,,297.5,175,*,,297.5,0,5.36268,0,,,297.5,0,,,297.5,1,1.4204800000000002,189,*,,297.5,175,*,,297.5,0.0,0.0,0.0,0.0
2026-09-10 10:16:15,ADBE,252.22,-1.03,,296.25,295.0,0.0,AVG,13.26861,1270,*,,295.0,1209,*,,295.0,AVG-0,10.24389,1270,*,,295.0,1209,*,,295.0,0,3.02472,0,,,295.0,0,,,295.0,1,3.83104,283,*,,295.0,255,*,,295.0,0.0,0.0,0.0,0.0
2026-09-10 10:16:15,ADBE,252.22,-1.03,,293.75,292.5,0.0,AVG,4.54814,48,*,,292.5,40,*,,292.5,AVG-0,1.07368,48,*,,292.5,40,*,,292.5,0,3.47446,0,,,292.5,0,,,292.5,1,1.07368,48,*,,292.5,40,*,,292.5,0.0,0.0,0.0,0.0
2026-09-10 10:16:15,ADBE,252.22,-1.03,,291.25,290.0,0.0,AVG,25.1836,3596,*,,290.0,3492,*,,290.0,AVG-0,11.15848,3595,*,,290.0,3491,*,,290.0,0,14.02512,1,,,290.0,1,,,290.0,1,4.32291,1697,*,,290.0,1648,*,,290.0,0.0,0.0,0.0,0.0
2026-09-10 10:16:15,ADBE,252.22,-1.03,,288.75,287.5,0.0,AVG,-10.8773,-1690,*,,N/N,-1671,*,,N/N,AVG-0,-12.2031,-1692,*,,N/N,-1673,*,,N/N,0,1.3258,2,,,287.5,2,,,287.5,1,-12.2031,-1692,*,,N/N,-1673,*,,N/N,0.0,0.0,0.0,0.0
2026-09-10 10:16:15,ADBE,252.22,-1.03,,286.25,285.0,0.0,AVG,66.25857,716,*,,285.0,252,*,,285.0,AVG-0,48.85406,711,*,,285.0,248,*,,285.0,0,17.404510000000002,5,,,285.0,4,,,285.0,1,39.798,1756,*,,285.0,1377,*,,285.0,0.0,0.0,0.0,0.0
2026-09-10 10:16:15,ADBE,252.22,-1.03,,283.75,282.5,0.0,AVG,8.54108,386,*,,282.5,383,*,,282.5,AVG-0,0.20008,375,*,,282.5,373,*,,282.5,0,8.341,11,,,282.5,10,,,282.5,1,0.20008,375,*,,282.5,373,*,,282.5,0.0,0.0,0.0,0.0
2026-09-10 10:16:15,ADBE,252.22,-1.03,,281.25,280.0,0.0,AVG,69.79115,-5594,*,,280.0,-5882,*,,280.0,AVG-0,26.74923,-5684,*,,280.0,-5956,*,,280.0,0,43.04192,90,,,280.0,74,,,280.0,1,13.36109,-4800,-,3.0,280.0,-4953,-,3.0,280.0,0.0,0.0,0.0,0.0
2026-09-10 10:16:15,ADBE,252.22,-1.03,,278.75,277.5,0.0,AVG,3.84162,-126,*,,277.5,-153,*,,277.5,AVG-0,2.4006,-140,*,,277.5,-166,*,,277.5,0,1.44102,14,,,277.5,13,,,277.5,1,2.4006,-140,,,277.5,-166,,,277.5,0.0,0.0,0.0,0.0
2026-09-10 10:16:15,ADBE,252.22,-1.03,,276.25,275.0,0.0,AVG,41.78926,1435,*,,275.0,1205,*,,275.0,AVG-0,17.93221,1424,*,,275.0,1231,*,,275.0,0,23.85705,11,,,275.0,-26,,,275.0,1,14.47208,-475,,,275.0,-638,,,275.0,0.0,0.0,0.0,0.0
2026-09-10 10:16:15,ADBE,252.22,-1.03,,273.75,272.5,0.0,AVG,7.696649999999999,67,*,,272.5,47,*,,272.5,AVG-0,-0.71806,32,*,,272.5,36,*,,272.5,0,8.41471,35,,,272.5,11,,,272.5,1,-0.71806,32,,,272.5,36,,,272.5,0.0,0.0,0.0,0.0
2026-09-10 10:16:15,ADBE,252.22,-1.03,,271.25,270.0,0.0,AVG,42.67709,1504,*,,270.0,1181,*,,270.0,AVG-0,16.53702,-1587,*,,270.0,-1773,*,,270.0,0,26.14007,3091,,,270.0,2954,+,,270.0,1,11.09953,-263,,,270.0,-405,,,270.0,0.0,0.0,0.0,0.0
2026-09-10 10:16:15,ADBE,252.22,-1.03,,268.75,267.5,0.0,AVG,2.59051,-54,*,,267.5,-79,*,,267.5,AVG-0,0.71767,-97,*,,267.5,-108,*,,267.5,0,1.87284,43,,,267.5,29,*,,267.5,1,0.35848,-100,,,267.5,-108,,,267.5,0.0,0.0,0.0,0.0
2026-09-10 10:16:15,ADBE,252.22,-1.03,,266.25,265.0,0.0,AVG,135.94823000000002,1823,*,,265.0,1151,*,,265.0,AVG-0,120.80029,-266,*,,265.0,-740,*,,265.0,0,15.14794,2089,,,265.0,1891,*,,265.0,1,2.1254800000000005,203,,,265.0,157,,,265.0,0.0,0.0,0.0,0.0
2026-09-10 10:16:15,ADBE,252.22,-1.03,,263.75,262.5,0.0,AVG,12.77762,-73,*,,262.5,-277,*,,262.5,AVG-0,0.1758599999999999,-178,*,,262.5,-184,*,,262.5,0,12.60176,105,,,262.5,-93,*,,262.5,1,0.77216,-175,,,262.5,-184,,,262.5,0.0,0.0,0.0,0.0
2026-09-10 10:16:15,ADBE,252.22,-1.03,,261.25,260.0,0.0,AVG,142.40651,9306,*,,260.0,6694,*,,260.0,AVG-0,48.143730000000005,5678,M,,260.0,5178,M,,260.0,0,94.26278,3628,+,,260.0,1516,*,,260.0,1,39.62167,-984,,,260.0,-1455,,,260.0,0.0,0.0,0.0,0.0
2026-09-10 10:16:15,ADBE,252.22,-1.03,,258.75,257.5,0.0,AVG,-14.869739999999998,1486,*,,257.5,1727,*,,257.5,AVG-0,1.2328,2190,*,,257.5,2176,*,,257.5,0,-16.102539999999998,-704,*,,N/N,-449,*,,N/N,1,-0.6224400000000001,2176,,,257.5,2176,,,257.5,0.0,0.0,0.0,0.0
2026-09-10 10:16:15,ADBE,252.22,-1.03,,256.25,255.0,0.0,AVG,-3.144990000000002,-9990,*,,N/N,-10349,*,,N/N,AVG-0,-21.52125,-4778,*,,N/N,-4642,*,,N/N,0,18.37626,-5212,*,4.0,255.0,-5707,*,3.0,255.0,1,-7.978840000000002,-1163,,,N/N,-1105,M,,N/N,0.0,0.0,0.0,0.0
2026-09-10 10:16:15,ADBE,252.22,-1.03,CURR,253.75,252.5,0.0,AVG,21.301169999999995,-4219,*,,252.5,-4777,M,,252.5,AVG-0,-3.32939,-415,*,,N/N,-376,*,,N/N,0,24.63056,-3804,*,5.0,252.5,-4401,*,4.0,252.5,1,-3.32939,-415,M,,N/N,-376,,,N/N,0.0,0.0,0.0,0.0
2026-09-10 10:16:15,ADBE,252.22,-1.03,,251.25,250.0,0.0,AVG,-190.98119,-33112,M-,1.0,N/N,-27839,*,2.0,N/N,AVG-0,4.975779999999995,-6110,*,,250.0,-6068,*,,250.0,0,-195.95697,-27002,M-,1.0,N/N,-21771,M-,1.0,N/N,1,19.358329999999995,2267,,,250.0,2191,,,250.0,0.0,0.0,0.0,0.0
2026-09-10 10:16:15,ADBE,252.22,-1.03,,248.75,247.5,0.0,AVG,-13.89331,-2399,,,N/N,-2102,*,,N/N,AVG-0,-5.177389999999999,-59,*,,N/N,0,*,,247.5,0,-8.71592,-2340,,,N/N,-2102,,,N/N,1,-4.755999999999999,-56,,,N/N,0,,,247.5,0.0,0.0,0.0,0.0
2026-09-10 10:16:15,ADBE,252.22,-1.03,,246.25,245.0,0.0,AVG,-205.90019,-12738,,4.0,N/N,-9106,*,,N/N,AVG-0,-57.08036,-5360,*,,N/N,-4925,*,,N/N,0,-148.81983,-7378,,3.0,N/N,-4181,,5.0,N/N,1,-13.70967,-3815,,5.0,N/N,-3645,,5.0,N/N,0.0,0.0,0.0,0.0
2026-09-10 10:16:15,ADBE,252.22,-1.03,,243.75,242.5,0.0,AVG,-4.9154800000000005,-1883,,,N/N,-1796,*,,N/N,AVG-0,0.0,0,*,,242.5,0,*,,242.5,0,-4.9154800000000005,-1883,,,N/N,-1796,,,N/N,1,0.0,0,,,242.5,0,,,242.5,0.0,0.0,0.0,0.0
2026-09-10 10:16:15,ADBE,252.22,-1.03,,241.25,240.0,0.0,AVG,-113.64846,-12833,,3.0,N/N,-11480,*,3.0,N/N,AVG-0,-47.36711999999999,-5399,*,,N/N,-4825,*,,N/N,0,-66.28134,-7434,,2.0,N/N,-6655,,2.0,N/N,1,-30.99951,-3542,,,N/N,-3122,,,N/N,0.0,0.0,0.0,0.0
2026-09-10 10:16:15,ADBE,252.22,-1.03,,238.75,237.5,0.0,AVG,-26.50243,-1662,,,N/N,-1458,*,,N/N,AVG-0,-0.89581,-10,*,,N/N,0,*,,237.5,0,-25.60662,-1652,,,N/N,-1458,,,N/N,1,-0.28663,-4,,,N/N,0,,,237.5,0.0,0.0,0.0,0.0
2026-09-10 10:16:15,ADBE,252.22,-1.03,,236.25,235.0,0.0,AVG,-108.65991,544,,,235.0,1097,*,,235.0,AVG-0,5.845090000000001,2234,*,,235.0,2284,*,,235.0,0,-114.505,-1690,,,N/N,-1187,,,N/N,1,-4.734,4923,,2.0,235.0,4981,,2.0,235.0,0.0,0.0,0.0,0.0
2026-09-10 10:16:15,ADBE,252.22,-1.03,,233.75,232.5,0.0,AVG,-3.42676,-111,,,N/N,-98,*,,N/N,AVG-0,-0.47626,-6,*,,N/N,0,*,,232.5,0,-2.9505,-105,,,N/N,-98,,,N/N,1,-0.22854,-3,,,N/N,0,,,232.5,0.0,0.0,0.0,0.0
2026-09-10 10:16:15,ADBE,252.22,-1.03,,231.25,230.0,0.0,AVG,-64.04957,-6102,,,N/N,-5873,*,,N/N,AVG-0,-12.37943,-5830,*,,N/N,-5655,*,,N/N,0,-51.67014,-272,,,N/N,-218,,,N/N,1,-11.7964,512,,,230.0,650,,,230.0,0.0,0.0,0.0,0.0
2026-09-10 10:16:15,ADBE,252.22,-1.03,,228.75,227.5,0.0,AVG,-8.936429999999998,-28,,,N/N,-19,*,,N/N,AVG-0,-0.55023,-6,*,,N/N,0,*,,227.5,0,-8.386199999999999,-22,,,N/N,-19,,,N/N,1,-0.55023,-6,,,N/N,0,,,227.5,0.0,0.0,0.0,0.0
2026-09-10 10:16:15,ADBE,252.22,-1.03,,226.25,225.0,0.0,AVG,-90.73802,-4684,,,N/N,-4121,*,,N/N,AVG-0,-50.91002,-4648,*,,N/N,-4091,*,,N/N,0,-39.828,-36,,,N/N,-30,,,N/N,1,-49.16808,-2564,,,N/N,-2022,,,N/N,0.0,0.0,0.0,0.0
2026-09-10 10:16:15,ADBE,252.22,-1.03,,223.75,222.5,0.0,AVG,-1.1533,-7,,,N/N,0,*,,222.5,AVG-0,-0.7091000000000001,-7,*,,N/N,0,*,,222.5,0,-0.4442,0,,,222.5,0,,,222.5,1,-0.7091000000000001,-7,,,N/N,0,,,222.5,0.0,0.0,0.0,0.0
2026-09-10 10:16:15,ADBE,252.22,-1.03,,221.25,220.0,0.0,AVG,-50.20294,-11631,,5.0,N/N,-11428,*,4.0,N/N,AVG-0,-24.9236,-11628,*,2.0,N/N,-11425,*,2.0,N/N,0,-25.27934,-3,,,N/N,-3,,,N/N,1,-11.02804,-3888,,4.0,N/N,-3782,,4.0,N/N,0.0,0.0,0.0,0.0
2026-09-10 10:16:15,ADBE,252.22,-1.03,,218.75,217.5,0.0,AVG,-0.83954,-4,,,N/N,0,*,,217.5,AVG-0,-0.39308,-4,*,,N/N,0,*,,217.5,0,-0.44646,0,,,217.5,0,,,217.5,1,-0.39308,-4,,,N/N,0,,,217.5,0.0,0.0,0.0,0.0
2026-09-10 10:16:15,ADBE,252.22,-1.03,,216.25,215.0,0.0,AVG,-14.09475,-1161,,,N/N,-1042,*,,N/N,AVG-0,-9.610359999999998,-1161,*,,N/N,-1042,*,,N/N,0,-4.48439,0,,,215.0,0,,,215.0,1,1.71144,-252,,,215.0,-240,,,215.0,0.0,0.0,0.0,0.0
2026-09-10 10:16:15,ADBE,252.22,-1.03,,213.75,212.5,0.0,AVG,0.0,0,,,212.5,0,*,,212.5,AVG-0,0.0,0,*,,212.5,0,*,,212.5,0,0.0,0,,,212.5,0,,,212.5,1,0.0,0,,,212.5,0,,,212.5,0.0,0.0,0.0,0.0
2026-09-10 10:16:15,ADBE,252.22,-1.03,,211.25,210.0,0.0,AVG,-41.01679,-29753,,2.0,N/N,-29396,-,1.0,N/N,AVG-0,-36.59058,-29753,-,1.0,N/N,-29396,-,1.0,N/N,0,-4.42621,0,,,210.0,0,,,210.0,1,-3.2634900000000004,-491,,,N/N,-472,,,N/N,0.0,0.0,0.0,0.0
2026-09-10 10:16:15,ADBE,252.22,-1.03,,208.75,207.5,0.0,AVG,0.0,0,,,207.5,0,,,207.5,AVG-0,0.0,0,,,207.5,0,,,207.5,0,0.0,0,,,207.5,0,,,207.5,1,0.0,0,,,207.5,0,,,207.5,0.0,0.0,0.0,0.0
2026-09-10 10:16:15,ADBE,252.22,-1.03,,206.25,205.0,0.0,AVG,-2.62127,-1579,,,N/N,-1570,,,N/N,AVG-0,-1.11935,-1579,,,N/N,-1570,,,N/N,0,-1.50192,0,,,205.0,0,,,205.0,1,-0.61906,-148,,,N/N,-145,,,N/N,0.0,0.0,0.0,0.0
2026-09-10 10:16:15,ADBE,252.22,-1.03,,203.75,202.5,0.0,AVG,0.0,0,,,202.5,0,,,202.5,AVG-0,0.0,0,,,202.5,0,,,202.5,0,0.0,0,,,202.5,0,,,202.5,1,0.0,0,,,202.5,0,,,202.5,0.0,0.0,0.0,0.0
2026-09-10 10:16:15,ADBE,252.22,-1.03,,201.25,200.0,0.0,AVG,-25.28534,4187,,,200.0,4250,,,200.0,AVG-0,-12.64568,4187,,,200.0,4250,,,200.0,0,-12.63966,0,,,200.0,0,,,200.0,1,-5.9551,-119,,,N/N,-105,,,N/N,0.0,0.0,0.0,0.0
2026-09-10 10:16:15,ADBE,252.22,-1.03,,197.5,195.0,0.0,AVG,-7.03641,-2611,,,N/N,-2581,,,N/N,AVG-0,-5.05251,-2611,,,N/N,-2581,,,N/N,0,-1.9839,0,,,195.0,0,,,195.0,1,-0.02401,-13,,,N/N,-13,,,N/N,0.0,0.0,0.0,0.0
2026-09-10 10:16:15,ADBE,252.22,-1.03,,192.5,190.0,0.0,AVG,-15.39315,-6737,,,N/N,-6661,,,N/N,AVG-0,-15.03573,-6737,,5.0,N/N,-6661,,5.0,N/N,0,-0.3574199999999999,0,,,190.0,0,,,190.0,1,-0.1120799999999999,-18,,,N/N,-18,,,N/N,0.0,0.0,0.0,0.0
2026-09-10 10:16:15,ADBE,252.22,-1.03,,187.5,185.0,0.0,AVG,-1.97397,-1816,,,N/N,-1807,,,N/N,AVG-0,-1.92357,-1816,,,N/N,-1807,,,N/N,0,-0.0504,0,,,185.0,0,,,185.0,1,-0.35364,-2,,,N/N,-2,,,N/N,0.0,0.0,0.0,0.0
2026-09-10 10:16:15,ADBE,252.22,-1.03,,182.5,180.0,0.0,AVG,0.71925,-2516,,,180.0,-2517,,,180.0,AVG-0,0.82999,-2516,,,180.0,-2517,,,180.0,0,-0.1107399999999999,0,,,180.0,0,,,180.0,1,0.0,0,,,180.0,0,,,180.0,0.0,0.0,0.0,0.0
2026-09-10 10:16:15,ADBE,252.22,-1.03,,177.5,175.0,0.0,AVG,6.1960500000000005,-1223,,,175.0,-1226,,,175.0,AVG-0,6.1960500000000005,-1223,,,175.0,-1226,,,175.0,0,0.0,0,,,175.0,0,,,175.0,1,0.0,0,,,175.0,0,,,175.0,0.0,0.0,0.0,0.0
2026-09-10 10:16:15,ADBE,252.22,-1.03,,172.5,170.0,0.0,AVG,0.0,-1405,,,170.0,-1405,,,170.0,AVG-0,0.0,-1405,,,170.0,-1405,,,170.0,0,0.0,0,,,170.0,0,,,170.0,1,0.0,0,,,170.0,0,,,170.0,0.0,0.0,0.0,0.0
2026-09-10 10:16:15,ADBE,252.22,-1.03,,167.5,165.0,0.0,AVG,-0.31596,-1229,,,N/N,-1228,,,N/N,AVG-0,-0.31596,-1229,,,N/N,-1228,,,N/N,0,0.0,0,,,165.0,0,,,165.0,1,0.0,0,,,165.0,0,,,165.0,0.0,0.0,0.0,0.0
2026-09-10 10:16:15,ADBE,252.22,-1.03,,162.5,160.0,0.0,AVG,-0.82103,-1783,,,N/N,-1780,,,N/N,AVG-0,-0.82103,-1783,,,N/N,-1780,,,N/N,0,0.0,0,,,160.0,0,,,160.0,1,0.0,0,,,160.0,0,,,160.0,0.0,0.0,0.0,0.0
2026-09-10 10:16:15,ADBE,252.22,-1.03,,157.5,155.0,0.0,AVG,-0.09987,-1670,,,N/N,-1670,,,N/N,AVG-0,-0.09987,-1670,,,N/N,-1670,,,N/N,0,0.0,0,,,155.0,0,,,155.0,1,-0.0448,0,,,155.0,0,,,155.0,0.0,0.0,0.0,0.0
2026-09-10 10:16:15,ADBE,252.22,-1.03,,152.5,150.0,0.0,AVG,0.6555599999999999,-770,,,150.0,-769,,,150.0,AVG-0,0.6555599999999999,-770,,,150.0,-769,,,150.0,0,0.0,0,,,150.0,0,,,150.0,1,0.0,0,,,150.0,0,,,150.0,0.0,0.0,0.0,0.0
2026-09-10 10:16:15,ADBE,252.22,-1.03,,147.5,145.0,0.0,AVG,-0.27288,-254,,,N/N,-253,,,N/N,AVG-0,-0.27288,-254,,,N/N,-253,,,N/N,0,0.0,0,,,145.0,0,,,145.0,1,0.0,0,,,145.0,0,,,145.0,0.0,0.0,0.0,0.0
2026-09-10 10:16:15,ADBE,252.22,-1.03,,142.5,140.0,0.0,AVG,-0.22674,-133,,,N/N,-133,,,N/N,AVG-0,-0.22674,-133,,,N/N,-133,,,N/N,0,0.0,0,,,140.0,0,,,140.0,1,-0.14504,0,,,140.0,0,,,140.0,0.0,0.0,0.0,0.0
2026-09-10 10:16:15,ADBE,252.22,-1.03,,137.5,135.0,0.0,AVG,0.0,-303,,,135.0,-303,,,135.0,AVG-0,0.0,-303,,,135.0,-303,,,135.0,0,0.0,0,,,135.0,0,,,135.0,1,0.0,0,,,135.0,0,,,135.0,0.0,0.0,0.0,0.0
2026-09-10 10:16:15,ADBE,252.22,-1.03,,132.5,130.0,0.0,AVG,-0.11414,3069,,,130.0,3069,,,130.0,AVG-0,-0.11414,3069,,,130.0,3069,,,130.0,0,0.0,0,,,130.0,0,,,130.0,1,0.0,0,,,130.0,0,,,130.0,0.0,0.0,0.0,0.0
2026-09-10 10:16:15,ADBE,252.22,-1.03,,127.5,125.0,0.0,AVG,0.0,-98,,,125.0,-98,,,125.0,AVG-0,0.0,-98,,,125.0,-98,,,125.0,0,0.0,0,,,125.0,0,,,125.0,1,0.0,0,,,125.0,0,,,125.0,0.0,0.0,0.0,0.0
2026-09-10 10:16:15,ADBE,252.22,-1.03,,122.5,120.0,0.0,AVG,0.81233,-346,,,120.0,-346,,,120.0,AVG-0,0.81233,-346,,,120.0,-346,,,120.0,0,0.0,0,,,120.0,0,,,120.0,1,0.0,0,,,120.0,0,,,120.0,0.0,0.0,0.0,0.0
2026-09-10 10:16:15,ADBE,252.22,-1.03,,117.5,115.0,0.0,AVG,-0.08695,-112,,,N/N,-112,,,N/N,AVG-0,-0.08695,-112,,,N/N,-112,,,N/N,0,0.0,0,,,115.0,0,,,115.0,1,0.0,0,,,115.0,0,,,115.0,0.0,0.0,0.0,0.0
2026-09-10 10:16:15,ADBE,252.22,-1.03,,112.5,110.0,0.0,AVG,0.0,-67,,,110.0,-67,,,110.0,AVG-0,0.0,-67,,,110.0,-67,,,110.0,0,0.0,0,,,110.0,0,,,110.0,1,0.0,0,,,110.0,0,,,110.0,0.0,0.0,0.0,0.0
2026-09-10 10:16:15,ADBE,252.22,-1.03,,107.5,105.0,0.0,AVG,0.0,-191,,,105.0,-191,,,105.0,AVG-0,0.0,-191,,,105.0,-191,,,105.0,0,0.0,0,,,105.0,0,,,105.0,1,0.0,0,,,105.0,0,,,105.0,0.0,0.0,0.0,0.0
2026-09-10 10:16:15,ADBE,252.22,-1.03,,102.5,100.0,0.0,AVG,0.0,-138,,,100.0,-138,,,100.0,AVG-0,0.0,-138,,,100.0,-138,,,100.0,0,0.0,0,,,100.0,0,,,100.0,1,0.0,0,,,100.0,0,,,100.0,0.0,0.0,0.0,0.0
2026-09-10 10:16:15,ADP,268.31,1.17,,,480.0,0.0,AVG,0.0,0,,,480.0,0,,,480.0,AVG-0,0.0,0,,,480.0,0,,,480.0,0,0.0,0,,,480.0,0,,,480.0,1,0.0,0,,,480.0,0,,,480.0,0.0,0.0,0.0,0.0
2026-09-10 10:16:15,ADP,268.31,1.17,,475.0,470.0,0.0,AVG,0.0,0,,,470.0,0,,,470.0,AVG-0,0.0,0,,,470.0,0,,,470.0,0,0.0,0,,,470.0,0,,,470.0,1,0.0,0,,,470.0,0,,,470.0,0.0,0.0,0.0,0.0
2026-09-10 10:16:15,ADP,268.31,1.17,,465.0,460.0,0.0,AVG,0.0,0,,,460.0,0,,,460.0,AVG-0,0.0,0,,,460.0,0,,,460.0,0,0.0,0,,,460.0,0,,,460.0,1,0.0,0,,,460.0,0,,,460.0,0.0,0.0,0.0,0.0
2026-09-10 10:16:15,ADP,268.31,1.17,,455.0,450.0,0.0,AVG,0.0,0,,,450.0,0,,,450.0,AVG-0,0.0,0,,,450.0,0,,,450.0,0,0.0,0,,,450.0,0,,,450.0,1,0.0,0,,,450.0,0,,,450.0,0.0,0.0,0.0,0.0
2026-09-10 10:16:15,ADP,268.31,1.17,,445.0,440.0,0.0,AVG,0.0,0,,,440.0,0,,,440.0,AVG-0,0.0,0,,,440.0,0,,,440.0,0,0.0,0,,,440.0,0,,,440.0,1,0.0,0,,,440.0,0,,,440.0,0.0,0.0,0.0,0.0
2026-09-10 10:16:15,ADP,268.31,1.17,,435.0,430.0,0.0,AVG,0.0,9,,,430.0,9,,,430.0,AVG-0,0.0,9,,,430.0,9,,,430.0,0,0.0,0,,,430.0,0,,,430.0,1,0.0,0,,,430.0,0,,,430.0,0.0,0.0,0.0,0.0
2026-09-10 10:16:15,ADP,268.31,1.17,,425.0,420.0,0.0,AVG,0.12263,6,,,420.0,6,,,420.0,AVG-0,0.12263,6,,,420.0,6,,,420.0,0,0.0,0,,,420.0,0,,,420.0,1,0.0,0,,,420.0,0,,,420.0,0.0,0.0,0.0,0.0
2026-09-10 10:16:15,ADP,268.31,1.17,,415.0,410.0,0.0,AVG,0.07136,2,,,410.0,1,,,410.0,AVG-0,0.07136,2,,,410.0,1,,,410.0,0,0.0,0,,,410.0,0,,,410.0,1,0.0,0,,,410.0,0,,,410.0,0.0,0.0,0.0,0.0
2026-09-10 10:16:15,ADP,268.31,1.17,,405.0,400.0,0.0,AVG,0.04254,5,,,400.0,5,,,400.0,AVG-0,0.04254,5,,,400.0,5,,,400.0,0,0.0,0,,,400.0,0,,,400.0,1,0.0,0,,,400.0,0,,,400.0,0.0,0.0,0.0,0.0
2026-09-10 10:16:15,ADP,268.31,1.17,,395.0,390.0,0.0,AVG,0.10282,14,,,390.0,13,,,390.0,AVG-0,0.10282,14,,,390.0,13,,,390.0,0,0.0,0,,,390.0,0,,,390.0,1,0.0,0,,,390.0,0,,,390.0,0.0,0.0,0.0,0.0
2026-09-10 10:16:15,ADP,268.31,1.17,,385.0,380.0,0.0,AVG,0.06305,37,,,380.0,37,,,380.0,AVG-0,0.06305,37,,,380.0,37,,,380.0,0,0.0,0,,,380.0,0,,,380.0,1,0.0,0,,,380.0,0,,,380.0,0.0,0.0,0.0,0.0
2026-09-10 10:16:15,ADP,268.31,1.17,,375.0,370.0,0.0,AVG,0.0,58,,,370.0,58,,,370.0,AVG-0,0.0,58,,,370.0,58,,,370.0,0,0.0,0,,,370.0,0,,,370.0,1,0.0,0,,,370.0,0,,,370.0,0.0,0.0,0.0,0.0
2026-09-10 10:16:15,ADP,268.31,1.17,,365.0,360.0,0.0,AVG,0.0,246,,,360.0,246,,,360.0,AVG-0,0.0,246,,,360.0,246,,,360.0,0,0.0,0,,,360.0,0,,,360.0,1,0.0,0,,,360.0,0,,,360.0,0.0,0.0,0.0,0.0
2026-09-10 10:16:15,ADP,268.31,1.17,,355.0,350.0,0.0,AVG,0.0,271,,,350.0,271,,,350.0,AVG-0,0.0,271,,,350.0,271,,,350.0,0,0.0,0,,,350.0,0,,,350.0,1,0.0,0,,,350.0,0,,,350.0,0.0,0.0,0.0,0.0
2026-09-10 10:16:15,ADP,268.31,1.17,,347.5,345.0,0.0,AVG,0.0,0,,,345.0,0,,,345.0,AVG-0,0.0,0,,,345.0,0,,,345.0,0,0.0,0,,,345.0,0,,,345.0,1,0.0,0,,,345.0,0,,,345.0,0.0,0.0,0.0,0.0
2026-09-10 10:16:15,ADP,268.31,1.17,,342.5,340.0,0.0,AVG,0.0,528,,,340.0,528,,,340.0,AVG-0,0.0,528,,,340.0,528,,,340.0,0,0.0,0,,,340.0,0,,,340.0,1,0.0,0,,,340.0,0,,,340.0,0.0,0.0,0.0,0.0
2026-09-10 10:16:15,ADP,268.31,1.17,,337.5,335.0,0.0,AVG,0.0,0,,,335.0,0,,,335.0,AVG-0,0.0,0,,,335.0,0,,,335.0,0,0.0,0,,,335.0,0,,,335.0,1,0.0,0,,,335.0,0,,,335.0,0.0,0.0,0.0,0.0
2026-09-10 10:16:15,ADP,268.31,1.17,,332.5,330.0,0.0,AVG,0.0,838,,,330.0,838,,,330.0,AVG-0,0.0,838,,,330.0,838,,,330.0,0,0.0,0,,,330.0,0,,,330.0,1,0.0,0,,,330.0,0,,,330.0,0.0,0.0,0.0,0.0
2026-09-10 10:16:15,ADP,268.31,1.17,,327.5,325.0,0.0,AVG,0.0,0,,,325.0,0,,,325.0,AVG-0,0.0,0,,,325.0,0,,,325.0,0,0.0,0,,,325.0,0,,,325.0,1,0.0,0,,,325.0,0,,,325.0,0.0,0.0,0.0,0.0
2026-09-10 10:16:15,ADP,268.31,1.17,,322.5,320.0,0.0,AVG,0.0,1018,,,320.0,1018,,,320.0,AVG-0,0.0,1018,,,320.0,1018,,,320.0,0,0.0,0,,,320.0,0,,,320.0,1,0.0,1,,,320.0,1,,,320.0,0.0,0.0,0.0,0.0
2026-09-10 10:16:15,ADP,268.31,1.17,,317.5,315.0,0.0,AVG,0.0,1,,,315.0,1,,,315.0,AVG-0,0.0,1,,,315.0,1,,,315.0,0,0.0,0,,,315.0,0,,,315.0,1,0.0,0,,,315.0,0,,,315.0,0.0,0.0,0.0,0.0
2026-09-10 10:16:15,ADP,268.31,1.17,,313.75,312.5,0.0,AVG,0.0,0,,,312.5,0,,,312.5,AVG-0,0.0,0,,,312.5,0,,,312.5,0,0.0,0,,,312.5,0,,,312.5,1,0.0,0,,,312.5,0,,,312.5,0.0,0.0,0.0,0.0
2026-09-10 10:16:15,ADP,268.31,1.17,,311.25,310.0,0.0,AVG,0.0,3972,,5.0,310.0,3972,,5.0,310.0,AVG-0,0.0,3972,,5.0,310.0,3972,,5.0,310.0,0,0.0,0,,,310.0,0,,,310.0,1,0.0,18,,,310.0,18,,,310.0,0.0,0.0,0.0,0.0
2026-09-10 10:16:15,ADP,268.31,1.17,,308.75,307.5,0.0,AVG,0.0,0,,,307.5,0,,,307.5,AVG-0,0.0,0,,,307.5,0,,,307.5,0,0.0,0,,,307.5,0,,,307.5,1,0.0,0,,,307.5,0,,,307.5,0.0,0.0,0.0,0.0
2026-09-10 10:16:15,ADP,268.31,1.17,,306.25,305.0,0.0,AVG,0.0,40,,,305.0,40,,,305.0,AVG-0,0.0,40,,,305.0,40,,,305.0,0,0.0,0,,,305.0,0,,,305.0,1,0.0,0,,,305.0,0,,,305.0,0.0,0.0,0.0,0.0
2026-09-10 10:16:15,ADP,268.31,1.17,,303.75,302.5,0.0,AVG,0.0,5,,,302.5,5,,,302.5,AVG-0,0.0,5,,,302.5,5,,,302.5,0,0.0,0,,,302.5,0,,,302.5,1,0.0,5,,,302.5,5,,,302.5,0.0,0.0,0.0,0.0
2026-09-10 10:16:15,ADP,268.31,1.17,,301.25,300.0,0.0,AVG,0.68412,2686,,,300.0,2679,,,300.0,AVG-0,0.68412,2686,,,300.0,2679,,,300.0,0,0.0,0,,,300.0,0,,,300.0,1,0.2498999999999999,203,,,300.0,200,,,300.0,0.0,0.0,0.0,0.0
2026-09-10 10:16:15,ADP,268.31,1.17,,298.75,297.5,0.0,AVG,0.12102,6,,,297.5,1,,,297.5,AVG-0,0.12102,6,,,297.5,1,,,297.5,0,0.0,0,,,297.5,0,,,297.5,1,0.12102,6,,,297.5,1,,,297.5,0.0,0.0,0.0,0.0
2026-09-10 10:16:15,ADP,268.31,1.17,,296.25,295.0,0.0,AVG,0.0,125,,,295.0,125,,,295.0,AVG-0,0.0,125,,,295.0,125,,,295.0,0,0.0,0,,,295.0,0,,,295.0,1,0.0,12,,,295.0,12,,,295.0,0.0,0.0,0.0,0.0
2026-09-10 10:16:15,ADP,268.31,1.17,,293.75,292.5,0.0,AVG,0.0,43,,,292.5,43,,,292.5,AVG-0,0.0,43,,,292.5,43,,,292.5,0,0.0,0,,,292.5,0,,,292.5,1,0.0,43,,,292.5,43,,,292.5,0.0,0.0,0.0,0.0
2026-09-10 10:16:15,ADP,268.31,1.17,,291.25,290.0,0.0,AVG,0.0,4223,,4.0,290.0,4223,,4.0,290.0,AVG-0,0.0,4223,,4.0,290.0,4223,,4.0,290.0,0,0.0,0,,,290.0,0,,,290.0,1,0.0,566,,4.0,290.0,566,,4.0,290.0,0.0,0.0,0.0,0.0
2026-09-10 10:16:15,ADP,268.31,1.17,,288.75,287.5,0.0,AVG,0.0,301,,,287.5,301,,,287.5,AVG-0,0.0,301,,,287.5,301,,,287.5,0,0.0,0,,,287.5,0,,,287.5,1,0.0,301,,,287.5,301,,,287.5,0.0,0.0,0.0,0.0
2026-09-10 10:16:15,ADP,268.31,1.17,,286.25,285.0,0.0,AVG,0.0,199,,,285.0,199,,,285.0,AVG-0,0.0,196,,,285.0,196,,,285.0,0,0.0,3,,,285.0,3,,,285.0,1,0.0,75,,,285.0,75,,,285.0,0.0,0.0,0.0,0.0
2026-09-10 10:16:15,ADP,268.31,1.17,,283.75,282.5,0.0,AVG,0.0,48,,,282.5,48,,,282.5,AVG-0,0.0,-14,,,282.5,-14,,,282.5,0,0.0,62,,,282.5,62,,,282.5,1,0.0,-14,,,282.5,-14,,,282.5,0.0,0.0,0.0,0.0
2026-09-10 10:16:15,ADP,268.31,1.17,,281.25,280.0,0.0,AVG,0.78379,5744,+,3.0,280.0,5738,+,3.0,280.0,AVG-0,0.78379,5476,+,3.0,280.0,5470,+,3.0,280.0,0,0.0,268,,,280.0,268,,,280.0,1,0.0,3338,+,2.0,280.0,3338,+,2.0,280.0,0.0,0.0,0.0,0.0
2026-09-10 10:16:15,ADP,268.31,1.17,,278.75,277.5,0.0,AVG,0.0,-98,*,,277.5,-98,*,,277.5,AVG-0,0.0,-128,*,,277.5,-128,*,,277.5,0,0.0,30,,,277.5,30,,,277.5,1,0.0,-128,*,,277.5,-128,*,,277.5,0.0,0.0,0.0,0.0
2026-09-10 10:16:15,ADP,268.31,1.17,,276.25,275.0,0.0,AVG,-0.64153,453,*,,275.0,458,*,,275.0,AVG-0,-0.64153,26,*,,275.0,31,*,,275.0,0,0.0,427,,4.0,275.0,427,,4.0,275.0,1,0.0,-15,*,,275.0,-15,*,,275.0,0.0,0.0,0.0,0.0
2026-09-10 10:16:15,ADP,268.31,1.17,,273.75,272.5,0.0,AVG,0.0,120,*,,272.5,120,*,,272.5,AVG-0,0.0,-50,M,,272.5,-50,M,,272.5,0,0.0,170,,,272.5,170,,,272.5,1,0.0,-50,*,,272.5,-50,*,,272.5,0.0,0.0,0.0,0.0
2026-09-10 10:16:15,ADP,268.31,1.17,,271.25,270.0,0.0,AVG,1.1438700000000002,-8282,M-,1.0,270.0,-8308,M-,1.0,270.0,AVG-0,1.1438700000000002,-8768,-,1.0,270.0,-8794,-,1.0,270.0,0,0.0,486,+,3.0,270.0,486,+,3.0,270.0,1,1.1438700000000002,-6271,M-,1.0,270.0,-6297,M-,1.0,270.0,0.0,0.0,0.0,0.0
2026-09-10 10:16:15,ADP,268.31,1.17,CURR,268.75,267.5,0.0,AVG,0.0,-1036,,,267.5,-1036,,,267.5,AVG-0,0.0,0,,,267.5,0,,,267.5,0,0.0,-1036,M,2.0,267.5,-1036,M,2.0,267.5,1,0.0,0,,,267.5,0,,,267.5,0.0,0.0,0.0,0.0
2026-09-10 10:16:15,ADP,268.31,1.17,,266.25,265.0,0.0,AVG,0.0,-1567,,,265.0,-1567,,,265.0,AVG-0,0.0,4,,,265.0,4,,,265.0,0,0.0,-1571,-,1.0,265.0,-1571,-,1.0,265.0,1,0.0,92,,,265.0,92,,,265.0,0.0,0.0,0.0,0.0
2026-09-10 10:16:15,ADP,268.31,1.17,,263.75,262.5,0.0,AVG,0.0,-248,,,262.5,-248,,,262.5,AVG-0,0.0,-61,,,262.5,-61,,,262.5,0,0.0,-187,,,262.5,-187,,,262.5,1,0.0,-61,,,262.5,-61,,,262.5,0.0,0.0,0.0,0.0
2026-09-10 10:16:15,ADP,268.31,1.17,,261.25,260.0,0.0,AVG,2.22726,-8020,,2.0,260.0,-8040,,2.0,260.0,AVG-0,2.22726,-7603,,2.0,260.0,-7623,,2.0,260.0,0,0.0,-417,,5.0,260.0,-417,,5.0,260.0,1,2.22726,-1711,,3.0,260.0,-1731,,3.0,260.0,0.0,0.0,0.0,0.0
2026-09-10 10:16:15,ADP,268.31,1.17,,258.75,257.5,0.0,AVG,-0.22894,-387,,,N/N,-384,,,N/N,AVG-0,0.0,-376,,,257.5,-376,,,257.5,0,-0.22894,-11,,,N/N,-8,,,N/N,1,0.0,-376,,,257.5,-376,,,257.5,0.0,0.0,0.0,0.0
2026-09-10 10:16:15,ADP,268.31,1.17,,256.25,255.0,0.0,AVG,0.0,-210,,,255.0,-210,,,255.0,AVG-0,0.0,-206,,,255.0,-206,,,255.0,0,0.0,-4,,,255.0,-4,,,255.0,1,0.0,-50,,,255.0,-50,,,255.0,0.0,0.0,0.0,0.0
2026-09-10 10:16:15,ADP,268.31,1.17,,253.75,252.5,0.0,AVG,0.0,-1,,,252.5,-1,,,252.5,AVG-0,0.0,0,,,252.5,0,,,252.5,0,0.0,-1,,,252.5,-1,,,252.5,1,0.0,0,,,252.5,0,,,252.5,0.0,0.0,0.0,0.0
2026-09-10 10:16:15,ADP,268.31,1.17,,251.25,250.0,0.0,AVG,0.67743,-1116,,,250.0,-1118,,,250.0,AVG-0,0.67743,-1116,,,250.0,-1118,,,250.0,0,0.0,0,,,250.0,0,,,250.0,1,0.0,379,,,250.0,379,,,250.0,0.0,0.0,0.0,0.0
2026-09-10 10:16:15,ADP,268.31,1.17,,248.75,247.5,0.0,AVG,0.0,0,,,247.5,0,,,247.5,AVG-0,0.0,0,,,247.5,0,,,247.5,0,0.0,0,,,247.5,0,,,247.5,1,0.0,0,,,247.5,0,,,247.5,0.0,0.0,0.0,0.0
2026-09-10 10:16:15,ADP,268.31,1.17,,246.25,245.0,0.0,AVG,0.0,-67,,,245.0,-67,,,245.0,AVG-0,0.0,-67,,,245.0,-67,,,245.0,0,0.0,0,,,245.0,0,,,245.0,1,0.0,-1,,,245.0,-1,,,245.0,0.0,0.0,0.0,0.0
2026-09-10 10:16:15,ADP,268.31,1.17,,243.75,242.5,0.0,AVG,0.0,0,,,242.5,0,,,242.5,AVG-0,0.0,0,,,242.5,0,,,242.5,0,0.0,0,,,242.5,0,,,242.5,1,0.0,0,,,242.5,0,,,242.5,0.0,0.0,0.0,0.0
2026-09-10 10:16:15,ADP,268.31,1.17,,241.25,240.0,0.0,AVG,-4.0774,-1359,,,N/N,-1320,,,N/N,AVG-0,-4.0774,-1359,,,N/N,-1320,,,N/N,0,0.0,0,,,240.0,0,,,240.0,1,0.0,-405,,5.0,240.0,-405,,5.0,240.0,0.0,0.0,0.0,0.0
2026-09-10 10:16:15,ADP,268.31,1.17,,238.75,237.5,0.0,AVG,0.0,0,,,237.5,0,,,237.5,AVG-0,0.0,0,,,237.5,0,,,237.5,0,0.0,0,,,237.5,0,,,237.5,1,0.0,0,,,237.5,0,,,237.5,0.0,0.0,0.0,0.0
2026-09-10 10:16:15,ADP,268.31,1.17,,236.25,235.0,0.0,AVG,-6e-05,-6,,,N/N,-6,,,N/N,AVG-0,0.0,-6,,,235.0,-6,,,235.0,0,-6e-05,0,,,235.0,0,,,235.0,1,0.0,0,,,235.0,0,,,235.0,0.0,0.0,0.0,0.0
2026-09-10 10:16:15,ADP,268.31,1.17,,233.75,232.5,0.0,AVG,0.0,0,,,232.5,0,,,232.5,AVG-0,0.0,0,,,232.5,0,,,232.5,0,0.0,0,,,232.5,0,,,232.5,1,0.0,0,,,232.5,0,,,232.5,0.0,0.0,0.0,0.0
2026-09-10 10:16:15,ADP,268.31,1.17,,231.25,230.0,0.0,AVG,-0.14277,-291,,,N/N,-289,,,N/N,AVG-0,-0.14277,-291,,,N/N,-289,,,N/N,0,0.0,0,,,230.0,0,,,230.0,1,0.0,0,,,230.0,0,,,230.0,0.0,0.0,0.0,0.0
2026-09-10 10:16:15,ADP,268.31,1.17,,228.75,227.5,0.0,AVG,0.0,0,,,227.5,0,,,227.5,AVG-0,0.0,0,,,227.5,0,,,227.5,0,0.0,0,,,227.5,0,,,227.5,1,0.0,0,,,227.5,0,,,227.5,0.0,0.0,0.0,0.0
2026-09-10 10:16:15,ADP,268.31,1.17,,226.25,225.0,0.0,AVG,0.0,0,,,225.0,0,,,225.0,AVG-0,0.0,0,,,225.0,0,,,225.0,0,0.0,0,,,225.0,0,,,225.0,1,0.0,0,,,225.0,0,,,225.0,0.0,0.0,0.0,0.0
2026-09-10 10:16:15,ADP,268.31,1.17,,222.5,220.0,0.0,AVG,0.0,-1506,,,220.0,-1506,,,220.0,AVG-0,0.0,-1506,,,220.0,-1506,,,220.0,0,0.0,0,,,220.0,0,,,220.0,1,0.0,0,,,220.0,0,,,220.0,0.0,0.0,0.0,0.0
2026-09-10 10:16:15,ADP,268.31,1.17,,217.5,215.0,0.0,AVG,0.0,0,,,215.0,0,,,215.0,AVG-0,0.0,0,,,215.0,0,,,215.0,0,0.0,0,,,215.0,0,,,215.0,1,0.0,0,,,215.0,0,,,215.0,0.0,0.0,0.0,0.0
2026-09-10 10:16:15,ADP,268.31,1.17,,212.5,210.0,0.0,AVG,0.87412,-485,,,210.0,-485,,,210.0,AVG-0,0.87412,-485,,,210.0,-485,,,210.0,0,0.0,0,,,210.0,0,,,210.0,1,0.0,0,,,210.0,0,,,210.0,0.0,0.0,0.0,0.0
2026-09-10 10:16:15,ADP,268.31,1.17,,207.5,205.0,0.0,AVG,0.0,0,,,205.0,0,,,205.0,AVG-0,0.0,0,,,205.0,0,,,205.0,0,0.0,0,,,205.0,0,,,205.0,1,0.0,0,,,205.0,0,,,205.0,0.0,0.0,0.0,0.0
2026-09-10 10:16:15,ADP,268.31,1.17,,202.5,200.0,0.0,AVG,0.0,-488,,,200.0,-488,,,200.0,AVG-0,0.0,-488,,,200.0,-488,,,200.0,0,0.0,0,,,200.0,0,,,200.0,1,0.0,0,,,200.0,0,,,200.0,0.0,0.0,0.0,0.0
2026-09-10 10:16:15,ADP,268.31,1.17,,197.5,195.0,0.0,AVG,-0.01366,-61,,,N/N,-61,,,N/N,AVG-0,-0.01366,-61,,,N/N,-61,,,N/N,0,0.0,0,,,195.0,0,,,195.0,1,-0.01366,0,,,195.0,0,,,195.0,0.0,0.0,0.0,0.0
2026-09-10 10:16:15,ADP,268.31,1.17,,192.5,190.0,0.0,AVG,0.0,1,,,190.0,1,,,190.0,AVG-0,0.0,1,,,190.0,1,,,190.0,0,0.0,0,,,190.0,0,,,190.0,1,0.0,0,,,190.0,0,,,190.0,0.0,0.0,0.0,0.0
2026-09-10 10:16:15,ADP,268.31,1.17,,187.5,185.0,0.0,AVG,0.0,-58,,,185.0,-58,,,185.0,AVG-0,0.0,-58,,,185.0,-58,,,185.0,0,0.0,0,,,185.0,0,,,185.0,1,0.0,0,,,185.0,0,,,185.0,0.0,0.0,0.0,0.0
2026-09-10 10:16:15,ADP,268.31,1.17,,182.5,180.0,0.0,AVG,0.0,-176,,,180.0,-176,,,180.0,AVG-0,0.0,-176,,,180.0,-176,,,180.0,0,0.0,0,,,180.0,0,,,180.0,1,0.0,0,,,180.0,0,,,180.0,0.0,0.0,0.0,0.0
2026-09-10 10:16:15,ADP,268.31,1.17,,177.5,175.0,0.0,AVG,0.0,-24,,,175.0,-24,,,175.0,AVG-0,0.0,-24,,,175.0,-24,,,175.0,0,0.0,0,,,175.0,0,,,175.0,1,0.0,0,,,175.0,0,,,175.0,0.0,0.0,0.0,0.0
2026-09-10 10:16:15,ADP,268.31,1.17,,172.5,170.0,0.0,AVG,0.0,-11,,,170.0,-11,,,170.0,AVG-0,0.0,-11,,,170.0,-11,,,170.0,0,0.0,0,,,170.0,0,,,170.0,1,0.0,0,,,170.0,0,,,170.0,0.0,0.0,0.0,0.0
2026-09-10 10:16:15,ADP,268.31,1.17,,167.5,165.0,0.0,AVG,0.0,-57,,,165.0,-57,,,165.0,AVG-0,0.0,-57,,,165.0,-57,,,165.0,0,0.0,0,,,165.0,0,,,165.0,1,0.0,0,,,165.0,0,,,165.0,0.0,0.0,0.0,0.0
2026-09-10 10:16:15,ADP,268.31,1.17,,162.5,160.0,0.0,AVG,0.0,14,,,160.0,14,,,160.0,AVG-0,0.0,14,,,160.0,14,,,160.0,0,0.0,0,,,160.0,0,,,160.0,1,0.0,0,,,160.0,0,,,160.0,0.0,0.0,0.0,0.0
2026-09-10 10:16:15,ADP,268.31,1.17,,157.5,155.0,0.0,AVG,0.0,-3,,,155.0,-3,,,155.0,AVG-0,0.0,-3,,,155.0,-3,,,155.0,0,0.0,0,,,155.0,0,,,155.0,1,0.0,0,,,155.0,0,,,155.0,0.0,0.0,0.0,0.0
2026-09-10 10:16:15,ADP,268.31,1.17,,152.5,150.0,0.0,AVG,0.0,-23,,,150.0,-23,,,150.0,AVG-0,0.0,-23,,,150.0,-23,,,150.0,0,0.0,0,,,150.0,0,,,150.0,1,0.0,0,,,150.0,0,,,150.0,0.0,0.0,0.0,0.0
2026-09-10 10:16:15,ADP,268.31,1.17,,147.5,145.0,0.0,AVG,0.0,0,,,145.0,0,,,145.0,AVG-0,0.0,0,,,145.0,0,,,145.0,0,0.0,0,,,145.0,0,,,145.0,1,0.0,0,,,145.0,0,,,145.0,0.0,0.0,0.0,0.0
2026-09-10 10:16:15,ADP,268.31,1.17,,142.5,140.0,0.0,AVG,0.0,-1,,,140.0,-1,,,140.0,AVG-0,0.0,-1,,,140.0,-1,,,140.0,0,0.0,0,,,140.0,0,,,140.0,1,0.0,0,,,140.0,0,,,140.0,0.0,0.0,0.0,0.0
2026-09-10 10:16:15,ADP,268.31,1.17,,137.5,135.0,0.0,AVG,0.0,-8,,,135.0,-8,,,135.0,AVG-0,0.0,-8,,,135.0,-8,,,135.0,0,0.0,0,,,135.0,0,,,135.0,1,0.0,0,,,135.0,0,,,135.0,0.0,0.0,0.0,0.0
2026-09-10 10:16:15,ADP,268.31,1.17,,132.5,130.0,0.0,AVG,0.0,-18,,,130.0,-18,,,130.0,AVG-0,0.0,-18,,,130.0,-18,,,130.0,0,0.0,0,,,130.0,0,,,130.0,1,0.0,0,,,130.0,0,,,130.0,0.0,0.0,0.0,0.0
2026-09-10 10:16:15,ADP,268.31,1.17,,127.5,125.0,0.0,AVG,0.0,-1,,,125.0,-1,,,125.0,AVG-0,0.0,-1,,,125.0,-1,,,125.0,0,0.0,0,,,125.0,0,,,125.0,1,0.0,0,,,125.0,0,,,125.0,0.0,0.0,0.0,0.0
2026-09-10 10:16:15,ADP,268.31,1.17,,122.5,120.0,0.0,AVG,0.0,-18,,,120.0,-18,,,120.0,AVG-0,0.0,-18,,,120.0,-18,,,120.0,0,0.0,0,,,120.0,0,,,120.0,1,0.0,0,,,120.0,0,,,120.0,0.0,0.0,0.0,0.0
2026-09-10 10:16:15,ADP,268.31,1.17,,117.5,115.0,0.0,AVG,0.0,-2,,,115.0,-2,,,115.0,AVG-0,0.0,-2,,,115.0,-2,,,115.0,0,0.0,0,,,115.0,0,,,115.0,1,0.0,0,,,115.0,0,,,115.0,0.0,0.0,0.0,0.0
2026-09-10 10:16:15,ADP,268.31,1.17,,112.5,110.0,0.0,AVG,0.0,0,,,110.0,0,,,110.0,AVG-0,0.0,0,,,110.0,0,,,110.0,0,0.0,0,,,110.0,0,,,110.0,1,0.0,0,,,110.0,0,,,110.0,0.0,0.0,0.0,0.0
2026-09-10 10:16:15,ADP,268.31,1.17,,107.5,105.0,0.0,AVG,0.0,-10,,,105.0,-10,,,105.0,AVG-0,0.0,-10,,,105.0,-10,,,105.0,0,0.0,0,,,105.0,0,,,105.0,1,0.0,0,,,105.0,0,,,105.0,0.0,0.0,0.0,0.0
2026-09-10 10:16:15,ADP,268.31,1.17,,102.5,100.0,0.0,AVG,0.0,-7,,,100.0,-7,,,100.0,AVG-0,0.0,-7,,,100.0,-7,,,100.0,0,0.0,0,,,100.0,0,,,100.0,1,0.0,0,,,100.0,0,,,100.0,0.0,0.0,0.0,0.0
2026-09-10 10:16:15,ADSK,210.41,1.83,,,480.0,0.0,AVG,0.0,29,,,480.0,29,,,480.0,AVG-0,0.0,29,,,480.0,29,,,480.0,0,0.0,0,,,480.0,0,,,480.0,1,0.0,0,,,480.0,0,,,480.0,0.0,0.0,0.0,0.0
2026-09-10 10:16:15,ADSK,210.41,1.83,,475.0,470.0,0.0,AVG,0.0,4,,,470.0,4,,,470.0,AVG-0,0.0,4,,,470.0,4,,,470.0,0,0.0,0,,,470.0,0,,,470.0,1,0.0,0,,,470.0,0,,,470.0,0.0,0.0,0.0,0.0
2026-09-10 10:16:15,ADSK,210.41,1.83,,465.0,460.0,0.0,AVG,0.0,4,,,460.0,4,,,460.0,AVG-0,0.0,4,,,460.0,4,,,460.0,0,0.0,0,,,460.0,0,,,460.0,1,0.0,0,,,460.0,0,,,460.0,0.0,0.0,0.0,0.0
2026-09-10 10:16:15,ADSK,210.41,1.83,,455.0,450.0,0.0,AVG,0.0,34,,,450.0,34,,,450.0,AVG-0,0.0,34,,,450.0,34,,,450.0,0,0.0,0,,,450.0,0,,,450.0,1,0.0,0,,,450.0,0,,,450.0,0.0,0.0,0.0,0.0
2026-09-10 10:16:15,ADSK,210.41,1.83,,445.0,440.0,0.0,AVG,0.0,14,,,440.0,14,,,440.0,AVG-0,0.0,14,,,440.0,14,,,440.0,0,0.0,0,,,440.0,0,,,440.0,1,0.0,0,,,440.0,0,,,440.0,0.0,0.0,0.0,0.0
2026-09-10 10:16:15,ADSK,210.41,1.83,,435.0,430.0,0.0,AVG,0.0,13,,,430.0,13,,,430.0,AVG-0,0.0,13,,,430.0,13,,,430.0,0,0.0,0,,,430.0,0,,,430.0,1,0.0,0,,,430.0,0,,,430.0,0.0,0.0,0.0,0.0
2026-09-10 10:16:15,ADSK,210.41,1.83,,425.0,420.0,0.0,AVG,0.0,10,,,420.0,10,,,420.0,AVG-0,0.0,10,,,420.0,10,,,420.0,0,0.0,0,,,420.0,0,,,420.0,1,0.0,0,,,420.0,0,,,420.0,0.0,0.0,0.0,0.0
2026-09-10 10:16:15,ADSK,210.41,1.83,,415.0,410.0,0.0,AVG,0.0,24,,,410.0,24,,,410.0,AVG-0,0.0,24,,,410.0,24,,,410.0,0,0.0,0,,,410.0,0,,,410.0,1,0.0,0,,,410.0,0,,,410.0,0.0,0.0,0.0,0.0
2026-09-10 10:16:15,ADSK,210.41,1.83,,405.0,400.0,0.0,AVG,0.0,36,,,400.0,36,,,400.0,AVG-0,0.0,36,,,400.0,36,,,400.0,0,0.0,0,,,400.0,0,,,400.0,1,0.0,0,,,400.0,0,,,400.0,0.0,0.0,0.0,0.0
2026-09-10 10:16:15,ADSK,210.41,1.83,,395.0,390.0,0.0,AVG,0.0,34,,,390.0,34,,,390.0,AVG-0,0.0,34,,,390.0,34,,,390.0,0,0.0,0,,,390.0,0,,,390.0,1,0.0,0,,,390.0,0,,,390.0,0.0,0.0,0.0,0.0
2026-09-10 10:16:15,ADSK,210.41,1.83,,385.0,380.0,0.0,AVG,0.0,12,,,380.0,12,,,380.0,AVG-0,0.0,12,,,380.0,12,,,380.0,0,0.0,0,,,380.0,0,,,380.0,1,0.0,0,,,380.0,0,,,380.0,0.0,0.0,0.0,0.0
2026-09-10 10:16:15,ADSK,210.41,1.83,,375.0,370.0,0.0,AVG,0.0,27,,,370.0,27,,,370.0,AVG-0,0.0,27,,,370.0,27,,,370.0,0,0.0,0,,,370.0,0,,,370.0,1,0.0,0,,,370.0,0,,,370.0,0.0,0.0,0.0,0.0
2026-09-10 10:16:15,ADSK,210.41,1.83,,365.0,360.0,0.0,AVG,0.0,83,,,360.0,83,,,360.0,AVG-0,0.0,83,,,360.0,83,,,360.0,0,0.0,0,,,360.0,0,,,360.0,1,0.0,0,,,360.0,0,,,360.0,0.0,0.0,0.0,0.0
2026-09-10 10:16:15,ADSK,210.41,1.83,,355.0,350.0,0.0,AVG,0.0,313,,,350.0,313,,,350.0,AVG-0,0.0,313,,,350.0,313,,,350.0,0,0.0,0,,,350.0,0,,,350.0,1,0.0,0,,,350.0,0,,,350.0,0.0,0.0,0.0,0.0
2026-09-10 10:16:15,ADSK,210.41,1.83,,348.75,347.5,0.0,AVG,0.0,0,,,347.5,0,,,347.5,AVG-0,0.0,0,,,347.5,0,,,347.5,0,0.0,0,,,347.5,0,,,347.5,1,0.0,0,,,347.5,0,,,347.5,0.0,0.0,0.0,0.0
2026-09-10 10:16:15,ADSK,210.41,1.83,,346.25,345.0,0.0,AVG,0.0,0,,,345.0,0,,,345.0,AVG-0,0.0,0,,,345.0,0,,,345.0,0,0.0,0,,,345.0,0,,,345.0,1,0.0,0,,,345.0,0,,,345.0,0.0,0.0,0.0,0.0
2026-09-10 10:16:15,ADSK,210.41,1.83,,343.75,342.5,0.0,AVG,0.0,0,,,342.5,0,,,342.5,AVG-0,0.0,0,,,342.5,0,,,342.5,0,0.0,0,,,342.5,0,,,342.5,1,0.0,0,,,342.5,0,,,342.5,0.0,0.0,0.0,0.0
2026-09-10 10:16:15,ADSK,210.41,1.83,,341.25,340.0,0.0,AVG,0.0,190,,,340.0,190,,,340.0,AVG-0,0.0,190,,,340.0,190,,,340.0,0,0.0,0,,,340.0,0,,,340.0,1,0.0,0,,,340.0,0,,,340.0,0.0,0.0,0.0,0.0
2026-09-10 10:16:15,ADSK,210.41,1.83,,338.75,337.5,0.0,AVG,0.0,0,,,337.5,0,,,337.5,AVG-0,0.0,0,,,337.5,0,,,337.5,0,0.0,0,,,337.5,0,,,337.5,1,0.0,0,,,337.5,0,,,337.5,0.0,0.0,0.0,0.0
2026-09-10 10:16:15,ADSK,210.41,1.83,,336.25,335.0,0.0,AVG,0.0,0,,,335.0,0,,,335.0,AVG-0,0.0,0,,,335.0,0,,,335.0,0,0.0,0,,,335.0,0,,,335.0,1,0.0,0,,,335.0,0,,,335.0,0.0,0.0,0.0,0.0
2026-09-10 10:16:15,ADSK,210.41,1.83,,333.75,332.5,0.0,AVG,0.0,0,,,332.5,0,,,332.5,AVG-0,0.0,0,,,332.5,0,,,332.5,0,0.0,0,,,332.5,0,,,332.5,1,0.0,0,,,332.5,0,,,332.5,0.0,0.0,0.0,0.0
2026-09-10 10:16:15,ADSK,210.41,1.83,,331.25,330.0,0.0,AVG,0.0,537,,,330.0,537,,,330.0,AVG-0,0.0,537,,,330.0,537,,,330.0,0,0.0,0,,,330.0,0,,,330.0,1,0.0,0,,,330.0,0,,,330.0,0.0,0.0,0.0,0.0
2026-09-10 10:16:15,ADSK,210.41,1.83,,328.75,327.5,0.0,AVG,0.0,0,,,327.5,0,,,327.5,AVG-0,0.0,0,,,327.5,0,,,327.5,0,0.0,0,,,327.5,0,,,327.5,1,0.0,0,,,327.5,0,,,327.5,0.0,0.0,0.0,0.0
2026-09-10 10:16:15,ADSK,210.41,1.83,,326.25,325.0,0.0,AVG,0.0,1,,,325.0,1,,,325.0,AVG-0,0.0,1,,,325.0,1,,,325.0,0,0.0,0,,,325.0,0,,,325.0,1,0.0,0,,,325.0,0,,,325.0,0.0,0.0,0.0,0.0
2026-09-10 10:16:15,ADSK,210.41,1.83,,323.75,322.5,0.0,AVG,0.0,0,,,322.5,0,,,322.5,AVG-0,0.0,0,,,322.5,0,,,322.5,0,0.0,0,,,322.5,0,,,322.5,1,0.0,0,,,322.5,0,,,322.5,0.0,0.0,0.0,0.0
2026-09-10 10:16:15,ADSK,210.41,1.83,,321.25,320.0,0.0,AVG,0.0,113,,,320.0,113,,,320.0,AVG-0,0.0,113,,,320.0,113,,,320.0,0,0.0,0,,,320.0,0,,,320.0,1,0.0,0,,,320.0,0,,,320.0,0.0,0.0,0.0,0.0
2026-09-10 10:16:15,ADSK,210.41,1.83,,318.75,317.5,0.0,AVG,0.0,0,,,317.5,0,,,317.5,AVG-0,0.0,0,,,317.5,0,,,317.5,0,0.0,0,,,317.5,0,,,317.5,1,0.0,0,,,317.5,0,,,317.5,0.0,0.0,0.0,0.0
2026-09-10 10:16:15,ADSK,210.41,1.83,,316.25,315.0,0.0,AVG,0.0,0,,,315.0,0,,,315.0,AVG-0,0.0,0,,,315.0,0,,,315.0,0,0.0,0,,,315.0,0,,,315.0,1,0.0,0,,,315.0,0,,,315.0,0.0,0.0,0.0,0.0
2026-09-10 10:16:15,ADSK,210.41,1.83,,313.75,312.5,0.0,AVG,0.0,0,,,312.5,0,,,312.5,AVG-0,0.0,0,,,312.5,0,,,312.5,0,0.0,0,,,312.5,0,,,312.5,1,0.0,0,,,312.5,0,,,312.5,0.0,0.0,0.0,0.0
2026-09-10 10:16:15,ADSK,210.41,1.83,,311.25,310.0,0.0,AVG,0.0,600,,,310.0,600,,,310.0,AVG-0,0.0,600,,,310.0,600,,,310.0,0,0.0,0,,,310.0,0,,,310.0,1,0.0,0,,,310.0,0,,,310.0,0.0,0.0,0.0,0.0
2026-09-10 10:16:15,ADSK,210.41,1.83,,308.75,307.5,0.0,AVG,0.0,0,,,307.5,0,,,307.5,AVG-0,0.0,0,,,307.5,0,,,307.5,0,0.0,0,,,307.5,0,,,307.5,1,0.0,0,,,307.5,0,,,307.5,0.0,0.0,0.0,0.0
2026-09-10 10:16:15,ADSK,210.41,1.83,,306.25,305.0,0.0,AVG,0.0,0,,,305.0,0,,,305.0,AVG-0,0.0,0,,,305.0,0,,,305.0,0,0.0,0,,,305.0,0,,,305.0,1,0.0,0,,,305.0,0,,,305.0,0.0,0.0,0.0,0.0
2026-09-10 10:16:15,ADSK,210.41,1.83,,303.75,302.5,0.0,AVG,0.0,0,,,302.5,0,,,302.5,AVG-0,0.0,0,,,302.5,0,,,302.5,0,0.0,0,,,302.5,0,,,302.5,1,0.0,0,,,302.5,0,,,302.5,0.0,0.0,0.0,0.0
2026-09-10 10:16:15,ADSK,210.41,1.83,,301.25,300.0,0.0,AVG,3.0696,222,,,300.0,210,,,300.0,AVG-0,3.0696,222,,,300.0,210,,,300.0,0,0.0,0,,,300.0,0,,,300.0,1,0.0,0,,,300.0,0,,,300.0,0.0,0.0,0.0,0.0
2026-09-10 10:16:15,ADSK,210.41,1.83,,298.75,297.5,0.0,AVG,0.0,0,,,297.5,0,,,297.5,AVG-0,0.0,0,,,297.5,0,,,297.5,0,0.0,0,,,297.5,0,,,297.5,1,0.0,0,,,297.5,0,,,297.5,0.0,0.0,0.0,0.0
2026-09-10 10:16:15,ADSK,210.41,1.83,,296.25,295.0,0.0,AVG,0.0,2,,,295.0,2,,,295.0,AVG-0,0.0,2,,,295.0,2,,,295.0,0,0.0,0,,,295.0,0,,,295.0,1,0.0,0,,,295.0,0,,,295.0,0.0,0.0,0.0,0.0
2026-09-10 10:16:15,ADSK,210.41,1.83,,293.75,292.5,0.0,AVG,0.0,0,,,292.5,0,,,292.5,AVG-0,0.0,0,,,292.5,0,,,292.5,0,0.0,0,,,292.5,0,,,292.5,1,0.0,0,,,292.5,0,,,292.5,0.0,0.0,0.0,0.0
2026-09-10 10:16:15,ADSK,210.41,1.83,,291.25,290.0,0.0,AVG,0.00686,248,,,290.0,248,,,290.0,AVG-0,0.00686,248,,,290.0,248,,,290.0,0,0.0,0,,,290.0,0,,,290.0,1,0.00686,0,,,290.0,0,,,290.0,0.0,0.0,0.0,0.0
2026-09-10 10:16:15,ADSK,210.41,1.83,,288.75,287.5,0.0,AVG,0.0,0,,,287.5,0,,,287.5,AVG-0,0.0,0,,,287.5,0,,,287.5,0,0.0,0,,,287.5,0,,,287.5,1,0.0,0,,,287.5,0,,,287.5,0.0,0.0,0.0,0.0
2026-09-10 10:16:15,ADSK,210.41,1.83,,286.25,285.0,0.0,AVG,0.0,5,,,285.0,5,,,285.0,AVG-0,0.0,5,,,285.0,5,,,285.0,0,0.0,0,,,285.0,0,,,285.0,1,0.0,0,,,285.0,0,,,285.0,0.0,0.0,0.0,0.0
2026-09-10 10:16:15,ADSK,210.41,1.83,,283.75,282.5,0.0,AVG,0.0,0,,,282.5,0,,,282.5,AVG-0,0.0,0,,,282.5,0,,,282.5,0,0.0,0,,,282.5,0,,,282.5,1,0.0,0,,,282.5,0,,,282.5,0.0,0.0,0.0,0.0
2026-09-10 10:16:15,ADSK,210.41,1.83,,281.25,280.0,0.0,AVG,0.28804,844,,,280.0,842,,,280.0,AVG-0,0.28804,844,,,280.0,842,,,280.0,0,0.0,0,,,280.0,0,,,280.0,1,0.00854,0,,,280.0,0,,,280.0,0.0,0.0,0.0,0.0
2026-09-10 10:16:15,ADSK,210.41,1.83,,278.75,277.5,0.0,AVG,0.0,0,,,277.5,0,,,277.5,AVG-0,0.0,0,,,277.5,0,,,277.5,0,0.0,0,,,277.5,0,,,277.5,1,0.0,0,,,277.5,0,,,277.5,0.0,0.0,0.0,0.0
2026-09-10 10:16:15,ADSK,210.41,1.83,,276.25,275.0,0.0,AVG,0.0,2,,,275.0,2,,,275.0,AVG-0,0.0,2,,,275.0,2,,,275.0,0,0.0,0,,,275.0,0,,,275.0,1,0.0,0,,,275.0,0,,,275.0,0.0,0.0,0.0,0.0
2026-09-10 10:16:15,ADSK,210.41,1.83,,273.75,272.5,0.0,AVG,0.0,0,,,272.5,0,,,272.5,AVG-0,0.0,0,,,272.5,0,,,272.5,0,0.0,0,,,272.5,0,,,272.5,1,0.0,0,,,272.5,0,,,272.5,0.0,0.0,0.0,0.0
2026-09-10 10:16:15,ADSK,210.41,1.83,,271.25,270.0,0.0,AVG,0.06244,762,,,270.0,762,,,270.0,AVG-0,0.06244,762,,,270.0,762,,,270.0,0,0.0,0,,,270.0,0,,,270.0,1,0.0,4,,,270.0,4,,,270.0,0.0,0.0,0.0,0.0
2026-09-10 10:16:15,ADSK,210.41,1.83,,268.75,267.5,0.0,AVG,0.0,0,,,267.5,0,,,267.5,AVG-0,0.0,0,,,267.5,0,,,267.5,0,0.0,0,,,267.5,0,,,267.5,1,0.0,0,,,267.5,0,,,267.5,0.0,0.0,0.0,0.0
2026-09-10 10:16:15,ADSK,210.41,1.83,,266.25,265.0,0.0,AVG,0.0,0,,,265.0,0,,,265.0,AVG-0,0.0,0,,,265.0,0,,,265.0,0,0.0,0,,,265.0,0,,,265.0,1,0.0,0,,,265.0,0,,,265.0,0.0,0.0,0.0,0.0
2026-09-10 10:16:15,ADSK,210.41,1.83,,263.75,262.5,0.0,AVG,0.0,0,,,262.5,0,,,262.5,AVG-0,0.0,0,,,262.5,0,,,262.5,0,0.0,0,,,262.5,0,,,262.5,1,0.0,0,,,262.5,0,,,262.5,0.0,0.0,0.0,0.0
2026-09-10 10:16:15,ADSK,210.41,1.83,,261.25,260.0,0.0,AVG,0.0,853,+,,260.0,853,+,,260.0,AVG-0,0.0,853,+,,260.0,853,+,,260.0,0,0.0,0,,,260.0,0,,,260.0,1,0.0,34,,,260.0,34,,,260.0,0.0,0.0,0.0,0.0
2026-09-10 10:16:15,ADSK,210.41,1.83,,258.75,257.5,0.0,AVG,0.0,0,*,,257.5,0,*,,257.5,AVG-0,0.0,0,*,,257.5,0,*,,257.5,0,0.0,0,,,257.5,0,,,257.5,1,0.0,0,,,257.5,0,,,257.5,0.0,0.0,0.0,0.0
2026-09-10 10:16:15,ADSK,210.41,1.83,,256.25,255.0,0.0,AVG,0.0,32,*,,255.0,32,*,,255.0,AVG-0,0.0,32,*,,255.0,32,*,,255.0,0,0.0,0,,,255.0,0,,,255.0,1,0.0,2,,,255.0,2,,,255.0,0.0,0.0,0.0,0.0
2026-09-10 10:16:15,ADSK,210.41,1.83,,253.75,252.5,0.0,AVG,0.0,1,*,,252.5,1,*,,252.5,AVG-0,0.0,1,*,,252.5,1,*,,252.5,0,0.0,0,,,252.5,0,,,252.5,1,0.0,1,,,252.5,1,,,252.5,0.0,0.0,0.0,0.0
2026-09-10 10:16:15,ADSK,210.41,1.83,,251.25,250.0,0.0,AVG,-1.21963,302,*,,250.0,302,*,,250.0,AVG-0,-1.21963,302,*,,250.0,302,*,,250.0,0,0.0,0,,,250.0,0,,,250.0,1,-0.97376,96,,,250.0,97,,,250.0,0.0,0.0,0.0,0.0
2026-09-10 10:16:15,ADSK,210.41,1.83,,248.75,247.5,0.0,AVG,0.0,5,*,,247.5,5,*,,247.5,AVG-0,0.0,5,*,,247.5,5,*,,247.5,0,0.0,0,,,247.5,0,,,247.5,1,0.0,5,,,247.5,5,,,247.5,0.0,0.0,0.0,0.0
2026-09-10 10:16:15,ADSK,210.41,1.83,,246.25,245.0,0.0,AVG,0.0,127,*,,245.0,127,*,,245.0,AVG-0,0.0,127,*,,245.0,127,*,,245.0,0,0.0,0,,,245.0,0,,,245.0,1,0.0,-2,,,245.0,-2,,,245.0,0.0,0.0,0.0,0.0
2026-09-10 10:16:15,ADSK,210.41,1.83,,243.75,242.5,0.0,AVG,0.0,-8,*,,242.5,-8,*,,242.5,AVG-0,0.0,-8,*,,242.5,-8,*,,242.5,0,0.0,0,,,242.5,0,,,242.5,1,0.0,-8,,,242.5,-8,,,242.5,0.0,0.0,0.0,0.0
2026-09-10 10:16:15,ADSK,210.41,1.83,,241.25,240.0,0.0,AVG,-3.39614,-748,*,,N/N,-741,*,,N/N,AVG-0,-3.39614,-748,*,,N/N,-741,*,,N/N,0,0.0,0,,,240.0,0,,,240.0,1,0.0,-598,,5.0,240.0,-598,,5.0,240.0,0.0,0.0,0.0,0.0
2026-09-10 10:16:15,ADSK,210.41,1.83,,238.75,237.5,0.0,AVG,0.0,-17,*,,237.5,-17,*,,237.5,AVG-0,0.0,-17,*,,237.5,-17,*,,237.5,0,0.0,0,,,237.5,0,,,237.5,1,0.0,-17,,,237.5,-17,,,237.5,0.0,0.0,0.0,0.0
2026-09-10 10:16:15,ADSK,210.41,1.83,,236.25,235.0,0.0,AVG,-1.70184,11,*,,235.0,16,*,,235.0,AVG-0,-1.70184,11,*,,235.0,16,*,,235.0,0,0.0,0,,,235.0,0,,,235.0,1,0.0,-38,,,235.0,-38,,,235.0,0.0,0.0,0.0,0.0
2026-09-10 10:16:15,ADSK,210.41,1.83,,233.75,232.5,0.0,AVG,0.0,-19,*,,232.5,-19,*,,232.5,AVG-0,0.0,-21,*,,232.5,-21,*,,232.5,0,0.0,2,,,232.5,2,,,232.5,1,0.0,-21,,,232.5,-21,,,232.5,0.0,0.0,0.0,0.0
2026-09-10 10:16:15,ADSK,210.41,1.83,,231.25,230.0,0.0,AVG,-0.5188,-1793,*,5.0,N/N,-1793,*,5.0,N/N,AVG-0,-0.5188,-1810,*,3.0,N/N,-1810,*,3.0,N/N,0,0.0,17,,,230.0,17,,,230.0,1,0.0,-804,,3.0,230.0,-804,,3.0,230.0,0.0,0.0,0.0,0.0
2026-09-10 10:16:15,ADSK,210.41,1.83,,228.75,227.5,0.0,AVG,0.0,43,*,,227.5,43,*,,227.5,AVG-0,0.0,38,*,,227.5,38,*,,227.5,0,0.0,5,,,227.5,5,,,227.5,1,0.0,38,,,227.5,38,,,227.5,0.0,0.0,0.0,0.0
2026-09-10 10:16:15,ADSK,210.41,1.83,,226.25,225.0,0.0,AVG,1.74292,79,*,,225.0,40,*,,225.0,AVG-0,1.6971,-5,*,,225.0,-43,*,,225.0,0,0.04582,84,,,225.0,83,,,225.0,1,1.6971,86,,,225.0,48,,,225.0,0.0,0.0,0.0,0.0
2026-09-10 10:16:15,ADSK,210.41,1.83,,223.75,222.5,0.0,AVG,0.0,598,*,,222.5,598,*,,222.5,AVG-0,0.0,0,*,,222.5,0,*,,222.5,0,0.0,598,,,222.5,598,,,222.5,1,0.0,0,,,222.5,0,,,222.5,0.0,0.0,0.0,0.0
2026-09-10 10:16:15,ADSK,210.41,1.83,,221.25,220.0,0.0,AVG,2.41892,-176,*,,220.0,-187,*,,220.0,AVG-0,2.31616,-1641,*,4.0,220.0,-1649,*,4.0,220.0,0,0.10276,1465,+,3.0,220.0,1462,+,3.0,220.0,1,0.0,-792,,4.0,220.0,-792,,4.0,220.0,0.0,0.0,0.0,0.0
2026-09-10 10:16:15,ADSK,210.41,1.83,,218.75,217.5,0.0,AVG,0.30283,-317,*,,217.5,-322,*,,217.5,AVG-0,0.30283,5,*,,217.5,0,*,,217.5,0,0.0,-322,*,,217.5,-322,*,,217.5,1,0.30283,5,,,217.5,0,,,217.5,0.0,0.0,0.0,0.0
2026-09-10 10:16:15,ADSK,210.41,1.83,,216.25,215.0,0.0,AVG,-1.6709900000000002,-3167,*,2.0,N/N,-3151,*,2.0,N/N,AVG-0,0.36274,-2435,M,2.0,215.0,-2441,M,2.0,215.0,0,-2.0337300000000003,-732,*,,N/N,-710,*,,N/N,1,0.36274,-2022,-,1.0,215.0,-2028,-,1.0,215.0,0.0,0.0,0.0,0.0
2026-09-10 10:16:15,ADSK,210.41,1.83,,213.75,212.5,0.0,AVG,-1.4571799999999997,124,*,,212.5,99,*,,212.5,AVG-0,-1.69731,-17,*,,N/N,0,*,,212.5,0,0.2401300000000001,141,*,,212.5,99,*,,212.5,1,-1.69731,-17,M,,N/N,0,M,,212.5,0.0,0.0,0.0,0.0
2026-09-10 10:16:15,ADSK,210.41,1.83,CURR,211.25,210.0,0.0,AVG,-8.92424,-2417,M,3.0,N/N,-2347,M,3.0,N/N,AVG-0,-9.24863,-947,*,,N/N,-877,*,,N/N,0,0.3243900000000002,-1470,M,2.0,210.0,-1470,M,2.0,210.0,1,1.07398,373,+,,210.0,362,+,,210.0,0.0,0.0,0.0,0.0
2026-09-10 10:16:15,ADSK,210.41,1.83,,208.75,207.5,0.0,AVG,0.2490299999999999,-748,*,,207.5,-755,*,,207.5,AVG-0,-0.42096,-6,*,,N/N,0,*,,207.5,0,0.66999,-742,*,5.0,207.5,-755,*,5.0,207.5,1,-0.42096,-6,,,N/N,0,,,207.5,0.0,0.0,0.0,0.0
2026-09-10 10:16:15,ADSK,210.41,1.83,,206.25,205.0,0.0,AVG,-2.253800000000001,-1898,*,4.0,N/N,-1838,*,4.0,N/N,AVG-0,-2.0428200000000007,-670,*,,N/N,-619,*,,N/N,0,-0.21098,-1228,*,4.0,N/N,-1219,*,4.0,N/N,1,-3.2586800000000005,-290,,,N/N,-231,,,N/N,0.0,0.0,0.0,0.0
2026-09-10 10:16:15,ADSK,210.41,1.83,,203.75,202.5,0.0,AVG,-0.29016,-5,*,,N/N,0,*,,202.5,AVG-0,-0.29016,-5,*,,N/N,0,*,,202.5,0,0.0,0,*,,202.5,0,*,,202.5,1,-0.29016,-5,,,N/N,0,,,202.5,0.0,0.0,0.0,0.0
2026-09-10 10:16:15,ADSK,210.41,1.83,,201.25,200.0,0.0,AVG,2.78146,-6341,-,1.0,200.0,-6319,-,1.0,200.0,AVG-0,3.67136,-4531,-,1.0,200.0,-4535,-,1.0,200.0,0,-0.8899,-1810,-,1.0,N/N,-1784,-,1.0,N/N,1,0.77165,-1961,,2.0,200.0,-1966,,2.0,200.0,0.0,0.0,0.0,0.0
2026-09-10 10:16:15,ADSK,210.41,1.83,,198.75,197.5,0.0,AVG,0.0,0,,,197.5,0,,,197.5,AVG-0,0.0,0,,,197.5,0,,,197.5,0,0.0,0,,,197.5,0,,,197.5,1,0.0,0,,,197.5,0,,,197.5,0.0,0.0,0.0,0.0
2026-09-10 10:16:15,ADSK,210.41,1.83,,196.25,195.0,0.0,AVG,-0.1847400000000001,62,,,195.0,91,,,195.0,AVG-0,-0.1847400000000001,63,,,195.0,92,,,195.0,0,0.0,-1,,,195.0,-1,,,195.0,1,-1.39707,-305,,,N/N,-278,,,N/N,0.0,0.0,0.0,0.0
2026-09-10 10:16:15,ADSK,210.41,1.83,,193.75,192.5,0.0,AVG,0.0,0,,,192.5,0,,,192.5,AVG-0,0.0,0,,,192.5,0,,,192.5,0,0.0,0,,,192.5,0,,,192.5,1,0.0,0,,,192.5,0,,,192.5,0.0,0.0,0.0,0.0
2026-09-10 10:16:15,ADSK,210.41,1.83,,191.25,190.0,0.0,AVG,-0.30659,-277,,,N/N,-273,,,N/N,AVG-0,-0.30659,-277,,,N/N,-273,,,N/N,0,0.0,0,,,190.0,0,,,190.0,1,-0.10847,-567,,,N/N,-565,,,N/N,0.0,0.0,0.0,0.0
2026-09-10 10:16:15,ADSK,210.41,1.83,,188.75,187.5,0.0,AVG,-0.07195,-1,,,N/N,0,,,187.5,AVG-0,-0.07195,-1,,,N/N,0,,,187.5,0,0.0,0,,,187.5,0,,,187.5,1,-0.07195,-1,,,N/N,0,,,187.5,0.0,0.0,0.0,0.0
2026-09-10 10:16:15,ADSK,210.41,1.83,,186.25,185.0,0.0,AVG,-0.04301,-905,,,N/N,-904,,,N/N,AVG-0,-0.04301,-905,,,N/N,-904,,,N/N,0,0.0,0,,,185.0,0,,,185.0,1,-0.04301,-121,,,N/N,-120,,,N/N,0.0,0.0,0.0,0.0
2026-09-10 10:16:15,ADSK,210.41,1.83,,183.75,182.5,0.0,AVG,0.0,0,,,182.5,0,,,182.5,AVG-0,0.0,0,,,182.5,0,,,182.5,0,0.0,0,,,182.5,0,,,182.5,1,0.0,0,,,182.5,0,,,182.5,0.0,0.0,0.0,0.0
2026-09-10 10:16:15,ADSK,210.41,1.83,,181.25,180.0,0.0,AVG,-0.25504,-979,,,N/N,-977,,,N/N,AVG-0,-0.25504,-979,,5.0,N/N,-977,,5.0,N/N,0,0.0,0,,,180.0,0,,,180.0,1,0.0,-36,,,180.0,-36,,,180.0,0.0,0.0,0.0,0.0
2026-09-10 10:16:15,ADSK,210.41,1.83,,178.75,177.5,0.0,AVG,0.0,0,,,177.5,0,,,177.5,AVG-0,0.0,0,,,177.5,0,,,177.5,0,0.0,0,,,177.5,0,,,177.5,1,0.0,0,,,177.5,0,,,177.5,0.0,0.0,0.0,0.0
2026-09-10 10:16:15,ADSK,210.41,1.83,,176.25,175.0,0.0,AVG,0.0,-486,,,175.0,-486,,,175.0,AVG-0,0.0,-486,,,175.0,-486,,,175.0,0,0.0,0,,,175.0,0,,,175.0,1,0.0,-64,,,175.0,-64,,,175.0,0.0,0.0,0.0,0.0
2026-09-10 10:16:15,ADSK,210.41,1.83,,172.5,170.0,0.0,AVG,-0.32326,-321,,,N/N,-319,,,N/N,AVG-0,-0.32326,-321,,,N/N,-319,,,N/N,0,0.0,0,,,170.0,0,,,170.0,1,0.0,-2,,,170.0,-2,,,170.0,0.0,0.0,0.0,0.0
2026-09-10 10:16:15,ADSK,210.41,1.83,,167.5,165.0,0.0,AVG,0.0,-314,,,165.0,-314,,,165.0,AVG-0,0.0,-314,,,165.0,-314,,,165.0,0,0.0,0,,,165.0,0,,,165.0,1,0.0,-2,,,165.0,-2,,,165.0,0.0,0.0,0.0,0.0
2026-09-10 10:16:15,ADSK,210.41,1.83,,162.5,160.0,0.0,AVG,0.0,-181,,,160.0,-181,,,160.0,AVG-0,0.0,-181,,,160.0,-181,,,160.0,0,0.0,0,,,160.0,0,,,160.0,1,0.0,0,,,160.0,0,,,160.0,0.0,0.0,0.0,0.0
2026-09-10 10:16:15,ADSK,210.41,1.83,,157.5,155.0,0.0,AVG,-0.14629,-396,,,N/N,-396,,,N/N,AVG-0,-0.14629,-396,,,N/N,-396,,,N/N,0,0.0,0,,,155.0,0,,,155.0,1,0.0,0,,,155.0,0,,,155.0,0.0,0.0,0.0,0.0
2026-09-10 10:16:15,ADSK,210.41,1.83,,152.5,150.0,0.0,AVG,0.0,-137,,,150.0,-137,,,150.0,AVG-0,0.0,-137,,,150.0,-137,,,150.0,0,0.0,0,,,150.0,0,,,150.0,1,0.0,0,,,150.0,0,,,150.0,0.0,0.0,0.0,0.0
2026-09-10 10:16:15,ADSK,210.41,1.83,,147.5,145.0,0.0,AVG,0.0,-88,,,145.0,-88,,,145.0,AVG-0,0.0,-88,,,145.0,-88,,,145.0,0,0.0,0,,,145.0,0,,,145.0,1,0.0,0,,,145.0,0,,,145.0,0.0,0.0,0.0,0.0
2026-09-10 10:16:15,ADSK,210.41,1.83,,142.5,140.0,0.0,AVG,0.0,-29,,,140.0,-29,,,140.0,AVG-0,0.0,-29,,,140.0,-29,,,140.0,0,0.0,0,,,140.0,0,,,140.0,1,0.0,0,,,140.0,0,,,140.0,0.0,0.0,0.0,0.0
2026-09-10 10:16:15,ADSK,210.41,1.83,,137.5,135.0,0.0,AVG,-0.05433,-29,,,N/N,-28,,,N/N,AVG-0,-0.05433,-29,,,N/N,-28,,,N/N,0,0.0,0,,,135.0,0,,,135.0,1,0.0,0,,,135.0,0,,,135.0,0.0,0.0,0.0,0.0
2026-09-10 10:16:15,ADSK,210.41,1.83,,132.5,130.0,0.0,AVG,0.0,-69,,,130.0,-69,,,130.0,AVG-0,0.0,-69,,,130.0,-69,,,130.0,0,0.0,0,,,130.0,0,,,130.0,1,0.0,0,,,130.0,0,,,130.0,0.0,0.0,0.0,0.0
2026-09-10 10:16:15,ADSK,210.41,1.83,,127.5,125.0,0.0,AVG,0.0,-61,,,125.0,-61,,,125.0,AVG-0,0.0,-61,,,125.0,-61,,,125.0,0,0.0,0,,,125.0,0,,,125.0,1,0.0,0,,,125.0,0,,,125.0,0.0,0.0,0.0,0.0
2026-09-10 10:16:15,ADSK,210.41,1.83,,122.5,120.0,0.0,AVG,0.0,-266,,,120.0,-266,,,120.0,AVG-0,0.0,-266,,,120.0,-266,,,120.0,0,0.0,0,,,120.0,0,,,120.0,1,0.0,0,,,120.0,0,,,120.0,0.0,0.0,0.0,0.0
2026-09-10 10:16:15,ADSK,210.41,1.83,,117.5,115.0,0.0,AVG,0.0,-20,,,115.0,-20,,,115.0,AVG-0,0.0,-20,,,115.0,-20,,,115.0,0,0.0,0,,,115.0,0,,,115.0,1,0.0,0,,,115.0,0,,,115.0,0.0,0.0,0.0,0.0
2026-09-10 10:16:15,ADSK,210.41,1.83,,112.5,110.0,0.0,AVG,0.0,-35,,,110.0,-35,,,110.0,AVG-0,0.0,-35,,,110.0,-35,,,110.0,0,0.0,0,,,110.0,0,,,110.0,1,0.0,0,,,110.0,0,,,110.0,0.0,0.0,0.0,0.0
2026-09-10 10:16:15,ADSK,210.41,1.83,,107.5,105.0,0.0,AVG,0.0,-5,,,105.0,-5,,,105.0,AVG-0,0.0,-5,,,105.0,-5,,,105.0,0,0.0,0,,,105.0,0,,,105.0,1,0.0,0,,,105.0,0,,,105.0,0.0,0.0,0.0,0.0
2026-09-10 10:16:15,ADSK,210.41,1.83,,102.5,100.0,0.0,AVG,0.0,0,,,100.0,0,,,100.0,AVG-0,0.0,0,,,100.0,0,,,100.0,0,0.0,0,,,100.0,0,,,100.0,1,0.0,0,,,100.0,0,,,100.0,0.0,0.0,0.0,0.0
2026-09-10 10:16:15,ADSK,210.41,1.83,,97.5,95.0,0.0,AVG,0.0,-6,,,95.0,-6,,,95.0,AVG-0,0.0,-6,,,95.0,-6,,,95.0,0,0.0,0,,,95.0,0,,,95.0,1,0.0,0,,,95.0,0,,,95.0,0.0,0.0,0.0,0.0
2026-09-10 10:16:15,AEP,125.04,0.3,,,200.0,0.0,AVG,0.0,8,,,200.0,8,,,200.0,AVG-0,0.0,8,,,200.0,8,,,200.0,0,0.0,0,,,200.0,0,,,200.0,1,0.0,0,,,200.0,0,,,200.0,0.0,0.0,0.0,0.0
2026-09-10 10:16:15,AEP,125.04,0.3,,197.5,195.0,0.0,AVG,0.0,1,,,195.0,1,,,195.0,AVG-0,0.0,1,,,195.0,1,,,195.0,0,0.0,0,,,195.0,0,,,195.0,1,0.0,0,,,195.0,0,,,195.0,0.0,0.0,0.0,0.0
2026-09-10 10:16:15,AEP,125.04,0.3,,192.5,190.0,0.0,AVG,0.0,2,,,190.0,2,,,190.0,AVG-0,0.0,2,,,190.0,2,,,190.0,0,0.0,0,,,190.0,0,,,190.0,1,0.0,0,,,190.0,0,,,190.0,0.0,0.0,0.0,0.0
2026-09-10 10:16:15,AEP,125.04,0.3,,187.5,185.0,0.0,AVG,0.0,8,,,185.0,8,,,185.0,AVG-0,0.0,8,,,185.0,8,,,185.0,0,0.0,0,,,185.0,0,,,185.0,1,0.0,0,,,185.0,0,,,185.0,0.0,0.0,0.0,0.0
2026-09-10 10:16:15,AEP,125.04,0.3,,182.5,180.0,0.0,AVG,0.2409299999999999,14,,,180.0,13,,,180.0,AVG-0,0.2409299999999999,14,,,180.0,13,,,180.0,0,0.0,0,,,180.0,0,,,180.0,1,0.0,0,,,180.0,0,,,180.0,0.0,0.0,0.0,0.0
2026-09-10 10:16:15,AEP,125.04,0.3,,177.5,175.0,0.0,AVG,0.0,3,,,175.0,3,,,175.0,AVG-0,0.0,3,,,175.0,3,,,175.0,0,0.0,0,,,175.0,0,,,175.0,1,0.0,0,,,175.0,0,,,175.0,0.0,0.0,0.0,0.0
2026-09-10 10:16:15,AEP,125.04,0.3,,172.5,170.0,0.0,AVG,0.0,69,,,170.0,69,,,170.0,AVG-0,0.0,69,,,170.0,69,,,170.0,0,0.0,0,,,170.0,0,,,170.0,1,0.0,0,,,170.0,0,,,170.0,0.0,0.0,0.0,0.0
2026-09-10 10:16:15,AEP,125.04,0.3,,167.5,165.0,0.0,AVG,0.0,90,,,165.0,90,,,165.0,AVG-0,0.0,90,,,165.0,90,,,165.0,0,0.0,0,,,165.0,0,,,165.0,1,0.0,0,,,165.0,0,,,165.0,0.0,0.0,0.0,0.0
2026-09-10 10:16:15,AEP,125.04,0.3,,162.5,160.0,0.0,AVG,0.0,346,,,160.0,346,,,160.0,AVG-0,0.0,346,,,160.0,346,,,160.0,0,0.0,0,,,160.0,0,,,160.0,1,0.0,0,,,160.0,0,,,160.0,0.0,0.0,0.0,0.0
2026-09-10 10:16:15,AEP,125.04,0.3,,157.5,155.0,0.0,AVG,0.0,406,,,155.0,406,,,155.0,AVG-0,0.0,406,,,155.0,406,,,155.0,0,0.0,0,,,155.0,0,,,155.0,1,0.0,0,,,155.0,0,,,155.0,0.0,0.0,0.0,0.0
2026-09-10 10:16:15,AEP,125.04,0.3,,152.5,150.0,0.0,AVG,0.0,1653,,,150.0,1653,,,150.0,AVG-0,0.0,1653,,,150.0,1653,,,150.0,0,0.0,0,,,150.0,0,,,150.0,1,0.0,0,,,150.0,0,,,150.0,0.0,0.0,0.0,0.0
2026-09-10 10:16:15,AEP,125.04,0.3,,147.5,145.0,0.0,AVG,0.0,2125,,,145.0,2125,,,145.0,AVG-0,0.0,2125,,5.0,145.0,2125,,5.0,145.0,0,0.0,0,,,145.0,0,,,145.0,1,0.0,1,,,145.0,1,,,145.0,0.0,0.0,0.0,0.0
2026-09-10 10:16:15,AEP,125.04,0.3,,142.5,140.0,0.0,AVG,0.0,8553,,5.0,140.0,8553,,5.0,140.0,AVG-0,0.0,8515,,2.0,140.0,8515,,2.0,140.0,0,0.0,38,,,140.0,38,,,140.0,1,0.0,30,,,140.0,30,,,140.0,0.0,0.0,0.0,0.0
2026-09-10 10:16:15,AEP,125.04,0.3,,137.5,135.0,0.0,AVG,0.27372,9348,,4.0,135.0,9344,,4.0,135.0,AVG-0,0.0,7912,M,3.0,135.0,7912,M,3.0,135.0,0,0.27372,1436,,4.0,135.0,1432,,4.0,135.0,1,0.0,584,,5.0,135.0,584,,5.0,135.0,0.0,0.0,0.0,0.0
2026-09-10 10:16:15,AEP,125.04,0.3,,132.5,130.0,0.0,AVG,2.073160000000001,35442,M+,1.0,130.0,35403,M+,1.0,130.0,AVG-0,1.9636500000000003,13486,+,1.0,130.0,13453,+,1.0,130.0,0,0.10951,21956,+,1.0,130.0,21950,+,1.0,130.0,1,2.07669,2088,+,2.0,130.0,2053,+,2.0,130.0,0.0,0.0,0.0,0.0
2026-09-10 10:16:15,AEP,125.04,0.3,CURR,127.5,125.0,0.0,AVG,1.0583199999999997,-11614,-,2.0,125.0,-11629,-,2.0,125.0,AVG-0,0.61548,-357,*,,125.0,-360,*,,125.0,0,0.4428399999999994,-11257,M-,2.0,125.0,-11269,M-,2.0,125.0,1,-0.48126,-3880,M-,1.0,N/N,-3875,M-,1.0,N/N,0.0,0.0,0.0,0.0
2026-09-10 10:16:15,AEP,125.04,0.3,,122.5,120.0,0.0,AVG,-0.32396,-11473,,3.0,N/N,-11446,,3.0,N/N,AVG-0,0.25024,-1335,*,,120.0,-1330,*,,120.0,0,-0.5742,-10138,,3.0,N/N,-10116,,3.0,N/N,1,0.25024,-2035,,3.0,120.0,-2030,,3.0,120.0,0.0,0.0,0.0,0.0
2026-09-10 10:16:15,AEP,125.04,0.3,,117.5,115.0,0.0,AVG,0.75457,-5357,,,115.0,-5359,,,115.0,AVG-0,0.75457,-4591,-,4.0,115.0,-4593,-,4.0,115.0,0,0.0,-766,,5.0,115.0,-766,,5.0,115.0,1,0.0,-714,,4.0,115.0,-714,,4.0,115.0,0.0,0.0,0.0,0.0
2026-09-10 10:16:15,AEP,125.04,0.3,,112.5,110.0,0.0,AVG,-0.02162,-1090,,,N/N,-1090,,,N/N,AVG-0,0.0,-1088,,,110.0,-1088,,,110.0,0,-0.02162,-2,,,N/N,-2,,,N/N,1,0.0,-80,,,110.0,-80,,,110.0,0.0,0.0,0.0,0.0
2026-09-10 10:16:15,AEP,125.04,0.3,,107.5,105.0,0.0,AVG,-0.05628,-717,,,N/N,-717,,,N/N,AVG-0,0.0,-717,,,105.0,-717,,,105.0,0,-0.05628,0,,,105.0,0,,,105.0,1,0.0,0,,,105.0,0,,,105.0,0.0,0.0,0.0,0.0
2026-09-10 10:16:15,AEP,125.04,0.3,,102.5,100.0,0.0,AVG,-0.12219,141,,,100.0,142,,,100.0,AVG-0,-0.12219,141,,,100.0,142,,,100.0,0,0.0,0,,,100.0,0,,,100.0,1,0.0,0,,,100.0,0,,,100.0,0.0,0.0,0.0,0.0
2026-09-10 10:16:15,AEP,125.04,0.3,,98.75,97.5,0.0,AVG,0.0,136,,,97.5,136,,,97.5,AVG-0,0.0,136,,,97.5,136,,,97.5,0,0.0,0,,,97.5,0,,,97.5,1,0.0,0,,,97.5,0,,,97.5,0.0,0.0,0.0,0.0
2026-09-10 10:16:15,AEP,125.04,0.3,,96.25,95.0,0.0,AVG,0.0,447,,,95.0,447,,,95.0,AVG-0,0.0,447,,,95.0,447,,,95.0,0,0.0,0,,,95.0,0,,,95.0,1,0.0,0,,,95.0,0,,,95.0,0.0,0.0,0.0,0.0
2026-09-10 10:16:15,AEP,125.04,0.3,,92.5,90.0,0.0,AVG,0.0,-28,,,90.0,-28,,,90.0,AVG-0,0.0,-28,,,90.0,-28,,,90.0,0,0.0,0,,,90.0,0,,,90.0,1,0.0,0,,,90.0,0,,,90.0,0.0,0.0,0.0,0.0
2026-09-10 10:16:15,AEP,125.04,0.3,,87.5,85.0,0.0,AVG,1.94384,-6,,,85.0,-6,,,85.0,AVG-0,1.94384,-6,,,85.0,-6,,,85.0,0,0.0,0,,,85.0,0,,,85.0,1,0.0,0,,,85.0,0,,,85.0,0.0,0.0,0.0,0.0
2026-09-10 10:16:15,AEP,125.04,0.3,,82.5,80.0,0.0,AVG,0.0,-3,,,80.0,-3,,,80.0,AVG-0,0.0,-3,,,80.0,-3,,,80.0,0,0.0,0,,,80.0,0,,,80.0,1,0.0,0,,,80.0,0,,,80.0,0.0,0.0,0.0,0.0
2026-09-10 10:16:15,AEP,125.04,0.3,,77.5,75.0,0.0,AVG,0.0,-1,,,75.0,-1,,,75.0,AVG-0,0.0,-1,,,75.0,-1,,,75.0,0,0.0,0,,,75.0,0,,,75.0,1,0.0,0,,,75.0,0,,,75.0,0.0,0.0,0.0,0.0
2026-09-10 10:16:15,AEP,125.04,0.3,,72.5,70.0,0.0,AVG,0.0,0,,,70.0,0,,,70.0,AVG-0,0.0,0,,,70.0,0,,,70.0,0,0.0,0,,,70.0,0,,,70.0,1,0.0,0,,,70.0,0,,,70.0,0.0,0.0,0.0,0.0
2026-09-10 10:16:15,AEP,125.04,0.3,,67.5,65.0,0.0,AVG,0.0,0,,,65.0,0,,,65.0,AVG-0,0.0,0,,,65.0,0,,,65.0,0,0.0,0,,,65.0,0,,,65.0,1,0.0,0,,,65.0,0,,,65.0,0.0,0.0,0.0,0.0
2026-09-10 10:16:15,AEP,125.04,0.3,,62.5,60.0,0.0,AVG,0.0,0,,,60.0,0,,,60.0,AVG-0,0.0,0,,,60.0,0,,,60.0,0,0.0,0,,,60.0,0,,,60.0,1,0.0,0,,,60.0,0,,,60.0,0.0,0.0,0.0,0.0
2026-09-10 10:16:15,AEP,125.04,0.3,,57.5,55.0,0.0,AVG,0.0,0,,,55.0,0,,,55.0,AVG-0,0.0,0,,,55.0,0,,,55.0,0,0.0,0,,,55.0,0,,,55.0,1,0.0,0,,,55.0,0,,,55.0,0.0,0.0,0.0,0.0
2026-09-10 10:16:15,AEP,125.04,0.3,,52.5,50.0,0.0,AVG,0.0,0,,,50.0,0,,,50.0,AVG-0,0.0,0,,,50.0,0,,,50.0,0,0.0,0,,,50.0,0,,,50.0,1,0.0,0,,,50.0,0,,,50.0,0.0,0.0,0.0,0.0
2026-09-10 10:16:15,AFRM,68.16,0.01,,,150.0,0.0,AVG,0.0,129,,,150.0,129,,,150.0,AVG-0,0.0,129,,,150.0,129,,,150.0,0,0.0,0,,,150.0,0,,,150.0,1,0.0,0,,,150.0,0,,,150.0,0.0,0.0,0.0,0.0
2026-09-10 10:16:15,AFRM,68.16,0.01,,147.5,145.0,0.0,AVG,0.0,47,,,145.0,47,,,145.0,AVG-0,0.0,47,,,145.0,47,,,145.0,0,0.0,0,,,145.0,0,,,145.0,1,0.0,0,,,145.0,0,,,145.0,0.0,0.0,0.0,0.0
2026-09-10 10:16:15,AFRM,68.16,0.01,,142.5,140.0,0.0,AVG,0.0,28,,,140.0,28,,,140.0,AVG-0,0.0,28,,,140.0,28,,,140.0,0,0.0,0,,,140.0,0,,,140.0,1,0.0,0,,,140.0,0,,,140.0,0.0,0.0,0.0,0.0
2026-09-10 10:16:15,AFRM,68.16,0.01,,137.5,135.0,0.0,AVG,0.0,719,,,135.0,719,,,135.0,AVG-0,0.0,719,,,135.0,719,,,135.0,0,0.0,0,,,135.0,0,,,135.0,1,0.0,0,,,135.0,0,,,135.0,0.0,0.0,0.0,0.0
2026-09-10 10:16:15,AFRM,68.16,0.01,,132.5,130.0,0.0,AVG,5.77258,226,,,130.0,217,,,130.0,AVG-0,5.77258,226,,,130.0,217,,,130.0,0,0.0,0,,,130.0,0,,,130.0,1,0.0,0,,,130.0,0,,,130.0,0.0,0.0,0.0,0.0
2026-09-10 10:16:15,AFRM,68.16,0.01,,127.5,125.0,0.0,AVG,0.32177,549,,,125.0,548,,,125.0,AVG-0,0.32177,549,,,125.0,548,,,125.0,0,0.0,0,,,125.0,0,,,125.0,1,0.0,0,,,125.0,0,,,125.0,0.0,0.0,0.0,0.0
2026-09-10 10:16:15,AFRM,68.16,0.01,,122.5,120.0,0.0,AVG,0.0,860,,,120.0,860,,,120.0,AVG-0,0.0,860,,,120.0,860,,,120.0,0,0.0,0,,,120.0,0,,,120.0,1,0.0,0,,,120.0,0,,,120.0,0.0,0.0,0.0,0.0
2026-09-10 10:16:15,AFRM,68.16,0.01,,117.5,115.0,0.0,AVG,0.0,886,,,115.0,886,,,115.0,AVG-0,0.0,886,,,115.0,886,,,115.0,0,0.0,0,,,115.0,0,,,115.0,1,0.0,0,,,115.0,0,,,115.0,0.0,0.0,0.0,0.0
2026-09-10 10:16:15,AFRM,68.16,0.01,,112.5,110.0,0.0,AVG,1.47,644,,,110.0,639,,,110.0,AVG-0,1.47,644,,,110.0,639,,,110.0,0,0.0,0,,,110.0,0,,,110.0,1,0.0,0,,,110.0,0,,,110.0,0.0,0.0,0.0,0.0
2026-09-10 10:16:15,AFRM,68.16,0.01,,107.5,105.0,0.0,AVG,3.09578,2736,,,105.0,2728,,,105.0,AVG-0,3.09578,2736,,,105.0,2728,,,105.0,0,0.0,0,,,105.0,0,,,105.0,1,0.0,0,,,105.0,0,,,105.0,0.0,0.0,0.0,0.0
2026-09-10 10:16:15,AFRM,68.16,0.01,,104.5,104.0,0.0,AVG,0.0,0,,,104.0,0,,,104.0,AVG-0,0.0,0,,,104.0,0,,,104.0,0,0.0,0,,,104.0,0,,,104.0,1,0.0,0,,,104.0,0,,,104.0,0.0,0.0,0.0,0.0
2026-09-10 10:16:15,AFRM,68.16,0.01,,103.5,103.0,0.0,AVG,0.0,0,,,103.0,0,,,103.0,AVG-0,0.0,0,,,103.0,0,,,103.0,0,0.0,0,,,103.0,0,,,103.0,1,0.0,0,,,103.0,0,,,103.0,0.0,0.0,0.0,0.0
2026-09-10 10:16:15,AFRM,68.16,0.01,,102.5,102.0,0.0,AVG,0.0,0,,,102.0,0,,,102.0,AVG-0,0.0,0,,,102.0,0,,,102.0,0,0.0,0,,,102.0,0,,,102.0,1,0.0,0,,,102.0,0,,,102.0,0.0,0.0,0.0,0.0
2026-09-10 10:16:15,AFRM,68.16,0.01,,101.5,101.0,0.0,AVG,0.0,0,,,101.0,0,,,101.0,AVG-0,0.0,0,,,101.0,0,,,101.0,0,0.0,0,,,101.0,0,,,101.0,1,0.0,0,,,101.0,0,,,101.0,0.0,0.0,0.0,0.0
2026-09-10 10:16:15,AFRM,68.16,0.01,,100.5,100.0,0.0,AVG,145.44468999999998,5299,,,100.0,4583,,,100.0,AVG-0,145.44468999999998,5299,,,100.0,4583,,,100.0,0,0.0,0,,,100.0,0,,,100.0,1,0.0,0,,,100.0,0,,,100.0,0.0,0.0,0.0,0.0
2026-09-10 10:16:15,AFRM,68.16,0.01,,99.5,99.0,0.0,AVG,0.0,0,,,99.0,0,,,99.0,AVG-0,0.0,0,,,99.0,0,,,99.0,0,0.0,0,,,99.0,0,,,99.0,1,0.0,0,,,99.0,0,,,99.0,0.0,0.0,0.0,0.0
2026-09-10 10:16:15,AFRM,68.16,0.01,,98.5,98.0,0.0,AVG,0.0,0,,,98.0,0,,,98.0,AVG-0,0.0,0,,,98.0,0,,,98.0,0,0.0,0,,,98.0,0,,,98.0,1,0.0,0,,,98.0,0,,,98.0,0.0,0.0,0.0,0.0
2026-09-10 10:16:15,AFRM,68.16,0.01,,97.5,97.0,0.0,AVG,0.0,0,,,97.0,0,,,97.0,AVG-0,0.0,0,,,97.0,0,,,97.0,0,0.0,0,,,97.0,0,,,97.0,1,0.0,0,,,97.0,0,,,97.0,0.0,0.0,0.0,0.0
2026-09-10 10:16:15,AFRM,68.16,0.01,,96.5,96.0,0.0,AVG,0.0,0,,,96.0,0,,,96.0,AVG-0,0.0,0,,,96.0,0,,,96.0,0,0.0,0,,,96.0,0,,,96.0,1,0.0,0,,,96.0,0,,,96.0,0.0,0.0,0.0,0.0
2026-09-10 10:16:15,AFRM,68.16,0.01,,95.5,95.0,0.0,AVG,2.33446,1567,,,95.0,1556,,,95.0,AVG-0,2.33446,1567,,,95.0,1556,,,95.0,0,0.0,0,,,95.0,0,,,95.0,1,0.0,4,,,95.0,4,,,95.0,0.0,0.0,0.0,0.0
2026-09-10 10:16:15,AFRM,68.16,0.01,,94.5,94.0,0.0,AVG,0.0,0,,,94.0,0,,,94.0,AVG-0,0.0,0,,,94.0,0,,,94.0,0,0.0,0,,,94.0,0,,,94.0,1,0.0,0,,,94.0,0,,,94.0,0.0,0.0,0.0,0.0
2026-09-10 10:16:15,AFRM,68.16,0.01,,93.5,93.0,0.0,AVG,0.0,0,,,93.0,0,,,93.0,AVG-0,0.0,0,,,93.0,0,,,93.0,0,0.0,0,,,93.0,0,,,93.0,1,0.0,0,,,93.0,0,,,93.0,0.0,0.0,0.0,0.0
2026-09-10 10:16:15,AFRM,68.16,0.01,,92.75,92.5,0.0,AVG,3.1036,816,,,92.5,807,,,92.5,AVG-0,3.1036,816,,,92.5,807,,,92.5,0,0.0,0,,,92.5,0,,,92.5,1,0.0,2,,,92.5,2,,,92.5,0.0,0.0,0.0,0.0
2026-09-10 10:16:15,AFRM,68.16,0.01,,92.25,92.0,0.0,AVG,0.0,0,,,92.0,0,,,92.0,AVG-0,0.0,0,,,92.0,0,,,92.0,0,0.0,0,,,92.0,0,,,92.0,1,0.0,0,,,92.0,0,,,92.0,0.0,0.0,0.0,0.0
2026-09-10 10:16:15,AFRM,68.16,0.01,,91.5,91.0,0.0,AVG,1.2957,267,,,91.0,256,,,91.0,AVG-0,1.2956,267,,,91.0,256,,,91.0,0,0.0001,0,,,91.0,0,,,91.0,1,0.0,0,,,91.0,0,,,91.0,0.0,0.0,0.0,0.0
2026-09-10 10:16:15,AFRM,68.16,0.01,,90.5,90.0,0.0,AVG,1.1764800000000002,3702,,,90.0,3696,,,90.0,AVG-0,1.1764800000000002,3702,,,90.0,3696,,,90.0,0,0.0,0,,,90.0,0,,,90.0,1,0.00269,31,,,90.0,31,,,90.0,0.0,0.0,0.0,0.0
2026-09-10 10:16:15,AFRM,68.16,0.01,,89.5,89.0,0.0,AVG,0.01458,3,,,89.0,3,,,89.0,AVG-0,0.01458,3,,,89.0,3,,,89.0,0,0.0,0,,,89.0,0,,,89.0,1,0.0,0,,,89.0,0,,,89.0,0.0,0.0,0.0,0.0
2026-09-10 10:16:15,AFRM,68.16,0.01,,88.5,88.0,0.0,AVG,0.0,16,,,88.0,16,,,88.0,AVG-0,0.0,16,,,88.0,16,,,88.0,0,0.0,0,,,88.0,0,,,88.0,1,0.0,2,,,88.0,2,,,88.0,0.0,0.0,0.0,0.0
2026-09-10 10:16:15,AFRM,68.16,0.01,,87.75,87.5,0.0,AVG,0.76223,962,,,87.5,956,,,87.5,AVG-0,0.76223,962,,,87.5,956,,,87.5,0,0.0,0,,,87.5,0,,,87.5,1,0.00619,26,,,87.5,26,,,87.5,0.0,0.0,0.0,0.0
2026-09-10 10:16:15,AFRM,68.16,0.01,,87.25,87.0,0.0,AVG,0.0,73,,,87.0,73,,,87.0,AVG-0,0.0,73,,,87.0,73,,,87.0,0,0.0,0,,,87.0,0,,,87.0,1,0.0,4,,,87.0,4,,,87.0,0.0,0.0,0.0,0.0
2026-09-10 10:16:15,AFRM,68.16,0.01,,86.5,86.0,0.0,AVG,0.04325,50,,,86.0,49,,,86.0,AVG-0,0.04325,50,,,86.0,49,,,86.0,0,0.0,0,,,86.0,0,,,86.0,1,0.0,3,,,86.0,3,,,86.0,0.0,0.0,0.0,0.0
2026-09-10 10:16:15,AFRM,68.16,0.01,,85.5,85.0,0.0,AVG,4.527089999999999,2521,,,85.0,2498,,,85.0,AVG-0,4.527089999999999,2521,,,85.0,2498,,,85.0,0,0.0,0,,,85.0,0,,,85.0,1,0.17511,391,,,85.0,389,,,85.0,0.0,0.0,0.0,0.0
2026-09-10 10:16:15,AFRM,68.16,0.01,,84.5,84.0,0.0,AVG,0.04231,65,,,84.0,65,,,84.0,AVG-0,0.04231,65,,,84.0,65,,,84.0,0,0.0,0,,,84.0,0,,,84.0,1,0.0,6,,,84.0,6,,,84.0,0.0,0.0,0.0,0.0
2026-09-10 10:16:15,AFRM,68.16,0.01,,83.5,83.0,0.0,AVG,0.15393,139,,,83.0,138,,,83.0,AVG-0,0.15393,139,,,83.0,138,,,83.0,0,0.0,0,,,83.0,0,,,83.0,1,0.0,21,,,83.0,21,,,83.0,0.0,0.0,0.0,0.0
2026-09-10 10:16:15,AFRM,68.16,0.01,,82.75,82.5,0.0,AVG,0.9385,3811,,,82.5,3801,,,82.5,AVG-0,0.9385,3811,,,82.5,3801,,,82.5,0,0.0,0,,,82.5,0,,,82.5,1,0.0,177,,,82.5,177,,,82.5,0.0,0.0,0.0,0.0
2026-09-10 10:16:15,AFRM,68.16,0.01,,82.25,82.0,0.0,AVG,0.70545,294,,,82.0,278,,,82.0,AVG-0,0.70545,294,,,82.0,278,,,82.0,0,0.0,0,,,82.0,0,,,82.0,1,0.5341,273,,,82.0,259,,,82.0,0.0,0.0,0.0,0.0
2026-09-10 10:16:15,AFRM,68.16,0.01,,81.5,81.0,0.0,AVG,0.0,24,,,81.0,24,,,81.0,AVG-0,0.0,24,,,81.0,24,,,81.0,0,0.0,0,,,81.0,0,,,81.0,1,0.0,97,,,81.0,97,,,81.0,0.0,0.0,0.0,0.0
2026-09-10 10:16:15,AFRM,68.16,0.01,,80.5,80.0,0.0,AVG,362.57377,13406,+,4.0,80.0,11984,+,4.0,80.0,AVG-0,361.5654,13406,+,2.0,80.0,11984,+,2.0,80.0,0,1.00837,0,,,80.0,0,,,80.0,1,2.73375,2737,+,,80.0,2679,+,,80.0,0.0,0.0,0.0,0.0
2026-09-10 10:16:15,AFRM,68.16,0.01,,79.5,79.0,0.0,AVG,0.0,74,*,,79.0,74,*,,79.0,AVG-0,0.0,74,*,,79.0,74,*,,79.0,0,0.0,0,,,79.0,0,,,79.0,1,0.0,84,*,,79.0,84,*,,79.0,0.0,0.0,0.0,0.0
2026-09-10 10:16:15,AFRM,68.16,0.01,,78.5,78.0,0.0,AVG,0.26961,98,*,,78.0,97,*,,78.0,AVG-0,0.08091,98,*,,78.0,97,*,,78.0,0,0.1887,0,,,78.0,0,,,78.0,1,0.08091,36,*,,78.0,35,*,,78.0,0.0,0.0,0.0,0.0
2026-09-10 10:16:15,AFRM,68.16,0.01,,77.75,77.5,0.0,AVG,-0.5998000000000001,-6803,*,,N/N,-6808,*,,N/N,AVG-0,-0.5998000000000001,-6803,*,,N/N,-6808,*,,N/N,0,0.0,0,,,77.5,0,,,77.5,1,0.15094,-3136,*,5.0,77.5,-3139,*,5.0,77.5,0.0,0.0,0.0,0.0
2026-09-10 10:16:15,AFRM,68.16,0.01,,77.25,77.0,0.0,AVG,1.5055500000000002,-481,*,,77.0,-509,*,,77.0,AVG-0,1.02784,-484,*,,77.0,-512,*,,77.0,0,0.47771,3,,,77.0,3,,,77.0,1,1.02784,-133,*,,77.0,-161,*,,77.0,0.0,0.0,0.0,0.0
2026-09-10 10:16:15,AFRM,68.16,0.01,,76.5,76.0,0.0,AVG,2.51914,-93,*,,76.0,-141,*,,76.0,AVG-0,1.98462,-110,*,,76.0,-157,*,,76.0,0,0.53452,17,,,76.0,16,,,76.0,1,1.98462,47,*,,76.0,0,*,,76.0,0.0,0.0,0.0,0.0
2026-09-10 10:16:15,AFRM,68.16,0.01,,75.5,75.0,0.0,AVG,8.552930000000002,4422,*,,75.0,4260,*,,75.0,AVG-0,7.09433,4350,*,,75.0,4196,*,,75.0,0,1.4586,72,,,75.0,64,,,75.0,1,1.6527,1529,*,,75.0,1493,*,,75.0,0.0,0.0,0.0,0.0
2026-09-10 10:16:15,AFRM,68.16,0.01,,74.5,74.0,0.0,AVG,-59.41964,1468,*,,74.0,1664,*,,74.0,AVG-0,-59.41964,297,*,,74.0,493,*,,74.0,0,0.0,1171,,,74.0,1171,,,74.0,1,-59.41964,294,*,,74.0,490,*,,74.0,0.0,0.0,0.0,0.0
2026-09-10 10:16:15,AFRM,68.16,0.01,,73.5,73.0,0.0,AVG,1.6991900000000002,4,*,,73.0,-29,*,,73.0,AVG-0,1.6543800000000002,245,*,,73.0,213,*,,73.0,0,0.04481,-241,,,73.0,-242,,,73.0,1,1.6543800000000002,252,*,,73.0,220,*,,73.0,0.0,0.0,0.0,0.0
2026-09-10 10:16:15,AFRM,68.16,0.01,,72.75,72.5,0.0,AVG,-2.04809,-296,*,,N/N,-310,*,,N/N,AVG-0,-2.04809,-296,*,,N/N,-310,*,,N/N,0,0.0,0,,,72.5,0,,,72.5,1,-1.5384,869,*,,72.5,854,*,,72.5,0.0,0.0,0.0,0.0
2026-09-10 10:16:15,AFRM,68.16,0.01,,72.25,72.0,0.0,AVG,-4.61503,-108,*,,N/N,-117,*,,N/N,AVG-0,-2.20387,211,*,,72.0,210,*,,72.0,0,-2.41116,-319,,,N/N,-327,,,N/N,1,-1.47338,-20,*,,N/N,-24,*,,N/N,0.0,0.0,0.0,0.0
2026-09-10 10:16:15,AFRM,68.16,0.01,,71.5,71.0,0.0,AVG,5.78042,27,*,,71.0,-268,*,,71.0,AVG-0,1.97322,701,*,,71.0,665,*,,71.0,0,3.807200000000001,-674,,,71.0,-933,,,71.0,1,-2.7156400000000005,561,*,,71.0,570,*,,71.0,0.0,0.0,0.0,0.0
2026-09-10 10:16:15,AFRM,68.16,0.01,,70.5,70.0,0.0,AVG,29.83601,2340,*,,70.0,1860,*,,70.0,AVG-0,26.00376,-148,*,,70.0,-315,*,,70.0,0,3.83225,2488,+,5.0,70.0,2175,+,5.0,70.0,1,3.42992,103,*,,70.0,51,*,,70.0,0.0,0.0,0.0,0.0
2026-09-10 10:16:15,AFRM,68.16,0.01,,69.5,69.0,0.0,AVG,-54.31191,-15864,*,3.0,N/N,-15095,*,3.0,N/N,AVG-0,1.86913,-1481,*,,69.0,-1508,*,,69.0,0,-56.18104,-14383,*,2.0,N/N,-13587,*,2.0,N/N,1,1.66767,-1403,*,,69.0,-1427,*,,69.0,0.0,0.0,0.0,0.0
2026-09-10 10:16:15,AFRM,68.16,0.01,CURR,68.5,68.0,0.0,AVG,5.07521,-8962,*,,68.0,-9327,*,,68.0,AVG-0,-5.063600000000001,-1756,*,,N/N,-1709,*,,N/N,0,10.13881,-7206,*,4.0,68.0,-7618,*,3.0,68.0,1,-6.048400000000001,-1364,*,,N/N,-1311,*,,N/N,0.0,0.0,0.0,0.0
2026-09-10 10:16:15,AFRM,68.16,0.01,,67.75,67.5,0.0,AVG,-76.43725,-9063,*,,N/N,-8411,*,,N/N,AVG-0,-76.43725,-9063,*,4.0,N/N,-8411,*,4.0,N/N,0,0.0,0,*,,67.5,0,*,,67.5,1,-49.11515,-3949,*,3.0,N/N,-3469,*,2.0,N/N,0.0,0.0,0.0,0.0
2026-09-10 10:16:15,AFRM,68.16,0.01,,67.25,67.0,0.0,AVG,-13.24346,-3337,M,,N/N,-2983,M,,N/N,AVG-0,-3.38757,-1510,M,,N/N,-1468,M,,N/N,0,-9.85589,-1827,M,,N/N,-1515,M,,N/N,1,-4.5694,-1132,*,,N/N,-1085,*,,N/N,0.0,0.0,0.0,0.0
2026-09-10 10:16:15,AFRM,68.16,0.01,,66.5,66.0,0.0,AVG,4.913279999999999,-25887,*,2.0,66.0,-25878,-,1.0,66.0,AVG-0,-0.3285400000000003,-2684,*,,N/N,-2660,*,,N/N,0,5.24182,-23203,-,1.0,66.0,-23218,-,1.0,66.0,1,-3.09688,-540,M,,N/N,-505,M,,N/N,0.0,0.0,0.0,0.0
2026-09-10 10:16:15,AFRM,68.16,0.01,,65.5,65.0,0.0,AVG,-28.73366,-26386,-,1.0,N/N,-25464,,2.0,N/N,AVG-0,-0.306,-18441,-,1.0,N/N,-18412,-,1.0,N/N,0,-28.42766,-7945,,3.0,N/N,-7052,,4.0,N/N,1,-0.1983199999999998,-11496,-,1.0,N/N,-11479,-,1.0,N/N,0.0,0.0,0.0,0.0
2026-09-10 10:16:15,AFRM,68.16,0.01,,64.5,64.0,0.0,AVG,-11.14018,-3346,,,N/N,-3107,,,N/N,AVG-0,-1.36808,-1372,,,N/N,-1356,,,N/N,0,-9.7721,-1974,,,N/N,-1751,,,N/N,1,-1.00712,-484,,,N/N,-470,,,N/N,0.0,0.0,0.0,0.0
2026-09-10 10:16:15,AFRM,68.16,0.01,,63.5,63.0,0.0,AVG,-1.06825,-392,,,N/N,-378,,,N/N,AVG-0,0.0,-361,,,63.0,-361,,,63.0,0,-1.06825,-31,,,N/N,-17,,,N/N,1,0.0,0,,,63.0,0,,,63.0,0.0,0.0,0.0,0.0
2026-09-10 10:16:15,AFRM,68.16,0.01,,62.75,62.5,0.0,AVG,-26.40712,-5552,,,N/N,-5156,,,N/N,AVG-0,-26.40712,-5552,,,N/N,-5156,,,N/N,0,0.0,0,,,62.5,0,,,62.5,1,-26.11016,-3841,,4.0,N/N,-3447,,4.0,N/N,0.0,0.0,0.0,0.0
2026-09-10 10:16:15,AFRM,68.16,0.01,,62.25,62.0,0.0,AVG,-0.60238,-516,,,N/N,-512,,,N/N,AVG-0,-0.60238,-510,,,N/N,-506,,,N/N,0,0.0,-6,,,62.0,-6,,,62.0,1,0.0,0,,,62.0,0,,,62.0,0.0,0.0,0.0,0.0
2026-09-10 10:16:15,AFRM,68.16,0.01,,61.5,61.0,0.0,AVG,1.75746,4,,,61.0,0,,,61.0,AVG-0,1.75746,4,,,61.0,0,,,61.0,0,0.0,0,,,61.0,0,,,61.0,1,1.75746,4,,,61.0,0,,,61.0,0.0,0.0,0.0,0.0
2026-09-10 10:16:15,AFRM,68.16,0.01,,60.5,60.0,0.0,AVG,-40.68692,-10485,,5.0,N/N,-9845,,5.0,N/N,AVG-0,-40.68692,-10485,,3.0,N/N,-9845,,3.0,N/N,0,0.0,0,,,60.0,0,,,60.0,1,-32.25964,-4054,,2.0,N/N,-3461,,3.0,N/N,0.0,0.0,0.0,0.0
2026-09-10 10:16:15,AFRM,68.16,0.01,,59.5,59.0,0.0,AVG,0.0,0,,,59.0,0,,,59.0,AVG-0,0.0,0,,,59.0,0,,,59.0,0,0.0,0,,,59.0,0,,,59.0,1,0.0,0,,,59.0,0,,,59.0,0.0,0.0,0.0,0.0
2026-09-10 10:16:15,AFRM,68.16,0.01,,58.5,58.0,0.0,AVG,-0.14692,-1,,,N/N,0,,,58.0,AVG-0,-0.14692,-1,,,N/N,0,,,58.0,0,0.0,0,,,58.0,0,,,58.0,1,0.0,0,,,58.0,0,,,58.0,0.0,0.0,0.0,0.0
2026-09-10 10:16:15,AFRM,68.16,0.01,,57.75,57.5,0.0,AVG,0.96229,-1620,,,57.5,-1621,,,57.5,AVG-0,0.96229,-1620,,,57.5,-1621,,,57.5,0,0.0,0,,,57.5,0,,,57.5,1,0.96229,-750,,,57.5,-751,,,57.5,0.0,0.0,0.0,0.0
2026-09-10 10:16:15,AFRM,68.16,0.01,,57.25,57.0,0.0,AVG,-0.6268400000000001,-6,,,N/N,0,,,57.0,AVG-0,-0.6268400000000001,-6,,,N/N,0,,,57.0,0,0.0,0,,,57.0,0,,,57.0,1,-0.3766,-4,,,N/N,0,,,57.0,0.0,0.0,0.0,0.0
2026-09-10 10:16:15,AFRM,68.16,0.01,,56.5,56.0,0.0,AVG,0.0,0,,,56.0,0,,,56.0,AVG-0,0.0,0,,,56.0,0,,,56.0,0,0.0,0,,,56.0,0,,,56.0,1,0.0,0,,,56.0,0,,,56.0,0.0,0.0,0.0,0.0
2026-09-10 10:16:15,AFRM,68.16,0.01,,55.5,55.0,0.0,AVG,-7.247759999999999,-7911,,,N/N,-7865,,,N/N,AVG-0,-7.247759999999999,-7911,,5.0,N/N,-7865,,5.0,N/N,0,0.0,0,,,55.0,0,,,55.0,1,0.0,-34,,,55.0,-34,,,55.0,0.0,0.0,0.0,0.0
2026-09-10 10:16:15,AFRM,68.16,0.01,,53.75,52.5,0.0,AVG,-0.33244,-1176,,,N/N,-1175,,,N/N,AVG-0,-0.33244,-1176,,,N/N,-1175,,,N/N,0,0.0,0,,,52.5,0,,,52.5,1,0.0,0,,,52.5,0,,,52.5,0.0,0.0,0.0,0.0
2026-09-10 10:16:15,AFRM,68.16,0.01,,51.25,50.0,0.0,AVG,-0.94264,-3344,,,N/N,-3340,,,N/N,AVG-0,-0.94264,-3344,,,N/N,-3340,,,N/N,0,0.0,0,,,50.0,0,,,50.0,1,0.0,-3,,,50.0,-3,,,50.0,0.0,0.0,0.0,0.0
2026-09-10 10:16:15,AFRM,68.16,0.01,,48.75,47.5,0.0,AVG,27.86949,-2124,,,47.5,-2142,,,47.5,AVG-0,27.86949,-2124,,,47.5,-2142,,,47.5,0,0.0,0,,,47.5,0,,,47.5,1,0.0,0,,,47.5,0,,,47.5,0.0,0.0,0.0,0.0
2026-09-10 10:16:15,AFRM,68.16,0.01,,46.25,45.0,0.0,AVG,-0.23106,-2620,,,N/N,-2619,,,N/N,AVG-0,-0.23106,-2620,,,N/N,-2619,,,N/N,0,0.0,0,,,45.0,0,,,45.0,1,0.0,0,,,45.0,0,,,45.0,0.0,0.0,0.0,0.0
2026-09-10 10:16:15,AFRM,68.16,0.01,,43.75,42.5,0.0,AVG,-0.07035,-719,,,N/N,-719,,,N/N,AVG-0,-0.07035,-719,,,N/N,-719,,,N/N,0,0.0,0,,,42.5,0,,,42.5,1,0.0,0,,,42.5,0,,,42.5,0.0,0.0,0.0,0.0
2026-09-10 10:16:15,AFRM,68.16,0.01,,41.25,40.0,0.0,AVG,-0.1800999999999999,-2258,,,N/N,-2258,,,N/N,AVG-0,-0.1800999999999999,-2258,,,N/N,-2258,,,N/N,0,0.0,0,,,40.0,0,,,40.0,1,0.0,0,,,40.0,0,,,40.0,0.0,0.0,0.0,0.0
2026-09-10 10:16:15,AFRM,68.16,0.01,,38.75,37.5,0.0,AVG,0.0,-34,,,37.5,-34,,,37.5,AVG-0,0.0,-34,,,37.5,-34,,,37.5,0,0.0,0,,,37.5,0,,,37.5,1,0.0,0,,,37.5,0,,,37.5,0.0,0.0,0.0,0.0
2026-09-10 10:16:15,AFRM,68.16,0.01,,36.25,35.0,0.0,AVG,0.0,-150,,,35.0,-150,,,35.0,AVG-0,0.0,-150,,,35.0,-150,,,35.0,0,0.0,0,,,35.0,0,,,35.0,1,0.0,0,,,35.0,0,,,35.0,0.0,0.0,0.0,0.0
2026-09-10 10:16:15,AFRM,68.16,0.01,,33.75,32.5,0.0,AVG,0.0,-179,,,32.5,-179,,,32.5,AVG-0,0.0,-179,,,32.5,-179,,,32.5,0,0.0,0,,,32.5,0,,,32.5,1,0.0,0,,,32.5,0,,,32.5,0.0,0.0,0.0,0.0
2026-09-10 10:16:15,AFRM,68.16,0.01,,31.25,30.0,0.0,AVG,0.0,-52,,,30.0,-52,,,30.0,AVG-0,0.0,-52,,,30.0,-52,,,30.0,0,0.0,0,,,30.0,0,,,30.0,1,0.0,0,,,30.0,0,,,30.0,0.0,0.0,0.0,0.0
2026-09-10 10:16:15,AFRM,68.16,0.01,,28.75,27.5,0.0,AVG,0.0,-40,,,27.5,-40,,,27.5,AVG-0,0.0,-40,,,27.5,-40,,,27.5,0,0.0,0,,,27.5,0,,,27.5,1,0.0,0,,,27.5,0,,,27.5,0.0,0.0,0.0,0.0
2026-09-10 10:16:15,AFRM,68.16,0.01,,26.25,25.0,0.0,AVG,0.0,-36,,,25.0,-36,,,25.0,AVG-0,0.0,-36,,,25.0,-36,,,25.0,0,0.0,0,,,25.0,0,,,25.0,1,0.0,0,,,25.0,0,,,25.0,0.0,0.0,0.0,0.0
2026-09-10 10:16:15,AFRM,68.16,0.01,,23.75,22.5,0.0,AVG,0.0,0,,,22.5,0,,,22.5,AVG-0,0.0,0,,,22.5,0,,,22.5,0,0.0,0,,,22.5,0,,,22.5,1,0.0,0,,,22.5,0,,,22.5,0.0,0.0,0.0,0.0
2026-09-10 10:16:15,AFRM,68.16,0.01,,21.25,20.0,0.0,AVG,0.0,0,,,20.0,0,,,20.0,AVG-0,0.0,0,,,20.0,0,,,20.0,0,0.0,0,,,20.0,0,,,20.0,1,0.0,0,,,20.0,0,,,20.0,0.0,0.0,0.0,0.0
2026-09-10 10:16:15,AFRM,68.16,0.01,,18.75,17.5,0.0,AVG,0.0,0,,,17.5,0,,,17.5,AVG-0,0.0,0,,,17.5,0,,,17.5,0,0.0,0,,,17.5,0,,,17.5,1,0.0,0,,,17.5,0,,,17.5,0.0,0.0,0.0,0.0
2026-09-10 10:16:15,AGX,405.2,0.76,,,1140.0,0.0,AVG,0.0,6,,,1140.0,6,,,1140.0,AVG-0,0.0,6,,,1140.0,6,,,1140.0,0,0.0,0,,,1140.0,0,,,1140.0,1,0.0,0,,,1140.0,0,,,1140.0,0.0,0.0,0.0,0.0
2026-09-10 10:16:15,AGX,405.2,0.76,,1130.0,1120.0,0.0,AVG,0.0,1,,,1120.0,1,,,1120.0,AVG-0,0.0,1,,,1120.0,1,,,1120.0,0,0.0,0,,,1120.0,0,,,1120.0,1,0.0,0,,,1120.0,0,,,1120.0,0.0,0.0,0.0,0.0
2026-09-10 10:16:15,AGX,405.2,0.76,,1110.0,1100.0,0.0,AVG,0.0,5,,,1100.0,5,,,1100.0,AVG-0,0.0,5,,,1100.0,5,,,1100.0,0,0.0,0,,,1100.0,0,,,1100.0,1,0.0,0,,,1100.0,0,,,1100.0,0.0,0.0,0.0,0.0
2026-09-10 10:16:15,AGX,405.2,0.76,,1090.0,1080.0,0.0,AVG,0.0,6,,,1080.0,6,,,1080.0,AVG-0,0.0,6,,,1080.0,6,,,1080.0,0,0.0,0,,,1080.0,0,,,1080.0,1,0.0,0,,,1080.0,0,,,1080.0,0.0,0.0,0.0,0.0
2026-09-10 10:16:15,AGX,405.2,0.76,,1070.0,1060.0,0.0,AVG,0.0,1,,,1060.0,1,,,1060.0,AVG-0,0.0,1,,,1060.0,1,,,1060.0,0,0.0,0,,,1060.0,0,,,1060.0,1,0.0,0,,,1060.0,0,,,1060.0,0.0,0.0,0.0,0.0
2026-09-10 10:16:15,AGX,405.2,0.76,,1055.0,1050.0,0.0,AVG,0.0,5,,,1050.0,5,,,1050.0,AVG-0,0.0,5,,,1050.0,5,,,1050.0,0,0.0,0,,,1050.0,0,,,1050.0,1,0.0,0,,,1050.0,0,,,1050.0,0.0,0.0,0.0,0.0
2026-09-10 10:16:15,AGX,405.2,0.76,,1045.0,1040.0,0.0,AVG,0.0,7,,,1040.0,7,,,1040.0,AVG-0,0.0,7,,,1040.0,7,,,1040.0,0,0.0,0,,,1040.0,0,,,1040.0,1,0.0,0,,,1040.0,0,,,1040.0,0.0,0.0,0.0,0.0
2026-09-10 10:16:15,AGX,405.2,0.76,,1035.0,1030.0,0.0,AVG,0.0,1,,,1030.0,1,,,1030.0,AVG-0,0.0,1,,,1030.0,1,,,1030.0,0,0.0,0,,,1030.0,0,,,1030.0,1,0.0,0,,,1030.0,0,,,1030.0,0.0,0.0,0.0,0.0
2026-09-10 10:16:15,AGX,405.2,0.76,,1025.0,1020.0,0.0,AVG,0.0,3,,,1020.0,3,,,1020.0,AVG-0,0.0,3,,,1020.0,3,,,1020.0,0,0.0,0,,,1020.0,0,,,1020.0,1,0.0,0,,,1020.0,0,,,1020.0,0.0,0.0,0.0,0.0
2026-09-10 10:16:15,AGX,405.2,0.76,,1015.0,1010.0,0.0,AVG,0.0,1,,,1010.0,1,,,1010.0,AVG-0,0.0,1,,,1010.0,1,,,1010.0,0,0.0,0,,,1010.0,0,,,1010.0,1,0.0,0,,,1010.0,0,,,1010.0,0.0,0.0,0.0,0.0
2026-09-10 10:16:15,AGX,405.2,0.76,,1005.0,1000.0,0.0,AVG,0.0,16,,,1000.0,16,,,1000.0,AVG-0,0.0,16,,,1000.0,16,,,1000.0,0,0.0,0,,,1000.0,0,,,1000.0,1,0.0,0,,,1000.0,0,,,1000.0,0.0,0.0,0.0,0.0
2026-09-10 10:16:15,AGX,405.2,0.76,,990.0,980.0,0.0,AVG,0.0,1,,,980.0,1,,,980.0,AVG-0,0.0,1,,,980.0,1,,,980.0,0,0.0,0,,,980.0,0,,,980.0,1,0.0,0,,,980.0,0,,,980.0,0.0,0.0,0.0,0.0
2026-09-10 10:16:15,AGX,405.2,0.76,,970.0,960.0,0.0,AVG,0.05411,3,,,960.0,3,,,960.0,AVG-0,0.05411,3,,,960.0,3,,,960.0,0,0.0,0,,,960.0,0,,,960.0,1,0.0,0,,,960.0,0,,,960.0,0.0,0.0,0.0,0.0
2026-09-10 10:16:15,AGX,405.2,0.76,,950.0,940.0,0.0,AVG,0.0,3,,,940.0,3,,,940.0,AVG-0,0.0,3,,,940.0,3,,,940.0,0,0.0,0,,,940.0,0,,,940.0,1,0.0,0,,,940.0,0,,,940.0,0.0,0.0,0.0,0.0
2026-09-10 10:16:15,AGX,405.2,0.76,,935.0,930.0,0.0,AVG,0.0,0,,,930.0,0,,,930.0,AVG-0,0.0,0,,,930.0,0,,,930.0,0,0.0,0,,,930.0,0,,,930.0,1,0.0,0,,,930.0,0,,,930.0,0.0,0.0,0.0,0.0
2026-09-10 10:16:15,AGX,405.2,0.76,,925.0,920.0,0.0,AVG,0.0,3,,,920.0,3,,,920.0,AVG-0,0.0,3,,,920.0,3,,,920.0,0,0.0,0,,,920.0,0,,,920.0,1,0.0,0,,,920.0,0,,,920.0,0.0,0.0,0.0,0.0
2026-09-10 10:16:15,AGX,405.2,0.76,,915.0,910.0,0.0,AVG,0.0,0,,,910.0,0,,,910.0,AVG-0,0.0,0,,,910.0,0,,,910.0,0,0.0,0,,,910.0,0,,,910.0,1,0.0,0,,,910.0,0,,,910.0,0.0,0.0,0.0,0.0
2026-09-10 10:16:15,AGX,405.2,0.76,,905.0,900.0,0.0,AVG,0.06497,13,,,900.0,13,,,900.0,AVG-0,0.06497,13,,,900.0,13,,,900.0,0,0.0,0,,,900.0,0,,,900.0,1,0.0,1,,,900.0,1,,,900.0,0.0,0.0,0.0,0.0
2026-09-10 10:16:15,AGX,405.2,0.76,,895.0,890.0,0.0,AVG,0.0,2,,,890.0,2,,,890.0,AVG-0,0.0,2,,,890.0,2,,,890.0,0,0.0,0,,,890.0,0,,,890.0,1,0.0,0,,,890.0,0,,,890.0,0.0,0.0,0.0,0.0
2026-09-10 10:16:15,AGX,405.2,0.76,,885.0,880.0,0.0,AVG,0.0,16,,,880.0,16,,,880.0,AVG-0,0.0,16,,,880.0,16,,,880.0,0,0.0,0,,,880.0,0,,,880.0,1,0.0,0,,,880.0,0,,,880.0,0.0,0.0,0.0,0.0
2026-09-10 10:16:15,AGX,405.2,0.76,,875.0,870.0,0.0,AVG,0.0,0,,,870.0,0,,,870.0,AVG-0,0.0,0,,,870.0,0,,,870.0,0,0.0,0,,,870.0,0,,,870.0,1,0.0,0,,,870.0,0,,,870.0,0.0,0.0,0.0,0.0
2026-09-10 10:16:15,AGX,405.2,0.76,,865.0,860.0,0.0,AVG,0.0,4,,,860.0,4,,,860.0,AVG-0,0.0,4,,,860.0,4,,,860.0,0,0.0,0,,,860.0,0,,,860.0,1,0.0,1,,,860.0,1,,,860.0,0.0,0.0,0.0,0.0
2026-09-10 10:16:15,AGX,405.2,0.76,,855.0,850.0,0.0,AVG,0.0,2,,,850.0,2,,,850.0,AVG-0,0.0,2,,,850.0,2,,,850.0,0,0.0,0,,,850.0,0,,,850.0,1,0.0,0,,,850.0,0,,,850.0,0.0,0.0,0.0,0.0
2026-09-10 10:16:15,AGX,405.2,0.76,,845.0,840.0,0.0,AVG,0.0,10,,,840.0,10,,,840.0,AVG-0,0.0,10,,,840.0,10,,,840.0,0,0.0,0,,,840.0,0,,,840.0,1,0.0,0,,,840.0,0,,,840.0,0.0,0.0,0.0,0.0
2026-09-10 10:16:15,AGX,405.2,0.76,,835.0,830.0,0.0,AVG,0.0,0,,,830.0,0,,,830.0,AVG-0,0.0,0,,,830.0,0,,,830.0,0,0.0,0,,,830.0,0,,,830.0,1,0.0,0,,,830.0,0,,,830.0,0.0,0.0,0.0,0.0
2026-09-10 10:16:15,AGX,405.2,0.76,,825.0,820.0,0.0,AVG,0.0,12,,,820.0,12,,,820.0,AVG-0,0.0,12,,,820.0,12,,,820.0,0,0.0,0,,,820.0,0,,,820.0,1,0.0,0,,,820.0,0,,,820.0,0.0,0.0,0.0,0.0
2026-09-10 10:16:15,AGX,405.2,0.76,,815.0,810.0,0.0,AVG,0.0,3,,,810.0,3,,,810.0,AVG-0,0.0,3,,,810.0,3,,,810.0,0,0.0,0,,,810.0,0,,,810.0,1,0.0,0,,,810.0,0,,,810.0,0.0,0.0,0.0,0.0
2026-09-10 10:16:15,AGX,405.2,0.76,,805.0,800.0,0.0,AVG,0.0,29,,,800.0,29,,,800.0,AVG-0,0.0,29,,,800.0,29,,,800.0,0,0.0,0,,,800.0,0,,,800.0,1,0.0,1,,,800.0,1,,,800.0,0.0,0.0,0.0,0.0
2026-09-10 10:16:15,AGX,405.2,0.76,,795.0,790.0,0.0,AVG,0.0,12,,,790.0,12,,,790.0,AVG-0,0.0,12,,,790.0,12,,,790.0,0,0.0,0,,,790.0,0,,,790.0,1,0.0,0,,,790.0,0,,,790.0,0.0,0.0,0.0,0.0
2026-09-10 10:16:15,AGX,405.2,0.76,,785.0,780.0,0.0,AVG,0.0,0,,,780.0,0,,,780.0,AVG-0,0.0,0,,,780.0,0,,,780.0,0,0.0,0,,,780.0,0,,,780.0,1,0.0,2,,,780.0,2,,,780.0,0.0,0.0,0.0,0.0
2026-09-10 10:16:15,AGX,405.2,0.76,,775.0,770.0,0.0,AVG,0.0,2,,,770.0,2,,,770.0,AVG-0,0.0,2,,,770.0,2,,,770.0,0,0.0,0,,,770.0,0,,,770.0,1,0.0,0,,,770.0,0,,,770.0,0.0,0.0,0.0,0.0
2026-09-10 10:16:15,AGX,405.2,0.76,,765.0,760.0,0.0,AVG,0.0,3,,,760.0,3,,,760.0,AVG-0,0.0,3,,,760.0,3,,,760.0,0,0.0,0,,,760.0,0,,,760.0,1,0.0,1,,,760.0,1,,,760.0,0.0,0.0,0.0,0.0
2026-09-10 10:16:15,AGX,405.2,0.76,,755.0,750.0,0.0,AVG,0.0,35,,,750.0,35,,,750.0,AVG-0,0.0,35,,,750.0,35,,,750.0,0,0.0,0,,,750.0,0,,,750.0,1,0.0,1,,,750.0,1,,,750.0,0.0,0.0,0.0,0.0
2026-09-10 10:16:15,AGX,405.2,0.76,,745.0,740.0,0.0,AVG,0.0,18,,,740.0,18,,,740.0,AVG-0,0.0,18,,,740.0,18,,,740.0,0,0.0,0,,,740.0,0,,,740.0,1,0.0,1,,,740.0,1,,,740.0,0.0,0.0,0.0,0.0
2026-09-10 10:16:15,AGX,405.2,0.76,,735.0,730.0,0.0,AVG,0.0,5,,,730.0,5,,,730.0,AVG-0,0.0,5,,,730.0,5,,,730.0,0,0.0,0,,,730.0,0,,,730.0,1,0.0,1,,,730.0,1,,,730.0,0.0,0.0,0.0,0.0
2026-09-10 10:16:15,AGX,405.2,0.76,,725.0,720.0,0.0,AVG,0.0,8,,,720.0,8,,,720.0,AVG-0,0.0,8,,,720.0,8,,,720.0,0,0.0,0,,,720.0,0,,,720.0,1,0.0,3,,,720.0,3,,,720.0,0.0,0.0,0.0,0.0
2026-09-10 10:16:15,AGX,405.2,0.76,,715.0,710.0,0.0,AVG,0.0,14,,,710.0,14,,,710.0,AVG-0,0.0,14,,,710.0,14,,,710.0,0,0.0,0,,,710.0,0,,,710.0,1,0.0,2,,,710.0,2,,,710.0,0.0,0.0,0.0,0.0
2026-09-10 10:16:15,AGX,405.2,0.76,,705.0,700.0,0.0,AVG,0.0,44,,,700.0,44,,,700.0,AVG-0,0.0,44,,,700.0,44,,,700.0,0,0.0,0,,,700.0,0,,,700.0,1,0.0,-18,,,700.0,-18,,,700.0,0.0,0.0,0.0,0.0
2026-09-10 10:16:15,AGX,405.2,0.76,,695.0,690.0,0.0,AVG,0.0,-5,,,690.0,-5,,,690.0,AVG-0,0.0,-5,,,690.0,-5,,,690.0,0,0.0,0,,,690.0,0,,,690.0,1,0.0,1,,,690.0,1,,,690.0,0.0,0.0,0.0,0.0
2026-09-10 10:16:15,AGX,405.2,0.76,,685.0,680.0,0.0,AVG,0.0,-27,,,680.0,-27,,,680.0,AVG-0,0.0,-27,,,680.0,-27,,,680.0,0,0.0,0,,,680.0,0,,,680.0,1,0.0,5,,,680.0,5,,,680.0,0.0,0.0,0.0,0.0
2026-09-10 10:16:15,AGX,405.2,0.76,,675.0,670.0,0.0,AVG,0.0,0,,,670.0,0,,,670.0,AVG-0,0.0,0,,,670.0,0,,,670.0,0,0.0,0,,,670.0,0,,,670.0,1,0.0,0,,,670.0,0,,,670.0,0.0,0.0,0.0,0.0
2026-09-10 10:16:15,AGX,405.2,0.76,,665.0,660.0,0.0,AVG,1.08955,39,,,660.0,38,,,660.0,AVG-0,1.08955,39,,,660.0,38,,,660.0,0,0.0,0,,,660.0,0,,,660.0,1,0.0,4,,,660.0,4,,,660.0,0.0,0.0,0.0,0.0
2026-09-10 10:16:15,AGX,405.2,0.76,,655.0,650.0,0.0,AVG,0.0,6,,,650.0,6,,,650.0,AVG-0,0.0,6,,,650.0,6,,,650.0,0,0.0,0,,,650.0,0,,,650.0,1,0.0,2,,,650.0,2,,,650.0,0.0,0.0,0.0,0.0
2026-09-10 10:16:15,AGX,405.2,0.76,,645.0,640.0,0.0,AVG,0.0,10,,,640.0,10,,,640.0,AVG-0,0.0,10,,,640.0,10,,,640.0,0,0.0,0,,,640.0,0,,,640.0,1,0.0,14,,,640.0,14,,,640.0,0.0,0.0,0.0,0.0
2026-09-10 10:16:15,AGX,405.2,0.76,,635.0,630.0,0.0,AVG,0.0,-16,,,630.0,-16,,,630.0,AVG-0,0.0,-16,,,630.0,-16,,,630.0,0,0.0,0,,,630.0,0,,,630.0,1,0.0,-1,,,630.0,-1,,,630.0,0.0,0.0,0.0,0.0
2026-09-10 10:16:15,AGX,405.2,0.76,,625.0,620.0,0.0,AVG,0.0,-108,,,620.0,-108,,,620.0,AVG-0,0.0,-108,,,620.0,-108,,,620.0,0,0.0,0,,,620.0,0,,,620.0,1,0.0,-109,,,620.0,-109,,,620.0,0.0,0.0,0.0,0.0
2026-09-10 10:16:15,AGX,405.2,0.76,,615.0,610.0,0.0,AVG,0.0,11,,,610.0,11,,,610.0,AVG-0,0.0,11,,,610.0,11,,,610.0,0,0.0,0,,,610.0,0,,,610.0,1,0.0,5,,,610.0,5,,,610.0,0.0,0.0,0.0,0.0
2026-09-10 10:16:15,AGX,405.2,0.76,,605.0,600.0,0.0,AVG,0.25944,-86,,,600.0,-87,,,600.0,AVG-0,0.25944,-86,,,600.0,-87,,,600.0,0,0.0,0,,,600.0,0,,,600.0,1,0.0,-10,,,600.0,-10,,,600.0,0.0,0.0,0.0,0.0
2026-09-10 10:16:15,AGX,405.2,0.76,,595.0,590.0,0.0,AVG,0.0,-24,,,590.0,-24,,,590.0,AVG-0,0.0,-25,,,590.0,-25,,,590.0,0,0.0,1,,,590.0,1,,,590.0,1,0.0,1,,,590.0,1,,,590.0,0.0,0.0,0.0,0.0
2026-09-10 10:16:15,AGX,405.2,0.76,,585.0,580.0,0.0,AVG,0.0,-181,,,580.0,-181,,,580.0,AVG-0,0.0,-184,,,580.0,-184,,,580.0,0,0.0,3,,,580.0,3,,,580.0,1,0.0,-180,,4.0,580.0,-180,,4.0,580.0,0.0,0.0,0.0,0.0
2026-09-10 10:16:15,AGX,405.2,0.76,,575.0,570.0,0.0,AVG,0.0,17,,,570.0,17,,,570.0,AVG-0,0.0,17,,,570.0,17,,,570.0,0,0.0,0,,,570.0,0,,,570.0,1,0.0,0,,,570.0,0,,,570.0,0.0,0.0,0.0,0.0
2026-09-10 10:16:15,AGX,405.2,0.76,,565.0,560.0,0.0,AVG,0.0,8,,,560.0,8,,,560.0,AVG-0,0.0,7,,,560.0,7,,,560.0,0,0.0,1,,,560.0,1,,,560.0,1,0.0,2,,,560.0,2,,,560.0,0.0,0.0,0.0,0.0
2026-09-10 10:16:15,AGX,405.2,0.76,,555.0,550.0,0.0,AVG,0.0,14,,,550.0,14,,,550.0,AVG-0,0.0,9,,,550.0,9,,,550.0,0,0.0,5,,,550.0,5,,,550.0,1,0.0,22,,,550.0,22,,,550.0,0.0,0.0,0.0,0.0
2026-09-10 10:16:15,AGX,405.2,0.76,,545.0,540.0,0.0,AVG,0.0,-61,,,540.0,-61,,,540.0,AVG-0,0.0,-66,,,540.0,-66,,,540.0,0,0.0,5,,,540.0,5,,,540.0,1,0.0,-67,,,540.0,-67,,,540.0,0.0,0.0,0.0,0.0
2026-09-10 10:16:15,AGX,405.2,0.76,,535.0,530.0,0.0,AVG,0.0,42,,,530.0,42,,,530.0,AVG-0,0.0,37,,,530.0,37,,,530.0,0,0.0,5,,,530.0,5,,,530.0,1,0.0,28,,,530.0,28,,,530.0,0.0,0.0,0.0,0.0
2026-09-10 10:16:15,AGX,405.2,0.76,,525.0,520.0,0.0,AVG,0.0,251,,,520.0,251,,,520.0,AVG-0,0.0,-25,,,520.0,-25,,,520.0,0,0.0,276,,,520.0,276,,,520.0,1,0.0,30,,,520.0,30,,,520.0,0.0,0.0,0.0,0.0
2026-09-10 10:16:15,AGX,405.2,0.76,,515.0,510.0,0.0,AVG,0.35853,4,,,510.0,3,,,510.0,AVG-0,0.35853,-38,,,510.0,-39,,,510.0,0,0.0,42,,,510.0,42,,,510.0,1,0.0,-28,,,510.0,-28,,,510.0,0.0,0.0,0.0,0.0
2026-09-10 10:16:15,AGX,405.2,0.76,,505.0,500.0,0.0,AVG,0.0,202,,,500.0,202,,,500.0,AVG-0,0.0,128,,,500.0,128,,,500.0,0,0.0,74,,,500.0,74,,,500.0,1,0.0,144,,,500.0,144,,,500.0,0.0,0.0,0.0,0.0
2026-09-10 10:16:15,AGX,405.2,0.76,,495.0,490.0,0.0,AVG,0.0,-73,,,490.0,-73,,,490.0,AVG-0,0.0,-92,,,490.0,-92,,,490.0,0,0.0,19,,,490.0,19,,,490.0,1,0.0,-7,,,490.0,-7,,,490.0,0.0,0.0,0.0,0.0
2026-09-10 10:16:15,AGX,405.2,0.76,,485.0,480.0,0.0,AVG,0.0,2230,,2.0,480.0,2230,,2.0,480.0,AVG-0,0.0,-37,,,480.0,-37,,,480.0,0,0.0,2267,,2.0,480.0,2267,,2.0,480.0,1,0.0,-4,,,480.0,-4,,,480.0,0.0,0.0,0.0,0.0
2026-09-10 10:16:15,AGX,405.2,0.76,,475.0,470.0,0.0,AVG,0.28288,-128,,,470.0,-129,,,470.0,AVG-0,0.28288,10,,,470.0,9,,,470.0,0,0.0,-138,,,470.0,-138,,,470.0,1,0.28288,6,,,470.0,5,,,470.0,0.0,0.0,0.0,0.0
2026-09-10 10:16:15,AGX,405.2,0.76,,465.0,460.0,0.0,AVG,0.31451,71,,,460.0,70,,,460.0,AVG-0,0.31451,145,,,460.0,144,,,460.0,0,0.0,-74,,,460.0,-74,,,460.0,1,0.31451,150,,,460.0,149,,,460.0,0.0,0.0,0.0,0.0
2026-09-10 10:16:15,AGX,405.2,0.76,,455.0,450.0,0.0,AVG,-0.46823,-104,,,N/N,-104,,,N/N,AVG-0,0.35596,-34,,,450.0,-36,,,450.0,0,-0.82419,-70,,,N/N,-68,,,N/N,1,0.35596,39,,,450.0,37,,,450.0,0.0,0.0,0.0,0.0
2026-09-10 10:16:15,AGX,405.2,0.76,,445.0,440.0,0.0,AVG,0.57325,485,,,440.0,484,,,440.0,AVG-0,0.57325,-5,,,440.0,-6,,,440.0,0,0.0,490,,3.0,440.0,490,,3.0,440.0,1,0.0,-54,,,440.0,-54,,,440.0,0.0,0.0,0.0,0.0
2026-09-10 10:16:15,AGX,405.2,0.76,,435.0,430.0,0.0,AVG,0.58851,-859,-,3.0,430.0,-859,-,3.0,430.0,AVG-0,0.58851,-408,,2.0,430.0,-408,,2.0,430.0,0,0.0,-451,-,4.0,430.0,-451,-,4.0,430.0,1,0.0,-441,M-,1.0,430.0,-441,M-,1.0,430.0,0.0,0.0,0.0,0.0
2026-09-10 10:16:15,AGX,405.2,0.76,,425.0,420.0,0.0,AVG,0.0,301,M,,420.0,301,M,,420.0,AVG-0,0.0,185,M+,5.0,420.0,185,M+,5.0,420.0,0,0.0,116,M,,420.0,116,M,,420.0,1,0.0,192,+,2.0,420.0,192,+,2.0,420.0,0.0,0.0,0.0,0.0
2026-09-10 10:16:15,AGX,405.2,0.76,CURR,415.0,410.0,0.0,AVG,0.0,3765,+,1.0,410.0,3765,+,1.0,410.0,AVG-0,0.0,20,*,,410.0,20,*,,410.0,0,0.0,3745,+,1.0,410.0,3745,+,1.0,410.0,1,0.0,9,,,410.0,9,,,410.0,0.0,0.0,0.0,0.0
2026-09-10 10:16:15,AGX,405.2,0.76,,405.0,400.0,0.0,AVG,1.1391,-220,,,400.0,-227,,,400.0,AVG-0,0.0,-71,*,,400.0,-71,*,,400.0,0,1.1391,-149,,,400.0,-156,,,400.0,1,0.0,-80,,,400.0,-80,,,400.0,0.0,0.0,0.0,0.0
2026-09-10 10:16:15,AGX,405.2,0.76,,395.0,390.0,0.0,AVG,0.65778,-208,,,390.0,-211,,,390.0,AVG-0,0.0,-194,*,3.0,390.0,-194,*,3.0,390.0,0,0.65778,-14,,,390.0,-17,,,390.0,1,0.0,43,,,390.0,43,,,390.0,0.0,0.0,0.0,0.0
2026-09-10 10:16:15,AGX,405.2,0.76,,385.0,380.0,0.0,AVG,-0.25801,-585,,5.0,N/N,-582,,5.0,N/N,AVG-0,0.0,-194,*,3.0,380.0,-194,*,3.0,380.0,0,-0.25801,-391,,5.0,N/N,-388,,5.0,N/N,1,0.0,-184,,3.0,380.0,-184,,3.0,380.0,0.0,0.0,0.0,0.0
2026-09-10 10:16:15,AGX,405.2,0.76,,375.0,370.0,0.0,AVG,0.0,-1,,,370.0,-1,,,370.0,AVG-0,0.0,16,*,,370.0,16,*,,370.0,0,0.0,-17,,,370.0,-17,,,370.0,1,0.0,2,,,370.0,2,,,370.0,0.0,0.0,0.0,0.0
2026-09-10 10:16:15,AGX,405.2,0.76,,365.0,360.0,0.0,AVG,0.0,-182,,,360.0,-182,,,360.0,AVG-0,0.0,-127,*,,360.0,-127,*,,360.0,0,0.0,-55,,,360.0,-55,,,360.0,1,0.0,-94,,,360.0,-94,,,360.0,0.0,0.0,0.0,0.0
2026-09-10 10:16:15,AGX,405.2,0.76,,355.0,350.0,0.0,AVG,-0.2813,-695,,4.0,N/N,-694,,4.0,N/N,AVG-0,-0.2813,-620,-,1.0,N/N,-619,-,1.0,N/N,0,0.0,-75,,,350.0,-75,,,350.0,1,0.0,-163,,5.0,350.0,-163,,5.0,350.0,0.0,0.0,0.0,0.0
2026-09-10 10:16:15,AGX,405.2,0.76,,345.0,340.0,0.0,AVG,0.0,-44,,,340.0,-44,,,340.0,AVG-0,0.0,-18,,,340.0,-18,,,340.0,0,0.0,-26,,,340.0,-26,,,340.0,1,0.0,-8,,,340.0,-8,,,340.0,0.0,0.0,0.0,0.0
2026-09-10 10:16:15,AGX,405.2,0.76,,335.0,330.0,0.0,AVG,0.0,-50,,,330.0,-50,,,330.0,AVG-0,0.0,-35,,,330.0,-35,,,330.0,0,0.0,-15,,,330.0,-15,,,330.0,1,0.0,-53,,,330.0,-53,,,330.0,0.0,0.0,0.0,0.0
2026-09-10 10:16:15,AGX,405.2,0.76,,325.0,320.0,0.0,AVG,0.0,-86,,,320.0,-86,,,320.0,AVG-0,0.0,-81,,,320.0,-81,,,320.0,0,0.0,-5,,,320.0,-5,,,320.0,1,0.0,-21,,,320.0,-21,,,320.0,0.0,0.0,0.0,0.0
2026-09-10 10:16:15,AGX,405.2,0.76,,315.0,310.0,0.0,AVG,-0.09573,-22,,,N/N,-22,,,N/N,AVG-0,0.0,-13,,,310.0,-13,,,310.0,0,-0.09573,-9,,,N/N,-9,,,N/N,1,0.0,-20,,,310.0,-20,,,310.0,0.0,0.0,0.0,0.0
2026-09-10 10:16:15,AGX,405.2,0.76,,305.0,300.0,0.0,AVG,0.0,-28,,,300.0,-28,,,300.0,AVG-0,0.0,-22,,,300.0,-22,,,300.0,0,0.0,-6,,,300.0,-6,,,300.0,1,0.0,-18,,,300.0,-18,,,300.0,0.0,0.0,0.0,0.0
2026-09-10 10:16:15,AGX,405.2,0.76,,295.0,290.0,0.0,AVG,0.0,-26,,,290.0,-26,,,290.0,AVG-0,0.0,-26,,,290.0,-26,,,290.0,0,0.0,0,,,290.0,0,,,290.0,1,0.0,-4,,,290.0,-4,,,290.0,0.0,0.0,0.0,0.0
2026-09-10 10:16:15,AGX,405.2,0.76,,285.0,280.0,0.0,AVG,0.0,-108,,,280.0,-108,,,280.0,AVG-0,0.0,-108,,,280.0,-108,,,280.0,0,0.0,0,,,280.0,0,,,280.0,1,0.0,-8,,,280.0,-8,,,280.0,0.0,0.0,0.0,0.0
2026-09-10 10:16:15,AGX,405.2,0.76,,275.0,270.0,0.0,AVG,0.0,-2,,,270.0,-2,,,270.0,AVG-0,0.0,-2,,,270.0,-2,,,270.0,0,0.0,0,,,270.0,0,,,270.0,1,0.0,-4,,,270.0,-4,,,270.0,0.0,0.0,0.0,0.0
2026-09-10 10:16:15,AGX,405.2,0.76,,265.0,260.0,0.0,AVG,0.0,-36,,,260.0,-36,,,260.0,AVG-0,0.0,-36,,,260.0,-36,,,260.0,0,0.0,0,,,260.0,0,,,260.0,1,0.0,-15,,,260.0,-15,,,260.0,0.0,0.0,0.0,0.0
2026-09-10 10:16:15,AGX,405.2,0.76,,255.0,250.0,0.0,AVG,0.0,-71,,,250.0,-71,,,250.0,AVG-0,0.0,-71,,,250.0,-71,,,250.0,0,0.0,0,,,250.0,0,,,250.0,1,0.0,-17,,,250.0,-17,,,250.0,0.0,0.0,0.0,0.0
2026-09-10 10:16:15,AGX,405.2,0.76,,245.0,240.0,0.0,AVG,0.0,-6,,,240.0,-6,,,240.0,AVG-0,0.0,-6,,,240.0,-6,,,240.0,0,0.0,0,,,240.0,0,,,240.0,1,0.0,-1,,,240.0,-1,,,240.0,0.0,0.0,0.0,0.0
2026-09-10 10:16:15,AGX,405.2,0.76,,235.0,230.0,0.0,AVG,0.0,-4,,,230.0,-4,,,230.0,AVG-0,0.0,-4,,,230.0,-4,,,230.0,0,0.0,0,,,230.0,0,,,230.0,1,0.0,-1,,,230.0,-1,,,230.0,0.0,0.0,0.0,0.0
2026-09-10 10:16:15,AGX,405.2,0.76,,225.0,220.0,0.0,AVG,0.0,-1,,,220.0,-1,,,220.0,AVG-0,0.0,-1,,,220.0,-1,,,220.0,0,0.0,0,,,220.0,0,,,220.0,1,0.0,-1,,,220.0,-1,,,220.0,0.0,0.0,0.0,0.0
2026-09-10 10:16:15,AGX,405.2,0.76,,215.0,210.0,0.0,AVG,0.0,0,,,210.0,0,,,210.0,AVG-0,0.0,0,,,210.0,0,,,210.0,0,0.0,0,,,210.0,0,,,210.0,1,0.0,0,,,210.0,0,,,210.0,0.0,0.0,0.0,0.0
2026-09-10 10:16:15,AGX,405.2,0.76,,205.0,200.0,0.0,AVG,-0.0342,-2,,,N/N,-2,,,N/N,AVG-0,-0.0342,-2,,,N/N,-2,,,N/N,0,0.0,0,,,200.0,0,,,200.0,1,0.0,0,,,200.0,0,,,200.0,0.0,0.0,0.0,0.0
2026-09-10 10:16:15,AGX,405.2,0.76,,197.5,195.0,0.0,AVG,0.0,-1,,,195.0,-1,,,195.0,AVG-0,0.0,-1,,,195.0,-1,,,195.0,0,0.0,0,,,195.0,0,,,195.0,1,0.0,0,,,195.0,0,,,195.0,0.0,0.0,0.0,0.0
2026-09-10 10:16:15,AGX,405.2,0.76,,192.5,190.0,0.0,AVG,0.0,-4,,,190.0,-4,,,190.0,AVG-0,0.0,-4,,,190.0,-4,,,190.0,0,0.0,0,,,190.0,0,,,190.0,1,0.0,0,,,190.0,0,,,190.0,0.0,0.0,0.0,0.0
2026-09-10 10:16:15,AGX,405.2,0.76,,187.5,185.0,0.0,AVG,0.0,-1,,,185.0,-1,,,185.0,AVG-0,0.0,-1,,,185.0,-1,,,185.0,0,0.0,0,,,185.0,0,,,185.0,1,0.0,0,,,185.0,0,,,185.0,0.0,0.0,0.0,0.0
2026-09-10 10:16:15,AGX,405.2,0.76,,182.5,180.0,0.0,AVG,0.0,0,,,180.0,0,,,180.0,AVG-0,0.0,0,,,180.0,0,,,180.0,0,0.0,0,,,180.0,0,,,180.0,1,0.0,0,,,180.0,0,,,180.0,0.0,0.0,0.0,0.0
2026-09-10 10:16:15,AGX,405.2,0.76,,177.5,175.0,0.0,AVG,0.0,-1,,,175.0,-1,,,175.0,AVG-0,0.0,-1,,,175.0,-1,,,175.0,0,0.0,0,,,175.0,0,,,175.0,1,0.0,0,,,175.0,0,,,175.0,0.0,0.0,0.0,0.0
2026-09-10 10:16:15,AGX,405.2,0.76,,172.5,170.0,0.0,AVG,0.0,-1,,,170.0,-1,,,170.0,AVG-0,0.0,-1,,,170.0,-1,,,170.0,0,0.0,0,,,170.0,0,,,170.0,1,0.0,0,,,170.0,0,,,170.0,0.0,0.0,0.0,0.0
2026-09-10 10:16:15,AGX,405.2,0.76,,167.5,165.0,0.0,AVG,0.0,0,,,165.0,0,,,165.0,AVG-0,0.0,0,,,165.0,0,,,165.0,0,0.0,0,,,165.0,0,,,165.0,1,0.0,0,,,165.0,0,,,165.0,0.0,0.0,0.0,0.0
2026-09-10 10:16:15,AGX,405.2,0.76,,162.5,160.0,0.0,AVG,0.0,0,,,160.0,0,,,160.0,AVG-0,0.0,0,,,160.0,0,,,160.0,0,0.0,0,,,160.0,0,,,160.0,1,0.0,0,,,160.0,0,,,160.0,0.0,0.0,0.0,0.0
2026-09-10 10:16:15,AGX,405.2,0.76,,157.5,155.0,0.0,AVG,0.0,0,,,155.0,0,,,155.0,AVG-0,0.0,0,,,155.0,0,,,155.0,0,0.0,0,,,155.0,0,,,155.0,1,0.0,0,,,155.0,0,,,155.0,0.0,0.0,0.0,0.0
2026-09-10 10:16:15,AGX,405.2,0.76,,152.5,150.0,0.0,AVG,0.0,-1,,,150.0,-1,,,150.0,AVG-0,0.0,-1,,,150.0,-1,,,150.0,0,0.0,0,,,150.0,0,,,150.0,1,0.0,0,,,150.0,0,,,150.0,0.0,0.0,0.0,0.0
2026-09-10 10:16:15,AGX,405.2,0.76,,147.5,145.0,0.0,AVG,0.0,0,,,145.0,0,,,145.0,AVG-0,0.0,0,,,145.0,0,,,145.0,0,0.0,0,,,145.0,0,,,145.0,1,0.0,0,,,145.0,0,,,145.0,0.0,0.0,0.0,0.0
2026-09-10 10:16:15,AGX,405.2,0.76,,142.5,140.0,0.0,AVG,0.0,0,,,140.0,0,,,140.0,AVG-0,0.0,0,,,140.0,0,,,140.0,0,0.0,0,,,140.0,0,,,140.0,1,0.0,0,,,140.0,0,,,140.0,0.0,0.0,0.0,0.0
2026-09-10 10:16:15,AGX,405.2,0.76,,137.5,135.0,0.0,AVG,0.0,0,,,135.0,0,,,135.0,AVG-0,0.0,0,,,135.0,0,,,135.0,0,0.0,0,,,135.0,0,,,135.0,1,0.0,0,,,135.0,0,,,135.0,0.0,0.0,0.0,0.0
2026-09-10 10:16:15,AGX,405.2,0.76,,132.5,130.0,0.0,AVG,0.0,0,,,130.0,0,,,130.0,AVG-0,0.0,0,,,130.0,0,,,130.0,0,0.0,0,,,130.0,0,,,130.0,1,0.0,0,,,130.0,0,,,130.0,0.0,0.0,0.0,0.0
2026-09-10 10:16:15,AGX,405.2,0.76,,127.5,125.0,0.0,AVG,0.0,0,,,125.0,0,,,125.0,AVG-0,0.0,0,,,125.0,0,,,125.0,0,0.0,0,,,125.0,0,,,125.0,1,0.0,0,,,125.0,0,,,125.0,0.0,0.0,0.0,0.0
2026-09-10 10:16:15,AGX,405.2,0.76,,122.5,120.0,0.0,AVG,0.0,0,,,120.0,0,,,120.0,AVG-0,0.0,0,,,120.0,0,,,120.0,0,0.0,0,,,120.0,0,,,120.0,1,0.0,0,,,120.0,0,,,120.0,0.0,0.0,0.0,0.0
2026-09-10 10:16:15,AGX,405.2,0.76,,117.5,115.0,0.0,AVG,0.0,0,,,115.0,0,,,115.0,AVG-0,0.0,0,,,115.0,0,,,115.0,0,0.0,0,,,115.0,0,,,115.0,1,0.0,0,,,115.0,0,,,115.0,0.0,0.0,0.0,0.0
2026-09-10 10:16:15,AGX,405.2,0.76,,112.5,110.0,0.0,AVG,0.0,0,,,110.0,0,,,110.0,AVG-0,0.0,0,,,110.0,0,,,110.0,0,0.0,0,,,110.0,0,,,110.0,1,0.0,0,,,110.0,0,,,110.0,0.0,0.0,0.0,0.0
2026-09-10 10:16:15,AGX,405.2,0.76,,107.5,105.0,0.0,AVG,0.0,0,,,105.0,0,,,105.0,AVG-0,0.0,0,,,105.0,0,,,105.0,0,0.0,0,,,105.0,0,,,105.0,1,0.0,0,,,105.0,0,,,105.0,0.0,0.0,0.0,0.0
2026-09-10 10:16:15,AIG,75.22,0.25,,,125.0,0.0,AVG,0.0,7,,,125.0,7,,,125.0,AVG-0,0.0,7,,,125.0,7,,,125.0,0,0.0,0,,,125.0,0,,,125.0,1,0.0,0,,,125.0,0,,,125.0,0.0,0.0,0.0,0.0
2026-09-10 10:16:15,AIG,75.22,0.25,,122.5,120.0,0.0,AVG,0.0,18,,,120.0,18,,,120.0,AVG-0,0.0,18,,,120.0,18,,,120.0,0,0.0,0,,,120.0,0,,,120.0,1,0.0,0,,,120.0,0,,,120.0,0.0,0.0,0.0,0.0
2026-09-10 10:16:15,AIG,75.22,0.25,,117.5,115.0,0.0,AVG,0.0,39,,,115.0,39,,,115.0,AVG-0,0.0,39,,,115.0,39,,,115.0,0,0.0,0,,,115.0,0,,,115.0,1,0.0,0,,,115.0,0,,,115.0,0.0,0.0,0.0,0.0
2026-09-10 10:16:15,AIG,75.22,0.25,,112.5,110.0,0.0,AVG,0.0,61,,,110.0,61,,,110.0,AVG-0,0.0,61,,,110.0,61,,,110.0,0,0.0,0,,,110.0,0,,,110.0,1,0.0,0,,,110.0,0,,,110.0,0.0,0.0,0.0,0.0
2026-09-10 10:16:15,AIG,75.22,0.25,,107.5,105.0,0.0,AVG,0.0,238,,,105.0,238,,,105.0,AVG-0,0.0,238,,,105.0,238,,,105.0,0,0.0,0,,,105.0,0,,,105.0,1,0.0,0,,,105.0,0,,,105.0,0.0,0.0,0.0,0.0
2026-09-10 10:16:15,AIG,75.22,0.25,,102.5,100.0,0.0,AVG,0.0,512,,,100.0,512,,,100.0,AVG-0,0.0,512,,,100.0,512,,,100.0,0,0.0,0,,,100.0,0,,,100.0,1,0.0,0,,,100.0,0,,,100.0,0.0,0.0,0.0,0.0
2026-09-10 10:16:15,AIG,75.22,0.25,,97.5,95.0,0.0,AVG,0.0,585,,,95.0,585,,,95.0,AVG-0,0.0,585,,,95.0,585,,,95.0,0,0.0,0,,,95.0,0,,,95.0,1,0.0,0,,,95.0,0,,,95.0,0.0,0.0,0.0,0.0
2026-09-10 10:16:15,AIG,75.22,0.25,,93.75,92.5,0.0,AVG,0.0,393,,,92.5,393,,,92.5,AVG-0,0.0,393,,,92.5,393,,,92.5,0,0.0,0,,,92.5,0,,,92.5,1,0.0,0,,,92.5,0,,,92.5,0.0,0.0,0.0,0.0
2026-09-10 10:16:15,AIG,75.22,0.25,,92.25,92.0,0.0,AVG,0.0,0,,,92.0,0,,,92.0,AVG-0,0.0,0,,,92.0,0,,,92.0,0,0.0,0,,,92.0,0,,,92.0,1,0.0,0,,,92.0,0,,,92.0,0.0,0.0,0.0,0.0
2026-09-10 10:16:15,AIG,75.22,0.25,,91.5,91.0,0.0,AVG,0.0,0,,,91.0,0,,,91.0,AVG-0,0.0,0,,,91.0,0,,,91.0,0,0.0,0,,,91.0,0,,,91.0,1,0.0,0,,,91.0,0,,,91.0,0.0,0.0,0.0,0.0
2026-09-10 10:16:15,AIG,75.22,0.25,,90.5,90.0,0.0,AVG,0.0,3061,,,90.0,3061,,,90.0,AVG-0,0.0,3061,,,90.0,3061,,,90.0,0,0.0,0,,,90.0,0,,,90.0,1,0.0,0,,,90.0,0,,,90.0,0.0,0.0,0.0,0.0
2026-09-10 10:16:15,AIG,75.22,0.25,,89.5,89.0,0.0,AVG,0.0,0,,,89.0,0,,,89.0,AVG-0,0.0,0,,,89.0,0,,,89.0,0,0.0,0,,,89.0,0,,,89.0,1,0.0,0,,,89.0,0,,,89.0,0.0,0.0,0.0,0.0
2026-09-10 10:16:15,AIG,75.22,0.25,,88.5,88.0,0.0,AVG,0.0,5,,,88.0,5,,,88.0,AVG-0,0.0,5,,,88.0,5,,,88.0,0,0.0,0,,,88.0,0,,,88.0,1,0.0,0,,,88.0,0,,,88.0,0.0,0.0,0.0,0.0
2026-09-10 10:16:15,AIG,75.22,0.25,,87.75,87.5,0.0,AVG,0.0,1922,,,87.5,1922,,,87.5,AVG-0,0.0,1922,,,87.5,1922,,,87.5,0,0.0,0,,,87.5,0,,,87.5,1,0.0,1,,,87.5,1,,,87.5,0.0,0.0,0.0,0.0
2026-09-10 10:16:15,AIG,75.22,0.25,,87.25,87.0,0.0,AVG,0.0,0,,,87.0,0,,,87.0,AVG-0,0.0,0,,,87.0,0,,,87.0,0,0.0,0,,,87.0,0,,,87.0,1,0.0,0,,,87.0,0,,,87.0,0.0,0.0,0.0,0.0
2026-09-10 10:16:15,AIG,75.22,0.25,,86.5,86.0,0.0,AVG,0.0,49,,,86.0,49,,,86.0,AVG-0,0.0,49,,,86.0,49,,,86.0,0,0.0,0,,,86.0,0,,,86.0,1,0.0,0,,,86.0,0,,,86.0,0.0,0.0,0.0,0.0
2026-09-10 10:16:15,AIG,75.22,0.25,,85.5,85.0,0.0,AVG,0.0,2489,,,85.0,2489,,,85.0,AVG-0,0.0,2489,,,85.0,2489,,,85.0,0,0.0,0,,,85.0,0,,,85.0,1,0.0,20,,,85.0,20,,,85.0,0.0,0.0,0.0,0.0
2026-09-10 10:16:15,AIG,75.22,0.25,,84.5,84.0,0.0,AVG,0.0,7,,,84.0,7,,,84.0,AVG-0,0.0,7,,,84.0,7,,,84.0,0,0.0,0,,,84.0,0,,,84.0,1,0.0,0,,,84.0,0,,,84.0,0.0,0.0,0.0,0.0
2026-09-10 10:16:15,AIG,75.22,0.25,,83.5,83.0,0.0,AVG,0.0,20,,,83.0,20,,,83.0,AVG-0,0.0,20,,,83.0,20,,,83.0,0,0.0,0,,,83.0,0,,,83.0,1,0.0,3,,,83.0,3,,,83.0,0.0,0.0,0.0,0.0
2026-09-10 10:16:15,AIG,75.22,0.25,,82.75,82.5,0.0,AVG,0.0,2624,,,82.5,2624,,,82.5,AVG-0,0.0,2624,,,82.5,2624,,,82.5,0,0.0,0,,,82.5,0,,,82.5,1,0.0,159,,,82.5,159,,,82.5,0.0,0.0,0.0,0.0
2026-09-10 10:16:15,AIG,75.22,0.25,,82.25,82.0,0.0,AVG,0.0,88,,,82.0,88,,,82.0,AVG-0,0.0,88,,,82.0,88,,,82.0,0,0.0,0,,,82.0,0,,,82.0,1,0.0,7,,,82.0,7,,,82.0,0.0,0.0,0.0,0.0
2026-09-10 10:16:15,AIG,75.22,0.25,,81.5,81.0,0.0,AVG,0.0,24,,,81.0,24,,,81.0,AVG-0,0.0,24,,,81.0,24,,,81.0,0,0.0,0,,,81.0,0,,,81.0,1,0.0,3,,,81.0,3,,,81.0,0.0,0.0,0.0,0.0
2026-09-10 10:16:15,AIG,75.22,0.25,,80.5,80.0,0.0,AVG,5.39292,6121,+,4.0,80.0,6084,+,4.0,80.0,AVG-0,5.39292,6121,+,3.0,80.0,6084,+,3.0,80.0,0,0.0,0,,,80.0,0,,,80.0,1,0.0,2424,+,4.0,80.0,2424,+,4.0,80.0,0.0,0.0,0.0,0.0
2026-09-10 10:16:15,AIG,75.22,0.25,,79.5,79.0,0.0,AVG,0.0,492,*,,79.0,492,*,,79.0,AVG-0,0.0,490,*,,79.0,490,*,,79.0,0,0.0,2,,,79.0,2,,,79.0,1,0.0,214,*,,79.0,214,*,,79.0,0.0,0.0,0.0,0.0
2026-09-10 10:16:15,AIG,75.22,0.25,,78.5,78.0,0.0,AVG,-1.60842,692,*,,78.0,706,*,,78.0,AVG-0,-1.60842,706,*,,78.0,720,*,,78.0,0,0.0,-14,,,78.0,-14,,,78.0,1,-1.60842,563,*,5.0,78.0,577,*,5.0,78.0,0.0,0.0,0.0,0.0
2026-09-10 10:16:15,AIG,75.22,0.25,,77.75,77.5,0.0,AVG,0.6583,-5725,*,5.0,77.5,-5737,*,5.0,77.5,AVG-0,0.6583,-5725,*,5.0,77.5,-5737,*,5.0,77.5,0,0.0,0,,,77.5,0,,,77.5,1,0.22177,-2451,*,2.0,77.5,-2459,*,2.0,77.5,0.0,0.0,0.0,0.0
2026-09-10 10:16:15,AIG,75.22,0.25,,77.25,77.0,0.0,AVG,0.0,2353,*,,77.0,2353,*,,77.0,AVG-0,0.0,-56,*,,77.0,-56,*,,77.0,0,0.0,2409,,3.0,77.0,2409,+,2.0,77.0,1,0.0,-225,*,,77.0,-225,*,,77.0,0.0,0.0,0.0,0.0
2026-09-10 10:16:15,AIG,75.22,0.25,,76.5,76.0,0.0,AVG,8.246939999999999,1580,*,,76.0,1050,*,,76.0,AVG-0,1.3242899999999995,-893,*,,76.0,-967,*,,76.0,0,6.92265,2473,+,2.0,76.0,2017,*,3.0,76.0,1,1.3242899999999995,-105,M,,76.0,-179,M,,76.0,0.0,0.0,0.0,0.0
2026-09-10 10:16:15,AIG,75.22,0.25,CURR,75.5,75.0,0.0,AVG,-10.46726,-11295,M-,1.0,N/N,-10488,M-,1.0,N/N,AVG-0,1.18804,-5748,M,4.0,75.0,-5765,M,4.0,75.0,0,-11.6553,-5547,M-,1.0,N/N,-4723,M-,1.0,N/N,1,1.12258,-2832,-,1.0,75.0,-2854,-,1.0,75.0,0.0,0.0,0.0,0.0
2026-09-10 10:16:15,AIG,75.22,0.25,,74.5,74.0,0.0,AVG,-1.21612,-1316,,,N/N,-1237,,,N/N,AVG-0,-0.36787,-196,*,,N/N,-189,*,,N/N,0,-0.84825,-1120,,4.0,N/N,-1048,,4.0,N/N,1,0.0,-117,,,74.0,-117,,,74.0,0.0,0.0,0.0,0.0
2026-09-10 10:16:15,AIG,75.22,0.25,,73.5,73.0,0.0,AVG,7.88344,-249,,,73.0,-273,,,73.0,AVG-0,0.0,-201,*,,73.0,-201,*,,73.0,0,7.88344,-48,,5.0,73.0,-72,,5.0,73.0,1,0.0,-54,,,73.0,-54,,,73.0,0.0,0.0,0.0,0.0
2026-09-10 10:16:15,AIG,75.22,0.25,,72.75,72.5,0.0,AVG,-3.0284,-9740,,2.0,N/N,-9694,,2.0,N/N,AVG-0,-3.0284,-9740,-,1.0,N/N,-9694,-,1.0,N/N,0,0.0,0,,,72.5,0,,,72.5,1,0.0,-2444,,3.0,72.5,-2444,,3.0,72.5,0.0,0.0,0.0,0.0
2026-09-10 10:16:15,AIG,75.22,0.25,,72.25,72.0,0.0,AVG,0.0,-327,,,72.0,-327,,,72.0,AVG-0,0.0,-325,,,72.0,-325,,,72.0,0,0.0,-2,,,72.0,-2,,,72.0,1,0.0,-47,,,72.0,-47,,,72.0,0.0,0.0,0.0,0.0
2026-09-10 10:16:15,AIG,75.22,0.25,,71.5,71.0,0.0,AVG,0.0,-34,,,71.0,-34,,,71.0,AVG-0,0.0,-34,,,71.0,-34,,,71.0,0,0.0,0,,,71.0,0,,,71.0,1,0.0,-18,,,71.0,-18,,,71.0,0.0,0.0,0.0,0.0
2026-09-10 10:16:15,AIG,75.22,0.25,,70.5,70.0,0.0,AVG,0.0,-7088,,3.0,70.0,-7088,,3.0,70.0,AVG-0,0.0,-7088,,2.0,70.0,-7088,,2.0,70.0,0,0.0,0,,,70.0,0,,,70.0,1,0.0,-469,,,70.0,-469,,,70.0,0.0,0.0,0.0,0.0
2026-09-10 10:16:15,AIG,75.22,0.25,,69.5,69.0,0.0,AVG,0.0,-87,,,69.0,-87,,,69.0,AVG-0,0.0,-87,,,69.0,-87,,,69.0,0,0.0,0,,,69.0,0,,,69.0,1,0.0,0,,,69.0,0,,,69.0,0.0,0.0,0.0,0.0
2026-09-10 10:16:15,AIG,75.22,0.25,,68.5,68.0,0.0,AVG,0.0,-4,,,68.0,-4,,,68.0,AVG-0,0.0,-4,,,68.0,-4,,,68.0,0,0.0,0,,,68.0,0,,,68.0,1,0.0,0,,,68.0,0,,,68.0,0.0,0.0,0.0,0.0
2026-09-10 10:16:15,AIG,75.22,0.25,,67.75,67.5,0.0,AVG,0.0,-333,,,67.5,-333,,,67.5,AVG-0,0.0,-333,,,67.5,-333,,,67.5,0,0.0,0,,,67.5,0,,,67.5,1,0.0,-28,,,67.5,-28,,,67.5,0.0,0.0,0.0,0.0
2026-09-10 10:16:15,AIG,75.22,0.25,,67.25,67.0,0.0,AVG,0.0,0,,,67.0,0,,,67.0,AVG-0,0.0,0,,,67.0,0,,,67.0,0,0.0,0,,,67.0,0,,,67.0,1,0.0,0,,,67.0,0,,,67.0,0.0,0.0,0.0,0.0
2026-09-10 10:16:15,AIG,75.22,0.25,,66.5,66.0,0.0,AVG,0.0,0,,,66.0,0,,,66.0,AVG-0,0.0,0,,,66.0,0,,,66.0,0,0.0,0,,,66.0,0,,,66.0,1,0.0,0,,,66.0,0,,,66.0,0.0,0.0,0.0,0.0
2026-09-10 10:16:15,AIG,75.22,0.25,,65.5,65.0,0.0,AVG,0.0,-4362,,,65.0,-4362,,,65.0,AVG-0,0.0,-4362,,,65.0,-4362,,,65.0,0,0.0,0,,,65.0,0,,,65.0,1,0.0,-1,,,65.0,-1,,,65.0,0.0,0.0,0.0,0.0
2026-09-10 10:16:15,AIG,75.22,0.25,,64.5,64.0,0.0,AVG,0.0,0,,,64.0,0,,,64.0,AVG-0,0.0,0,,,64.0,0,,,64.0,0,0.0,0,,,64.0,0,,,64.0,1,0.0,0,,,64.0,0,,,64.0,0.0,0.0,0.0,0.0
2026-09-10 10:16:15,AIG,75.22,0.25,,63.5,63.0,0.0,AVG,0.0,0,,,63.0,0,,,63.0,AVG-0,0.0,0,,,63.0,0,,,63.0,0,0.0,0,,,63.0,0,,,63.0,1,0.0,0,,,63.0,0,,,63.0,0.0,0.0,0.0,0.0
2026-09-10 10:16:15,AIG,75.22,0.25,,62.75,62.5,0.0,AVG,0.0,-813,,,62.5,-813,,,62.5,AVG-0,0.0,-813,,,62.5,-813,,,62.5,0,0.0,0,,,62.5,0,,,62.5,1,0.0,0,,,62.5,0,,,62.5,0.0,0.0,0.0,0.0
2026-09-10 10:16:15,AIG,75.22,0.25,,61.25,60.0,0.0,AVG,0.0,-4437,,,60.0,-4437,,,60.0,AVG-0,0.0,-4437,,,60.0,-4437,,,60.0,0,0.0,0,,,60.0,0,,,60.0,1,0.0,0,,,60.0,0,,,60.0,0.0,0.0,0.0,0.0
2026-09-10 10:16:15,AIG,75.22,0.25,,57.5,55.0,0.0,AVG,0.0,-165,,,55.0,-165,,,55.0,AVG-0,0.0,-165,,,55.0,-165,,,55.0,0,0.0,0,,,55.0,0,,,55.0,1,0.0,0,,,55.0,0,,,55.0,0.0,0.0,0.0,0.0
2026-09-10 10:16:15,AIG,75.22,0.25,,52.5,50.0,0.0,AVG,0.0,-40,,,50.0,-40,,,50.0,AVG-0,0.0,-40,,,50.0,-40,,,50.0,0,0.0,0,,,50.0,0,,,50.0,1,0.0,0,,,50.0,0,,,50.0,0.0,0.0,0.0,0.0
2026-09-10 10:16:15,AIG,75.22,0.25,,48.75,47.5,0.0,AVG,0.0,-5,,,47.5,-5,,,47.5,AVG-0,0.0,-5,,,47.5,-5,,,47.5,0,0.0,0,,,47.5,0,,,47.5,1,0.0,0,,,47.5,0,,,47.5,0.0,0.0,0.0,0.0
2026-09-10 10:16:15,AIG,75.22,0.25,,46.25,45.0,0.0,AVG,0.0,-3,,,45.0,-3,,,45.0,AVG-0,0.0,-3,,,45.0,-3,,,45.0,0,0.0,0,,,45.0,0,,,45.0,1,0.0,0,,,45.0,0,,,45.0,0.0,0.0,0.0,0.0
2026-09-10 10:16:15,AIG,75.22,0.25,,43.75,42.5,0.0,AVG,0.0,0,,,42.5,0,,,42.5,AVG-0,0.0,0,,,42.5,0,,,42.5,0,0.0,0,,,42.5,0,,,42.5,1,0.0,0,,,42.5,0,,,42.5,0.0,0.0,0.0,0.0
2026-09-10 10:16:15,AIG,75.22,0.25,,41.25,40.0,0.0,AVG,0.0,-65,,,40.0,-65,,,40.0,AVG-0,0.0,-65,,,40.0,-65,,,40.0,0,0.0,0,,,40.0,0,,,40.0,1,0.0,0,,,40.0,0,,,40.0,0.0,0.0,0.0,0.0
2026-09-10 10:16:15,AIG,75.22,0.25,,38.75,37.5,0.0,AVG,0.0,0,,,37.5,0,,,37.5,AVG-0,0.0,0,,,37.5,0,,,37.5,0,0.0,0,,,37.5,0,,,37.5,1,0.0,0,,,37.5,0,,,37.5,0.0,0.0,0.0,0.0
2026-09-10 10:16:15,AIG,75.22,0.25,,36.25,35.0,0.0,AVG,0.0,0,,,35.0,0,,,35.0,AVG-0,0.0,0,,,35.0,0,,,35.0,0,0.0,0,,,35.0,0,,,35.0,1,0.0,0,,,35.0,0,,,35.0,0.0,0.0,0.0,0.0
2026-09-10 10:16:15,AKAM,109.91,-0.76,,,240.0,0.0,AVG,0.0,256,,,240.0,256,,,240.0,AVG-0,0.0,256,,,240.0,256,,,240.0,0,0.0,0,,,240.0,0,,,240.0,1,0.0,0,,,240.0,0,,,240.0,0.0,0.0,0.0,0.0
2026-09-10 10:16:15,AKAM,109.91,-0.76,,235.0,230.0,0.0,AVG,0.0,226,,,230.0,226,,,230.0,AVG-0,0.0,226,,,230.0,226,,,230.0,0,0.0,0,,,230.0,0,,,230.0,1,0.0,0,,,230.0,0,,,230.0,0.0,0.0,0.0,0.0
2026-09-10 10:16:15,AKAM,109.91,-0.76,,225.0,220.0,0.0,AVG,0.0,2112,,,220.0,2112,,,220.0,AVG-0,0.0,2112,,,220.0,2112,,,220.0,0,0.0,0,,,220.0,0,,,220.0,1,0.0,0,,,220.0,0,,,220.0,0.0,0.0,0.0,0.0
2026-09-10 10:16:15,AKAM,109.91,-0.76,,215.0,210.0,0.0,AVG,0.0,223,,,210.0,223,,,210.0,AVG-0,0.0,223,,,210.0,223,,,210.0,0,0.0,0,,,210.0,0,,,210.0,1,0.0,0,,,210.0,0,,,210.0,0.0,0.0,0.0,0.0
2026-09-10 10:16:15,AKAM,109.91,-0.76,,205.0,200.0,0.0,AVG,0.0,2377,,,200.0,2377,,,200.0,AVG-0,0.0,2377,,,200.0,2377,,,200.0,0,0.0,0,,,200.0,0,,,200.0,1,0.0,0,,,200.0,0,,,200.0,0.0,0.0,0.0,0.0
2026-09-10 10:16:15,AKAM,109.91,-0.76,,197.5,195.0,0.0,AVG,0.0,205,,,195.0,205,,,195.0,AVG-0,0.0,205,,,195.0,205,,,195.0,0,0.0,0,,,195.0,0,,,195.0,1,0.0,0,,,195.0,0,,,195.0,0.0,0.0,0.0,0.0
2026-09-10 10:16:15,AKAM,109.91,-0.76,,192.5,190.0,0.0,AVG,0.0,275,,,190.0,275,,,190.0,AVG-0,0.0,275,,,190.0,275,,,190.0,0,0.0,0,,,190.0,0,,,190.0,1,0.0,0,,,190.0,0,,,190.0,0.0,0.0,0.0,0.0
2026-09-10 10:16:15,AKAM,109.91,-0.76,,187.5,185.0,0.0,AVG,0.0,640,,,185.0,640,,,185.0,AVG-0,0.0,640,,,185.0,640,,,185.0,0,0.0,0,,,185.0,0,,,185.0,1,0.0,0,,,185.0,0,,,185.0,0.0,0.0,0.0,0.0
2026-09-10 10:16:15,AKAM,109.91,-0.76,,182.5,180.0,0.0,AVG,0.0,1507,,,180.0,1507,,,180.0,AVG-0,0.0,1507,,,180.0,1507,,,180.0,0,0.0,0,,,180.0,0,,,180.0,1,0.0,0,,,180.0,0,,,180.0,0.0,0.0,0.0,0.0
2026-09-10 10:16:15,AKAM,109.91,-0.76,,177.5,175.0,0.0,AVG,0.0,765,,,175.0,765,,,175.0,AVG-0,0.0,765,,,175.0,765,,,175.0,0,0.0,0,,,175.0,0,,,175.0,1,0.0,0,,,175.0,0,,,175.0,0.0,0.0,0.0,0.0
2026-09-10 10:16:15,AKAM,109.91,-0.76,,172.5,170.0,0.0,AVG,0.32992,-162,,,170.0,-164,,,170.0,AVG-0,0.32992,-162,,,170.0,-164,,,170.0,0,0.0,0,,,170.0,0,,,170.0,1,0.0,0,,,170.0,0,,,170.0,0.0,0.0,0.0,0.0
2026-09-10 10:16:15,AKAM,109.91,-0.76,,167.5,165.0,0.0,AVG,0.0,-16,,,165.0,-16,,,165.0,AVG-0,0.0,-16,,,165.0,-16,,,165.0,0,0.0,0,,,165.0,0,,,165.0,1,0.0,0,,,165.0,0,,,165.0,0.0,0.0,0.0,0.0
2026-09-10 10:16:15,AKAM,109.91,-0.76,,162.5,160.0,0.0,AVG,0.0,638,,,160.0,638,,,160.0,AVG-0,0.0,638,,,160.0,638,,,160.0,0,0.0,0,,,160.0,0,,,160.0,1,0.0,0,,,160.0,0,,,160.0,0.0,0.0,0.0,0.0
2026-09-10 10:16:15,AKAM,109.91,-0.76,,157.5,155.0,0.0,AVG,0.0,886,,,155.0,886,,,155.0,AVG-0,0.0,886,,,155.0,886,,,155.0,0,0.0,0,,,155.0,0,,,155.0,1,0.0,0,,,155.0,0,,,155.0,0.0,0.0,0.0,0.0
2026-09-10 10:16:15,AKAM,109.91,-0.76,,152.5,150.0,0.0,AVG,0.43722,5921,,,150.0,5920,,,150.0,AVG-0,0.43722,5921,,,150.0,5920,,,150.0,0,0.0,0,,,150.0,0,,,150.0,1,0.0,5,,,150.0,5,,,150.0,0.0,0.0,0.0,0.0
2026-09-10 10:16:15,AKAM,109.91,-0.76,,147.5,145.0,0.0,AVG,0.26665,1009,,,145.0,1008,,,145.0,AVG-0,0.26665,1009,,,145.0,1008,,,145.0,0,0.0,0,,,145.0,0,,,145.0,1,0.0,9,,,145.0,9,,,145.0,0.0,0.0,0.0,0.0
2026-09-10 10:16:15,AKAM,109.91,-0.76,,142.5,140.0,0.0,AVG,0.0,6278,,,140.0,6278,,,140.0,AVG-0,0.0,6278,,,140.0,6278,,,140.0,0,0.0,0,,,140.0,0,,,140.0,1,0.0,6,,,140.0,6,,,140.0,0.0,0.0,0.0,0.0
2026-09-10 10:16:15,AKAM,109.91,-0.76,,139.5,139.0,0.0,AVG,0.0,0,,,139.0,0,,,139.0,AVG-0,0.0,0,,,139.0,0,,,139.0,0,0.0,0,,,139.0,0,,,139.0,1,0.0,0,,,139.0,0,,,139.0,0.0,0.0,0.0,0.0
2026-09-10 10:16:15,AKAM,109.91,-0.76,,138.5,138.0,0.0,AVG,0.0,0,,,138.0,0,,,138.0,AVG-0,0.0,0,,,138.0,0,,,138.0,0,0.0,0,,,138.0,0,,,138.0,1,0.0,0,,,138.0,0,,,138.0,0.0,0.0,0.0,0.0
2026-09-10 10:16:15,AKAM,109.91,-0.76,,137.5,137.0,0.0,AVG,0.0,0,,,137.0,0,,,137.0,AVG-0,0.0,0,,,137.0,0,,,137.0,0,0.0,0,,,137.0,0,,,137.0,1,0.0,0,,,137.0,0,,,137.0,0.0,0.0,0.0,0.0
2026-09-10 10:16:15,AKAM,109.91,-0.76,,136.5,136.0,0.0,AVG,0.0,0,,,136.0,0,,,136.0,AVG-0,0.0,0,,,136.0,0,,,136.0,0,0.0,0,,,136.0,0,,,136.0,1,0.0,0,,,136.0,0,,,136.0,0.0,0.0,0.0,0.0
2026-09-10 10:16:15,AKAM,109.91,-0.76,,135.5,135.0,0.0,AVG,0.0,2563,,,135.0,2563,,,135.0,AVG-0,0.0,2563,,,135.0,2563,,,135.0,0,0.0,0,,,135.0,0,,,135.0,1,0.0,292,,,135.0,292,,,135.0,0.0,0.0,0.0,0.0
2026-09-10 10:16:15,AKAM,109.91,-0.76,,134.5,134.0,0.0,AVG,0.0,4,,,134.0,4,,,134.0,AVG-0,0.0,4,,,134.0,4,,,134.0,0,0.0,0,,,134.0,0,,,134.0,1,0.0,0,,,134.0,0,,,134.0,0.0,0.0,0.0,0.0
2026-09-10 10:16:15,AKAM,109.91,-0.76,,133.5,133.0,0.0,AVG,0.0,0,,,133.0,0,,,133.0,AVG-0,0.0,0,,,133.0,0,,,133.0,0,0.0,0,,,133.0,0,,,133.0,1,0.0,0,,,133.0,0,,,133.0,0.0,0.0,0.0,0.0
2026-09-10 10:16:15,AKAM,109.91,-0.76,,132.5,132.0,0.0,AVG,0.0,0,,,132.0,0,,,132.0,AVG-0,0.0,0,,,132.0,0,,,132.0,0,0.0,0,,,132.0,0,,,132.0,1,0.0,0,,,132.0,0,,,132.0,0.0,0.0,0.0,0.0
2026-09-10 10:16:15,AKAM,109.91,-0.76,,131.5,131.0,0.0,AVG,0.0,4,,,131.0,4,,,131.0,AVG-0,0.0,4,,,131.0,4,,,131.0,0,0.0,0,,,131.0,0,,,131.0,1,0.0,0,,,131.0,0,,,131.0,0.0,0.0,0.0,0.0
2026-09-10 10:16:15,AKAM,109.91,-0.76,,130.5,130.0,0.0,AVG,5.87408,7698,,,130.0,7677,,5.0,130.0,AVG-0,5.87408,7698,,5.0,130.0,7677,,5.0,130.0,0,0.0,0,,,130.0,0,,,130.0,1,0.0,-57,,,130.0,-57,,,130.0,0.0,0.0,0.0,0.0
2026-09-10 10:16:15,AKAM,109.91,-0.76,,129.5,129.0,0.0,AVG,0.0,-4,,,129.0,-4,,,129.0,AVG-0,0.0,-4,,,129.0,-4,,,129.0,0,0.0,0,,,129.0,0,,,129.0,1,0.0,0,,,129.0,0,,,129.0,0.0,0.0,0.0,0.0
2026-09-10 10:16:15,AKAM,109.91,-0.76,,128.5,128.0,0.0,AVG,0.0,3,,,128.0,3,,,128.0,AVG-0,0.0,3,,,128.0,3,,,128.0,0,0.0,0,,,128.0,0,,,128.0,1,0.0,0,,,128.0,0,,,128.0,0.0,0.0,0.0,0.0
2026-09-10 10:16:15,AKAM,109.91,-0.76,,127.5,127.0,0.0,AVG,0.0,16,,,127.0,16,,,127.0,AVG-0,0.0,16,,,127.0,16,,,127.0,0,0.0,0,,,127.0,0,,,127.0,1,0.0,0,,,127.0,0,,,127.0,0.0,0.0,0.0,0.0
2026-09-10 10:16:15,AKAM,109.91,-0.76,,126.5,126.0,0.0,AVG,0.0,4,,,126.0,4,,,126.0,AVG-0,0.0,4,,,126.0,4,,,126.0,0,0.0,0,,,126.0,0,,,126.0,1,0.0,0,,,126.0,0,,,126.0,0.0,0.0,0.0,0.0
2026-09-10 10:16:15,AKAM,109.91,-0.76,,125.5,125.0,0.0,AVG,0.0,10509,,3.0,125.0,10509,,3.0,125.0,AVG-0,0.0,10509,,3.0,125.0,10509,,3.0,125.0,0,0.0,0,,,125.0,0,,,125.0,1,0.0,-1969,,,125.0,-1969,,,125.0,0.0,0.0,0.0,0.0
2026-09-10 10:16:15,AKAM,109.91,-0.76,,124.5,124.0,0.0,AVG,0.0,21,,,124.0,21,,,124.0,AVG-0,0.0,21,,,124.0,21,,,124.0,0,0.0,0,,,124.0,0,,,124.0,1,0.0,36,,,124.0,36,,,124.0,0.0,0.0,0.0,0.0
2026-09-10 10:16:15,AKAM,109.91,-0.76,,123.5,123.0,0.0,AVG,0.0,93,,,123.0,93,,,123.0,AVG-0,0.0,92,,,123.0,92,,,123.0,0,0.0,1,,,123.0,1,,,123.0,1,0.0,81,,,123.0,81,,,123.0,0.0,0.0,0.0,0.0
2026-09-10 10:16:15,AKAM,109.91,-0.76,,122.5,122.0,0.0,AVG,0.0,56,,,122.0,56,,,122.0,AVG-0,0.0,56,,,122.0,56,,,122.0,0,0.0,0,,,122.0,0,,,122.0,1,0.0,40,,,122.0,40,,,122.0,0.0,0.0,0.0,0.0
2026-09-10 10:16:15,AKAM,109.91,-0.76,,121.5,121.0,0.0,AVG,0.0,226,,,121.0,226,,,121.0,AVG-0,0.0,226,,,121.0,226,,,121.0,0,0.0,0,,,121.0,0,,,121.0,1,0.0,43,,,121.0,43,,,121.0,0.0,0.0,0.0,0.0
2026-09-10 10:16:15,AKAM,109.91,-0.76,,120.5,120.0,0.0,AVG,9.85831,20710,,2.0,120.0,20658,,2.0,120.0,AVG-0,9.85831,20643,+,1.0,120.0,20591,+,1.0,120.0,0,0.0,67,,,120.0,67,,,120.0,1,1.13001,5488,,3.0,120.0,5468,,3.0,120.0,0.0,0.0,0.0,0.0
2026-09-10 10:16:15,AKAM,109.91,-0.76,,119.5,119.0,0.0,AVG,0.0,533,,,119.0,533,,,119.0,AVG-0,0.0,295,M,,119.0,295,M,,119.0,0,0.0,238,,,119.0,238,,,119.0,1,0.0,155,,,119.0,155,,,119.0,0.0,0.0,0.0,0.0
2026-09-10 10:16:15,AKAM,109.91,-0.76,,118.5,118.0,0.0,AVG,0.0,134,,,118.0,134,,,118.0,AVG-0,0.0,124,*,,118.0,124,*,,118.0,0,0.0,10,,,118.0,10,,,118.0,1,0.0,108,,,118.0,108,,,118.0,0.0,0.0,0.0,0.0
2026-09-10 10:16:15,AKAM,109.91,-0.76,,117.5,117.0,0.0,AVG,0.0,427,,,117.0,427,,,117.0,AVG-0,0.0,243,*,,117.0,243,*,,117.0,0,0.0,184,,,117.0,184,,,117.0,1,0.0,219,,,117.0,219,,,117.0,0.0,0.0,0.0,0.0
2026-09-10 10:16:15,AKAM,109.91,-0.76,,116.5,116.0,0.0,AVG,0.8026,2085,M,,116.0,2079,M,,116.0,AVG-0,0.8026,1134,*,,116.0,1128,*,,116.0,0,0.0,951,,,116.0,951,,,116.0,1,0.0,907,,,116.0,907,,,116.0,0.0,0.0,0.0,0.0
2026-09-10 10:16:15,AKAM,109.91,-0.76,,115.5,115.0,0.0,AVG,52.06214,23701,+,1.0,115.0,22755,+,1.0,115.0,AVG-0,3.67214,16800,*,2.0,115.0,16766,*,2.0,115.0,0,48.39,6901,+,1.0,115.0,5989,+,1.0,115.0,1,1.25684,8370,+,1.0,115.0,8353,+,1.0,115.0,0.0,0.0,0.0,0.0
2026-09-10 10:16:15,AKAM,109.91,-0.76,,114.5,114.0,0.0,AVG,0.0,2566,*,,114.0,2566,*,,114.0,AVG-0,0.0,494,*,,114.0,494,*,,114.0,0,0.0,2072,*,5.0,114.0,2072,*,5.0,114.0,1,0.0,492,*,,114.0,492,*,,114.0,0.0,0.0,0.0,0.0
2026-09-10 10:16:15,AKAM,109.91,-0.76,,113.5,113.0,0.0,AVG,61.852,7999,*,5.0,113.0,6252,*,,113.0,AVG-0,0.0,1771,*,,113.0,1771,*,,113.0,0,61.852,6228,M,2.0,113.0,4481,*,2.0,113.0,1,0.0,1735,*,,113.0,1735,*,,113.0,0.0,0.0,0.0,0.0
2026-09-10 10:16:15,AKAM,109.91,-0.76,,112.5,112.0,0.0,AVG,0.42517,1719,*,,112.0,1714,*,,112.0,AVG-0,0.42517,94,*,,112.0,89,*,,112.0,0,0.0,1625,*,,112.0,1625,M,,112.0,1,0.42517,63,*,,112.0,58,*,,112.0,0.0,0.0,0.0,0.0
2026-09-10 10:16:15,AKAM,109.91,-0.76,,111.5,111.0,0.0,AVG,0.51667,427,*,,111.0,424,*,,111.0,AVG-0,0.51667,598,*,,111.0,595,*,,111.0,0,0.0,-171,*,,111.0,-171,*,,111.0,1,0.0,500,M,,111.0,500,M,,111.0,0.0,0.0,0.0,0.0
2026-09-10 10:16:15,AKAM,109.91,-0.76,CURR,110.5,110.0,0.0,AVG,8.02301,-2631,*,,110.0,-2718,*,,110.0,AVG-0,5.55827,-6789,*,,110.0,-6812,*,,110.0,0,2.46474,4158,*,3.0,110.0,4094,*,3.0,110.0,1,0.0,-7033,-,2.0,110.0,-7033,-,2.0,110.0,0.0,0.0,0.0,0.0
2026-09-10 10:16:15,AKAM,109.91,-0.76,,109.5,109.0,0.0,AVG,0.0,3060,*,,109.0,3060,*,,109.0,AVG-0,0.0,72,*,,109.0,72,*,,109.0,0,0.0,2988,*,4.0,109.0,2988,*,4.0,109.0,1,0.0,152,,,109.0,152,,,109.0,0.0,0.0,0.0,0.0
2026-09-10 10:16:15,AKAM,109.91,-0.76,,108.5,108.0,0.0,AVG,0.0,-953,*,,108.0,-953,*,,108.0,AVG-0,0.0,769,*,,108.0,769,*,,108.0,0,0.0,-1722,-,,108.0,-1722,-,,108.0,1,0.0,768,,,108.0,768,,,108.0,0.0,0.0,0.0,0.0
2026-09-10 10:16:15,AKAM,109.91,-0.76,,107.5,107.0,0.0,AVG,0.0,-141,*,,107.0,-141,*,,107.0,AVG-0,0.0,-681,*,,107.0,-681,*,,107.0,0,0.0,540,,,107.0,540,,,107.0,1,0.0,-583,,,107.0,-583,,,107.0,0.0,0.0,0.0,0.0
2026-09-10 10:16:15,AKAM,109.91,-0.76,,106.5,106.0,0.0,AVG,0.65175,-1145,*,,106.0,-1149,*,,106.0,AVG-0,0.65175,-25,*,,106.0,-29,*,,106.0,0,0.0,-1120,,,106.0,-1120,,,106.0,1,0.0,-62,,,106.0,-62,,,106.0,0.0,0.0,0.0,0.0
2026-09-10 10:16:15,AKAM,109.91,-0.76,,105.5,105.0,0.0,AVG,2.53136,-2182,*,,105.0,-2188,*,,105.0,AVG-0,2.53136,-3515,*,,105.0,-3521,*,,105.0,0,0.0,1333,,,105.0,1333,,,105.0,1,0.0,-4228,,5.0,105.0,-4228,,5.0,105.0,0.0,0.0,0.0,0.0
2026-09-10 10:16:15,AKAM,109.91,-0.76,,104.5,104.0,0.0,AVG,0.0,-340,*,,104.0,-340,*,,104.0,AVG-0,0.0,-281,*,,104.0,-281,*,,104.0,0,0.0,-59,,,104.0,-59,,,104.0,1,0.0,-278,,,104.0,-278,,,104.0,0.0,0.0,0.0,0.0
2026-09-10 10:16:15,AKAM,109.91,-0.76,,103.5,103.0,0.0,AVG,-0.22533,-113,*,,N/N,-110,*,,N/N,AVG-0,-0.22533,-97,*,,N/N,-94,*,,N/N,0,0.0,-16,,,103.0,-16,,,103.0,1,-0.22533,-83,,,N/N,-80,,,N/N,0.0,0.0,0.0,0.0
2026-09-10 10:16:15,AKAM,109.91,-0.76,,102.5,102.0,0.0,AVG,0.0,-625,*,,102.0,-625,*,,102.0,AVG-0,0.0,-563,*,,102.0,-563,*,,102.0,0,0.0,-62,,,102.0,-62,,,102.0,1,0.0,-534,,,102.0,-534,,,102.0,0.0,0.0,0.0,0.0
2026-09-10 10:16:15,AKAM,109.91,-0.76,,101.5,101.0,0.0,AVG,-0.27062,-132,*,,N/N,-126,*,,N/N,AVG-0,-0.27062,-107,*,,N/N,-101,*,,N/N,0,0.0,-25,,,101.0,-25,,,101.0,1,-0.27062,-66,,,N/N,-60,,,N/N,0.0,0.0,0.0,0.0
2026-09-10 10:16:15,AKAM,109.91,-0.76,,100.5,100.0,0.0,AVG,-0.89979,-8184,-,4.0,N/N,-8171,-,4.0,N/N,AVG-0,-0.7949299999999999,-8175,-,4.0,N/N,-8163,-,4.0,N/N,0,-0.10486,-9,,,N/N,-8,,,N/N,1,-0.42711,-4929,,4.0,N/N,-4922,,4.0,N/N,0.0,0.0,0.0,0.0
2026-09-10 10:16:15,AKAM,109.91,-0.76,,99.5,99.0,0.0,AVG,0.0,-120,,,99.0,-120,,,99.0,AVG-0,0.0,-111,,,99.0,-111,,,99.0,0,0.0,-9,,,99.0,-9,,,99.0,1,0.0,-105,,,99.0,-105,,,99.0,0.0,0.0,0.0,0.0
2026-09-10 10:16:15,AKAM,109.91,-0.76,,98.5,98.0,0.0,AVG,-0.08784,-2012,,,N/N,-2012,,,N/N,AVG-0,0.0,-2002,,,98.0,-2002,,,98.0,0,-0.08784,-10,,,N/N,-10,,,N/N,1,0.0,-14,,,98.0,-14,,,98.0,0.0,0.0,0.0,0.0
2026-09-10 10:16:15,AKAM,109.91,-0.76,,97.5,97.0,0.0,AVG,0.0,-149,,,97.0,-149,,,97.0,AVG-0,0.0,-149,,,97.0,-149,,,97.0,0,0.0,0,,,97.0,0,,,97.0,1,0.0,-107,,,97.0,-107,,,97.0,0.0,0.0,0.0,0.0
2026-09-10 10:16:15,AKAM,109.91,-0.76,,96.5,96.0,0.0,AVG,0.0,-171,,,96.0,-171,,,96.0,AVG-0,0.0,-171,,,96.0,-171,,,96.0,0,0.0,0,,,96.0,0,,,96.0,1,0.0,-134,,,96.0,-134,,,96.0,0.0,0.0,0.0,0.0
2026-09-10 10:16:15,AKAM,109.91,-0.76,,95.5,95.0,0.0,AVG,1.50732,-1683,,,95.0,-1685,,,95.0,AVG-0,1.50732,-1683,,,95.0,-1685,,,95.0,0,0.0,0,,,95.0,0,,,95.0,1,0.0,-711,,,95.0,-711,,,95.0,0.0,0.0,0.0,0.0
2026-09-10 10:16:15,AKAM,109.91,-0.76,,94.5,94.0,0.0,AVG,-0.10588,-111,,,N/N,-110,,,N/N,AVG-0,-0.10588,-111,,,N/N,-110,,,N/N,0,0.0,0,,,94.0,0,,,94.0,1,0.0,0,,,94.0,0,,,94.0,0.0,0.0,0.0,0.0
2026-09-10 10:16:15,AKAM,109.91,-0.76,,93.5,93.0,0.0,AVG,-0.17442,-1344,,,N/N,-1342,,,N/N,AVG-0,-0.17442,-1344,,,N/N,-1342,,,N/N,0,0.0,0,,,93.0,0,,,93.0,1,0.0,0,,,93.0,0,,,93.0,0.0,0.0,0.0,0.0
2026-09-10 10:16:15,AKAM,109.91,-0.76,,92.5,92.0,0.0,AVG,0.0,-9,,,92.0,-9,,,92.0,AVG-0,0.0,-9,,,92.0,-9,,,92.0,0,0.0,0,,,92.0,0,,,92.0,1,0.0,0,,,92.0,0,,,92.0,0.0,0.0,0.0,0.0
2026-09-10 10:16:15,AKAM,109.91,-0.76,,91.5,91.0,0.0,AVG,0.0,-12,,,91.0,-12,,,91.0,AVG-0,0.0,-12,,,91.0,-12,,,91.0,0,0.0,0,,,91.0,0,,,91.0,1,0.0,0,,,91.0,0,,,91.0,0.0,0.0,0.0,0.0
2026-09-10 10:16:15,AKAM,109.91,-0.76,,90.5,90.0,0.0,AVG,0.0,-5779,,,90.0,-5779,,,90.0,AVG-0,0.0,-5779,,,90.0,-5779,,,90.0,0,0.0,0,,,90.0,0,,,90.0,1,0.0,-118,,,90.0,-118,,,90.0,0.0,0.0,0.0,0.0
2026-09-10 10:16:15,AKAM,109.91,-0.76,,89.5,89.0,0.0,AVG,0.0,0,,,89.0,0,,,89.0,AVG-0,0.0,0,,,89.0,0,,,89.0,0,0.0,0,,,89.0,0,,,89.0,1,0.0,0,,,89.0,0,,,89.0,0.0,0.0,0.0,0.0
2026-09-10 10:16:15,AKAM,109.91,-0.76,,88.5,88.0,0.0,AVG,0.0,0,,,88.0,0,,,88.0,AVG-0,0.0,0,,,88.0,0,,,88.0,0,0.0,0,,,88.0,0,,,88.0,1,0.0,0,,,88.0,0,,,88.0,0.0,0.0,0.0,0.0
2026-09-10 10:16:15,AKAM,109.91,-0.76,,87.5,87.0,0.0,AVG,0.0,0,,,87.0,0,,,87.0,AVG-0,0.0,0,,,87.0,0,,,87.0,0,0.0,0,,,87.0,0,,,87.0,1,0.0,0,,,87.0,0,,,87.0,0.0,0.0,0.0,0.0
2026-09-10 10:16:15,AKAM,109.91,-0.76,,86.0,85.0,0.0,AVG,0.0,445,,,85.0,445,,,85.0,AVG-0,0.0,445,,,85.0,445,,,85.0,0,0.0,0,,,85.0,0,,,85.0,1,0.0,-24,,,85.0,-24,,,85.0,0.0,0.0,0.0,0.0
2026-09-10 10:16:15,AKAM,109.91,-0.76,,82.5,80.0,0.0,AVG,0.0,-2243,,,80.0,-2243,,,80.0,AVG-0,0.0,-2243,,,80.0,-2243,,,80.0,0,0.0,0,,,80.0,0,,,80.0,1,0.0,0,,,80.0,0,,,80.0,0.0,0.0,0.0,0.0
2026-09-10 10:16:15,AKAM,109.91,-0.76,,77.5,75.0,0.0,AVG,0.0,-1075,,,75.0,-1075,,,75.0,AVG-0,0.0,-1075,,,75.0,-1075,,,75.0,0,0.0,0,,,75.0,0,,,75.0,1,0.0,0,,,75.0,0,,,75.0,0.0,0.0,0.0,0.0
2026-09-10 10:16:15,AKAM,109.91,-0.76,,72.5,70.0,0.0,AVG,-0.29982,-808,,,N/N,-807,,,N/N,AVG-0,-0.29982,-808,,,N/N,-807,,,N/N,0,0.0,0,,,70.0,0,,,70.0,1,0.0,0,,,70.0,0,,,70.0,0.0,0.0,0.0,0.0
2026-09-10 10:16:15,AKAM,109.91,-0.76,,67.5,65.0,0.0,AVG,0.0,-148,,,65.0,-148,,,65.0,AVG-0,0.0,-148,,,65.0,-148,,,65.0,0,0.0,0,,,65.0,0,,,65.0,1,0.0,0,,,65.0,0,,,65.0,0.0,0.0,0.0,0.0
2026-09-10 10:16:15,AKAM,109.91,-0.76,,62.5,60.0,0.0,AVG,0.0,-52,,,60.0,-52,,,60.0,AVG-0,0.0,-52,,,60.0,-52,,,60.0,0,0.0,0,,,60.0,0,,,60.0,1,0.0,0,,,60.0,0,,,60.0,0.0,0.0,0.0,0.0
2026-09-10 10:16:15,AKAM,109.91,-0.76,,57.5,55.0,0.0,AVG,-0.10568,-33,,,N/N,-33,,,N/N,AVG-0,-0.10568,-33,,,N/N,-33,,,N/N,0,0.0,0,,,55.0,0,,,55.0,1,0.0,0,,,55.0,0,,,55.0,0.0,0.0,0.0,0.0
2026-09-10 10:16:15,AKAM,109.91,-0.76,,52.5,50.0,0.0,AVG,0.0,-9,,,50.0,-9,,,50.0,AVG-0,0.0,-9,,,50.0,-9,,,50.0,0,0.0,0,,,50.0,0,,,50.0,1,0.0,0,,,50.0,0,,,50.0,0.0,0.0,0.0,0.0
2026-09-10 10:16:15,AKAM,109.91,-0.76,,47.5,45.0,0.0,AVG,0.0,-4,,,45.0,-4,,,45.0,AVG-0,0.0,-4,,,45.0,-4,,,45.0,0,0.0,0,,,45.0,0,,,45.0,1,0.0,0,,,45.0,0,,,45.0,0.0,0.0,0.0,0.0
2026-09-10 10:16:15,AKAM,109.91,-0.76,,42.5,40.0,0.0,AVG,0.0,-6,,,40.0,-6,,,40.0,AVG-0,0.0,-6,,,40.0,-6,,,40.0,0,0.0,0,,,40.0,0,,,40.0,1,0.0,0,,,40.0,0,,,40.0,0.0,0.0,0.0,0.0
2026-09-10 10:16:15,ALAB,283.91,-5.53,,,740.0,0.0,AVG,0.0,78,,,740.0,78,,,740.0,AVG-0,0.0,78,,,740.0,78,,,740.0,0,0.0,0,,,740.0,0,,,740.0,1,0.0,0,,,740.0,0,,,740.0,0.0,0.0,0.0,0.0
2026-09-10 10:16:15,ALAB,283.91,-5.53,,735.0,730.0,0.0,AVG,0.0,16,,,730.0,16,,,730.0,AVG-0,0.0,16,,,730.0,16,,,730.0,0,0.0,0,,,730.0,0,,,730.0,1,0.0,0,,,730.0,0,,,730.0,0.0,0.0,0.0,0.0
2026-09-10 10:16:15,ALAB,283.91,-5.53,,725.0,720.0,0.0,AVG,0.0,3,,,720.0,3,,,720.0,AVG-0,0.0,3,,,720.0,3,,,720.0,0,0.0,0,,,720.0,0,,,720.0,1,0.0,0,,,720.0,0,,,720.0,0.0,0.0,0.0,0.0
2026-09-10 10:16:15,ALAB,283.91,-5.53,,715.0,710.0,0.0,AVG,0.0,23,,,710.0,23,,,710.0,AVG-0,0.0,23,,,710.0,23,,,710.0,0,0.0,0,,,710.0,0,,,710.0,1,0.0,0,,,710.0,0,,,710.0,0.0,0.0,0.0,0.0
2026-09-10 10:16:15,ALAB,283.91,-5.53,,705.0,700.0,0.0,AVG,0.0,184,,,700.0,184,,,700.0,AVG-0,0.0,184,,,700.0,184,,,700.0,0,0.0,0,,,700.0,0,,,700.0,1,0.0,0,,,700.0,0,,,700.0,0.0,0.0,0.0,0.0
2026-09-10 10:16:15,ALAB,283.91,-5.53,,695.0,690.0,0.0,AVG,0.0,-1,,,690.0,-1,,,690.0,AVG-0,0.0,-1,,,690.0,-1,,,690.0,0,0.0,0,,,690.0,0,,,690.0,1,0.0,0,,,690.0,0,,,690.0,0.0,0.0,0.0,0.0
2026-09-10 10:16:15,ALAB,283.91,-5.53,,685.0,680.0,0.0,AVG,1.46723,119,,,680.0,115,,,680.0,AVG-0,1.46723,119,,,680.0,115,,,680.0,0,0.0,0,,,680.0,0,,,680.0,1,0.0,0,,,680.0,0,,,680.0,0.0,0.0,0.0,0.0
2026-09-10 10:16:15,ALAB,283.91,-5.53,,675.0,670.0,0.0,AVG,0.0,51,,,670.0,51,,,670.0,AVG-0,0.0,51,,,670.0,51,,,670.0,0,0.0,0,,,670.0,0,,,670.0,1,0.0,0,,,670.0,0,,,670.0,0.0,0.0,0.0,0.0
2026-09-10 10:16:15,ALAB,283.91,-5.53,,665.0,660.0,0.0,AVG,21.5208,113,,,660.0,56,,,660.0,AVG-0,21.5208,113,,,660.0,56,,,660.0,0,0.0,0,,,660.0,0,,,660.0,1,0.0,0,,,660.0,0,,,660.0,0.0,0.0,0.0,0.0
2026-09-10 10:16:15,ALAB,283.91,-5.53,,655.0,650.0,0.0,AVG,1.24542,111,,,650.0,108,,,650.0,AVG-0,1.24542,111,,,650.0,108,,,650.0,0,0.0,0,,,650.0,0,,,650.0,1,0.0,0,,,650.0,0,,,650.0,0.0,0.0,0.0,0.0
2026-09-10 10:16:15,ALAB,283.91,-5.53,,645.0,640.0,0.0,AVG,1.33947,64,,,640.0,61,,,640.0,AVG-0,1.33947,64,,,640.0,61,,,640.0,0,0.0,0,,,640.0,0,,,640.0,1,0.0,0,,,640.0,0,,,640.0,0.0,0.0,0.0,0.0
2026-09-10 10:16:15,ALAB,283.91,-5.53,,635.0,630.0,0.0,AVG,0.0,60,,,630.0,60,,,630.0,AVG-0,0.0,60,,,630.0,60,,,630.0,0,0.0,0,,,630.0,0,,,630.0,1,0.0,0,,,630.0,0,,,630.0,0.0,0.0,0.0,0.0
2026-09-10 10:16:15,ALAB,283.91,-5.53,,625.0,620.0,0.0,AVG,0.0,64,,,620.0,64,,,620.0,AVG-0,0.0,64,,,620.0,64,,,620.0,0,0.0,0,,,620.0,0,,,620.0,1,0.0,0,,,620.0,0,,,620.0,0.0,0.0,0.0,0.0
2026-09-10 10:16:15,ALAB,283.91,-5.53,,615.0,610.0,0.0,AVG,0.0,17,,,610.0,17,,,610.0,AVG-0,0.0,17,,,610.0,17,,,610.0,0,0.0,0,,,610.0,0,,,610.0,1,0.0,0,,,610.0,0,,,610.0,0.0,0.0,0.0,0.0
2026-09-10 10:16:15,ALAB,283.91,-5.53,,605.0,600.0,0.0,AVG,0.0,189,,,600.0,189,,,600.0,AVG-0,0.0,189,,,600.0,189,,,600.0,0,0.0,0,,,600.0,0,,,600.0,1,0.0,0,,,600.0,0,,,600.0,0.0,0.0,0.0,0.0
2026-09-10 10:16:15,ALAB,283.91,-5.53,,595.0,590.0,0.0,AVG,0.0,186,,,590.0,186,,,590.0,AVG-0,0.0,186,,,590.0,186,,,590.0,0,0.0,0,,,590.0,0,,,590.0,1,0.0,0,,,590.0,0,,,590.0,0.0,0.0,0.0,0.0
2026-09-10 10:16:15,ALAB,283.91,-5.53,,585.0,580.0,0.0,AVG,0.0,282,,,580.0,282,,,580.0,AVG-0,0.0,282,,,580.0,282,,,580.0,0,0.0,0,,,580.0,0,,,580.0,1,0.0,0,,,580.0,0,,,580.0,0.0,0.0,0.0,0.0
2026-09-10 10:16:15,ALAB,283.91,-5.53,,575.0,570.0,0.0,AVG,0.0,82,,,570.0,82,,,570.0,AVG-0,0.0,82,,,570.0,82,,,570.0,0,0.0,0,,,570.0,0,,,570.0,1,0.0,0,,,570.0,0,,,570.0,0.0,0.0,0.0,0.0
2026-09-10 10:16:15,ALAB,283.91,-5.53,,565.0,560.0,0.0,AVG,0.0,57,,,560.0,57,,,560.0,AVG-0,0.0,57,,,560.0,57,,,560.0,0,0.0,0,,,560.0,0,,,560.0,1,0.0,0,,,560.0,0,,,560.0,0.0,0.0,0.0,0.0
2026-09-10 10:16:15,ALAB,283.91,-5.53,,555.0,550.0,0.0,AVG,0.27414,179,,,550.0,178,,,550.0,AVG-0,0.27414,179,,,550.0,178,,,550.0,0,0.0,0,,,550.0,0,,,550.0,1,0.0,0,,,550.0,0,,,550.0,0.0,0.0,0.0,0.0
2026-09-10 10:16:15,ALAB,283.91,-5.53,,547.5,545.0,0.0,AVG,0.0,0,,,545.0,0,,,545.0,AVG-0,0.0,0,,,545.0,0,,,545.0,0,0.0,0,,,545.0,0,,,545.0,1,0.0,0,,,545.0,0,,,545.0,0.0,0.0,0.0,0.0
2026-09-10 10:16:15,ALAB,283.91,-5.53,,542.5,540.0,0.0,AVG,0.0,9,,,540.0,9,,,540.0,AVG-0,0.0,9,,,540.0,9,,,540.0,0,0.0,0,,,540.0,0,,,540.0,1,0.0,0,,,540.0,0,,,540.0,0.0,0.0,0.0,0.0
2026-09-10 10:16:15,ALAB,283.91,-5.53,,537.5,535.0,0.0,AVG,0.0,0,,,535.0,0,,,535.0,AVG-0,0.0,0,,,535.0,0,,,535.0,0,0.0,0,,,535.0,0,,,535.0,1,0.0,0,,,535.0,0,,,535.0,0.0,0.0,0.0,0.0
2026-09-10 10:16:15,ALAB,283.91,-5.53,,532.5,530.0,0.0,AVG,1.0115,220,,,530.0,217,,,530.0,AVG-0,1.0115,220,,,530.0,217,,,530.0,0,0.0,0,,,530.0,0,,,530.0,1,0.0,0,,,530.0,0,,,530.0,0.0,0.0,0.0,0.0
2026-09-10 10:16:15,ALAB,283.91,-5.53,,527.5,525.0,0.0,AVG,0.0,0,,,525.0,0,,,525.0,AVG-0,0.0,0,,,525.0,0,,,525.0,0,0.0,0,,,525.0,0,,,525.0,1,0.0,0,,,525.0,0,,,525.0,0.0,0.0,0.0,0.0
2026-09-10 10:16:15,ALAB,283.91,-5.53,,522.5,520.0,0.0,AVG,0.0,46,,,520.0,46,,,520.0,AVG-0,0.0,46,,,520.0,46,,,520.0,0,0.0,0,,,520.0,0,,,520.0,1,0.0,0,,,520.0,0,,,520.0,0.0,0.0,0.0,0.0
2026-09-10 10:16:15,ALAB,283.91,-5.53,,517.5,515.0,0.0,AVG,9e-05,0,,,515.0,0,,,515.0,AVG-0,0.0,0,,,515.0,0,,,515.0,0,9e-05,0,,,515.0,0,,,515.0,1,0.0,0,,,515.0,0,,,515.0,0.0,0.0,0.0,0.0
2026-09-10 10:16:15,ALAB,283.91,-5.53,,512.5,510.0,0.0,AVG,1e-05,316,,,510.0,316,,,510.0,AVG-0,0.0,316,,,510.0,316,,,510.0,0,1e-05,0,,,510.0,0,,,510.0,1,0.0,0,,,510.0,0,,,510.0,0.0,0.0,0.0,0.0
2026-09-10 10:16:15,ALAB,283.91,-5.53,,507.5,505.0,0.0,AVG,0.0218599999999999,0,,,505.0,0,,,505.0,AVG-0,0.0217799999999999,0,,,505.0,0,,,505.0,0,8e-05,0,,,505.0,0,,,505.0,1,0.0,0,,,505.0,0,,,505.0,0.0,0.0,0.0,0.0
2026-09-10 10:16:15,ALAB,283.91,-5.53,,502.5,500.0,0.0,AVG,10.16438,665,,,500.0,645,,,500.0,AVG-0,10.16388,665,,,500.0,645,,,500.0,0,0.0005,0,,,500.0,0,,,500.0,1,0.0,0,,,500.0,0,,,500.0,0.0,0.0,0.0,0.0
2026-09-10 10:16:15,ALAB,283.91,-5.53,,497.5,495.0,0.0,AVG,0.00074,0,,,495.0,0,,,495.0,AVG-0,0.0,0,,,495.0,0,,,495.0,0,0.00074,0,,,495.0,0,,,495.0,1,0.0,0,,,495.0,0,,,495.0,0.0,0.0,0.0,0.0
2026-09-10 10:16:15,ALAB,283.91,-5.53,,492.5,490.0,0.0,AVG,0.14677,-184,,,490.0,-184,,,490.0,AVG-0,0.14665,-184,,,490.0,-184,,,490.0,0,0.00012,0,,,490.0,0,,,490.0,1,0.0,0,,,490.0,0,,,490.0,0.0,0.0,0.0,0.0
2026-09-10 10:16:15,ALAB,283.91,-5.53,,487.5,485.0,0.0,AVG,0.04462,18,,,485.0,18,,,485.0,AVG-0,0.04382,18,,,485.0,18,,,485.0,0,0.0008,0,,,485.0,0,,,485.0,1,0.0,0,,,485.0,0,,,485.0,0.0,0.0,0.0,0.0
2026-09-10 10:16:15,ALAB,283.91,-5.53,,482.5,480.0,0.0,AVG,0.0012,387,,,480.0,387,,,480.0,AVG-0,0.0,387,,,480.0,387,,,480.0,0,0.0012,0,,,480.0,0,,,480.0,1,0.0,1,,,480.0,1,,,480.0,0.0,0.0,0.0,0.0
2026-09-10 10:16:15,ALAB,283.91,-5.53,,477.5,475.0,0.0,AVG,0.00054,1,,,475.0,1,,,475.0,AVG-0,0.0,1,,,475.0,1,,,475.0,0,0.00054,0,,,475.0,0,,,475.0,1,0.0,0,,,475.0,0,,,475.0,0.0,0.0,0.0,0.0
2026-09-10 10:16:15,ALAB,283.91,-5.53,,472.5,470.0,0.0,AVG,0.48958,157,,,470.0,155,,,470.0,AVG-0,0.48874,157,,,470.0,155,,,470.0,0,0.00084,0,,,470.0,0,,,470.0,1,0.0,0,,,470.0,0,,,470.0,0.0,0.0,0.0,0.0
2026-09-10 10:16:15,ALAB,283.91,-5.53,,467.5,465.0,0.0,AVG,0.00032,3,,,465.0,3,,,465.0,AVG-0,0.0,3,,,465.0,3,,,465.0,0,0.00032,0,,,465.0,0,,,465.0,1,0.0,0,,,465.0,0,,,465.0,0.0,0.0,0.0,0.0
2026-09-10 10:16:15,ALAB,283.91,-5.53,,462.5,460.0,0.0,AVG,1.08694,183,,,460.0,182,,,460.0,AVG-0,1.08452,183,,,460.0,182,,,460.0,0,0.00242,0,,,460.0,0,,,460.0,1,0.0,0,,,460.0,0,,,460.0,0.0,0.0,0.0,0.0
2026-09-10 10:16:15,ALAB,283.91,-5.53,,457.5,455.0,0.0,AVG,0.00062,0,,,455.0,0,,,455.0,AVG-0,0.0,0,,,455.0,0,,,455.0,0,0.00062,0,,,455.0,0,,,455.0,1,0.0,0,,,455.0,0,,,455.0,0.0,0.0,0.0,0.0
2026-09-10 10:16:15,ALAB,283.91,-5.53,,452.5,450.0,0.0,AVG,27.57562,1255,,,450.0,1198,,,450.0,AVG-0,27.57521,1255,,,450.0,1198,,,450.0,0,0.00041,0,,,450.0,0,,,450.0,1,0.0,3,,,450.0,3,,,450.0,0.0,0.0,0.0,0.0
2026-09-10 10:16:15,ALAB,283.91,-5.53,,447.5,445.0,0.0,AVG,0.0,0,,,445.0,0,,,445.0,AVG-0,0.0,0,,,445.0,0,,,445.0,0,0.0,0,,,445.0,0,,,445.0,1,0.0,0,,,445.0,0,,,445.0,0.0,0.0,0.0,0.0
2026-09-10 10:16:15,ALAB,283.91,-5.53,,442.5,440.0,0.0,AVG,0.44973,204,,,440.0,203,,,440.0,AVG-0,0.44911,204,,,440.0,203,,,440.0,0,0.00062,0,,,440.0,0,,,440.0,1,0.0,1,,,440.0,1,,,440.0,0.0,0.0,0.0,0.0
2026-09-10 10:16:15,ALAB,283.91,-5.53,,437.5,435.0,0.0,AVG,0.00068,2,,,435.0,2,,,435.0,AVG-0,0.0,2,,,435.0,2,,,435.0,0,0.00068,0,,,435.0,0,,,435.0,1,0.0,0,,,435.0,0,,,435.0,0.0,0.0,0.0,0.0
2026-09-10 10:16:15,ALAB,283.91,-5.53,,432.5,430.0,0.0,AVG,7.5037,195,,,430.0,190,,,430.0,AVG-0,7.5037,195,,,430.0,190,,,430.0,0,0.0,0,,,430.0,0,,,430.0,1,0.01544,1,,,430.0,1,,,430.0,0.0,0.0,0.0,0.0
2026-09-10 10:16:15,ALAB,283.91,-5.53,,427.5,425.0,0.0,AVG,0.00085,2,,,425.0,2,,,425.0,AVG-0,0.0,2,,,425.0,2,,,425.0,0,0.00085,0,,,425.0,0,,,425.0,1,0.0,0,,,425.0,0,,,425.0,0.0,0.0,0.0,0.0
2026-09-10 10:16:15,ALAB,283.91,-5.53,,422.5,420.0,0.0,AVG,0.78054,240,,,420.0,238,,,420.0,AVG-0,0.78054,240,,,420.0,238,,,420.0,0,0.0,0,,,420.0,0,,,420.0,1,0.0,31,,,420.0,31,,,420.0,0.0,0.0,0.0,0.0
2026-09-10 10:16:15,ALAB,283.91,-5.53,,417.5,415.0,0.0,AVG,0.0,3,,,415.0,3,,,415.0,AVG-0,0.0,3,,,415.0,3,,,415.0,0,0.0,0,,,415.0,0,,,415.0,1,0.0,0,,,415.0,0,,,415.0,0.0,0.0,0.0,0.0
2026-09-10 10:16:15,ALAB,283.91,-5.53,,412.5,410.0,0.0,AVG,0.48678,200,,,410.0,198,,,410.0,AVG-0,0.48678,200,,,410.0,198,,,410.0,0,0.0,0,,,410.0,0,,,410.0,1,0.0,5,,,410.0,5,,,410.0,0.0,0.0,0.0,0.0
2026-09-10 10:16:15,ALAB,283.91,-5.53,,407.5,405.0,0.0,AVG,0.0,38,,,405.0,38,,,405.0,AVG-0,0.0,38,,,405.0,38,,,405.0,0,0.0,0,,,405.0,0,,,405.0,1,0.0,0,,,405.0,0,,,405.0,0.0,0.0,0.0,0.0
2026-09-10 10:16:15,ALAB,283.91,-5.53,,403.75,402.5,0.0,AVG,0.00148,0,,,402.5,0,,,402.5,AVG-0,0.0,0,,,402.5,0,,,402.5,0,0.00148,0,,,402.5,0,,,402.5,1,0.0,0,,,402.5,0,,,402.5,0.0,0.0,0.0,0.0
2026-09-10 10:16:15,ALAB,283.91,-5.53,,401.25,400.0,0.0,AVG,4.31195,1186,,,400.0,1175,,,400.0,AVG-0,4.31195,1186,,,400.0,1175,,,400.0,0,0.0,0,,,400.0,0,,,400.0,1,1.02804,94,,,400.0,90,,,400.0,0.0,0.0,0.0,0.0
2026-09-10 10:16:15,ALAB,283.91,-5.53,,398.75,397.5,0.0,AVG,0.0017,0,,,397.5,0,,,397.5,AVG-0,0.0,0,,,397.5,0,,,397.5,0,0.0017,0,,,397.5,0,,,397.5,1,0.0,0,,,397.5,0,,,397.5,0.0,0.0,0.0,0.0
2026-09-10 10:16:15,ALAB,283.91,-5.53,,396.25,395.0,0.0,AVG,0.1775399999999999,20,,,395.0,19,,,395.0,AVG-0,0.1757099999999999,20,,,395.0,19,,,395.0,0,0.00183,0,,,395.0,0,,,395.0,1,0.0,0,,,395.0,0,,,395.0,0.0,0.0,0.0,0.0
2026-09-10 10:16:15,ALAB,283.91,-5.53,,393.75,392.5,0.0,AVG,0.00197,0,,,392.5,0,,,392.5,AVG-0,0.0,0,,,392.5,0,,,392.5,0,0.00197,0,,,392.5,0,,,392.5,1,0.0,0,,,392.5,0,,,392.5,0.0,0.0,0.0,0.0
2026-09-10 10:16:15,ALAB,283.91,-5.53,,391.25,390.0,0.0,AVG,0.00212,862,,,390.0,862,,,390.0,AVG-0,0.0,862,,,390.0,862,,,390.0,0,0.00212,0,,,390.0,0,,,390.0,1,0.0,27,,,390.0,27,,,390.0,0.0,0.0,0.0,0.0
2026-09-10 10:16:15,ALAB,283.91,-5.53,,388.75,387.5,0.0,AVG,0.0,0,,,387.5,0,,,387.5,AVG-0,0.0,0,,,387.5,0,,,387.5,0,0.0,0,,,387.5,0,,,387.5,1,0.0,0,,,387.5,0,,,387.5,0.0,0.0,0.0,0.0
2026-09-10 10:16:15,ALAB,283.91,-5.53,,386.25,385.0,0.0,AVG,0.20336,55,,,385.0,55,,,385.0,AVG-0,0.0,55,,,385.0,55,,,385.0,0,0.20336,0,,,385.0,0,,,385.0,1,0.0,0,,,385.0,0,,,385.0,0.0,0.0,0.0,0.0
2026-09-10 10:16:15,ALAB,283.91,-5.53,,383.75,382.5,0.0,AVG,0.0,0,,,382.5,0,,,382.5,AVG-0,0.0,0,,,382.5,0,,,382.5,0,0.0,0,,,382.5,0,,,382.5,1,0.0,0,,,382.5,0,,,382.5,0.0,0.0,0.0,0.0
2026-09-10 10:16:15,ALAB,283.91,-5.53,,381.25,380.0,0.0,AVG,6.29914,1823,,,380.0,1790,,,380.0,AVG-0,6.29914,1823,,,380.0,1790,,,380.0,0,0.0,0,,,380.0,0,,,380.0,1,3.39456,125,,,380.0,101,,,380.0,0.0,0.0,0.0,0.0
2026-09-10 10:16:15,ALAB,283.91,-5.53,,378.75,377.5,0.0,AVG,0.0,0,,,377.5,0,,,377.5,AVG-0,0.0,0,,,377.5,0,,,377.5,0,0.0,0,,,377.5,0,,,377.5,1,0.0,0,,,377.5,0,,,377.5,0.0,0.0,0.0,0.0
2026-09-10 10:16:15,ALAB,283.91,-5.53,,376.25,375.0,0.0,AVG,0.0,233,,,375.0,233,,,375.0,AVG-0,0.0,233,,,375.0,233,,,375.0,0,0.0,0,,,375.0,0,,,375.0,1,0.0,0,,,375.0,0,,,375.0,0.0,0.0,0.0,0.0
2026-09-10 10:16:15,ALAB,283.91,-5.53,,373.75,372.5,0.0,AVG,0.0,0,,,372.5,0,,,372.5,AVG-0,0.0,0,,,372.5,0,,,372.5,0,0.0,0,,,372.5,0,,,372.5,1,0.0,0,,,372.5,0,,,372.5,0.0,0.0,0.0,0.0
2026-09-10 10:16:15,ALAB,283.91,-5.53,,371.25,370.0,0.0,AVG,4.79721,942,,,370.0,926,,,370.0,AVG-0,4.79721,942,,,370.0,926,,,370.0,0,0.0,0,,,370.0,0,,,370.0,1,0.48202,178,,,370.0,174,,,370.0,0.0,0.0,0.0,0.0
2026-09-10 10:16:15,ALAB,283.91,-5.53,,368.75,367.5,0.0,AVG,0.0,0,,,367.5,0,,,367.5,AVG-0,0.0,0,,,367.5,0,,,367.5,0,0.0,0,,,367.5,0,,,367.5,1,0.0,0,,,367.5,0,,,367.5,0.0,0.0,0.0,0.0
2026-09-10 10:16:15,ALAB,283.91,-5.53,,366.25,365.0,0.0,AVG,1.94614,101,,,365.0,83,,,365.0,AVG-0,1.9372,101,,,365.0,83,,,365.0,0,0.00894,0,,,365.0,0,,,365.0,1,0.0,0,,,365.0,0,,,365.0,0.0,0.0,0.0,0.0
2026-09-10 10:16:15,ALAB,283.91,-5.53,,363.75,362.5,0.0,AVG,0.00486,0,,,362.5,0,,,362.5,AVG-0,0.0,0,,,362.5,0,,,362.5,0,0.00486,0,,,362.5,0,,,362.5,1,0.0,0,,,362.5,0,,,362.5,0.0,0.0,0.0,0.0
2026-09-10 10:16:15,ALAB,283.91,-5.53,,361.25,360.0,0.0,AVG,16.37178,2247,,,360.0,2108,,,360.0,AVG-0,16.28698,2247,,,360.0,2108,,,360.0,0,0.0848,0,,,360.0,0,,,360.0,1,9.75415,1147,,,360.0,1030,,,360.0,0.0,0.0,0.0,0.0
2026-09-10 10:16:15,ALAB,283.91,-5.53,,358.75,357.5,0.0,AVG,0.0,0,,,357.5,0,,,357.5,AVG-0,0.0,0,,,357.5,0,,,357.5,0,0.0,0,,,357.5,0,,,357.5,1,0.0,0,,,357.5,0,,,357.5,0.0,0.0,0.0,0.0
2026-09-10 10:16:15,ALAB,283.91,-5.53,,356.25,355.0,0.0,AVG,0.43582,53,,,355.0,51,,,355.0,AVG-0,0.43582,53,,,355.0,51,,,355.0,0,0.0,0,,,355.0,0,,,355.0,1,0.0,0,,,355.0,0,,,355.0,0.0,0.0,0.0,0.0
2026-09-10 10:16:15,ALAB,283.91,-5.53,,353.75,352.5,0.0,AVG,0.0,0,,,352.5,0,,,352.5,AVG-0,0.0,0,,,352.5,0,,,352.5,0,0.0,0,,,352.5,0,,,352.5,1,0.0,0,,,352.5,0,,,352.5,0.0,0.0,0.0,0.0
2026-09-10 10:16:15,ALAB,283.91,-5.53,,351.25,350.0,0.0,AVG,47.99202,4054,,5.0,350.0,3899,,5.0,350.0,AVG-0,47.85288,4054,+,2.0,350.0,3899,+,2.0,350.0,0,0.1391399999999999,0,,,350.0,0,,,350.0,1,4.41216,1732,,,350.0,1678,,5.0,350.0,0.0,0.0,0.0,0.0
2026-09-10 10:16:15,ALAB,283.91,-5.53,,348.75,347.5,0.0,AVG,0.0,0,,,347.5,0,,,347.5,AVG-0,0.0,0,*,,347.5,0,*,,347.5,0,0.0,0,,,347.5,0,,,347.5,1,0.0,0,,,347.5,0,,,347.5,0.0,0.0,0.0,0.0
2026-09-10 10:16:15,ALAB,283.91,-5.53,,346.25,345.0,0.0,AVG,0.67234,128,,,345.0,126,,,345.0,AVG-0,0.52002,128,*,,345.0,126,*,,345.0,0,0.15232,0,,,345.0,0,,,345.0,1,0.0,0,,,345.0,0,,,345.0,0.0,0.0,0.0,0.0
2026-09-10 10:16:15,ALAB,283.91,-5.53,,343.75,342.5,0.0,AVG,0.11693,0,,,342.5,0,,,342.5,AVG-0,0.0,0,*,,342.5,0,*,,342.5,0,0.11693,0,,,342.5,0,,,342.5,1,0.0,0,,,342.5,0,,,342.5,0.0,0.0,0.0,0.0
2026-09-10 10:16:15,ALAB,283.91,-5.53,,341.25,340.0,0.0,AVG,8.15115,2953,,,340.0,2930,,,340.0,AVG-0,8.0916,2950,*,,340.0,2927,*,5.0,340.0,0,0.05955,3,,,340.0,3,,,340.0,1,0.38744,461,,,340.0,456,,,340.0,0.0,0.0,0.0,0.0
2026-09-10 10:16:15,ALAB,283.91,-5.53,,338.75,337.5,0.0,AVG,0.16092,1,,,337.5,1,,,337.5,AVG-0,0.0,0,*,,337.5,0,*,,337.5,0,0.16092,1,,,337.5,1,,,337.5,1,0.0,0,,,337.5,0,,,337.5,0.0,0.0,0.0,0.0
2026-09-10 10:16:15,ALAB,283.91,-5.53,,336.25,335.0,0.0,AVG,-1.29005,226,,,335.0,219,,,335.0,AVG-0,0.4566,216,*,,335.0,210,*,,335.0,0,-1.74665,10,,,335.0,9,,,335.0,1,0.4566,6,,,335.0,0,,,335.0,0.0,0.0,0.0,0.0
2026-09-10 10:16:15,ALAB,283.91,-5.53,,333.75,332.5,0.0,AVG,-0.47618,17,,,332.5,5,,,332.5,AVG-0,-0.54498,12,*,,332.5,0,*,,332.5,0,0.0688,5,,,332.5,5,,,332.5,1,-0.54498,12,,,332.5,0,,,332.5,0.0,0.0,0.0,0.0
2026-09-10 10:16:15,ALAB,283.91,-5.53,,331.25,330.0,0.0,AVG,26.41442,3765,,,330.0,3479,,,330.0,AVG-0,23.39294,3707,*,4.0,330.0,3432,*,3.0,330.0,0,3.02148,58,,,330.0,47,,,330.0,1,21.96099,2330,,4.0,330.0,2059,,4.0,330.0,0.0,0.0,0.0,0.0
2026-09-10 10:16:15,ALAB,283.91,-5.53,,328.75,327.5,0.0,AVG,1.4718,22,,,327.5,4,,,327.5,AVG-0,1.4718,18,*,,327.5,0,*,,327.5,0,0.0,4,,,327.5,4,,,327.5,1,1.4718,18,,,327.5,0,,,327.5,0.0,0.0,0.0,0.0
2026-09-10 10:16:15,ALAB,283.91,-5.53,,326.25,325.0,0.0,AVG,-5.273269999999999,449,,,325.0,419,,,325.0,AVG-0,-1.2778199999999995,356,*,,325.0,334,*,,325.0,0,-3.99545,93,,,325.0,85,,,325.0,1,-1.6136999999999997,193,,,325.0,173,,,325.0,0.0,0.0,0.0,0.0
2026-09-10 10:16:15,ALAB,283.91,-5.53,,323.75,322.5,0.0,AVG,0.18255,48,,,322.5,46,,,322.5,AVG-0,0.18255,2,*,,322.5,0,*,,322.5,0,0.0,46,,,322.5,46,,,322.5,1,0.18255,2,,,322.5,0,,,322.5,0.0,0.0,0.0,0.0
2026-09-10 10:16:15,ALAB,283.91,-5.53,,321.25,320.0,0.0,AVG,22.1455,2799,,,320.0,2676,,,320.0,AVG-0,20.8285,2647,*,,320.0,2536,*,,320.0,0,1.317,152,,,320.0,140,,,320.0,1,5.7687,2530,,3.0,320.0,2465,,3.0,320.0,0.0,0.0,0.0,0.0
2026-09-10 10:16:15,ALAB,283.91,-5.53,,318.75,317.5,0.0,AVG,0.26678,57,,,317.5,54,,,317.5,AVG-0,0.21495,2,*,,317.5,0,*,,317.5,0,0.05183,55,,,317.5,54,,,317.5,1,0.21495,2,,,317.5,0,,,317.5,0.0,0.0,0.0,0.0
2026-09-10 10:16:15,ALAB,283.91,-5.53,,316.25,315.0,0.0,AVG,16.0666,3213,,,315.0,3035,,,315.0,AVG-0,16.14763,3094,M,5.0,315.0,2927,M,5.0,315.0,0,-0.08103,119,,,315.0,108,,,315.0,1,15.8424,2822,+,2.0,315.0,2657,+,2.0,315.0,0.0,0.0,0.0,0.0
2026-09-10 10:16:15,ALAB,283.91,-5.53,,313.75,312.5,0.0,AVG,0.29152,252,,,312.5,247,,,312.5,AVG-0,0.0,0,*,,312.5,0,*,,312.5,0,0.29152,252,,,312.5,247,,,312.5,1,0.0,0,*,,312.5,0,*,,312.5,0.0,0.0,0.0,0.0
2026-09-10 10:16:15,ALAB,283.91,-5.53,,311.25,310.0,0.0,AVG,3.884459999999999,3174,,,310.0,3118,,,310.0,AVG-0,5.6751,2366,*,,310.0,2323,*,,310.0,0,-1.7906400000000002,808,,,310.0,795,,,310.0,1,-3.4387800000000004,1044,*,,310.0,1042,*,,310.0,0.0,0.0,0.0,0.0
2026-09-10 10:16:15,ALAB,283.91,-5.53,,308.75,307.5,0.0,AVG,-5.672179999999999,3,,,307.5,10,,,307.5,AVG-0,-6.41898,190,*,,307.5,215,*,,307.5,0,0.7468,-187,,,307.5,-205,,,307.5,1,-6.41898,190,M,,307.5,215,*,,307.5,0.0,0.0,0.0,0.0
2026-09-10 10:16:15,ALAB,283.91,-5.53,,306.25,305.0,0.0,AVG,13.914780000000002,268,,,305.0,-15,,,305.0,AVG-0,4.45572,-140,*,,305.0,-202,*,,305.0,0,9.45906,408,,,305.0,187,,,305.0,1,8.41023,220,*,,305.0,144,M,,305.0,0.0,0.0,0.0,0.0
2026-09-10 10:16:15,ALAB,283.91,-5.53,,303.75,302.5,0.0,AVG,-1.97962,255,,,302.5,234,,,302.5,AVG-0,-2.665,61,*,,302.5,73,*,,302.5,0,0.6853800000000001,194,,,302.5,161,,,302.5,1,-2.665,61,*,,302.5,73,*,,302.5,0.0,0.0,0.0,0.0
2026-09-10 10:16:15,ALAB,283.91,-5.53,,301.25,300.0,0.0,AVG,8.990490000000005,4353,,4.0,300.0,4144,,4.0,300.0,AVG-0,54.73732,3708,*,3.0,300.0,3371,*,4.0,300.0,0,-45.74683,645,,,300.0,773,,,300.0,1,27.70755,1900,*,5.0,300.0,1660,*,,300.0,0.0,0.0,0.0,0.0
2026-09-10 10:16:15,ALAB,283.91,-5.53,,298.75,297.5,0.0,AVG,2.80779,353,,,297.5,276,,,297.5,AVG-0,0.14425,104,*,,297.5,101,*,,297.5,0,2.66354,249,,,297.5,175,,,297.5,1,0.14425,104,*,,297.5,101,*,,297.5,0.0,0.0,0.0,0.0
2026-09-10 10:16:15,ALAB,283.91,-5.53,,296.25,295.0,0.0,AVG,3.42492,604,,,295.0,527,,,295.0,AVG-0,0.9040899999999996,364,*,,295.0,355,*,,295.0,0,2.52083,240,,,295.0,172,,,295.0,1,1.4542299999999997,393,*,,295.0,381,*,,295.0,0.0,0.0,0.0,0.0
2026-09-10 10:16:15,ALAB,283.91,-5.53,,293.75,292.5,0.0,AVG,6.16341,25,,,292.5,-150,,,292.5,AVG-0,2.21785,-128,*,,292.5,-143,*,,292.5,0,3.94556,153,,,292.5,-7,,,292.5,1,1.74492,-130,*,,292.5,-143,*,,292.5,0.0,0.0,0.0,0.0
2026-09-10 10:16:15,ALAB,283.91,-5.53,,291.25,290.0,0.0,AVG,13.495480000000006,9425,M,2.0,290.0,9475,M,2.0,290.0,AVG-0,33.099360000000004,-977,*,,290.0,-1094,*,,290.0,0,-19.60388,10402,+,1.0,290.0,10569,+,1.0,290.0,1,6.683490000000001,-749,*,,290.0,-797,*,,290.0,0.0,0.0,0.0,0.0
2026-09-10 10:16:15,ALAB,283.91,-5.53,,288.75,287.5,0.0,AVG,-8.519160000000001,-764,,,N/N,-649,,,N/N,AVG-0,0.98606,-409,*,,287.5,-415,*,,287.5,0,-9.50522,-355,*,,N/N,-234,*,,N/N,1,0.98606,-409,*,,287.5,-415,*,,287.5,0.0,0.0,0.0,0.0
2026-09-10 10:16:15,ALAB,283.91,-5.53,CURR,286.25,285.0,0.0,AVG,30.71759,-605,,,285.0,-990,,,285.0,AVG-0,9.96588,-116,*,,285.0,-153,*,,285.0,0,20.751710000000003,-489,*,,285.0,-837,*,,285.0,1,2.5724800000000005,-68,*,,285.0,-80,*,,285.0,0.0,0.0,0.0,0.0
2026-09-10 10:16:15,ALAB,283.91,-5.53,,283.75,282.5,0.0,AVG,-5.311730000000001,-719,,,N/N,-571,,,N/N,AVG-0,1.47375,38,*,,282.5,38,*,,282.5,0,-6.785480000000001,-757,M,,N/N,-609,M,,N/N,1,1.47375,38,*,,282.5,38,*,,282.5,0.0,0.0,0.0,0.0
2026-09-10 10:16:15,ALAB,283.91,-5.53,,281.25,280.0,0.0,AVG,-39.91557,10024,+,1.0,280.0,10698,+,1.0,280.0,AVG-0,-14.66472,181,*,,280.0,286,*,,280.0,0,-25.25085,9843,*,2.0,280.0,10412,*,2.0,280.0,1,-1.6531300000000002,910,*,,280.0,926,*,,280.0,0.0,0.0,0.0,0.0
2026-09-10 10:16:15,ALAB,283.91,-5.53,,278.75,277.5,0.0,AVG,-0.72201,-459,*,,N/N,-448,*,,N/N,AVG-0,-0.39505,-34,*,,N/N,-31,*,,N/N,0,-0.32696,-425,*,,N/N,-417,*,,N/N,1,-0.39505,-34,*,,N/N,-31,*,,N/N,0.0,0.0,0.0,0.0
2026-09-10 10:16:15,ALAB,283.91,-5.53,,276.25,275.0,0.0,AVG,-19.88216,-7270,-,3.0,N/N,-7018,-,3.0,N/N,AVG-0,-13.94042,-4106,-,1.0,N/N,-3991,-,1.0,N/N,0,-5.94174,-3164,-,3.0,N/N,-3027,-,3.0,N/N,1,-13.002480000000002,-3806,-,1.0,N/N,-3696,-,1.0,N/N,0.0,0.0,0.0,0.0
2026-09-10 10:16:15,ALAB,283.91,-5.53,,273.75,272.5,0.0,AVG,-1.82088,-500,,,N/N,-477,,,N/N,AVG-0,-1.36548,-3,,,N/N,9,,,272.5,0,-0.4554,-497,,,N/N,-486,,,N/N,1,-1.36548,-3,,,N/N,9,,,272.5,0.0,0.0,0.0,0.0
2026-09-10 10:16:15,ALAB,283.91,-5.53,,271.25,270.0,0.0,AVG,-6.64633,-1084,,,N/N,-952,,,N/N,AVG-0,-6.205489999999999,491,,,270.0,548,,,270.0,0,-0.4408400000000001,-1575,,4.0,N/N,-1500,,4.0,N/N,1,-3.6427,-355,,,N/N,-315,,,N/N,0.0,0.0,0.0,0.0
2026-09-10 10:16:15,ALAB,283.91,-5.53,,268.75,267.5,0.0,AVG,-1.8924,-402,,,N/N,-382,,,N/N,AVG-0,-1.74414,92,,,267.5,108,,,267.5,0,-0.14826,-494,,,N/N,-490,,,N/N,1,-1.74414,92,,,267.5,108,,,267.5,0.0,0.0,0.0,0.0
2026-09-10 10:16:15,ALAB,283.91,-5.53,,266.25,265.0,0.0,AVG,-4.64905,-1782,,,N/N,-1692,,,N/N,AVG-0,-1.67101,-752,,,N/N,-737,,,N/N,0,-2.97804,-1030,,5.0,N/N,-955,,5.0,N/N,1,-1.3299,-543,,,N/N,-529,,,N/N,0.0,0.0,0.0,0.0
2026-09-10 10:16:15,ALAB,283.91,-5.53,,263.75,262.5,0.0,AVG,-0.32793,-417,,,N/N,-413,,,N/N,AVG-0,-0.24162,-73,,,N/N,-71,,,N/N,0,-0.08631,-344,,,N/N,-342,,,N/N,1,-0.24162,-73,,,N/N,-71,,,N/N,0.0,0.0,0.0,0.0
2026-09-10 10:16:15,ALAB,283.91,-5.53,,261.25,260.0,0.0,AVG,-5.25062,-985,,,N/N,-897,,,N/N,AVG-0,-4.28042,-547,,,N/N,-481,,,N/N,0,-0.9702,-438,,,N/N,-416,,,N/N,1,-5.58298,535,,,260.0,597,,,260.0,0.0,0.0,0.0,0.0
2026-09-10 10:16:15,ALAB,283.91,-5.53,,258.75,257.5,0.0,AVG,-0.4335799999999999,-170,,,N/N,-164,,,N/N,AVG-0,-0.38458,-34,,,N/N,-29,,,N/N,0,-0.049,-136,,,N/N,-135,,,N/N,1,-0.38458,-34,,,N/N,-29,,,N/N,0.0,0.0,0.0,0.0
2026-09-10 10:16:15,ALAB,283.91,-5.53,,256.25,255.0,0.0,AVG,-1.39324,-441,,,N/N,-423,,,N/N,AVG-0,-1.09948,-351,,,N/N,-339,,,N/N,0,-0.29376,-90,,,N/N,-84,,,N/N,1,-0.8676,-111,,,N/N,-100,,,N/N,0.0,0.0,0.0,0.0
2026-09-10 10:16:15,ALAB,283.91,-5.53,,253.75,252.5,0.0,AVG,0.0,-132,,,252.5,-132,,,252.5,AVG-0,0.0,0,,,252.5,0,,,252.5,0,0.0,-132,,,252.5,-132,,,252.5,1,0.0,0,,,252.5,0,,,252.5,0.0,0.0,0.0,0.0
2026-09-10 10:16:15,ALAB,283.91,-5.53,,251.25,250.0,0.0,AVG,-6.595539999999999,-1653,,,N/N,-1589,,,N/N,AVG-0,-6.535569999999999,-1561,,,N/N,-1498,,,N/N,0,-0.05997,-92,,,N/N,-91,,,N/N,1,-2.1424,119,,,250.0,148,,,250.0,0.0,0.0,0.0,0.0
2026-09-10 10:16:15,ALAB,283.91,-5.53,,248.75,247.5,0.0,AVG,0.0,-4,,,247.5,-4,,,247.5,AVG-0,0.0,0,,,247.5,0,,,247.5,0,0.0,-4,,,247.5,-4,,,247.5,1,0.0,0,,,247.5,0,,,247.5,0.0,0.0,0.0,0.0
2026-09-10 10:16:15,ALAB,283.91,-5.53,,246.25,245.0,0.0,AVG,-6.5925,-432,,,N/N,-338,,,N/N,AVG-0,-6.5925,-415,,,N/N,-321,,,N/N,0,0.0,-17,,,245.0,-17,,,245.0,1,-5.8458000000000006,-206,,,N/N,-118,,,N/N,0.0,0.0,0.0,0.0
2026-09-10 10:16:15,ALAB,283.91,-5.53,,243.75,242.5,0.0,AVG,-0.14934,-4,,,N/N,-3,,,N/N,AVG-0,-0.14934,-1,,,N/N,0,,,242.5,0,0.0,-3,,,242.5,-3,,,242.5,1,0.0,0,,,242.5,0,,,242.5,0.0,0.0,0.0,0.0
2026-09-10 10:16:15,ALAB,283.91,-5.53,,241.25,240.0,0.0,AVG,-6.39349,-2031,,,N/N,-1971,,,N/N,AVG-0,-6.39349,-2024,,,N/N,-1964,,,N/N,0,0.0,-7,,,240.0,-7,,,240.0,1,-1.41894,-812,,,N/N,-791,,,N/N,0.0,0.0,0.0,0.0
2026-09-10 10:16:15,ALAB,283.91,-5.53,,238.75,237.5,0.0,AVG,0.0,0,,,237.5,0,,,237.5,AVG-0,0.0,0,,,237.5,0,,,237.5,0,0.0,0,,,237.5,0,,,237.5,1,0.0,0,,,237.5,0,,,237.5,0.0,0.0,0.0,0.0
2026-09-10 10:16:15,ALAB,283.91,-5.53,,236.25,235.0,0.0,AVG,-0.30081,-501,,,N/N,-499,,,N/N,AVG-0,-0.26031,-501,,,N/N,-499,,,N/N,0,-0.0404999999999999,0,,,235.0,0,,,235.0,1,-0.05876,-324,,,N/N,-323,,,N/N,0.0,0.0,0.0,0.0
2026-09-10 10:16:15,ALAB,283.91,-5.53,,233.75,232.5,0.0,AVG,-0.27775,-4,,,N/N,0,,,232.5,AVG-0,-0.27775,-4,,,N/N,0,,,232.5,0,0.0,0,,,232.5,0,,,232.5,1,-0.27775,-4,,,N/N,0,,,232.5,0.0,0.0,0.0,0.0
2026-09-10 10:16:15,ALAB,283.91,-5.53,,231.25,230.0,0.0,AVG,-2.78403,-566,,,N/N,-546,,,N/N,AVG-0,-2.73768,-566,,,N/N,-546,,,N/N,0,-0.0463499999999999,0,,,230.0,0,,,230.0,1,-0.26082,-180,,,N/N,-175,,,N/N,0.0,0.0,0.0,0.0
2026-09-10 10:16:15,ALAB,283.91,-5.53,,228.75,227.5,0.0,AVG,-0.008,0,,,227.5,0,,,227.5,AVG-0,0.0,0,,,227.5,0,,,227.5,0,-0.008,0,,,227.5,0,,,227.5,1,0.0,0,,,227.5,0,,,227.5,0.0,0.0,0.0,0.0
2026-09-10 10:16:15,ALAB,283.91,-5.53,,226.25,225.0,0.0,AVG,-0.1956599999999999,-93,,,N/N,-93,,,N/N,AVG-0,-0.1956599999999999,-93,,,N/N,-93,,,N/N,0,0.0,0,,,225.0,0,,,225.0,1,-0.03462,0,,,225.0,0,,,225.0,0.0,0.0,0.0,0.0
2026-09-10 10:16:15,ALAB,283.91,-5.53,,223.75,222.5,0.0,AVG,0.0,0,,,222.5,0,,,222.5,AVG-0,0.0,0,,,222.5,0,,,222.5,0,0.0,0,,,222.5,0,,,222.5,1,0.0,0,,,222.5,0,,,222.5,0.0,0.0,0.0,0.0
2026-09-10 10:16:15,ALAB,283.91,-5.53,,221.25,220.0,0.0,AVG,-1.9827,-695,,,N/N,-668,,,N/N,AVG-0,-1.97856,-695,,,N/N,-668,,,N/N,0,-0.00414,0,,,220.0,0,,,220.0,1,-1.85121,-389,,,N/N,-367,,,N/N,0.0,0.0,0.0,0.0
2026-09-10 10:16:15,ALAB,283.91,-5.53,,218.75,217.5,0.0,AVG,0.0,0,,,217.5,0,,,217.5,AVG-0,0.0,0,,,217.5,0,,,217.5,0,0.0,0,,,217.5,0,,,217.5,1,0.0,0,,,217.5,0,,,217.5,0.0,0.0,0.0,0.0
2026-09-10 10:16:15,ALAB,283.91,-5.53,,216.25,215.0,0.0,AVG,0.88679,-23,,,215.0,-22,,,215.0,AVG-0,0.8881399999999999,-23,,,215.0,-22,,,215.0,0,-0.0013499999999999,0,,,215.0,0,,,215.0,1,0.0,0,,,215.0,0,,,215.0,0.0,0.0,0.0,0.0
2026-09-10 10:16:15,ALAB,283.91,-5.53,,213.75,212.5,0.0,AVG,0.0,0,,,212.5,0,,,212.5,AVG-0,0.0,0,,,212.5,0,,,212.5,0,0.0,0,,,212.5,0,,,212.5,1,0.0,0,,,212.5,0,,,212.5,0.0,0.0,0.0,0.0
2026-09-10 10:16:15,ALAB,283.91,-5.53,,211.25,210.0,0.0,AVG,-4.23452,812,,,210.0,833,,,210.0,AVG-0,-4.2334700000000005,812,,,210.0,833,,,210.0,0,-0.00105,0,,,210.0,0,,,210.0,1,0.0,-196,,,210.0,-196,,,210.0,0.0,0.0,0.0,0.0
2026-09-10 10:16:15,ALAB,283.91,-5.53,,208.75,207.5,0.0,AVG,0.0,0,,,207.5,0,,,207.5,AVG-0,0.0,0,,,207.5,0,,,207.5,0,0.0,0,,,207.5,0,,,207.5,1,0.0,0,,,207.5,0,,,207.5,0.0,0.0,0.0,0.0
2026-09-10 10:16:15,ALAB,283.91,-5.53,,206.25,205.0,0.0,AVG,-1e-05,-16,,,N/N,-16,,,N/N,AVG-0,0.0,-16,,,205.0,-16,,,205.0,0,-1e-05,0,,,205.0,0,,,205.0,1,0.0,0,,,205.0,0,,,205.0,0.0,0.0,0.0,0.0
2026-09-10 10:16:15,ALAB,283.91,-5.53,,202.5,200.0,0.0,AVG,0.44584,-877,,,200.0,-876,,,200.0,AVG-0,0.44584,-877,,,200.0,-876,,,200.0,0,0.0,0,,,200.0,0,,,200.0,1,0.0,-28,,,200.0,-28,,,200.0,0.0,0.0,0.0,0.0
2026-09-10 10:16:15,ALAB,283.91,-5.53,,197.5,195.0,0.0,AVG,-0.53842,-262,,,N/N,-260,,,N/N,AVG-0,-0.53524,-262,,,N/N,-260,,,N/N,0,-0.0031799999999999,0,,,195.0,0,,,195.0,1,0.0,-11,,,195.0,-11,,,195.0,0.0,0.0,0.0,0.0
2026-09-10 10:16:15,ALAB,283.91,-5.53,,192.5,190.0,0.0,AVG,-0.8446899999999999,-276,,,N/N,-273,,,N/N,AVG-0,-0.8326899999999999,-276,,,N/N,-273,,,N/N,0,-0.012,0,,,190.0,0,,,190.0,1,0.0,0,,,190.0,0,,,190.0,0.0,0.0,0.0,0.0
2026-09-10 10:16:15,ALAB,283.91,-5.53,,187.5,185.0,0.0,AVG,0.64913,-477,,,185.0,-477,,,185.0,AVG-0,0.6575899999999999,-477,,,185.0,-477,,,185.0,0,-0.00846,0,,,185.0,0,,,185.0,1,0.0,-1,,,185.0,-1,,,185.0,0.0,0.0,0.0,0.0
2026-09-10 10:16:15,ALAB,283.91,-5.53,,182.5,180.0,0.0,AVG,0.448,-458,,,180.0,-456,,,180.0,AVG-0,0.448,-458,,,180.0,-456,,,180.0,0,0.0,0,,,180.0,0,,,180.0,1,0.0,0,,,180.0,0,,,180.0,0.0,0.0,0.0,0.0
2026-09-10 10:16:15,ALAB,283.91,-5.53,,177.5,175.0,0.0,AVG,3.84884,-341,,,175.0,-341,,,175.0,AVG-0,3.84884,-341,,,175.0,-341,,,175.0,0,0.0,0,,,175.0,0,,,175.0,1,3.9886,0,,,175.0,0,,,175.0,0.0,0.0,0.0,0.0
2026-09-10 10:16:15,ALAB,283.91,-5.53,,172.5,170.0,0.0,AVG,0.0,-519,,,170.0,-519,,,170.0,AVG-0,0.0,-519,,,170.0,-519,,,170.0,0,0.0,0,,,170.0,0,,,170.0,1,0.0,0,,,170.0,0,,,170.0,0.0,0.0,0.0,0.0
2026-09-10 10:16:15,ALAB,283.91,-5.53,,167.5,165.0,0.0,AVG,-0.0901599999999999,-345,,,N/N,-345,,,N/N,AVG-0,-0.0901599999999999,-345,,,N/N,-345,,,N/N,0,0.0,0,,,165.0,0,,,165.0,1,0.0,0,,,165.0,0,,,165.0,0.0,0.0,0.0,0.0
2026-09-10 10:16:15,ALAB,283.91,-5.53,,162.5,160.0,0.0,AVG,-0.30667,-174,,,N/N,-172,,,N/N,AVG-0,-0.30667,-174,,,N/N,-172,,,N/N,0,0.0,0,,,160.0,0,,,160.0,1,0.0,0,,,160.0,0,,,160.0,0.0,0.0,0.0,0.0
2026-09-10 10:16:15,ALAB,283.91,-5.53,,157.5,155.0,0.0,AVG,0.0,-187,,,155.0,-187,,,155.0,AVG-0,0.0,-187,,,155.0,-187,,,155.0,0,0.0,0,,,155.0,0,,,155.0,1,0.0,0,,,155.0,0,,,155.0,0.0,0.0,0.0,0.0
2026-09-10 10:16:15,ALAB,283.91,-5.53,,152.5,150.0,0.0,AVG,-0.01393,-694,,,N/N,-694,,,N/N,AVG-0,-0.01393,-694,,,N/N,-694,,,N/N,0,0.0,0,,,150.0,0,,,150.0,1,0.0,0,,,150.0,0,,,150.0,0.0,0.0,0.0,0.0
2026-09-10 10:16:15,ALAB,283.91,-5.53,,147.5,145.0,0.0,AVG,-0.21874,-218,,,N/N,-218,,,N/N,AVG-0,-0.21874,-218,,,N/N,-218,,,N/N,0,0.0,0,,,145.0,0,,,145.0,1,0.0,0,,,145.0,0,,,145.0,0.0,0.0,0.0,0.0
2026-09-10 10:16:15,ALAB,283.91,-5.53,,142.5,140.0,0.0,AVG,-0.52654,44,,,140.0,46,,,140.0,AVG-0,-0.52654,44,,,140.0,46,,,140.0,0,0.0,0,,,140.0,0,,,140.0,1,0.0,0,,,140.0,0,,,140.0,0.0,0.0,0.0,0.0
2026-09-10 10:16:15,ALAB,283.91,-5.53,,137.5,135.0,0.0,AVG,-0.01949,137,,,135.0,137,,,135.0,AVG-0,-0.01949,137,,,135.0,137,,,135.0,0,0.0,0,,,135.0,0,,,135.0,1,0.0,0,,,135.0,0,,,135.0,0.0,0.0,0.0,0.0
2026-09-10 10:16:15,ALAB,283.91,-5.53,,132.5,130.0,0.0,AVG,-0.03908,54,,,130.0,54,,,130.0,AVG-0,-0.03908,54,,,130.0,54,,,130.0,0,0.0,0,,,130.0,0,,,130.0,1,0.0,0,,,130.0,0,,,130.0,0.0,0.0,0.0,0.0
2026-09-10 10:16:15,ALAB,283.91,-5.53,,127.5,125.0,0.0,AVG,-0.19144,-66,,,N/N,-65,,,N/N,AVG-0,-0.19144,-66,,,N/N,-65,,,N/N,0,0.0,0,,,125.0,0,,,125.0,1,0.0,0,,,125.0,0,,,125.0,0.0,0.0,0.0,0.0
2026-09-10 10:16:15,ALAB,283.91,-5.53,,122.5,120.0,0.0,AVG,0.0,-21,,,120.0,-21,,,120.0,AVG-0,0.0,-21,,,120.0,-21,,,120.0,0,0.0,0,,,120.0,0,,,120.0,1,0.0,0,,,120.0,0,,,120.0,0.0,0.0,0.0,0.0
2026-09-10 10:16:15,ALAB,283.91,-5.53,,117.5,115.0,0.0,AVG,0.0,41,,,115.0,41,,,115.0,AVG-0,0.0,41,,,115.0,41,,,115.0,0,0.0,0,,,115.0,0,,,115.0,1,0.0,0,,,115.0,0,,,115.0,0.0,0.0,0.0,0.0
2026-09-10 10:16:15,ALAB,283.91,-5.53,,112.5,110.0,0.0,AVG,0.0,72,,,110.0,72,,,110.0,AVG-0,0.0,72,,,110.0,72,,,110.0,0,0.0,0,,,110.0,0,,,110.0,1,0.0,0,,,110.0,0,,,110.0,0.0,0.0,0.0,0.0
2026-09-10 10:16:15,ALAB,283.91,-5.53,,107.5,105.0,0.0,AVG,0.0,45,,,105.0,45,,,105.0,AVG-0,0.0,45,,,105.0,45,,,105.0,0,0.0,0,,,105.0,0,,,105.0,1,0.0,0,,,105.0,0,,,105.0,0.0,0.0,0.0,0.0
2026-09-10 10:16:15,ALAB,283.91,-5.53,,102.5,100.0,0.0,AVG,0.0,89,,,100.0,89,,,100.0,AVG-0,0.0,89,,,100.0,89,,,100.0,0,0.0,0,,,100.0,0,,,100.0,1,0.0,0,,,100.0,0,,,100.0,0.0,0.0,0.0,0.0
2026-09-10 10:16:15,ALAB,283.91,-5.53,,98.75,97.5,0.0,AVG,0.0,2,,,97.5,2,,,97.5,AVG-0,0.0,2,,,97.5,2,,,97.5,0,0.0,0,,,97.5,0,,,97.5,1,0.0,0,,,97.5,0,,,97.5,0.0,0.0,0.0,0.0
2026-09-10 10:16:15,ALAB,283.91,-5.53,,96.25,95.0,0.0,AVG,0.0,-14,,,95.0,-14,,,95.0,AVG-0,0.0,-14,,,95.0,-14,,,95.0,0,0.0,0,,,95.0,0,,,95.0,1,0.0,0,,,95.0,0,,,95.0,0.0,0.0,0.0,0.0
2026-09-10 10:16:15,ALAB,283.91,-5.53,,93.75,92.5,0.0,AVG,0.0,5,,,92.5,5,,,92.5,AVG-0,0.0,5,,,92.5,5,,,92.5,0,0.0,0,,,92.5,0,,,92.5,1,0.0,0,,,92.5,0,,,92.5,0.0,0.0,0.0,0.0
2026-09-10 10:16:15,ALAB,283.91,-5.53,,91.25,90.0,0.0,AVG,0.0,7,,,90.0,7,,,90.0,AVG-0,0.0,7,,,90.0,7,,,90.0,0,0.0,0,,,90.0,0,,,90.0,1,0.0,0,,,90.0,0,,,90.0,0.0,0.0,0.0,0.0
2026-09-10 10:16:15,ALAB,283.91,-5.53,,88.75,87.5,0.0,AVG,0.0,1,,,87.5,1,,,87.5,AVG-0,0.0,1,,,87.5,1,,,87.5,0,0.0,0,,,87.5,0,,,87.5,1,0.0,0,,,87.5,0,,,87.5,0.0,0.0,0.0,0.0
2026-09-10 10:16:15,ALAB,283.91,-5.53,,86.25,85.0,0.0,AVG,0.0,6,,,85.0,6,,,85.0,AVG-0,0.0,6,,,85.0,6,,,85.0,0,0.0,0,,,85.0,0,,,85.0,1,0.0,0,,,85.0,0,,,85.0,0.0,0.0,0.0,0.0
2026-09-10 10:16:15,ALAB,283.91,-5.53,,83.75,82.5,0.0,AVG,0.0,0,,,82.5,0,,,82.5,AVG-0,0.0,0,,,82.5,0,,,82.5,0,0.0,0,,,82.5,0,,,82.5,1,0.0,0,,,82.5,0,,,82.5,0.0,0.0,0.0,0.0
2026-09-10 10:16:15,ALAB,283.91,-5.53,,81.25,80.0,0.0,AVG,0.0,-7,,,80.0,-7,,,80.0,AVG-0,0.0,-7,,,80.0,-7,,,80.0,0,0.0,0,,,80.0,0,,,80.0,1,0.0,0,,,80.0,0,,,80.0,0.0,0.0,0.0,0.0
2026-09-10 10:16:15,ALAB,283.91,-5.53,,78.75,77.5,0.0,AVG,0.0,-8,,,77.5,-8,,,77.5,AVG-0,0.0,-8,,,77.5,-8,,,77.5,0,0.0,0,,,77.5,0,,,77.5,1,0.0,0,,,77.5,0,,,77.5,0.0,0.0,0.0,0.0
2026-09-10 10:16:15,ALAB,283.91,-5.53,,76.25,75.0,0.0,AVG,0.0,7,,,75.0,7,,,75.0,AVG-0,0.0,7,,,75.0,7,,,75.0,0,0.0,0,,,75.0,0,,,75.0,1,0.0,0,,,75.0,0,,,75.0,0.0,0.0,0.0,0.0
2026-09-10 10:16:15,ALAB,283.91,-5.53,,73.75,72.5,0.0,AVG,0.0,-2,,,72.5,-2,,,72.5,AVG-0,0.0,-2,,,72.5,-2,,,72.5,0,0.0,0,,,72.5,0,,,72.5,1,0.0,0,,,72.5,0,,,72.5,0.0,0.0,0.0,0.0
2026-09-10 10:16:15,ALAB,283.91,-5.53,,71.25,70.0,0.0,AVG,0.0,-5,,,70.0,-5,,,70.0,AVG-0,0.0,-5,,,70.0,-5,,,70.0,0,0.0,0,,,70.0,0,,,70.0,1,0.0,0,,,70.0,0,,,70.0,0.0,0.0,0.0,0.0
2026-09-10 10:16:15,ALAB,283.91,-5.53,,68.75,67.5,0.0,AVG,0.0,0,,,67.5,0,,,67.5,AVG-0,0.0,0,,,67.5,0,,,67.5,0,0.0,0,,,67.5,0,,,67.5,1,0.0,0,,,67.5,0,,,67.5,0.0,0.0,0.0,0.0
2026-09-10 10:16:15,ALAB,283.91,-5.53,,66.25,65.0,0.0,AVG,0.0,1,,,65.0,1,,,65.0,AVG-0,0.0,1,,,65.0,1,,,65.0,0,0.0,0,,,65.0,0,,,65.0,1,0.0,0,,,65.0,0,,,65.0,0.0,0.0,0.0,0.0
2026-09-10 10:16:15,ALAB,283.91,-5.53,,63.75,62.5,0.0,AVG,0.0,0,,,62.5,0,,,62.5,AVG-0,0.0,0,,,62.5,0,,,62.5,0,0.0,0,,,62.5,0,,,62.5,1,0.0,0,,,62.5,0,,,62.5,0.0,0.0,0.0,0.0
2026-09-10 10:16:15,ALAB,283.91,-5.53,,61.25,60.0,0.0,AVG,0.0,-2,,,60.0,-2,,,60.0,AVG-0,0.0,-2,,,60.0,-2,,,60.0,0,0.0,0,,,60.0,0,,,60.0,1,0.0,0,,,60.0,0,,,60.0,0.0,0.0,0.0,0.0
2026-09-10 10:16:15,ALAB,283.91,-5.53,,58.75,57.5,0.0,AVG,0.0,0,,,57.5,0,,,57.5,AVG-0,0.0,0,,,57.5,0,,,57.5,0,0.0,0,,,57.5,0,,,57.5,1,0.0,0,,,57.5,0,,,57.5,0.0,0.0,0.0,0.0
2026-09-10 10:16:15,ALAB,283.91,-5.53,,56.25,55.0,0.0,AVG,0.0,-3,,,55.0,-3,,,55.0,AVG-0,0.0,-3,,,55.0,-3,,,55.0,0,0.0,0,,,55.0,0,,,55.0,1,0.0,0,,,55.0,0,,,55.0,0.0,0.0,0.0,0.0
2026-09-10 10:16:15,ALAB,283.91,-5.53,,53.75,52.5,0.0,AVG,0.0,0,,,52.5,0,,,52.5,AVG-0,0.0,0,,,52.5,0,,,52.5,0,0.0,0,,,52.5,0,,,52.5,1,0.0,0,,,52.5,0,,,52.5,0.0,0.0,0.0,0.0
2026-09-10 10:16:15,ALAB,283.91,-5.53,,51.25,50.0,0.0,AVG,0.0,0,,,50.0,0,,,50.0,AVG-0,0.0,0,,,50.0,0,,,50.0,0,0.0,0,,,50.0,0,,,50.0,1,0.0,0,,,50.0,0,,,50.0,0.0,0.0,0.0,0.0
2026-09-10 10:16:15,ALAB,283.91,-5.53,,48.75,47.5,0.0,AVG,0.0,0,,,47.5,0,,,47.5,AVG-0,0.0,0,,,47.5,0,,,47.5,0,0.0,0,,,47.5,0,,,47.5,1,0.0,0,,,47.5,0,,,47.5,0.0,0.0,0.0,0.0
2026-09-10 10:16:15,ALAB,283.91,-5.53,,46.25,45.0,0.0,AVG,0.0,0,,,45.0,0,,,45.0,AVG-0,0.0,0,,,45.0,0,,,45.0,0,0.0,0,,,45.0,0,,,45.0,1,0.0,0,,,45.0,0,,,45.0,0.0,0.0,0.0,0.0
2026-09-10 10:16:15,ALAB,283.91,-5.53,,43.75,42.5,0.0,AVG,0.0,0,,,42.5,0,,,42.5,AVG-0,0.0,0,,,42.5,0,,,42.5,0,0.0,0,,,42.5,0,,,42.5,1,0.0,0,,,42.5,0,,,42.5,0.0,0.0,0.0,0.0
2026-09-10 10:16:15,ALAB,283.91,-5.53,,41.25,40.0,0.0,AVG,0.0,0,,,40.0,0,,,40.0,AVG-0,0.0,0,,,40.0,0,,,40.0,0,0.0,0,,,40.0,0,,,40.0,1,0.0,0,,,40.0,0,,,40.0,0.0,0.0,0.0,0.0
2026-09-10 10:16:15,ALAB,283.91,-5.53,,38.75,37.5,0.0,AVG,0.0,0,,,37.5,0,,,37.5,AVG-0,0.0,0,,,37.5,0,,,37.5,0,0.0,0,,,37.5,0,,,37.5,1,0.0,0,,,37.5,0,,,37.5,0.0,0.0,0.0,0.0
2026-09-10 10:16:15,ALAB,283.91,-5.53,,36.25,35.0,0.0,AVG,0.0,0,,,35.0,0,,,35.0,AVG-0,0.0,0,,,35.0,0,,,35.0,0,0.0,0,,,35.0,0,,,35.0,1,0.0,0,,,35.0,0,,,35.0,0.0,0.0,0.0,0.0
2026-09-10 10:16:15,ALAB,283.91,-5.53,,33.75,32.5,0.0,AVG,0.0,0,,,32.5,0,,,32.5,AVG-0,0.0,0,,,32.5,0,,,32.5,0,0.0,0,,,32.5,0,,,32.5,1,0.0,0,,,32.5,0,,,32.5,0.0,0.0,0.0,0.0
2026-09-10 10:16:15,ALAB,283.91,-5.53,,31.25,30.0,0.0,AVG,0.0,0,,,30.0,0,,,30.0,AVG-0,0.0,0,,,30.0,0,,,30.0,0,0.0,0,,,30.0,0,,,30.0,1,0.0,0,,,30.0,0,,,30.0,0.0,0.0,0.0,0.0
2026-09-10 10:16:15,ALAB,283.91,-5.53,,28.75,27.5,0.0,AVG,0.0,0,,,27.5,0,,,27.5,AVG-0,0.0,0,,,27.5,0,,,27.5,0,0.0,0,,,27.5,0,,,27.5,1,0.0,0,,,27.5,0,,,27.5,0.0,0.0,0.0,0.0
2026-09-10 10:16:15,ALAB,283.91,-5.53,,26.25,25.0,0.0,AVG,0.0,0,,,25.0,0,,,25.0,AVG-0,0.0,0,,,25.0,0,,,25.0,0,0.0,0,,,25.0,0,,,25.0,1,0.0,0,,,25.0,0,,,25.0,0.0,0.0,0.0,0.0
2026-09-10 10:16:15,ALAB,283.91,-5.53,,23.75,22.5,0.0,AVG,0.0,0,,,22.5,0,,,22.5,AVG-0,0.0,0,,,22.5,0,,,22.5,0,0.0,0,,,22.5,0,,,22.5,1,0.0,0,,,22.5,0,,,22.5,0.0,0.0,0.0,0.0
2026-09-10 10:16:15,ALGN,149.4,-2.3,,,380.0,0.0,AVG,0.0,5,,,380.0,5,,,380.0,AVG-0,0.0,5,,,380.0,5,,,380.0,0,0.0,0,,,380.0,0,,,380.0,1,0.0,0,,,380.0,0,,,380.0,0.0,0.0,0.0,0.0
2026-09-10 10:16:15,ALGN,149.4,-2.3,,375.0,370.0,0.0,AVG,0.0,0,,,370.0,0,,,370.0,AVG-0,0.0,0,,,370.0,0,,,370.0,0,0.0,0,,,370.0,0,,,370.0,1,0.0,0,,,370.0,0,,,370.0,0.0,0.0,0.0,0.0
2026-09-10 10:16:15,ALGN,149.4,-2.3,,365.0,360.0,0.0,AVG,0.0,1,,,360.0,1,,,360.0,AVG-0,0.0,1,,,360.0,1,,,360.0,0,0.0,0,,,360.0,0,,,360.0,1,0.0,0,,,360.0,0,,,360.0,0.0,0.0,0.0,0.0
2026-09-10 10:16:15,ALGN,149.4,-2.3,,355.0,350.0,0.0,AVG,0.0,0,,,350.0,0,,,350.0,AVG-0,0.0,0,,,350.0,0,,,350.0,0,0.0,0,,,350.0,0,,,350.0,1,0.0,0,,,350.0,0,,,350.0,0.0,0.0,0.0,0.0
2026-09-10 10:16:15,ALGN,149.4,-2.3,,345.0,340.0,0.0,AVG,0.0,1,,,340.0,1,,,340.0,AVG-0,0.0,1,,,340.0,1,,,340.0,0,0.0,0,,,340.0,0,,,340.0,1,0.0,0,,,340.0,0,,,340.0,0.0,0.0,0.0,0.0
2026-09-10 10:16:15,ALGN,149.4,-2.3,,335.0,330.0,0.0,AVG,0.0,0,,,330.0,0,,,330.0,AVG-0,0.0,0,,,330.0,0,,,330.0,0,0.0,0,,,330.0,0,,,330.0,1,0.0,0,,,330.0,0,,,330.0,0.0,0.0,0.0,0.0
2026-09-10 10:16:15,ALGN,149.4,-2.3,,325.0,320.0,0.0,AVG,0.0,2,,,320.0,2,,,320.0,AVG-0,0.0,2,,,320.0,2,,,320.0,0,0.0,0,,,320.0,0,,,320.0,1,0.0,0,,,320.0,0,,,320.0,0.0,0.0,0.0,0.0
2026-09-10 10:16:15,ALGN,149.4,-2.3,,315.0,310.0,0.0,AVG,0.0,1,,,310.0,1,,,310.0,AVG-0,0.0,1,,,310.0,1,,,310.0,0,0.0,0,,,310.0,0,,,310.0,1,0.0,0,,,310.0,0,,,310.0,0.0,0.0,0.0,0.0
2026-09-10 10:16:15,ALGN,149.4,-2.3,,305.0,300.0,0.0,AVG,0.0,15,,,300.0,15,,,300.0,AVG-0,0.0,15,,,300.0,15,,,300.0,0,0.0,0,,,300.0,0,,,300.0,1,0.0,0,,,300.0,0,,,300.0,0.0,0.0,0.0,0.0
2026-09-10 10:16:15,ALGN,149.4,-2.3,,295.0,290.0,0.0,AVG,0.34132,52,,,290.0,51,,,290.0,AVG-0,0.34132,52,,,290.0,51,,,290.0,0,0.0,0,,,290.0,0,,,290.0,1,0.0,0,,,290.0,0,,,290.0,0.0,0.0,0.0,0.0
2026-09-10 10:16:15,ALGN,149.4,-2.3,,285.0,280.0,0.0,AVG,0.0,73,,,280.0,73,,,280.0,AVG-0,0.0,73,,,280.0,73,,,280.0,0,0.0,0,,,280.0,0,,,280.0,1,0.0,0,,,280.0,0,,,280.0,0.0,0.0,0.0,0.0
2026-09-10 10:16:15,ALGN,149.4,-2.3,,275.0,270.0,0.0,AVG,0.0,54,,,270.0,54,,,270.0,AVG-0,0.0,54,,,270.0,54,,,270.0,0,0.0,0,,,270.0,0,,,270.0,1,0.0,0,,,270.0,0,,,270.0,0.0,0.0,0.0,0.0
2026-09-10 10:16:15,ALGN,149.4,-2.3,,265.0,260.0,0.0,AVG,0.0,31,,,260.0,31,,,260.0,AVG-0,0.0,31,,,260.0,31,,,260.0,0,0.0,0,,,260.0,0,,,260.0,1,0.0,0,,,260.0,0,,,260.0,0.0,0.0,0.0,0.0
2026-09-10 10:16:15,ALGN,149.4,-2.3,,255.0,250.0,0.0,AVG,0.14004,199,,,250.0,198,,,250.0,AVG-0,0.14004,199,,,250.0,198,,,250.0,0,0.0,0,,,250.0,0,,,250.0,1,0.0,0,,,250.0,0,,,250.0,0.0,0.0,0.0,0.0
2026-09-10 10:16:15,ALGN,149.4,-2.3,,247.5,245.0,0.0,AVG,0.0,0,,,245.0,0,,,245.0,AVG-0,0.0,0,,,245.0,0,,,245.0,0,0.0,0,,,245.0,0,,,245.0,1,0.0,0,,,245.0,0,,,245.0,0.0,0.0,0.0,0.0
2026-09-10 10:16:15,ALGN,149.4,-2.3,,242.5,240.0,0.0,AVG,0.0,329,,,240.0,329,,,240.0,AVG-0,0.0,329,,,240.0,329,,,240.0,0,0.0,0,,,240.0,0,,,240.0,1,0.0,0,,,240.0,0,,,240.0,0.0,0.0,0.0,0.0
2026-09-10 10:16:15,ALGN,149.4,-2.3,,237.5,235.0,0.0,AVG,0.0,0,,,235.0,0,,,235.0,AVG-0,0.0,0,,,235.0,0,,,235.0,0,0.0,0,,,235.0,0,,,235.0,1,0.0,0,,,235.0,0,,,235.0,0.0,0.0,0.0,0.0
2026-09-10 10:16:15,ALGN,149.4,-2.3,,232.5,230.0,0.0,AVG,0.20729,87,,,230.0,86,,,230.0,AVG-0,0.20729,87,,,230.0,86,,,230.0,0,0.0,0,,,230.0,0,,,230.0,1,0.0,0,,,230.0,0,,,230.0,0.0,0.0,0.0,0.0
2026-09-10 10:16:15,ALGN,149.4,-2.3,,227.5,225.0,0.0,AVG,0.0,0,,,225.0,0,,,225.0,AVG-0,0.0,0,,,225.0,0,,,225.0,0,0.0,0,,,225.0,0,,,225.0,1,0.0,0,,,225.0,0,,,225.0,0.0,0.0,0.0,0.0
2026-09-10 10:16:15,ALGN,149.4,-2.3,,222.5,220.0,0.0,AVG,0.0,1166,,,220.0,1166,,,220.0,AVG-0,0.0,1166,,4.0,220.0,1166,,4.0,220.0,0,0.0,0,,,220.0,0,,,220.0,1,0.0,0,,,220.0,0,,,220.0,0.0,0.0,0.0,0.0
2026-09-10 10:16:15,ALGN,149.4,-2.3,,217.5,215.0,0.0,AVG,0.0,0,,,215.0,0,,,215.0,AVG-0,0.0,0,,,215.0,0,,,215.0,0,0.0,0,,,215.0,0,,,215.0,1,0.0,0,,,215.0,0,,,215.0,0.0,0.0,0.0,0.0
2026-09-10 10:16:15,ALGN,149.4,-2.3,,212.5,210.0,0.0,AVG,0.0,140,,,210.0,140,,,210.0,AVG-0,0.0,140,,,210.0,140,,,210.0,0,0.0,0,,,210.0,0,,,210.0,1,0.0,0,,,210.0,0,,,210.0,0.0,0.0,0.0,0.0
2026-09-10 10:16:15,ALGN,149.4,-2.3,,207.5,205.0,0.0,AVG,0.0,0,,,205.0,0,,,205.0,AVG-0,0.0,0,,,205.0,0,,,205.0,0,0.0,0,,,205.0,0,,,205.0,1,0.0,0,,,205.0,0,,,205.0,0.0,0.0,0.0,0.0
2026-09-10 10:16:15,ALGN,149.4,-2.3,,202.5,200.0,0.0,AVG,0.0,247,,,200.0,247,,,200.0,AVG-0,0.0,247,,,200.0,247,,,200.0,0,0.0,0,,,200.0,0,,,200.0,1,0.0,0,,,200.0,0,,,200.0,0.0,0.0,0.0,0.0
2026-09-10 10:16:15,ALGN,149.4,-2.3,,197.5,195.0,0.0,AVG,0.0,-51,,,195.0,-51,,,195.0,AVG-0,0.0,-51,,,195.0,-51,,,195.0,0,0.0,0,,,195.0,0,,,195.0,1,0.0,1,,,195.0,1,,,195.0,0.0,0.0,0.0,0.0
2026-09-10 10:16:15,ALGN,149.4,-2.3,,192.5,190.0,0.0,AVG,0.0,432,,,190.0,432,,,190.0,AVG-0,0.0,432,,,190.0,432,,,190.0,0,0.0,0,,,190.0,0,,,190.0,1,0.0,3,,,190.0,3,,,190.0,0.0,0.0,0.0,0.0
2026-09-10 10:16:15,ALGN,149.4,-2.3,,187.5,185.0,0.0,AVG,0.08745,326,,,185.0,325,,,185.0,AVG-0,0.08745,326,,,185.0,325,,,185.0,0,0.0,0,,,185.0,0,,,185.0,1,0.0,20,,,185.0,20,,,185.0,0.0,0.0,0.0,0.0
2026-09-10 10:16:15,ALGN,149.4,-2.3,,183.75,182.5,0.0,AVG,0.0,1,,,182.5,1,,,182.5,AVG-0,0.0,1,,,182.5,1,,,182.5,0,0.0,0,,,182.5,0,,,182.5,1,0.0,1,,,182.5,1,,,182.5,0.0,0.0,0.0,0.0
2026-09-10 10:16:15,ALGN,149.4,-2.3,,181.25,180.0,0.0,AVG,0.0,657,,,180.0,657,,,180.0,AVG-0,0.0,657,,,180.0,657,,,180.0,0,0.0,0,,,180.0,0,,,180.0,1,0.0,10,,,180.0,10,,,180.0,0.0,0.0,0.0,0.0
2026-09-10 10:16:15,ALGN,149.4,-2.3,,178.75,177.5,0.0,AVG,0.0,16,,,177.5,16,,,177.5,AVG-0,0.0,16,,,177.5,16,,,177.5,0,0.0,0,,,177.5,0,,,177.5,1,0.0,16,,,177.5,16,,,177.5,0.0,0.0,0.0,0.0
2026-09-10 10:16:15,ALGN,149.4,-2.3,,176.25,175.0,0.0,AVG,0.0,375,,,175.0,375,,,175.0,AVG-0,0.0,375,,,175.0,375,,,175.0,0,0.0,0,,,175.0,0,,,175.0,1,0.0,78,,,175.0,78,,,175.0,0.0,0.0,0.0,0.0
2026-09-10 10:16:15,ALGN,149.4,-2.3,,173.75,172.5,0.0,AVG,0.0,6,,,172.5,6,,,172.5,AVG-0,0.0,6,,,172.5,6,,,172.5,0,0.0,0,,,172.5,0,,,172.5,1,0.0,6,,,172.5,6,,,172.5,0.0,0.0,0.0,0.0
2026-09-10 10:16:15,ALGN,149.4,-2.3,,171.25,170.0,0.0,AVG,0.24712,-344,,,170.0,-346,,,170.0,AVG-0,0.24712,-344,,,170.0,-346,,,170.0,0,0.0,0,,,170.0,0,,,170.0,1,0.0,-109,,,170.0,-109,,,170.0,0.0,0.0,0.0,0.0
2026-09-10 10:16:15,ALGN,149.4,-2.3,,168.75,167.5,0.0,AVG,0.0,82,,,167.5,82,,,167.5,AVG-0,0.0,82,,,167.5,82,,,167.5,0,0.0,0,,,167.5,0,,,167.5,1,0.0,82,,,167.5,82,,,167.5,0.0,0.0,0.0,0.0
2026-09-10 10:16:15,ALGN,149.4,-2.3,,166.25,165.0,0.0,AVG,-3.23626,306,,,165.0,313,,,165.0,AVG-0,-3.23626,304,,,165.0,311,,,165.0,0,0.0,2,,,165.0,2,,,165.0,1,0.11467,612,,4.0,165.0,609,,4.0,165.0,0.0,0.0,0.0,0.0
2026-09-10 10:16:15,ALGN,149.4,-2.3,,163.75,162.5,0.0,AVG,0.0,-2,,,162.5,-2,,,162.5,AVG-0,0.0,-9,,,162.5,-9,,,162.5,0,0.0,7,,,162.5,7,,,162.5,1,0.0,-9,,,162.5,-9,,,162.5,0.0,0.0,0.0,0.0
2026-09-10 10:16:15,ALGN,149.4,-2.3,,161.25,160.0,0.0,AVG,0.43999,12503,+,1.0,160.0,12490,+,1.0,160.0,AVG-0,1.80723,12279,M+,1.0,160.0,12273,M+,1.0,160.0,0,-1.36724,224,+,,160.0,217,+,,160.0,1,0.0,12964,M+,1.0,160.0,12964,M+,1.0,160.0,0.0,0.0,0.0,0.0
2026-09-10 10:16:15,ALGN,149.4,-2.3,,158.75,157.5,0.0,AVG,0.0,-400,M,,157.5,-400,M,,157.5,AVG-0,0.0,-328,*,,157.5,-328,*,,157.5,0,0.0,-72,*,,157.5,-72,*,,157.5,1,0.0,-328,*,,157.5,-328,*,,157.5,0.0,0.0,0.0,0.0
2026-09-10 10:16:15,ALGN,149.4,-2.3,,156.25,155.0,0.0,AVG,-1.59068,-1421,*,,N/N,-1437,*,,N/N,AVG-0,-1.27496,-1027,*,,N/N,-1019,*,,N/N,0,-0.31572,-394,*,5.0,N/N,-418,*,5.0,N/N,1,0.0,-559,*,5.0,155.0,-559,*,5.0,155.0,0.0,0.0,0.0,0.0
2026-09-10 10:16:15,ALGN,149.4,-2.3,,153.75,152.5,0.0,AVG,0.0,-478,*,,152.5,-478,*,,152.5,AVG-0,0.0,-223,*,,152.5,-223,*,,152.5,0,0.0,-255,*,,152.5,-255,*,,152.5,1,0.0,-223,*,,152.5,-223,*,,152.5,0.0,0.0,0.0,0.0
2026-09-10 10:16:15,ALGN,149.4,-2.3,,151.25,150.0,0.0,AVG,-2.40159,-1718,*,5.0,N/N,-1696,*,5.0,N/N,AVG-0,-2.40159,186,*,,150.0,208,*,,150.0,0,0.0,-1904,*,2.0,150.0,-1904,*,2.0,150.0,1,-0.97742,-398,*,,N/N,-387,*,,N/N,0.0,0.0,0.0,0.0
2026-09-10 10:16:15,ALGN,149.4,-2.3,CURR,149.5,149.0,0.0,AVG,0.0,-519,*,,149.0,-519,*,,149.0,AVG-0,0.0,-45,*,,149.0,-45,*,,149.0,0,0.0,-474,*,4.0,149.0,-474,*,4.0,149.0,1,0.0,-45,*,,149.0,-45,*,,149.0,0.0,0.0,0.0,0.0
2026-09-10 10:16:15,ALGN,149.4,-2.3,,148.5,148.0,0.0,AVG,-0.32403,-986,*,,N/N,-972,*,,N/N,AVG-0,0.0,-77,*,,148.0,-77,*,,148.0,0,-0.32403,-909,M,3.0,N/N,-895,M,3.0,N/N,1,0.0,-77,*,,148.0,-77,*,,148.0,0.0,0.0,0.0,0.0
2026-09-10 10:16:15,ALGN,149.4,-2.3,,147.5,147.0,0.0,AVG,0.0,-4294,-,2.0,147.0,-4294,-,2.0,147.0,AVG-0,0.0,-60,*,,147.0,-60,*,,147.0,0,0.0,-4234,-,1.0,147.0,-4234,-,1.0,147.0,1,0.0,-60,*,,147.0,-60,*,,147.0,0.0,0.0,0.0,0.0
2026-09-10 10:16:15,ALGN,149.4,-2.3,,146.5,146.0,0.0,AVG,-0.65376,-438,,,N/N,-428,,,N/N,AVG-0,-0.65376,-105,*,,N/N,-95,*,,N/N,0,0.0,-333,,,146.0,-333,,,146.0,1,-0.65376,-105,*,,N/N,-95,*,,N/N,0.0,0.0,0.0,0.0
2026-09-10 10:16:15,ALGN,149.4,-2.3,,145.5,145.0,0.0,AVG,-1.5318699999999998,-1797,,4.0,N/N,-1776,,4.0,N/N,AVG-0,-1.5318699999999998,-1456,*,3.0,N/N,-1435,*,3.0,N/N,0,0.0,-341,,,145.0,-341,,,145.0,1,-0.8681699999999999,-682,-,2.0,N/N,-667,-,2.0,N/N,0.0,0.0,0.0,0.0
2026-09-10 10:16:15,ALGN,149.4,-2.3,,144.5,144.0,0.0,AVG,0.0,-175,,,144.0,-175,,,144.0,AVG-0,0.0,0,*,,144.0,0,*,,144.0,0,0.0,-175,,,144.0,-175,,,144.0,1,0.0,0,,,144.0,0,,,144.0,0.0,0.0,0.0,0.0
2026-09-10 10:16:15,ALGN,149.4,-2.3,,143.5,143.0,0.0,AVG,0.0,-173,,,143.0,-173,,,143.0,AVG-0,0.0,0,*,,143.0,0,*,,143.0,0,0.0,-173,,,143.0,-173,,,143.0,1,0.0,0,,,143.0,0,,,143.0,0.0,0.0,0.0,0.0
2026-09-10 10:16:15,ALGN,149.4,-2.3,,142.5,142.0,0.0,AVG,0.0,0,,,142.0,0,,,142.0,AVG-0,0.0,0,*,,142.0,0,*,,142.0,0,0.0,0,,,142.0,0,,,142.0,1,0.0,0,,,142.0,0,,,142.0,0.0,0.0,0.0,0.0
2026-09-10 10:16:15,ALGN,149.4,-2.3,,141.5,141.0,0.0,AVG,0.0,-2,,,141.0,-2,,,141.0,AVG-0,0.0,0,*,,141.0,0,*,,141.0,0,0.0,-2,,,141.0,-2,,,141.0,1,0.0,0,,,141.0,0,,,141.0,0.0,0.0,0.0,0.0
2026-09-10 10:16:15,ALGN,149.4,-2.3,,140.5,140.0,0.0,AVG,-7.9452,-1223,,,N/N,-1149,,,N/N,AVG-0,-7.9452,-1139,*,5.0,N/N,-1065,*,5.0,N/N,0,0.0,-84,,,140.0,-84,,,140.0,1,0.0,-622,,3.0,140.0,-622,,3.0,140.0,0.0,0.0,0.0,0.0
2026-09-10 10:16:15,ALGN,149.4,-2.3,,139.5,139.0,0.0,AVG,0.0,0,,,139.0,0,,,139.0,AVG-0,0.0,0,*,,139.0,0,*,,139.0,0,0.0,0,,,139.0,0,,,139.0,1,0.0,0,,,139.0,0,,,139.0,0.0,0.0,0.0,0.0
2026-09-10 10:16:15,ALGN,149.4,-2.3,,138.5,138.0,0.0,AVG,0.0,0,,,138.0,0,,,138.0,AVG-0,0.0,0,*,,138.0,0,*,,138.0,0,0.0,0,,,138.0,0,,,138.0,1,0.0,0,,,138.0,0,,,138.0,0.0,0.0,0.0,0.0
2026-09-10 10:16:15,ALGN,149.4,-2.3,,137.5,137.0,0.0,AVG,0.0,0,,,137.0,0,,,137.0,AVG-0,0.0,0,*,,137.0,0,*,,137.0,0,0.0,0,,,137.0,0,,,137.0,1,0.0,0,,,137.0,0,,,137.0,0.0,0.0,0.0,0.0
2026-09-10 10:16:15,ALGN,149.4,-2.3,,136.5,136.0,0.0,AVG,0.0,0,,,136.0,0,,,136.0,AVG-0,0.0,0,*,,136.0,0,*,,136.0,0,0.0,0,,,136.0,0,,,136.0,1,0.0,0,,,136.0,0,,,136.0,0.0,0.0,0.0,0.0
2026-09-10 10:16:15,ALGN,149.4,-2.3,,135.5,135.0,0.0,AVG,-6.0639,-679,,,N/N,-610,,,N/N,AVG-0,-6.0639,-679,*,,N/N,-610,*,,N/N,0,0.0,0,,,135.0,0,,,135.0,1,0.0,-151,,,135.0,-151,,,135.0,0.0,0.0,0.0,0.0
2026-09-10 10:16:15,ALGN,149.4,-2.3,,134.5,134.0,0.0,AVG,0.0,0,,,134.0,0,,,134.0,AVG-0,0.0,0,*,,134.0,0,*,,134.0,0,0.0,0,,,134.0,0,,,134.0,1,0.0,0,,,134.0,0,,,134.0,0.0,0.0,0.0,0.0
2026-09-10 10:16:15,ALGN,149.4,-2.3,,133.5,133.0,0.0,AVG,0.0,0,,,133.0,0,,,133.0,AVG-0,0.0,0,*,,133.0,0,*,,133.0,0,0.0,0,,,133.0,0,,,133.0,1,0.0,0,,,133.0,0,,,133.0,0.0,0.0,0.0,0.0
2026-09-10 10:16:15,ALGN,149.4,-2.3,,132.5,132.0,0.0,AVG,0.0,0,,,132.0,0,,,132.0,AVG-0,0.0,0,*,,132.0,0,*,,132.0,0,0.0,0,,,132.0,0,,,132.0,1,0.0,0,,,132.0,0,,,132.0,0.0,0.0,0.0,0.0
2026-09-10 10:16:15,ALGN,149.4,-2.3,,131.5,131.0,0.0,AVG,0.0,0,,,131.0,0,,,131.0,AVG-0,0.0,0,*,,131.0,0,*,,131.0,0,0.0,0,,,131.0,0,,,131.0,1,0.0,0,,,131.0,0,,,131.0,0.0,0.0,0.0,0.0
2026-09-10 10:16:15,ALGN,149.4,-2.3,,130.5,130.0,0.0,AVG,-1.3743,-1919,,3.0,N/N,-1903,,3.0,N/N,AVG-0,-1.3743,-1919,-,2.0,N/N,-1903,-,2.0,N/N,0,0.0,0,,,130.0,0,,,130.0,1,0.0,-24,,,130.0,-24,,,130.0,0.0,0.0,0.0,0.0
2026-09-10 10:16:15,ALGN,149.4,-2.3,,129.5,129.0,0.0,AVG,0.0,0,,,129.0,0,,,129.0,AVG-0,0.0,0,,,129.0,0,,,129.0,0,0.0,0,,,129.0,0,,,129.0,1,0.0,0,,,129.0,0,,,129.0,0.0,0.0,0.0,0.0
2026-09-10 10:16:15,ALGN,149.4,-2.3,,128.5,128.0,0.0,AVG,0.0,0,,,128.0,0,,,128.0,AVG-0,0.0,0,,,128.0,0,,,128.0,0,0.0,0,,,128.0,0,,,128.0,1,0.0,0,,,128.0,0,,,128.0,0.0,0.0,0.0,0.0
2026-09-10 10:16:15,ALGN,149.4,-2.3,,127.5,127.0,0.0,AVG,0.0,0,,,127.0,0,,,127.0,AVG-0,0.0,0,,,127.0,0,,,127.0,0,0.0,0,,,127.0,0,,,127.0,1,0.0,0,,,127.0,0,,,127.0,0.0,0.0,0.0,0.0
2026-09-10 10:16:15,ALGN,149.4,-2.3,,126.5,126.0,0.0,AVG,0.0,0,,,126.0,0,,,126.0,AVG-0,0.0,0,,,126.0,0,,,126.0,0,0.0,0,,,126.0,0,,,126.0,1,0.0,0,,,126.0,0,,,126.0,0.0,0.0,0.0,0.0
2026-09-10 10:16:15,ALGN,149.4,-2.3,,125.5,125.0,0.0,AVG,0.0,-966,,,125.0,-966,,,125.0,AVG-0,0.0,-966,,,125.0,-966,,,125.0,0,0.0,0,,,125.0,0,,,125.0,1,0.0,-8,,,125.0,-8,,,125.0,0.0,0.0,0.0,0.0
2026-09-10 10:16:15,ALGN,149.4,-2.3,,124.5,124.0,0.0,AVG,0.0,0,,,124.0,0,,,124.0,AVG-0,0.0,0,,,124.0,0,,,124.0,0,0.0,0,,,124.0,0,,,124.0,1,0.0,0,,,124.0,0,,,124.0,0.0,0.0,0.0,0.0
2026-09-10 10:16:15,ALGN,149.4,-2.3,,122.0,120.0,0.0,AVG,-0.95825,41,,,120.0,45,,,120.0,AVG-0,-0.95825,41,,,120.0,45,,,120.0,0,0.0,0,,,120.0,0,,,120.0,1,0.0,-1,,,120.0,-1,,,120.0,0.0,0.0,0.0,0.0
2026-09-10 10:16:15,ALGN,149.4,-2.3,,117.5,115.0,0.0,AVG,0.0,-200,,,115.0,-200,,,115.0,AVG-0,0.0,-200,,,115.0,-200,,,115.0,0,0.0,0,,,115.0,0,,,115.0,1,0.0,-2,,,115.0,-2,,,115.0,0.0,0.0,0.0,0.0
2026-09-10 10:16:15,ALGN,149.4,-2.3,,112.5,110.0,0.0,AVG,0.0,-134,,,110.0,-134,,,110.0,AVG-0,0.0,-134,,,110.0,-134,,,110.0,0,0.0,0,,,110.0,0,,,110.0,1,0.0,0,,,110.0,0,,,110.0,0.0,0.0,0.0,0.0
2026-09-10 10:16:15,ALGN,149.4,-2.3,,107.5,105.0,0.0,AVG,0.0,-131,,,105.0,-131,,,105.0,AVG-0,0.0,-131,,,105.0,-131,,,105.0,0,0.0,0,,,105.0,0,,,105.0,1,0.0,0,,,105.0,0,,,105.0,0.0,0.0,0.0,0.0
2026-09-10 10:16:15,ALGN,149.4,-2.3,,102.5,100.0,0.0,AVG,-1.1925,-261,,,N/N,-253,,,N/N,AVG-0,-1.1925,-261,,,N/N,-253,,,N/N,0,0.0,0,,,100.0,0,,,100.0,1,0.0,0,,,100.0,0,,,100.0,0.0,0.0,0.0,0.0
2026-09-10 10:16:15,ALGN,149.4,-2.3,,97.5,95.0,0.0,AVG,0.0,-144,,,95.0,-144,,,95.0,AVG-0,0.0,-144,,,95.0,-144,,,95.0,0,0.0,0,,,95.0,0,,,95.0,1,0.0,0,,,95.0,0,,,95.0,0.0,0.0,0.0,0.0
2026-09-10 10:16:15,ALGN,149.4,-2.3,,92.5,90.0,0.0,AVG,-0.12796,-41,,,N/N,-40,,,N/N,AVG-0,-0.12796,-41,,,N/N,-40,,,N/N,0,0.0,0,,,90.0,0,,,90.0,1,0.0,0,,,90.0,0,,,90.0,0.0,0.0,0.0,0.0
2026-09-10 10:16:15,ALGN,149.4,-2.3,,87.5,85.0,0.0,AVG,0.0,-22,,,85.0,-22,,,85.0,AVG-0,0.0,-22,,,85.0,-22,,,85.0,0,0.0,0,,,85.0,0,,,85.0,1,0.0,0,,,85.0,0,,,85.0,0.0,0.0,0.0,0.0
2026-09-10 10:16:15,ALGN,149.4,-2.3,,82.5,80.0,0.0,AVG,0.0,-23,,,80.0,-23,,,80.0,AVG-0,0.0,-23,,,80.0,-23,,,80.0,0,0.0,0,,,80.0,0,,,80.0,1,0.0,0,,,80.0,0,,,80.0,0.0,0.0,0.0,0.0
2026-09-10 10:16:15,ALGN,149.4,-2.3,,77.5,75.0,0.0,AVG,0.0,-5,,,75.0,-5,,,75.0,AVG-0,0.0,-5,,,75.0,-5,,,75.0,0,0.0,0,,,75.0,0,,,75.0,1,0.0,0,,,75.0,0,,,75.0,0.0,0.0,0.0,0.0
2026-09-10 10:16:15,ALGN,149.4,-2.3,,72.5,70.0,0.0,AVG,0.0,-1,,,70.0,-1,,,70.0,AVG-0,0.0,-1,,,70.0,-1,,,70.0,0,0.0,0,,,70.0,0,,,70.0,1,0.0,0,,,70.0,0,,,70.0,0.0,0.0,0.0,0.0
2026-09-10 10:16:15,ALGN,149.4,-2.3,,67.5,65.0,0.0,AVG,0.0,-4,,,65.0,-4,,,65.0,AVG-0,0.0,-4,,,65.0,-4,,,65.0,0,0.0,0,,,65.0,0,,,65.0,1,0.0,0,,,65.0,0,,,65.0,0.0,0.0,0.0,0.0
2026-09-10 10:16:15,AMAT,455.38,-2.87,,,1020.0,0.0,AVG,0.0,658,,,1020.0,658,,,1020.0,AVG-0,0.0,658,,,1020.0,658,,,1020.0,0,0.0,0,,,1020.0,0,,,1020.0,1,0.0,0,,,1020.0,0,,,1020.0,0.0,0.0,0.0,0.0
2026-09-10 10:16:15,AMAT,455.38,-2.87,,1010.0,1000.0,0.0,AVG,0.28148,932,,,1000.0,932,,,1000.0,AVG-0,0.28148,932,,,1000.0,932,,,1000.0,0,0.0,0,,,1000.0,0,,,1000.0,1,0.0,0,,,1000.0,0,,,1000.0,0.0,0.0,0.0,0.0
2026-09-10 10:16:15,AMAT,455.38,-2.87,,990.0,980.0,0.0,AVG,0.0,375,,,980.0,375,,,980.0,AVG-0,0.0,375,,,980.0,375,,,980.0,0,0.0,0,,,980.0,0,,,980.0,1,0.0,0,,,980.0,0,,,980.0,0.0,0.0,0.0,0.0
2026-09-10 10:16:15,AMAT,455.38,-2.87,,975.0,970.0,0.0,AVG,0.0,127,,,970.0,127,,,970.0,AVG-0,0.0,127,,,970.0,127,,,970.0,0,0.0,0,,,970.0,0,,,970.0,1,0.0,0,,,970.0,0,,,970.0,0.0,0.0,0.0,0.0
2026-09-10 10:16:15,AMAT,455.38,-2.87,,965.0,960.0,0.0,AVG,0.0,127,,,960.0,127,,,960.0,AVG-0,0.0,127,,,960.0,127,,,960.0,0,0.0,0,,,960.0,0,,,960.0,1,0.0,0,,,960.0,0,,,960.0,0.0,0.0,0.0,0.0
2026-09-10 10:16:15,AMAT,455.38,-2.87,,955.0,950.0,0.0,AVG,0.0,110,,,950.0,110,,,950.0,AVG-0,0.0,110,,,950.0,110,,,950.0,0,0.0,0,,,950.0,0,,,950.0,1,0.0,0,,,950.0,0,,,950.0,0.0,0.0,0.0,0.0
2026-09-10 10:16:15,AMAT,455.38,-2.87,,945.0,940.0,0.0,AVG,0.0,246,,,940.0,246,,,940.0,AVG-0,0.0,246,,,940.0,246,,,940.0,0,0.0,0,,,940.0,0,,,940.0,1,0.0,0,,,940.0,0,,,940.0,0.0,0.0,0.0,0.0
2026-09-10 10:16:15,AMAT,455.38,-2.87,,935.0,930.0,0.0,AVG,0.73881,185,,,930.0,183,,,930.0,AVG-0,0.73881,185,,,930.0,183,,,930.0,0,0.0,0,,,930.0,0,,,930.0,1,0.0,0,,,930.0,0,,,930.0,0.0,0.0,0.0,0.0
2026-09-10 10:16:15,AMAT,455.38,-2.87,,925.0,920.0,0.0,AVG,0.0,123,,,920.0,123,,,920.0,AVG-0,0.0,123,,,920.0,123,,,920.0,0,0.0,0,,,920.0,0,,,920.0,1,0.0,0,,,920.0,0,,,920.0,0.0,0.0,0.0,0.0
2026-09-10 10:16:15,AMAT,455.38,-2.87,,915.0,910.0,0.0,AVG,0.0,77,,,910.0,77,,,910.0,AVG-0,0.0,77,,,910.0,77,,,910.0,0,0.0,0,,,910.0,0,,,910.0,1,0.0,0,,,910.0,0,,,910.0,0.0,0.0,0.0,0.0
2026-09-10 10:16:15,AMAT,455.38,-2.87,,905.0,900.0,0.0,AVG,0.0,230,,,900.0,230,,,900.0,AVG-0,0.0,230,,,900.0,230,,,900.0,0,0.0,0,,,900.0,0,,,900.0,1,0.0,0,,,900.0,0,,,900.0,0.0,0.0,0.0,0.0
2026-09-10 10:16:15,AMAT,455.38,-2.87,,895.0,890.0,0.0,AVG,0.0,118,,,890.0,118,,,890.0,AVG-0,0.0,118,,,890.0,118,,,890.0,0,0.0,0,,,890.0,0,,,890.0,1,0.0,0,,,890.0,0,,,890.0,0.0,0.0,0.0,0.0
2026-09-10 10:16:15,AMAT,455.38,-2.87,,885.0,880.0,0.0,AVG,0.0,259,,,880.0,259,,,880.0,AVG-0,0.0,259,,,880.0,259,,,880.0,0,0.0,0,,,880.0,0,,,880.0,1,0.0,0,,,880.0,0,,,880.0,0.0,0.0,0.0,0.0
2026-09-10 10:16:15,AMAT,455.38,-2.87,,870.0,860.0,0.0,AVG,0.0,243,,,860.0,243,,,860.0,AVG-0,0.0,243,,,860.0,243,,,860.0,0,0.0,0,,,860.0,0,,,860.0,1,0.0,0,,,860.0,0,,,860.0,0.0,0.0,0.0,0.0
2026-09-10 10:16:15,AMAT,455.38,-2.87,,850.0,840.0,0.0,AVG,0.0,853,,,840.0,853,,,840.0,AVG-0,0.0,853,,,840.0,853,,,840.0,0,0.0,0,,,840.0,0,,,840.0,1,0.0,0,,,840.0,0,,,840.0,0.0,0.0,0.0,0.0
2026-09-10 10:16:15,AMAT,455.38,-2.87,,835.0,830.0,0.0,AVG,0.0,0,,,830.0,0,,,830.0,AVG-0,0.0,0,,,830.0,0,,,830.0,0,0.0,0,,,830.0,0,,,830.0,1,0.0,0,,,830.0,0,,,830.0,0.0,0.0,0.0,0.0
2026-09-10 10:16:15,AMAT,455.38,-2.87,,825.0,820.0,0.0,AVG,0.15327,984,,,820.0,983,,,820.0,AVG-0,0.15327,984,,,820.0,983,,,820.0,0,0.0,0,,,820.0,0,,,820.0,1,0.0,0,,,820.0,0,,,820.0,0.0,0.0,0.0,0.0
2026-09-10 10:16:15,AMAT,455.38,-2.87,,815.0,810.0,0.0,AVG,0.0,345,,,810.0,345,,,810.0,AVG-0,0.0,345,,,810.0,345,,,810.0,0,0.0,0,,,810.0,0,,,810.0,1,0.0,0,,,810.0,0,,,810.0,0.0,0.0,0.0,0.0
2026-09-10 10:16:15,AMAT,455.38,-2.87,,805.0,800.0,0.0,AVG,0.2228399999999999,1243,,,800.0,1242,,,800.0,AVG-0,0.2228399999999999,1243,,,800.0,1242,,,800.0,0,0.0,0,,,800.0,0,,,800.0,1,0.0,0,,,800.0,0,,,800.0,0.0,0.0,0.0,0.0
2026-09-10 10:16:15,AMAT,455.38,-2.87,,795.0,790.0,0.0,AVG,0.0,21,,,790.0,21,,,790.0,AVG-0,0.0,21,,,790.0,21,,,790.0,0,0.0,0,,,790.0,0,,,790.0,1,0.0,0,,,790.0,0,,,790.0,0.0,0.0,0.0,0.0
2026-09-10 10:16:15,AMAT,455.38,-2.87,,785.0,780.0,0.0,AVG,0.01587,290,,,780.0,290,,,780.0,AVG-0,0.01587,290,,,780.0,290,,,780.0,0,0.0,0,,,780.0,0,,,780.0,1,0.0,0,,,780.0,0,,,780.0,0.0,0.0,0.0,0.0
2026-09-10 10:16:15,AMAT,455.38,-2.87,,775.0,770.0,0.0,AVG,0.0,6,,,770.0,6,,,770.0,AVG-0,0.0,6,,,770.0,6,,,770.0,0,0.0,0,,,770.0,0,,,770.0,1,0.0,0,,,770.0,0,,,770.0,0.0,0.0,0.0,0.0
2026-09-10 10:16:15,AMAT,455.38,-2.87,,765.0,760.0,0.0,AVG,0.00446,725,,,760.0,725,,,760.0,AVG-0,0.00446,725,,,760.0,725,,,760.0,0,0.0,0,,,760.0,0,,,760.0,1,0.0,0,,,760.0,0,,,760.0,0.0,0.0,0.0,0.0
2026-09-10 10:16:15,AMAT,455.38,-2.87,,755.0,750.0,0.0,AVG,-18.7314,409,,,750.0,417,,,750.0,AVG-0,-18.7314,409,,,750.0,417,,,750.0,0,0.0,0,,,750.0,0,,,750.0,1,0.0,0,,,750.0,0,,,750.0,0.0,0.0,0.0,0.0
2026-09-10 10:16:15,AMAT,455.38,-2.87,,745.0,740.0,0.0,AVG,0.0,434,,,740.0,434,,,740.0,AVG-0,0.0,434,,,740.0,434,,,740.0,0,0.0,0,,,740.0,0,,,740.0,1,0.0,0,,,740.0,0,,,740.0,0.0,0.0,0.0,0.0
2026-09-10 10:16:15,AMAT,455.38,-2.87,,735.0,730.0,0.0,AVG,0.0,258,,,730.0,258,,,730.0,AVG-0,0.0,258,,,730.0,258,,,730.0,0,0.0,0,,,730.0,0,,,730.0,1,0.0,0,,,730.0,0,,,730.0,0.0,0.0,0.0,0.0
2026-09-10 10:16:15,AMAT,455.38,-2.87,,725.0,720.0,0.0,AVG,0.7323299999999999,877,,,720.0,875,,,720.0,AVG-0,0.7323299999999999,877,,,720.0,875,,,720.0,0,0.0,0,,,720.0,0,,,720.0,1,0.0,0,,,720.0,0,,,720.0,0.0,0.0,0.0,0.0
2026-09-10 10:16:15,AMAT,455.38,-2.87,,717.5,715.0,0.0,AVG,0.0,0,,,715.0,0,,,715.0,AVG-0,0.0,0,,,715.0,0,,,715.0,0,0.0,0,,,715.0,0,,,715.0,1,0.0,0,,,715.0,0,,,715.0,0.0,0.0,0.0,0.0
2026-09-10 10:16:15,AMAT,455.38,-2.87,,712.5,710.0,0.0,AVG,0.0,443,,,710.0,443,,,710.0,AVG-0,0.0,443,,,710.0,443,,,710.0,0,0.0,0,,,710.0,0,,,710.0,1,0.0,0,,,710.0,0,,,710.0,0.0,0.0,0.0,0.0
2026-09-10 10:16:15,AMAT,455.38,-2.87,,707.5,705.0,0.0,AVG,0.0,1,,,705.0,1,,,705.0,AVG-0,0.0,1,,,705.0,1,,,705.0,0,0.0,0,,,705.0,0,,,705.0,1,0.0,0,,,705.0,0,,,705.0,0.0,0.0,0.0,0.0
2026-09-10 10:16:15,AMAT,455.38,-2.87,,702.5,700.0,0.0,AVG,3.84204,1882,,,700.0,1870,,,700.0,AVG-0,3.84204,1882,,,700.0,1870,,,700.0,0,0.0,0,,,700.0,0,,,700.0,1,0.0,0,,,700.0,0,,,700.0,0.0,0.0,0.0,0.0
2026-09-10 10:16:15,AMAT,455.38,-2.87,,697.5,695.0,0.0,AVG,0.0,0,,,695.0,0,,,695.0,AVG-0,0.0,0,,,695.0,0,,,695.0,0,0.0,0,,,695.0,0,,,695.0,1,0.0,0,,,695.0,0,,,695.0,0.0,0.0,0.0,0.0
2026-09-10 10:16:15,AMAT,455.38,-2.87,,692.5,690.0,0.0,AVG,0.0,5,,,690.0,5,,,690.0,AVG-0,0.0,5,,,690.0,5,,,690.0,0,0.0,0,,,690.0,0,,,690.0,1,0.0,0,,,690.0,0,,,690.0,0.0,0.0,0.0,0.0
2026-09-10 10:16:15,AMAT,455.38,-2.87,,687.5,685.0,0.0,AVG,0.0,0,,,685.0,0,,,685.0,AVG-0,0.0,0,,,685.0,0,,,685.0,0,0.0,0,,,685.0,0,,,685.0,1,0.0,0,,,685.0,0,,,685.0,0.0,0.0,0.0,0.0
2026-09-10 10:16:15,AMAT,455.38,-2.87,,682.5,680.0,0.0,AVG,1.33188,1616,,,680.0,1614,,,680.0,AVG-0,1.33188,1616,,,680.0,1614,,,680.0,0,0.0,0,,,680.0,0,,,680.0,1,0.0,0,,,680.0,0,,,680.0,0.0,0.0,0.0,0.0
2026-09-10 10:16:15,AMAT,455.38,-2.87,,677.5,675.0,0.0,AVG,0.0,2,,,675.0,2,,,675.0,AVG-0,0.0,2,,,675.0,2,,,675.0,0,0.0,0,,,675.0,0,,,675.0,1,0.0,0,,,675.0,0,,,675.0,0.0,0.0,0.0,0.0
2026-09-10 10:16:15,AMAT,455.38,-2.87,,672.5,670.0,0.0,AVG,0.0,-34,,,670.0,-34,,,670.0,AVG-0,0.0,-34,,,670.0,-34,,,670.0,0,0.0,0,,,670.0,0,,,670.0,1,0.0,0,,,670.0,0,,,670.0,0.0,0.0,0.0,0.0
2026-09-10 10:16:15,AMAT,455.38,-2.87,,667.5,665.0,0.0,AVG,0.0,5,,,665.0,5,,,665.0,AVG-0,0.0,5,,,665.0,5,,,665.0,0,0.0,0,,,665.0,0,,,665.0,1,0.0,0,,,665.0,0,,,665.0,0.0,0.0,0.0,0.0
2026-09-10 10:16:15,AMAT,455.38,-2.87,,662.5,660.0,0.0,AVG,0.05098,1993,,,660.0,1993,,,660.0,AVG-0,0.05098,1993,,,660.0,1993,,,660.0,0,0.0,0,,,660.0,0,,,660.0,1,0.0,0,,,660.0,0,,,660.0,0.0,0.0,0.0,0.0
2026-09-10 10:16:15,AMAT,455.38,-2.87,,657.5,655.0,0.0,AVG,0.0,3,,,655.0,3,,,655.0,AVG-0,0.0,3,,,655.0,3,,,655.0,0,0.0,0,,,655.0,0,,,655.0,1,0.0,0,,,655.0,0,,,655.0,0.0,0.0,0.0,0.0
2026-09-10 10:16:15,AMAT,455.38,-2.87,,652.5,650.0,0.0,AVG,0.7906299999999999,93,,,650.0,91,,,650.0,AVG-0,0.7906299999999999,93,,,650.0,91,,,650.0,0,0.0,0,,,650.0,0,,,650.0,1,0.0,1,,,650.0,1,,,650.0,0.0,0.0,0.0,0.0
2026-09-10 10:16:15,AMAT,455.38,-2.87,,647.5,645.0,0.0,AVG,0.0,17,,,645.0,17,,,645.0,AVG-0,0.0,17,,,645.0,17,,,645.0,0,0.0,0,,,645.0,0,,,645.0,1,0.0,0,,,645.0,0,,,645.0,0.0,0.0,0.0,0.0
2026-09-10 10:16:15,AMAT,455.38,-2.87,,642.5,640.0,0.0,AVG,0.0,1494,,,640.0,1494,,,640.0,AVG-0,0.0,1494,,,640.0,1494,,,640.0,0,0.0,0,,,640.0,0,,,640.0,1,0.0,3,,,640.0,3,,,640.0,0.0,0.0,0.0,0.0
2026-09-10 10:16:15,AMAT,455.38,-2.87,,637.5,635.0,0.0,AVG,0.0,5,,,635.0,5,,,635.0,AVG-0,0.0,5,,,635.0,5,,,635.0,0,0.0,0,,,635.0,0,,,635.0,1,0.0,0,,,635.0,0,,,635.0,0.0,0.0,0.0,0.0
2026-09-10 10:16:15,AMAT,455.38,-2.87,,632.5,630.0,0.0,AVG,0.63748,1244,,,630.0,1241,,,630.0,AVG-0,0.63748,1244,,,630.0,1241,,,630.0,0,0.0,0,,,630.0,0,,,630.0,1,0.0,3,,,630.0,3,,,630.0,0.0,0.0,0.0,0.0
2026-09-10 10:16:15,AMAT,455.38,-2.87,,627.5,625.0,0.0,AVG,0.0,9,,,625.0,9,,,625.0,AVG-0,0.0,9,,,625.0,9,,,625.0,0,0.0,0,,,625.0,0,,,625.0,1,0.0,0,,,625.0,0,,,625.0,0.0,0.0,0.0,0.0
2026-09-10 10:16:15,AMAT,455.38,-2.87,,622.5,620.0,0.0,AVG,1.10042,1548,,,620.0,1542,,,620.0,AVG-0,1.10042,1548,,,620.0,1542,,,620.0,0,0.0,0,,,620.0,0,,,620.0,1,0.0,10,,,620.0,10,,,620.0,0.0,0.0,0.0,0.0
2026-09-10 10:16:15,AMAT,455.38,-2.87,,617.5,615.0,0.0,AVG,0.0,19,,,615.0,19,,,615.0,AVG-0,0.0,19,,,615.0,19,,,615.0,0,0.0,0,,,615.0,0,,,615.0,1,0.0,0,,,615.0,0,,,615.0,0.0,0.0,0.0,0.0
2026-09-10 10:16:15,AMAT,455.38,-2.87,,612.5,610.0,0.0,AVG,3.70278,1408,,,610.0,1393,,,610.0,AVG-0,3.70278,1408,,,610.0,1393,,,610.0,0,0.0,0,,,610.0,0,,,610.0,1,0.0,23,,,610.0,23,,,610.0,0.0,0.0,0.0,0.0
2026-09-10 10:16:15,AMAT,455.38,-2.87,,607.5,605.0,0.0,AVG,0.0,23,,,605.0,23,,,605.0,AVG-0,0.0,23,,,605.0,23,,,605.0,0,0.0,0,,,605.0,0,,,605.0,1,0.0,0,,,605.0,0,,,605.0,0.0,0.0,0.0,0.0
2026-09-10 10:16:15,AMAT,455.38,-2.87,,603.75,602.5,0.0,AVG,0.0,0,,,602.5,0,,,602.5,AVG-0,0.0,0,,,602.5,0,,,602.5,0,0.0,0,,,602.5,0,,,602.5,1,0.0,0,,,602.5,0,,,602.5,0.0,0.0,0.0,0.0
2026-09-10 10:16:15,AMAT,455.38,-2.87,,601.25,600.0,0.0,AVG,22.81208,4162,,,600.0,4074,,,600.0,AVG-0,22.81208,4162,,,600.0,4074,,,600.0,0,0.0,0,,,600.0,0,,,600.0,1,1.3629,48,,,600.0,42,,,600.0,0.0,0.0,0.0,0.0
2026-09-10 10:16:15,AMAT,455.38,-2.87,,598.75,597.5,0.0,AVG,0.0,0,,,597.5,0,,,597.5,AVG-0,0.0,0,,,597.5,0,,,597.5,0,0.0,0,,,597.5,0,,,597.5,1,0.0,0,,,597.5,0,,,597.5,0.0,0.0,0.0,0.0
2026-09-10 10:16:15,AMAT,455.38,-2.87,,596.25,595.0,0.0,AVG,0.0,48,,,595.0,48,,,595.0,AVG-0,0.0,48,,,595.0,48,,,595.0,0,0.0,0,,,595.0,0,,,595.0,1,0.0,0,,,595.0,0,,,595.0,0.0,0.0,0.0,0.0
2026-09-10 10:16:15,AMAT,455.38,-2.87,,593.75,592.5,0.0,AVG,0.0,0,,,592.5,0,,,592.5,AVG-0,0.0,0,,,592.5,0,,,592.5,0,0.0,0,,,592.5,0,,,592.5,1,0.0,0,,,592.5,0,,,592.5,0.0,0.0,0.0,0.0
2026-09-10 10:16:15,AMAT,455.38,-2.87,,591.25,590.0,0.0,AVG,0.01279,223,,,590.0,223,,,590.0,AVG-0,0.01279,223,,,590.0,223,,,590.0,0,0.0,0,,,590.0,0,,,590.0,1,0.01279,10,,,590.0,10,,,590.0,0.0,0.0,0.0,0.0
2026-09-10 10:16:15,AMAT,455.38,-2.87,,588.75,587.5,0.0,AVG,0.0,0,,,587.5,0,,,587.5,AVG-0,0.0,0,,,587.5,0,,,587.5,0,0.0,0,,,587.5,0,,,587.5,1,0.0,0,,,587.5,0,,,587.5,0.0,0.0,0.0,0.0
2026-09-10 10:16:15,AMAT,455.38,-2.87,,586.25,585.0,0.0,AVG,0.0,93,,,585.0,93,,,585.0,AVG-0,0.0,93,,,585.0,93,,,585.0,0,0.0,0,,,585.0,0,,,585.0,1,0.0,0,,,585.0,0,,,585.0,0.0,0.0,0.0,0.0
2026-09-10 10:16:15,AMAT,455.38,-2.87,,583.75,582.5,0.0,AVG,0.0,0,,,582.5,0,,,582.5,AVG-0,0.0,0,,,582.5,0,,,582.5,0,0.0,0,,,582.5,0,,,582.5,1,0.0,0,,,582.5,0,,,582.5,0.0,0.0,0.0,0.0
2026-09-10 10:16:15,AMAT,455.38,-2.87,,581.25,580.0,0.0,AVG,9.74699,1821,,,580.0,1795,,,580.0,AVG-0,9.74264,1821,,,580.0,1795,,,580.0,0,0.00435,0,,,580.0,0,,,580.0,1,0.35247,51,,,580.0,48,,,580.0,0.0,0.0,0.0,0.0
2026-09-10 10:16:15,AMAT,455.38,-2.87,,578.75,577.5,0.0,AVG,0.0,0,,,577.5,0,,,577.5,AVG-0,0.0,0,,,577.5,0,,,577.5,0,0.0,0,,,577.5,0,,,577.5,1,0.0,0,,,577.5,0,,,577.5,0.0,0.0,0.0,0.0
2026-09-10 10:16:15,AMAT,455.38,-2.87,,576.25,575.0,0.0,AVG,0.0,93,,,575.0,93,,,575.0,AVG-0,0.0,93,,,575.0,93,,,575.0,0,0.0,0,,,575.0,0,,,575.0,1,0.0,0,,,575.0,0,,,575.0,0.0,0.0,0.0,0.0
2026-09-10 10:16:15,AMAT,455.38,-2.87,,573.75,572.5,0.0,AVG,0.0,0,,,572.5,0,,,572.5,AVG-0,0.0,0,,,572.5,0,,,572.5,0,0.0,0,,,572.5,0,,,572.5,1,0.0,0,,,572.5,0,,,572.5,0.0,0.0,0.0,0.0
2026-09-10 10:16:15,AMAT,455.38,-2.87,,571.25,570.0,0.0,AVG,0.01795,344,,,570.0,344,,,570.0,AVG-0,0.01795,344,,,570.0,344,,,570.0,0,0.0,0,,,570.0,0,,,570.0,1,0.01795,72,,,570.0,72,,,570.0,0.0,0.0,0.0,0.0
2026-09-10 10:16:15,AMAT,455.38,-2.87,,568.75,567.5,0.0,AVG,0.0,0,,,567.5,0,,,567.5,AVG-0,0.0,0,,,567.5,0,,,567.5,0,0.0,0,,,567.5,0,,,567.5,1,0.0,0,,,567.5,0,,,567.5,0.0,0.0,0.0,0.0
2026-09-10 10:16:15,AMAT,455.38,-2.87,,566.25,565.0,0.0,AVG,0.0,52,,,565.0,52,,,565.0,AVG-0,0.0,52,,,565.0,52,,,565.0,0,0.0,0,,,565.0,0,,,565.0,1,0.0,0,,,565.0,0,,,565.0,0.0,0.0,0.0,0.0
2026-09-10 10:16:15,AMAT,455.38,-2.87,,563.75,562.5,0.0,AVG,0.0,0,,,562.5,0,,,562.5,AVG-0,0.0,0,,,562.5,0,,,562.5,0,0.0,0,,,562.5,0,,,562.5,1,0.0,0,,,562.5,0,,,562.5,0.0,0.0,0.0,0.0
2026-09-10 10:16:15,AMAT,455.38,-2.87,,561.25,560.0,0.0,AVG,51.37902,3340,,,560.0,3183,,,560.0,AVG-0,51.37902,3340,,,560.0,3183,,,560.0,0,0.0,0,,,560.0,0,,,560.0,1,0.06434,133,,,560.0,132,,,560.0,0.0,0.0,0.0,0.0
2026-09-10 10:16:15,AMAT,455.38,-2.87,,558.75,557.5,0.0,AVG,0.0,0,,,557.5,0,,,557.5,AVG-0,0.0,0,,,557.5,0,,,557.5,0,0.0,0,,,557.5,0,,,557.5,1,0.0,0,,,557.5,0,,,557.5,0.0,0.0,0.0,0.0
2026-09-10 10:16:15,AMAT,455.38,-2.87,,556.25,555.0,0.0,AVG,0.0,1,,,555.0,1,,,555.0,AVG-0,0.0,1,,,555.0,1,,,555.0,0,0.0,0,,,555.0,0,,,555.0,1,0.0,0,,,555.0,0,,,555.0,0.0,0.0,0.0,0.0
2026-09-10 10:16:15,AMAT,455.38,-2.87,,553.75,552.5,0.0,AVG,0.0,0,,,552.5,0,,,552.5,AVG-0,0.0,0,,,552.5,0,,,552.5,0,0.0,0,,,552.5,0,,,552.5,1,0.0,0,,,552.5,0,,,552.5,0.0,0.0,0.0,0.0
2026-09-10 10:16:15,AMAT,455.38,-2.87,,551.25,550.0,0.0,AVG,-34.628840000000004,1036,,,550.0,1082,,,550.0,AVG-0,-34.628840000000004,1036,,,550.0,1082,,,550.0,0,0.0,0,,,550.0,0,,,550.0,1,0.1580399999999999,732,,,550.0,729,,,550.0,0.0,0.0,0.0,0.0
2026-09-10 10:16:15,AMAT,455.38,-2.87,,548.75,547.5,0.0,AVG,0.0,0,,,547.5,0,,,547.5,AVG-0,0.0,0,,,547.5,0,,,547.5,0,0.0,0,,,547.5,0,,,547.5,1,0.0,0,,,547.5,0,,,547.5,0.0,0.0,0.0,0.0
2026-09-10 10:16:15,AMAT,455.38,-2.87,,546.25,545.0,0.0,AVG,0.0378,53,,,545.0,53,,,545.0,AVG-0,0.0,53,,,545.0,53,,,545.0,0,0.0378,0,,,545.0,0,,,545.0,1,0.0,0,,,545.0,0,,,545.0,0.0,0.0,0.0,0.0
2026-09-10 10:16:15,AMAT,455.38,-2.87,,543.75,542.5,0.0,AVG,0.0,0,,,542.5,0,,,542.5,AVG-0,0.0,0,,,542.5,0,,,542.5,0,0.0,0,,,542.5,0,,,542.5,1,0.0,0,,,542.5,0,,,542.5,0.0,0.0,0.0,0.0
2026-09-10 10:16:15,AMAT,455.38,-2.87,,541.25,540.0,0.0,AVG,196.3976,2236,,,540.0,1787,,,540.0,AVG-0,196.3976,2236,,,540.0,1787,,,540.0,0,0.0,0,,,540.0,0,,,540.0,1,0.3972,572,,,540.0,565,,,540.0,0.0,0.0,0.0,0.0
2026-09-10 10:16:15,AMAT,455.38,-2.87,,538.75,537.5,0.0,AVG,0.0,0,,,537.5,0,,,537.5,AVG-0,0.0,0,,,537.5,0,,,537.5,0,0.0,0,,,537.5,0,,,537.5,1,0.0,0,,,537.5,0,,,537.5,0.0,0.0,0.0,0.0
2026-09-10 10:16:15,AMAT,455.38,-2.87,,536.25,535.0,0.0,AVG,0.49378,124,,,535.0,115,,,535.0,AVG-0,0.48797,124,,,535.0,115,,,535.0,0,0.00581,0,,,535.0,0,,,535.0,1,0.38655,52,,,535.0,45,,,535.0,0.0,0.0,0.0,0.0
2026-09-10 10:16:15,AMAT,455.38,-2.87,,533.75,532.5,0.0,AVG,0.2093499999999999,3,,,532.5,0,,,532.5,AVG-0,0.2093499999999999,3,,,532.5,0,,,532.5,0,0.0,0,,,532.5,0,,,532.5,1,0.09552,2,,,532.5,0,,,532.5,0.0,0.0,0.0,0.0
2026-09-10 10:16:15,AMAT,455.38,-2.87,,531.25,530.0,0.0,AVG,1.1451,648,,,530.0,634,,,530.0,AVG-0,1.0235,648,,,530.0,634,,,530.0,0,0.1216,0,,,530.0,0,,,530.0,1,0.5231,73,,,530.0,63,,,530.0,0.0,0.0,0.0,0.0
2026-09-10 10:16:15,AMAT,455.38,-2.87,,528.75,527.5,0.0,AVG,0.10044,1,,,527.5,0,,,527.5,AVG-0,0.05718,1,,,527.5,0,,,527.5,0,0.04326,0,,,527.5,0,,,527.5,1,0.05718,1,,,527.5,0,,,527.5,0.0,0.0,0.0,0.0
2026-09-10 10:16:15,AMAT,455.38,-2.87,,526.25,525.0,0.0,AVG,0.80533,314,,,525.0,304,,,525.0,AVG-0,0.71333,314,,,525.0,304,,,525.0,0,0.092,0,,,525.0,0,,,525.0,1,0.36894,165,,,525.0,158,,,525.0,0.0,0.0,0.0,0.0
2026-09-10 10:16:15,AMAT,455.38,-2.87,,523.75,522.5,0.0,AVG,0.02868,0,,,522.5,0,,,522.5,AVG-0,0.0,0,,,522.5,0,,,522.5,0,0.02868,0,,,522.5,0,,,522.5,1,0.0,0,,,522.5,0,,,522.5,0.0,0.0,0.0,0.0
2026-09-10 10:16:15,AMAT,455.38,-2.87,,521.25,520.0,0.0,AVG,-9.018750000000002,6176,,,520.0,6141,,,520.0,AVG-0,-9.114750000000004,6173,+,,520.0,6138,+,,520.0,0,0.096,3,,,520.0,3,,,520.0,1,2.53785,902,,,520.0,850,,,520.0,0.0,0.0,0.0,0.0
2026-09-10 10:16:15,AMAT,455.38,-2.87,,518.75,517.5,0.0,AVG,0.0,0,,,517.5,0,,,517.5,AVG-0,0.0,0,*,,517.5,0,*,,517.5,0,0.0,0,,,517.5,0,,,517.5,1,0.0,0,,,517.5,0,,,517.5,0.0,0.0,0.0,0.0
2026-09-10 10:16:15,AMAT,455.38,-2.87,,516.25,515.0,0.0,AVG,-1.71476,173,,,515.0,155,,,515.0,AVG-0,0.0314399999999999,171,*,,515.0,154,*,,515.0,0,-1.7462,2,,,515.0,1,,,515.0,1,0.0314399999999999,117,,,515.0,100,,,515.0,0.0,0.0,0.0,0.0
2026-09-10 10:16:15,AMAT,455.38,-2.87,,513.75,512.5,0.0,AVG,0.1878,156,,,512.5,153,,,512.5,AVG-0,0.1878,155,*,,512.5,152,*,,512.5,0,0.0,1,,,512.5,1,,,512.5,1,0.1878,155,,,512.5,152,,,512.5,0.0,0.0,0.0,0.0
2026-09-10 10:16:15,AMAT,455.38,-2.87,,511.25,510.0,0.0,AVG,3.98336,1855,,,510.0,1807,,,510.0,AVG-0,3.77056,1835,*,,510.0,1788,*,,510.0,0,0.2128,20,,,510.0,19,,,510.0,1,1.64144,133,,,510.0,100,,,510.0,0.0,0.0,0.0,0.0
2026-09-10 10:16:15,AMAT,455.38,-2.87,,508.75,507.5,0.0,AVG,0.16286,118,,,507.5,115,,,507.5,AVG-0,0.1103,116,*,,507.5,114,*,,507.5,0,0.05256,2,,,507.5,1,,,507.5,1,0.1103,116,,,507.5,114,,,507.5,0.0,0.0,0.0,0.0
2026-09-10 10:16:15,AMAT,455.38,-2.87,,506.25,505.0,0.0,AVG,1.43753,176,,,505.0,149,,,505.0,AVG-0,1.32473,143,*,,505.0,117,*,,505.0,0,0.1128,33,,,505.0,32,,,505.0,1,1.32473,250,,,505.0,224,,,505.0,0.0,0.0,0.0,0.0
2026-09-10 10:16:15,AMAT,455.38,-2.87,,503.75,502.5,0.0,AVG,0.05007,88,,,502.5,87,,,502.5,AVG-0,0.0,81,*,,502.5,81,*,,502.5,0,0.05007,7,,,502.5,6,,,502.5,1,0.0,81,,,502.5,81,,,502.5,0.0,0.0,0.0,0.0
