EXECUTION_TIME_STAMP,TICKER,CURRENT_PRICE,CURR,PRICE_CEILING,STRIKE,PRICE_FLOOR,DTE_STRING_AVG,DEX_AVG,GEX_OI_VOL_AVG,ZONE_OI_VOL_AVG,POWER_OI_VOL_AVG,NEG_NEG_OI_VOL_AVG,GEX_OI_AVG,ZONE_OI_AVG,POWER_OI_AVG,NEG_NEG_OI_AVG,DTE_STRING_AVG0,DEX_AVG0,GEX_OI_VOL_AVG0,ZONE_OI_VOL_AVG0,POWER_OI_VOL_AVG0,NEG_NEG_OI_VOL_AVG0,GEX_OI_AVG0,ZONE_OI_AVG0,POWER_OI_AVG0,NEG_NEG_OI_AVG0,DTE_STRING_0,DEX_0,GEX_OI_VOL_0,ZONE_OI_VOL_0,POWER_OI_VOL_0,NEG_NEG_OI_VOL_0,GEX_OI_0,ZONE_OI_0,POWER_OI_0,NEG_NEG_OI_0,DTE_STRING_1,DEX_1,GEX_OI_VOL_1,ZONE_OI_VOL_1,POWER_OI_VOL_1,NEG_NEG_OI_VOL_1,GEX_OI_1,ZONE_OI_1,POWER_OI_1,NEG_NEG_OI_1,NUMBER_OF_1_TOTAL_AVG,NUMBER_OF_1_TOTAL_AVG_0,NUMBER_OF_M_TOTAL_AVG,NUMBER_OF_M_TOTAL_AVG_0,EXP_0,EXP_1
2026-09-30 08:18:28,IWM,278.63,,,400,0,AVG,0,0,,,400,0,,,400,AVG-0,0,0,,,400,0,,,400,0,0,0,,,400,0,,,400,1,0,0,,,400,0,,,400,0,0,0,0,2026-09-30,2026-10-01
2026-09-30 08:18:28,IWM,278.63,,397.5,395,0,AVG,0,0,,,395,0,,,395,AVG-0,0,0,,,395,0,,,395,0,0,0,,,395,0,,,395,1,0,0,,,395,0,,,395,0,0,0,0,2026-09-30,2026-10-01
2026-09-30 08:18:28,IWM,278.63,,392.5,390,0,AVG,0,0,,,390,0,,,390,AVG-0,0,0,,,390,0,,,390,0,0,0,,,390,0,,,390,1,0,0,,,390,0,,,390,0,0,0,0,2026-09-30,2026-10-01
2026-09-30 08:18:28,IWM,278.63,,387.5,385,0,AVG,0,0,,,385,0,,,385,AVG-0,0,0,,,385,0,,,385,0,0,0,,,385,0,,,385,1,0,0,,,385,0,,,385,0,0,0,0,2026-09-30,2026-10-01
2026-09-30 08:18:28,IWM,278.63,,382.5,380,0,AVG,0,0,,,380,0,,,380,AVG-0,0,0,,,380,0,,,380,0,0,0,,,380,0,,,380,1,0,0,,,380,0,,,380,0,0,0,0,2026-09-30,2026-10-01
2026-09-30 08:18:28,IWM,278.63,,377.5,375,0,AVG,0,0,,,375,0,,,375,AVG-0,0,0,,,375,0,,,375,0,0,0,,,375,0,,,375,1,0,0,,,375,0,,,375,0,0,0,0,2026-09-30,2026-10-01
2026-09-30 08:18:28,IWM,278.63,,372.5,370,0,AVG,0,0,,,370,0,,,370,AVG-0,0,0,,,370,0,,,370,0,0,0,,,370,0,,,370,1,0,0,,,370,0,,,370,0,0,0,0,2026-09-30,2026-10-01
2026-09-30 08:18:28,IWM,278.63,,367.5,365,0,AVG,0,0,,,365,0,,,365,AVG-0,0,0,,,365,0,,,365,0,0,0,,,365,0,,,365,1,0,0,,,365,0,,,365,0,0,0,0,2026-09-30,2026-10-01
2026-09-30 08:18:28,IWM,278.63,,362.5,360,0,AVG,0,0,,,360,0,,,360,AVG-0,0,0,,,360,0,,,360,0,0,0,,,360,0,,,360,1,0,0,,,360,0,,,360,0,0,0,0,2026-09-30,2026-10-01
2026-09-30 08:18:28,IWM,278.63,,357.5,355,0,AVG,0,0,,,355,0,,,355,AVG-0,0,0,,,355,0,,,355,0,0,0,,,355,0,,,355,1,0,0,,,355,0,,,355,0,0,0,0,2026-09-30,2026-10-01
2026-09-30 08:18:28,IWM,278.63,,352.5,350,0,AVG,0,0,,,350,0,,,350,AVG-0,0,0,,,350,0,,,350,0,0,0,,,350,0,,,350,1,0,0,,,350,0,,,350,0,0,0,0,2026-09-30,2026-10-01
2026-09-30 08:18:28,IWM,278.63,,347.5,345,0,AVG,0,0,,,345,0,,,345,AVG-0,0,0,,,345,0,,,345,0,0,0,,,345,0,,,345,1,0,0,,,345,0,,,345,0,0,0,0,2026-09-30,2026-10-01
2026-09-30 08:18:28,IWM,278.63,,342.5,340,0,AVG,0,2,,,340,2,,,340,AVG-0,0,2,,,340,2,,,340,0,0,0,,,340,0,,,340,1,0,0,,,340,0,,,340,0,0,0,0,2026-09-30,2026-10-01
2026-09-30 08:18:28,IWM,278.63,,339,338,0,AVG,0,0,,,338,0,,,338,AVG-0,0,0,,,338,0,,,338,0,0,0,,,338,0,,,338,1,0,0,,,338,0,,,338,0,0,0,0,2026-09-30,2026-10-01
2026-09-30 08:18:28,IWM,278.63,,337.5,337,0,AVG,0,0,,,337,0,,,337,AVG-0,0,0,,,337,0,,,337,0,0,0,,,337,0,,,337,1,0,0,,,337,0,,,337,0,0,0,0,2026-09-30,2026-10-01
2026-09-30 08:18:28,IWM,278.63,,336.5,336,0,AVG,0,0,,,336,0,,,336,AVG-0,0,0,,,336,0,,,336,0,0,0,,,336,0,,,336,1,0,0,,,336,0,,,336,0,0,0,0,2026-09-30,2026-10-01
2026-09-30 08:18:28,IWM,278.63,,335.5,335,0,AVG,0,5,,,335,5,,,335,AVG-0,0,5,,,335,5,,,335,0,0,0,,,335,0,,,335,1,0,0,,,335,0,,,335,0,0,0,0,2026-09-30,2026-10-01
2026-09-30 08:18:28,IWM,278.63,,334.5,334,0,AVG,0,0,,,334,0,,,334,AVG-0,0,0,,,334,0,,,334,0,0,0,,,334,0,,,334,1,0,0,,,334,0,,,334,0,0,0,0,2026-09-30,2026-10-01
2026-09-30 08:18:28,IWM,278.63,,333.5,333,0,AVG,0,0,,,333,0,,,333,AVG-0,0,0,,,333,0,,,333,0,0,0,,,333,0,,,333,1,0,0,,,333,0,,,333,0,0,0,0,2026-09-30,2026-10-01
2026-09-30 08:18:28,IWM,278.63,,332.5,332,0,AVG,0,0,,,332,0,,,332,AVG-0,0,0,,,332,0,,,332,0,0,0,,,332,0,,,332,1,0,0,,,332,0,,,332,0,0,0,0,2026-09-30,2026-10-01
2026-09-30 08:18:28,IWM,278.63,,331.5,331,0,AVG,0,0,,,331,0,,,331,AVG-0,0,0,,,331,0,,,331,0,0,0,,,331,0,,,331,1,0,0,,,331,0,,,331,0,0,0,0,2026-09-30,2026-10-01
2026-09-30 08:18:28,IWM,278.63,,330.5,330,0,AVG,0,225,,,330,225,,,330,AVG-0,0,225,,,330,225,,,330,0,0,0,,,330,0,,,330,1,0,0,,,330,0,,,330,0,0,0,0,2026-09-30,2026-10-01
2026-09-30 08:18:28,IWM,278.63,,329.5,329,0,AVG,0,0,,,329,0,,,329,AVG-0,0,0,,,329,0,,,329,0,0,0,,,329,0,,,329,1,0,0,,,329,0,,,329,0,0,0,0,2026-09-30,2026-10-01
2026-09-30 08:18:28,IWM,278.63,,328.5,328,0,AVG,0,1,,,328,1,,,328,AVG-0,0,1,,,328,1,,,328,0,0,0,,,328,0,,,328,1,0,0,,,328,0,,,328,0,0,0,0,2026-09-30,2026-10-01
2026-09-30 08:18:28,IWM,278.63,,327.5,327,0,AVG,0,0,,,327,0,,,327,AVG-0,0,0,,,327,0,,,327,0,0,0,,,327,0,,,327,1,0,0,,,327,0,,,327,0,0,0,0,2026-09-30,2026-10-01
2026-09-30 08:18:28,IWM,278.63,,326.5,326,0,AVG,0,0,,,326,0,,,326,AVG-0,0,0,,,326,0,,,326,0,0,0,,,326,0,,,326,1,0,0,,,326,0,,,326,0,0,0,0,2026-09-30,2026-10-01
2026-09-30 08:18:28,IWM,278.63,,325.5,325,0,AVG,0,191,,,325,191,,,325,AVG-0,0,191,,,325,191,,,325,0,0,0,,,325,0,,,325,1,0,0,,,325,0,,,325,0,0,0,0,2026-09-30,2026-10-01
2026-09-30 08:18:28,IWM,278.63,,324.5,324,0,AVG,0,57,,,324,57,,,324,AVG-0,0,57,,,324,57,,,324,0,0,0,,,324,0,,,324,1,0,0,,,324,0,,,324,0,0,0,0,2026-09-30,2026-10-01
2026-09-30 08:18:28,IWM,278.63,,323.5,323,0,AVG,0,28,,,323,28,,,323,AVG-0,0,28,,,323,28,,,323,0,0,0,,,323,0,,,323,1,0,0,,,323,0,,,323,0,0,0,0,2026-09-30,2026-10-01
2026-09-30 08:18:28,IWM,278.63,,322.5,322,0,AVG,0,52,,,322,52,,,322,AVG-0,0,52,,,322,52,,,322,0,0,0,,,322,0,,,322,1,0,0,,,322,0,,,322,0,0,0,0,2026-09-30,2026-10-01
2026-09-30 08:18:28,IWM,278.63,,321.5,321,0,AVG,0,71,,,321,71,,,321,AVG-0,0,71,,,321,71,,,321,0,0,0,,,321,0,,,321,1,0,0,,,321,0,,,321,0,0,0,0,2026-09-30,2026-10-01
2026-09-30 08:18:28,IWM,278.63,,320.5,320,0,AVG,0,922,,,320,922,,,320,AVG-0,0,922,,,320,922,,,320,0,0,0,,,320,0,,,320,1,0,0,,,320,0,,,320,0,0,0,0,2026-09-30,2026-10-01
2026-09-30 08:18:28,IWM,278.63,,319.5,319,0,AVG,0,67,,,319,67,,,319,AVG-0,0,67,,,319,67,,,319,0,0,0,,,319,0,,,319,1,0,0,,,319,0,,,319,0,0,0,0,2026-09-30,2026-10-01
2026-09-30 08:18:28,IWM,278.63,,318.5,318,0,AVG,0,275,,,318,275,,,318,AVG-0,0,275,,,318,275,,,318,0,0,0,,,318,0,,,318,1,0,0,,,318,0,,,318,0,0,0,0,2026-09-30,2026-10-01
2026-09-30 08:18:28,IWM,278.63,,317.5,317,0,AVG,0,146,,,317,146,,,317,AVG-0,0,146,,,317,146,,,317,0,0,0,,,317,0,,,317,1,0,0,,,317,0,,,317,0,0,0,0,2026-09-30,2026-10-01
2026-09-30 08:18:28,IWM,278.63,,316.5,316,0,AVG,0,291,,,316,291,,,316,AVG-0,0,291,,,316,291,,,316,0,0,0,,,316,0,,,316,1,0,0,,,316,0,,,316,0,0,0,0,2026-09-30,2026-10-01
2026-09-30 08:18:28,IWM,278.63,,315.5,315,0,AVG,0,4017,,,315,4017,,,315,AVG-0,0,4017,,,315,4017,,,315,0,0,0,,,315,0,,,315,1,0,0,,,315,0,,,315,0,0,0,0,2026-09-30,2026-10-01
2026-09-30 08:18:28,IWM,278.63,,314.5,314,0,AVG,0,864,,,314,864,,,314,AVG-0,0,864,,,314,864,,,314,0,0,0,,,314,0,,,314,1,0,0,,,314,0,,,314,0,0,0,0,2026-09-30,2026-10-01
2026-09-30 08:18:28,IWM,278.63,,313.5,313,0,AVG,0,847,,,313,847,,,313,AVG-0,0,847,,,313,847,,,313,0,0,0,,,313,0,,,313,1,0,0,,,313,0,,,313,0,0,0,0,2026-09-30,2026-10-01
2026-09-30 08:18:28,IWM,278.63,,312.75,312.5,0,AVG,0,12,,,312.5,12,,,312.5,AVG-0,0,12,,,312.5,12,,,312.5,0,0,0,,,312.5,0,,,312.5,1,0,0,,,312.5,0,,,312.5,0,0,0,0,2026-09-30,2026-10-01
2026-09-30 08:18:28,IWM,278.63,,312.25,312,0,AVG,0,5961,,,312,5961,,,312,AVG-0,0,5961,,,312,5961,,,312,0,0,0,,,312,0,,,312,1,0,0,,,312,0,,,312,0,0,0,0,2026-09-30,2026-10-01
2026-09-30 08:18:28,IWM,278.63,,311.5,311,0,AVG,0,1715,,,311,1715,,,311,AVG-0,0,1715,,,311,1715,,,311,0,0,0,,,311,0,,,311,1,0,0,,,311,0,,,311,0,0,0,0,2026-09-30,2026-10-01
2026-09-30 08:18:28,IWM,278.63,,310.5,310,0,AVG,0,11865,,,310,11865,,,310,AVG-0,0,11865,,,310,11865,,,310,0,0,0,,,310,0,,,310,1,0,0,,,310,0,,,310,0,0,0,0,2026-09-30,2026-10-01
2026-09-30 08:18:28,IWM,278.63,,309.5,309,0,AVG,0,2416,,,309,2416,,,309,AVG-0,0,2416,,,309,2416,,,309,0,0,0,,,309,0,,,309,1,0,0,,,309,0,,,309,0,0,0,0,2026-09-30,2026-10-01
2026-09-30 08:18:28,IWM,278.63,,308.5,308,0,AVG,0,2830,,,308,2830,,,308,AVG-0,0,2830,,,308,2830,,,308,0,0,0,,,308,0,,,308,1,0,0,,,308,0,,,308,0,0,0,0,2026-09-30,2026-10-01
2026-09-30 08:18:28,IWM,278.63,,307.75,307.5,0,AVG,0,241,,,307.5,241,,,307.5,AVG-0,0,241,,,307.5,241,,,307.5,0,0,0,,,307.5,0,,,307.5,1,0,0,,,307.5,0,,,307.5,0,0,0,0,2026-09-30,2026-10-01
2026-09-30 08:18:28,IWM,278.63,,307.25,307,0,AVG,0,6297,,,307,6297,,,307,AVG-0,0,6297,,,307,6297,,,307,0,0,0,,,307,0,,,307,1,0,0,,,307,0,,,307,0,0,0,0,2026-09-30,2026-10-01
2026-09-30 08:18:28,IWM,278.63,,306.5,306,0,AVG,0,19685,,,306,19685,,,306,AVG-0,0,19685,,,306,19685,,,306,0,0,0,,,306,0,,,306,1,0,0,,,306,0,,,306,0,0,0,0,2026-09-30,2026-10-01
2026-09-30 08:18:28,IWM,278.63,,305.5,305,0,AVG,0,42658,,,305,42658,,,305,AVG-0,0,42658,,,305,42658,,,305,0,0,0,,,305,0,,,305,1,0,0,,,305,0,,,305,0,0,0,0,2026-09-30,2026-10-01
2026-09-30 08:18:28,IWM,278.63,,304.5,304,0,AVG,0,27483,,,304,27483,,,304,AVG-0,0,27483,,,304,27483,,,304,0,0,0,,,304,0,,,304,1,0,0,,,304,0,,,304,0,0,0,0,2026-09-30,2026-10-01
2026-09-30 08:18:28,IWM,278.63,,303.5,303,0,AVG,0,7762,,,303,7762,,,303,AVG-0,0,7762,,,303,7762,,,303,0,0,0,,,303,0,,,303,1,0,0,,,303,0,,,303,0,0,0,0,2026-09-30,2026-10-01
2026-09-30 08:18:28,IWM,278.63,,302.75,302.5,0,AVG,0,605,,,302.5,605,,,302.5,AVG-0,0,605,,,302.5,605,,,302.5,0,0,0,,,302.5,0,,,302.5,1,0,0,,,302.5,0,,,302.5,0,0,0,0,2026-09-30,2026-10-01
2026-09-30 08:18:28,IWM,278.63,,302.25,302,0,AVG,0,13308,,,302,13308,,,302,AVG-0,0,13308,,,302,13308,,,302,0,0,0,,,302,0,,,302,1,0,0,,,302,0,,,302,0,0,0,0,2026-09-30,2026-10-01
2026-09-30 08:18:28,IWM,278.63,,301.5,301,0,AVG,0,14985,,,301,14985,,,301,AVG-0,0,14985,,,301,14985,,,301,0,0,0,,,301,0,,,301,1,0,0,,,301,0,,,301,0,0,0,0,2026-09-30,2026-10-01
2026-09-30 08:18:28,IWM,278.63,,300.5,300,0,AVG,0,110195,+,,300,110195,+,,300,AVG-0,0,110195,+,,300,110195,+,,300,0,0,0,,,300,0,,,300,1,0,0,,,300,0,,,300,0,0,0,0,2026-09-30,2026-10-01
2026-09-30 08:18:28,IWM,278.63,,299.5,299,0,AVG,0,38617,*,,299,38617,*,,299,AVG-0,0,38617,*,,299,38617,*,,299,0,0,0,,,299,0,,,299,1,0,0,,,299,0,,,299,0,0,0,0,2026-09-30,2026-10-01
2026-09-30 08:18:28,IWM,278.63,,298.5,298,0,AVG,0,42657,*,,298,42657,*,,298,AVG-0,0,42657,*,,298,42657,*,,298,0,0,0,,,298,0,,,298,1,0,0,,,298,0,,,298,0,0,0,0,2026-09-30,2026-10-01
2026-09-30 08:18:28,IWM,278.63,,297.75,297.5,0,AVG,0,1976,*,,297.5,1976,*,,297.5,AVG-0,0,1976,*,,297.5,1976,*,,297.5,0,0,0,,,297.5,0,,,297.5,1,0,0,,,297.5,0,,,297.5,0,0,0,0,2026-09-30,2026-10-01
2026-09-30 08:18:28,IWM,278.63,,297.25,297,0,AVG,0,19165,*,,297,19165,*,,297,AVG-0,0,19165,*,,297,19165,*,,297,0,0,0,,,297,0,,,297,1,0,0,,,297,0,,,297,0,0,0,0,2026-09-30,2026-10-01
2026-09-30 08:18:28,IWM,278.63,,296.5,296,0,AVG,0,43802,*,,296,43802,*,,296,AVG-0,0,43802,*,,296,43802,*,,296,0,0,0,,,296,0,,,296,1,0,1,,,296,1,,,296,0,0,0,0,2026-09-30,2026-10-01
2026-09-30 08:18:28,IWM,278.63,,295.5,295,0,AVG,0,80544,*,,295,80544,*,,295,AVG-0,0,80544,*,,295,80544,*,,295,0,0,0,,,295,0,,,295,1,0,14,,,295,14,,,295,0,0,0,0,2026-09-30,2026-10-01
2026-09-30 08:18:28,IWM,278.63,,294.5,294,0,AVG,0,95466,*,,294,95466,*,,294,AVG-0,0,95466,*,,294,95466,*,,294,0,0,0,,,294,0,,,294,1,0,3,,,294,3,,,294,0,0,0,0,2026-09-30,2026-10-01
2026-09-30 08:18:28,IWM,278.63,,293.5,293,0,AVG,0,58677,*,,293,58677,*,,293,AVG-0,0,58677,*,,293,58677,*,,293,0,0,0,,,293,0,,,293,1,0,9,,,293,9,,,293,0,0,0,0,2026-09-30,2026-10-01
2026-09-30 08:18:28,IWM,278.63,,292.75,292.5,0,AVG,0,7246,*,,292.5,7246,*,,292.5,AVG-0,0,7246,*,,292.5,7246,*,,292.5,0,0,0,,,292.5,0,,,292.5,1,0,0,,,292.5,0,,,292.5,0,0,0,0,2026-09-30,2026-10-01
2026-09-30 08:18:28,IWM,278.63,,292.25,292,0,AVG,0,100523,*,,292,100523,*,,292,AVG-0,0,100523,*,,292,100523,*,,292,0,0,0,,,292,0,,,292,1,0,102,,,292,102,,,292,0,0,0,0,2026-09-30,2026-10-01
2026-09-30 08:18:28,IWM,278.63,,291.5,291,0,AVG,0,-1719,*,,291,-1719,*,,291,AVG-0,0,-1719,*,,291,-1719,*,,291,0,0,0,,,291,0,,,291,1,0,55,,,291,55,,,291,0,0,0,0,2026-09-30,2026-10-01
2026-09-30 08:18:28,IWM,278.63,,290.5,290,0,AVG,0,93868,*,,290,93868,*,,290,AVG-0,0,93868,*,,290,93868,*,,290,0,0,0,,,290,0,,,290,1,0,864,,,290,864,,,290,0,0,0,0,2026-09-30,2026-10-01
2026-09-30 08:18:28,IWM,278.63,,289.5,289,0,AVG,0,49143,*,,289,49143,*,,289,AVG-0,0,49143,*,,289,49143,*,,289,0,0,0,,,289,0,,,289,1,0,778,,,289,778,,,289,0,0,0,0,2026-09-30,2026-10-01
2026-09-30 08:18:28,IWM,278.63,,288.5,288,0,AVG,0,-4856,*,,288,-4856,*,,288,AVG-0,0,-4857,*,,288,-4857,*,,288,0,0,1,,,288,1,,,288,1,0,696,,,288,696,,,288,0,0,0,0,2026-09-30,2026-10-01
2026-09-30 08:18:28,IWM,278.63,,287.75,287.5,0,AVG,0,3711,*,,287.5,3711,*,,287.5,AVG-0,0,3711,*,,287.5,3711,*,,287.5,0,0,0,,,287.5,0,,,287.5,1,0,0,,,287.5,0,,,287.5,0,0,0,0,2026-09-30,2026-10-01
2026-09-30 08:18:28,IWM,278.63,,287.25,287,0,AVG,0,19141,*,,287,19141,*,,287,AVG-0,0,19123,*,,287,19123,*,,287,0,0,18,,,287,18,,,287,1,0,1286,,,287,1286,,,287,0,0,0,0,2026-09-30,2026-10-01
2026-09-30 08:18:28,IWM,278.63,,286.5,286,0,AVG,0,57023,*,,286,57023,*,,286,AVG-0,0,56867,*,,286,56867,*,,286,0,0,156,,,286,156,,,286,1,0,22319,,,286,22319,,,286,0,0,0,0,2026-09-30,2026-10-01
2026-09-30 08:18:28,IWM,278.63,,285.5,285,0,AVG,0,-158989,*,,285,-158989,*,,285,AVG-0,0,-162615,*,,285,-162615,*,,285,0,0,3626,,,285,3626,,,285,1,0,46949,,2,285,46949,,2,285,0,0,0,0,2026-09-30,2026-10-01
2026-09-30 08:18:28,IWM,278.63,,284.5,284,0,AVG,0,74426,*,,284,74426,*,,284,AVG-0,0,72364,*,,284,72364,*,,284,0,0,2062,,,284,2062,,,284,1,0,83749,+,1,284,83749,+,1,284,0,0,0,0,2026-09-30,2026-10-01
2026-09-30 08:18:28,IWM,278.63,,283.5,283,0,AVG,0,-198420,*,,283,-198420,*,,283,AVG-0,0,-211967,*,,283,-211967,*,,283,0,0,13547,,,283,13547,,,283,1,0,43084,M,3,283,43084,M,3,283,0,0,0,0,2026-09-30,2026-10-01
2026-09-30 08:18:28,IWM,278.63,,282.75,282.5,0,AVG,0,1551,*,,282.5,1551,*,,282.5,AVG-0,0,1551,*,,282.5,1551,*,,282.5,0,0,0,,,282.5,0,,,282.5,1,0,0,*,,282.5,0,*,,282.5,0,0,0,0,2026-09-30,2026-10-01
2026-09-30 08:18:28,IWM,278.63,,282.25,282,0,AVG,0,-59644,*,,282,-59644,*,,282,AVG-0,0,-62131,*,,282,-62131,*,,282,0,0,2487,,,282,2487,,,282,1,0,-662,*,,282,-662,*,,282,0,0,0,0,2026-09-30,2026-10-01
2026-09-30 08:18:28,IWM,278.63,,281.5,281,0,AVG,0,-202968,*,,281,-202968,*,,281,AVG-0,0,-282289,*,,281,-282289,*,,281,0,0,79321,+,5,281,79321,+,5,281,1,0,-11085,*,,281,-11085,*,,281,0,0,0,0,2026-09-30,2026-10-01
2026-09-30 08:18:28,IWM,278.63,,280.5,280,0,AVG,0,-2677875,-,1,280,-2677875,-,1,280,AVG-0,0,-1172718,*,2,280,-1172718,*,2,280,0,0,-1505157,-,1,280,-1505157,-,1,280,1,0,9884,*,,280,9884,*,,280,0,0,0,0,2026-09-30,2026-10-01
2026-09-30 08:18:28,IWM,278.63,CURR,279.5,279,0,AVG,0,-948390,,5,279,-948390,,5,279,AVG-0,0,-897222,*,4,279,-897222,*,4,279,0,0,-51168,M,,279,-51168,M,,279,1,0,-10003,*,,279,-10003,*,,279,0,0,0,0,2026-09-30,2026-10-01
2026-09-30 08:18:28,IWM,278.63,,278.5,278,0,AVG,0,-990651,,4,278,-990651,,4,278,AVG-0,0,-729855,*,,278,-729855,*,,278,0,0,-260796,,4,278,-260796,,4,278,1,0,-33075,-,4,278,-33075,-,4,278,0,0,0,0,2026-09-30,2026-10-01
2026-09-30 08:18:28,IWM,278.63,,277.5,277,0,AVG,0,-1407058,M,3,277,-1407058,M,3,277,AVG-0,0,-1044659,*,3,277,-1044659,*,3,277,0,0,-362399,,3,277,-362399,,3,277,1,0,-28283,,5,277,-28283,,5,277,0,0,0,0,2026-09-30,2026-10-01
2026-09-30 08:18:28,IWM,278.63,,276.5,276,0,AVG,0,-569583,,,276,-569583,,,276,AVG-0,0,-494299,M,,276,-494299,M,,276,0,0,-75284,,,276,-75284,,,276,1,0,-27750,,,276,-27750,,,276,0,0,0,0,2026-09-30,2026-10-01
2026-09-30 08:18:28,IWM,278.63,,275.5,275,0,AVG,0,-1871047,,2,275,-1871047,,2,275,AVG-0,0,-1461850,-,1,275,-1461850,-,1,275,0,0,-409197,,2,275,-409197,,2,275,1,0,-13160,,,275,-13160,,,275,0,0,0,0,2026-09-30,2026-10-01
2026-09-30 08:18:28,IWM,278.63,,274.5,274,0,AVG,0,-382450,,,274,-382450,,,274,AVG-0,0,-377360,,,274,-377360,,,274,0,0,-5090,,,274,-5090,,,274,1,0,-7614,,,274,-7614,,,274,0,0,0,0,2026-09-30,2026-10-01
2026-09-30 08:18:28,IWM,278.63,,273.5,273,0,AVG,0,-610783,,,273,-610783,,,273,AVG-0,0,-609699,,,273,-609699,,,273,0,0,-1084,,,273,-1084,,,273,1,0,-2842,,,273,-2842,,,273,0,0,0,0,2026-09-30,2026-10-01
2026-09-30 08:18:28,IWM,278.63,,272.75,272.5,0,AVG,0,-1642,,,272.5,-1642,,,272.5,AVG-0,0,-1642,,,272.5,-1642,,,272.5,0,0,0,,,272.5,0,,,272.5,1,0,0,,,272.5,0,,,272.5,0,0,0,0,2026-09-30,2026-10-01
2026-09-30 08:18:28,IWM,278.63,,272.25,272,0,AVG,0,-841227,,,272,-841227,,,272,AVG-0,0,-841052,,5,272,-841052,,5,272,0,0,-175,,,272,-175,,,272,1,0,-3567,,,272,-3567,,,272,0,0,0,0,2026-09-30,2026-10-01
2026-09-30 08:18:28,IWM,278.63,,271.5,271,0,AVG,0,-393000,,,271,-393000,,,271,AVG-0,0,-392972,,,271,-392972,,,271,0,0,-28,,,271,-28,,,271,1,0,-5295,,,271,-5295,,,271,0,0,0,0,2026-09-30,2026-10-01
2026-09-30 08:18:28,IWM,278.63,,270.5,270,0,AVG,0,-703822,,,270,-703822,,,270,AVG-0,0,-703815,,,270,-703815,,,270,0,0,-7,,,270,-7,,,270,1,0,-3312,,,270,-3312,,,270,0,0,0,0,2026-09-30,2026-10-01
2026-09-30 08:18:28,IWM,278.63,,269.5,269,0,AVG,0,-398254,,,269,-398254,,,269,AVG-0,0,-398254,,,269,-398254,,,269,0,0,0,,,269,0,,,269,1,0,-742,,,269,-742,,,269,0,0,0,0,2026-09-30,2026-10-01
2026-09-30 08:18:28,IWM,278.63,,268.5,268,0,AVG,0,-235199,,,268,-235199,,,268,AVG-0,0,-235199,,,268,-235199,,,268,0,0,0,,,268,0,,,268,1,0,-374,,,268,-374,,,268,0,0,0,0,2026-09-30,2026-10-01
2026-09-30 08:18:28,IWM,278.63,,267.75,267.5,0,AVG,0,-20,,,267.5,-20,,,267.5,AVG-0,0,-20,,,267.5,-20,,,267.5,0,0,0,,,267.5,0,,,267.5,1,0,0,,,267.5,0,,,267.5,0,0,0,0,2026-09-30,2026-10-01
2026-09-30 08:18:28,IWM,278.63,,267.25,267,0,AVG,0,-297444,,,267,-297444,,,267,AVG-0,0,-297444,,,267,-297444,,,267,0,0,0,,,267,0,,,267,1,0,-182,,,267,-182,,,267,0,0,0,0,2026-09-30,2026-10-01
2026-09-30 08:18:28,IWM,278.63,,266.5,266,0,AVG,0,-212796,,,266,-212796,,,266,AVG-0,0,-212796,,,266,-212796,,,266,0,0,0,,,266,0,,,266,1,0,-49,,,266,-49,,,266,0,0,0,0,2026-09-30,2026-10-01
2026-09-30 08:18:28,IWM,278.63,,265.5,265,0,AVG,0,-345059,,,265,-345059,,,265,AVG-0,0,-345059,,,265,-345059,,,265,0,0,0,,,265,0,,,265,1,0,-8,,,265,-8,,,265,0,0,0,0,2026-09-30,2026-10-01
2026-09-30 08:18:28,IWM,278.63,,264.5,264,0,AVG,0,-8943,,,264,-8943,,,264,AVG-0,0,-8943,,,264,-8943,,,264,0,0,0,,,264,0,,,264,1,0,-2,,,264,-2,,,264,0,0,0,0,2026-09-30,2026-10-01
2026-09-30 08:18:28,IWM,278.63,,263.5,263,0,AVG,0,-6763,,,263,-6763,,,263,AVG-0,0,-6763,,,263,-6763,,,263,0,0,0,,,263,0,,,263,1,0,-3,,,263,-3,,,263,0,0,0,0,2026-09-30,2026-10-01
2026-09-30 08:18:28,IWM,278.63,,262.5,262,0,AVG,0,-61349,,,262,-61349,,,262,AVG-0,0,-61349,,,262,-61349,,,262,0,0,0,,,262,0,,,262,1,0,0,,,262,0,,,262,0,0,0,0,2026-09-30,2026-10-01
2026-09-30 08:18:28,IWM,278.63,,261.5,261,0,AVG,0,-9806,,,261,-9806,,,261,AVG-0,0,-9806,,,261,-9806,,,261,0,0,0,,,261,0,,,261,1,0,0,,,261,0,,,261,0,0,0,0,2026-09-30,2026-10-01
2026-09-30 08:18:28,IWM,278.63,,260.5,260,0,AVG,0,-143841,,,260,-143841,,,260,AVG-0,0,-143841,,,260,-143841,,,260,0,0,0,,,260,0,,,260,1,0,0,,,260,0,,,260,0,0,0,0,2026-09-30,2026-10-01
2026-09-30 08:18:28,IWM,278.63,,259.5,259,0,AVG,0,-1249,,,259,-1249,,,259,AVG-0,0,-1249,,,259,-1249,,,259,0,0,0,,,259,0,,,259,1,0,0,,,259,0,,,259,0,0,0,0,2026-09-30,2026-10-01
2026-09-30 08:18:28,IWM,278.63,,258.5,258,0,AVG,0,-6823,,,258,-6823,,,258,AVG-0,0,-6823,,,258,-6823,,,258,0,0,0,,,258,0,,,258,1,0,0,,,258,0,,,258,0,0,0,0,2026-09-30,2026-10-01
2026-09-30 08:18:28,IWM,278.63,,257.5,257,0,AVG,0,-363,,,257,-363,,,257,AVG-0,0,-363,,,257,-363,,,257,0,0,0,,,257,0,,,257,1,0,0,,,257,0,,,257,0,0,0,0,2026-09-30,2026-10-01
2026-09-30 08:18:28,IWM,278.63,,256.5,256,0,AVG,0,-674,,,256,-674,,,256,AVG-0,0,-674,,,256,-674,,,256,0,0,0,,,256,0,,,256,1,0,0,,,256,0,,,256,0,0,0,0,2026-09-30,2026-10-01
2026-09-30 08:18:28,IWM,278.63,,255.5,255,0,AVG,0,-27820,,,255,-27820,,,255,AVG-0,0,-27820,,,255,-27820,,,255,0,0,0,,,255,0,,,255,1,0,0,,,255,0,,,255,0,0,0,0,2026-09-30,2026-10-01
2026-09-30 08:18:28,IWM,278.63,,254.5,254,0,AVG,0,-4724,,,254,-4724,,,254,AVG-0,0,-4724,,,254,-4724,,,254,0,0,0,,,254,0,,,254,1,0,0,,,254,0,,,254,0,0,0,0,2026-09-30,2026-10-01
2026-09-30 08:18:28,IWM,278.63,,253.5,253,0,AVG,0,-283,,,253,-283,,,253,AVG-0,0,-283,,,253,-283,,,253,0,0,0,,,253,0,,,253,1,0,0,,,253,0,,,253,0,0,0,0,2026-09-30,2026-10-01
2026-09-30 08:18:28,IWM,278.63,,252.5,252,0,AVG,0,-151,,,252,-151,,,252,AVG-0,0,-151,,,252,-151,,,252,0,0,0,,,252,0,,,252,1,0,0,,,252,0,,,252,0,0,0,0,2026-09-30,2026-10-01
2026-09-30 08:18:28,IWM,278.63,,251.5,251,0,AVG,0,-3,,,251,-3,,,251,AVG-0,0,-3,,,251,-3,,,251,0,0,0,,,251,0,,,251,1,0,0,,,251,0,,,251,0,0,0,0,2026-09-30,2026-10-01
2026-09-30 08:18:28,IWM,278.63,,250.5,250,0,AVG,0,-10869,,,250,-10869,,,250,AVG-0,0,-10869,,,250,-10869,,,250,0,0,0,,,250,0,,,250,1,0,0,,,250,0,,,250,0,0,0,0,2026-09-30,2026-10-01
2026-09-30 08:18:28,IWM,278.63,,249.5,249,0,AVG,0,0,,,249,0,,,249,AVG-0,0,0,,,249,0,,,249,0,0,0,,,249,0,,,249,1,0,0,,,249,0,,,249,0,0,0,0,2026-09-30,2026-10-01
2026-09-30 08:18:28,IWM,278.63,,248.5,248,0,AVG,0,0,,,248,0,,,248,AVG-0,0,0,,,248,0,,,248,0,0,0,,,248,0,,,248,1,0,0,,,248,0,,,248,0,0,0,0,2026-09-30,2026-10-01
2026-09-30 08:18:28,IWM,278.63,,247.5,247,0,AVG,0,0,,,247,0,,,247,AVG-0,0,0,,,247,0,,,247,0,0,0,,,247,0,,,247,1,0,0,,,247,0,,,247,0,0,0,0,2026-09-30,2026-10-01
2026-09-30 08:18:28,IWM,278.63,,246.5,246,0,AVG,0,0,,,246,0,,,246,AVG-0,0,0,,,246,0,,,246,0,0,0,,,246,0,,,246,1,0,0,,,246,0,,,246,0,0,0,0,2026-09-30,2026-10-01
2026-09-30 08:18:28,IWM,278.63,,245.5,245,0,AVG,0,-936,,,245,-936,,,245,AVG-0,0,-936,,,245,-936,,,245,0,0,0,,,245,0,,,245,1,0,0,,,245,0,,,245,0,0,0,0,2026-09-30,2026-10-01
2026-09-30 08:18:28,IWM,278.63,,244.5,244,0,AVG,0,0,,,244,0,,,244,AVG-0,0,0,,,244,0,,,244,0,0,0,,,244,0,,,244,1,0,0,,,244,0,,,244,0,0,0,0,2026-09-30,2026-10-01
2026-09-30 08:18:28,IWM,278.63,,243.5,243,0,AVG,0,0,,,243,0,,,243,AVG-0,0,0,,,243,0,,,243,0,0,0,,,243,0,,,243,1,0,0,,,243,0,,,243,0,0,0,0,2026-09-30,2026-10-01
2026-09-30 08:18:28,IWM,278.63,,242.5,242,0,AVG,0,0,,,242,0,,,242,AVG-0,0,0,,,242,0,,,242,0,0,0,,,242,0,,,242,1,0,0,,,242,0,,,242,0,0,0,0,2026-09-30,2026-10-01
2026-09-30 08:18:28,IWM,278.63,,241.5,241,0,AVG,0,0,,,241,0,,,241,AVG-0,0,0,,,241,0,,,241,0,0,0,,,241,0,,,241,1,0,0,,,241,0,,,241,0,0,0,0,2026-09-30,2026-10-01
2026-09-30 08:18:28,IWM,278.63,,240.5,240,0,AVG,0,-376,,,240,-376,,,240,AVG-0,0,-376,,,240,-376,,,240,0,0,0,,,240,0,,,240,1,0,0,,,240,0,,,240,0,0,0,0,2026-09-30,2026-10-01
2026-09-30 08:18:28,IWM,278.63,,239.5,239,0,AVG,0,0,,,239,0,,,239,AVG-0,0,0,,,239,0,,,239,0,0,0,,,239,0,,,239,1,0,0,,,239,0,,,239,0,0,0,0,2026-09-30,2026-10-01
2026-09-30 08:18:28,IWM,278.63,,238.5,238,0,AVG,0,0,,,238,0,,,238,AVG-0,0,0,,,238,0,,,238,0,0,0,,,238,0,,,238,1,0,0,,,238,0,,,238,0,0,0,0,2026-09-30,2026-10-01
2026-09-30 08:18:28,IWM,278.63,,237.5,237,0,AVG,0,0,,,237,0,,,237,AVG-0,0,0,,,237,0,,,237,0,0,0,,,237,0,,,237,1,0,0,,,237,0,,,237,0,0,0,0,2026-09-30,2026-10-01
2026-09-30 08:18:28,IWM,278.63,,236.5,236,0,AVG,0,0,,,236,0,,,236,AVG-0,0,0,,,236,0,,,236,0,0,0,,,236,0,,,236,1,0,0,,,236,0,,,236,0,0,0,0,2026-09-30,2026-10-01
2026-09-30 08:18:28,IWM,278.63,,235.5,235,0,AVG,0,-126,,,235,-126,,,235,AVG-0,0,-126,,,235,-126,,,235,0,0,0,,,235,0,,,235,1,0,0,,,235,0,,,235,0,0,0,0,2026-09-30,2026-10-01
2026-09-30 08:18:28,IWM,278.63,,234.5,234,0,AVG,0,0,,,234,0,,,234,AVG-0,0,0,,,234,0,,,234,0,0,0,,,234,0,,,234,1,0,0,,,234,0,,,234,0,0,0,0,2026-09-30,2026-10-01
2026-09-30 08:18:28,IWM,278.63,,233.5,233,0,AVG,0,0,,,233,0,,,233,AVG-0,0,0,,,233,0,,,233,0,0,0,,,233,0,,,233,1,0,0,,,233,0,,,233,0,0,0,0,2026-09-30,2026-10-01
2026-09-30 08:18:28,IWM,278.63,,232.5,232,0,AVG,0,0,,,232,0,,,232,AVG-0,0,0,,,232,0,,,232,0,0,0,,,232,0,,,232,1,0,0,,,232,0,,,232,0,0,0,0,2026-09-30,2026-10-01
2026-09-30 08:18:28,IWM,278.63,,231.5,231,0,AVG,0,0,,,231,0,,,231,AVG-0,0,0,,,231,0,,,231,0,0,0,,,231,0,,,231,1,0,0,,,231,0,,,231,0,0,0,0,2026-09-30,2026-10-01
2026-09-30 08:18:28,IWM,278.63,,230.5,230,0,AVG,0,-25,,,230,-25,,,230,AVG-0,0,-25,,,230,-25,,,230,0,0,0,,,230,0,,,230,1,0,0,,,230,0,,,230,0,0,0,0,2026-09-30,2026-10-01
2026-09-30 08:18:28,IWM,278.63,,229.5,229,0,AVG,0,0,,,229,0,,,229,AVG-0,0,0,,,229,0,,,229,0,0,0,,,229,0,,,229,1,0,0,,,229,0,,,229,0,0,0,0,2026-09-30,2026-10-01
2026-09-30 08:18:28,IWM,278.63,,228.5,228,0,AVG,0,0,,,228,0,,,228,AVG-0,0,0,,,228,0,,,228,0,0,0,,,228,0,,,228,1,0,0,,,228,0,,,228,0,0,0,0,2026-09-30,2026-10-01
2026-09-30 08:18:28,IWM,278.63,,227.5,227,0,AVG,0,0,,,227,0,,,227,AVG-0,0,0,,,227,0,,,227,0,0,0,,,227,0,,,227,1,0,0,,,227,0,,,227,0,0,0,0,2026-09-30,2026-10-01
2026-09-30 08:18:28,IWM,278.63,,226.5,226,0,AVG,0,0,,,226,0,,,226,AVG-0,0,0,,,226,0,,,226,0,0,0,,,226,0,,,226,1,0,0,,,226,0,,,226,0,0,0,0,2026-09-30,2026-10-01
2026-09-30 08:18:28,IWM,278.63,,225.5,225,0,AVG,0,0,,,225,0,,,225,AVG-0,0,0,,,225,0,,,225,0,0,0,,,225,0,,,225,1,0,0,,,225,0,,,225,0,0,0,0,2026-09-30,2026-10-01
2026-09-30 08:18:28,IWM,278.63,,224.5,224,0,AVG,0,0,,,224,0,,,224,AVG-0,0,0,,,224,0,,,224,0,0,0,,,224,0,,,224,1,0,0,,,224,0,,,224,0,0,0,0,2026-09-30,2026-10-01
2026-09-30 08:18:28,IWM,278.63,,223.5,223,0,AVG,0,0,,,223,0,,,223,AVG-0,0,0,,,223,0,,,223,0,0,0,,,223,0,,,223,1,0,0,,,223,0,,,223,0,0,0,0,2026-09-30,2026-10-01
2026-09-30 08:18:28,IWM,278.63,,222.5,222,0,AVG,0,0,,,222,0,,,222,AVG-0,0,0,,,222,0,,,222,0,0,0,,,222,0,,,222,1,0,0,,,222,0,,,222,0,0,0,0,2026-09-30,2026-10-01
2026-09-30 08:18:28,IWM,278.63,,221.5,221,0,AVG,0,0,,,221,0,,,221,AVG-0,0,0,,,221,0,,,221,0,0,0,,,221,0,,,221,1,0,0,,,221,0,,,221,0,0,0,0,2026-09-30,2026-10-01
2026-09-30 08:18:28,IWM,278.63,,220.5,220,0,AVG,0,0,,,220,0,,,220,AVG-0,0,0,,,220,0,,,220,0,0,0,,,220,0,,,220,1,0,0,,,220,0,,,220,0,0,0,0,2026-09-30,2026-10-01
2026-09-30 08:18:28,IWM,278.63,,219.5,219,0,AVG,0,0,,,219,0,,,219,AVG-0,0,0,,,219,0,,,219,0,0,0,,,219,0,,,219,1,0,0,,,219,0,,,219,0,0,0,0,2026-09-30,2026-10-01
2026-09-30 08:18:28,IWM,278.63,,218.5,218,0,AVG,0,0,,,218,0,,,218,AVG-0,0,0,,,218,0,,,218,0,0,0,,,218,0,,,218,1,0,0,,,218,0,,,218,0,0,0,0,2026-09-30,2026-10-01
2026-09-30 08:18:28,IWM,278.63,,217.5,217,0,AVG,0,0,,,217,0,,,217,AVG-0,0,0,,,217,0,,,217,0,0,0,,,217,0,,,217,1,0,0,,,217,0,,,217,0,0,0,0,2026-09-30,2026-10-01
2026-09-30 08:18:28,IWM,278.63,,216.5,216,0,AVG,0,0,,,216,0,,,216,AVG-0,0,0,,,216,0,,,216,0,0,0,,,216,0,,,216,1,0,0,,,216,0,,,216,0,0,0,0,2026-09-30,2026-10-01
2026-09-30 08:18:28,IWM,278.63,,215.5,215,0,AVG,0,0,,,215,0,,,215,AVG-0,0,0,,,215,0,,,215,0,0,0,,,215,0,,,215,1,0,0,,,215,0,,,215,0,0,0,0,2026-09-30,2026-10-01
2026-09-30 08:18:28,IWM,278.63,,214.5,214,0,AVG,0,0,,,214,0,,,214,AVG-0,0,0,,,214,0,,,214,0,0,0,,,214,0,,,214,1,0,0,,,214,0,,,214,0,0,0,0,2026-09-30,2026-10-01
2026-09-30 08:18:28,IWM,278.63,,213.5,213,0,AVG,0,0,,,213,0,,,213,AVG-0,0,0,,,213,0,,,213,0,0,0,,,213,0,,,213,1,0,0,,,213,0,,,213,0,0,0,0,2026-09-30,2026-10-01
2026-09-30 08:18:28,IWM,278.63,,212.5,212,0,AVG,0,0,,,212,0,,,212,AVG-0,0,0,,,212,0,,,212,0,0,0,,,212,0,,,212,1,0,0,,,212,0,,,212,0,0,0,0,2026-09-30,2026-10-01
2026-09-30 08:18:28,IWM,278.63,,211.5,211,0,AVG,0,0,,,211,0,,,211,AVG-0,0,0,,,211,0,,,211,0,0,0,,,211,0,,,211,1,0,0,,,211,0,,,211,0,0,0,0,2026-09-30,2026-10-01
2026-09-30 08:18:28,IWM,278.63,,210.5,210,0,AVG,0,0,,,210,0,,,210,AVG-0,0,0,,,210,0,,,210,0,0,0,,,210,0,,,210,1,0,0,,,210,0,,,210,0,0,0,0,2026-09-30,2026-10-01
2026-09-30 08:18:28,IWM,278.63,,207.5,205,0,AVG,0,0,,,205,0,,,205,AVG-0,0,0,,,205,0,,,205,0,0,0,,,205,0,,,205,1,0,0,,,205,0,,,205,0,0,0,0,2026-09-30,2026-10-01
2026-09-30 08:18:28,IWM,278.63,,202.5,200,0,AVG,0,0,,,200,0,,,200,AVG-0,0,0,,,200,0,,,200,0,0,0,,,200,0,,,200,1,0,0,,,200,0,,,200,0,0,0,0,2026-09-30,2026-10-01
2026-09-30 08:18:28,IWM,278.63,,197.5,195,0,AVG,0,0,,,195,0,,,195,AVG-0,0,0,,,195,0,,,195,0,0,0,,,195,0,,,195,1,0,0,,,195,0,,,195,0,0,0,0,2026-09-30,2026-10-01
2026-09-30 08:18:28,IWM,278.63,,192.5,190,0,AVG,0,0,,,190,0,,,190,AVG-0,0,0,,,190,0,,,190,0,0,0,,,190,0,,,190,1,0,0,,,190,0,,,190,0,0,0,0,2026-09-30,2026-10-01
2026-09-30 08:18:28,IWM,278.63,,187.5,185,0,AVG,0,0,,,185,0,,,185,AVG-0,0,0,,,185,0,,,185,0,0,0,,,185,0,,,185,1,0,0,,,185,0,,,185,0,0,0,0,2026-09-30,2026-10-01
2026-09-30 08:18:28,IWM,278.63,,182.5,180,0,AVG,0,0,,,180,0,,,180,AVG-0,0,0,,,180,0,,,180,0,0,0,,,180,0,,,180,1,0,0,,,180,0,,,180,0,0,0,0,2026-09-30,2026-10-01
2026-09-30 08:18:28,IWM,278.63,,177.5,175,0,AVG,0,0,,,175,0,,,175,AVG-0,0,0,,,175,0,,,175,0,0,0,,,175,0,,,175,1,0,0,,,175,0,,,175,0,0,0,0,2026-09-30,2026-10-01
2026-09-30 08:18:28,IWM,278.63,,172.5,170,0,AVG,0,0,,,170,0,,,170,AVG-0,0,0,,,170,0,,,170,0,0,0,,,170,0,,,170,1,0,0,,,170,0,,,170,0,0,0,0,2026-09-30,2026-10-01
2026-09-30 08:18:28,IWM,278.63,,167.5,165,0,AVG,0,0,,,165,0,,,165,AVG-0,0,0,,,165,0,,,165,0,0,0,,,165,0,,,165,1,0,0,,,165,0,,,165,0,0,0,0,2026-09-30,2026-10-01
2026-09-30 08:18:28,IWM,278.63,,162.5,160,0,AVG,0,0,,,160,0,,,160,AVG-0,0,0,,,160,0,,,160,0,0,0,,,160,0,,,160,1,0,0,,,160,0,,,160,0,0,0,0,2026-09-30,2026-10-01
2026-09-30 08:18:28,IWM,278.63,,157.5,155,0,AVG,0,0,,,155,0,,,155,AVG-0,0,0,,,155,0,,,155,0,0,0,,,155,0,,,155,1,0,0,,,155,0,,,155,0,0,0,0,2026-09-30,2026-10-01
2026-09-30 08:18:28,IWM,278.63,,152.5,150,0,AVG,0,0,,,150,0,,,150,AVG-0,0,0,,,150,0,,,150,0,0,0,,,150,0,,,150,1,0,0,,,150,0,,,150,0,0,0,0,2026-09-30,2026-10-01
2026-09-30 08:18:28,IWM,278.63,,147.5,145,0,AVG,0,0,,,145,0,,,145,AVG-0,0,0,,,145,0,,,145,0,0,0,,,145,0,,,145,1,0,0,,,145,0,,,145,0,0,0,0,2026-09-30,2026-10-01
2026-09-30 08:18:28,IWM,278.63,,142.5,140,0,AVG,0,0,,,140,0,,,140,AVG-0,0,0,,,140,0,,,140,0,0,0,,,140,0,,,140,1,0,0,,,140,0,,,140,0,0,0,0,2026-09-30,2026-10-01
2026-09-30 08:18:28,IWM,278.63,,137.5,135,0,AVG,0,0,,,135,0,,,135,AVG-0,0,0,,,135,0,,,135,0,0,0,,,135,0,,,135,1,0,0,,,135,0,,,135,0,0,0,0,2026-09-30,2026-10-01
2026-09-30 08:18:28,QQQ,736.52,,,1085,0,AVG,0,0,,,1085,0,,,1085,AVG-0,0,0,,,1085,0,,,1085,0,0,0,,,1085,0,,,1085,1,0,0,,,1085,0,,,1085,0,0,0,0,2026-09-30,2026-10-01
2026-09-30 08:18:28,QQQ,736.52,,1082.5,1080,0,AVG,0,0,,,1080,0,,,1080,AVG-0,0,0,,,1080,0,,,1080,0,0,0,,,1080,0,,,1080,1,0,0,,,1080,0,,,1080,0,0,0,0,2026-09-30,2026-10-01
2026-09-30 08:18:28,QQQ,736.52,,1077.5,1075,0,AVG,0,0,,,1075,0,,,1075,AVG-0,0,0,,,1075,0,,,1075,0,0,0,,,1075,0,,,1075,1,0,0,,,1075,0,,,1075,0,0,0,0,2026-09-30,2026-10-01
2026-09-30 08:18:28,QQQ,736.52,,1072.5,1070,0,AVG,0,0,,,1070,0,,,1070,AVG-0,0,0,,,1070,0,,,1070,0,0,0,,,1070,0,,,1070,1,0,0,,,1070,0,,,1070,0,0,0,0,2026-09-30,2026-10-01
2026-09-30 08:18:28,QQQ,736.52,,1067.5,1065,0,AVG,0,0,,,1065,0,,,1065,AVG-0,0,0,,,1065,0,,,1065,0,0,0,,,1065,0,,,1065,1,0,0,,,1065,0,,,1065,0,0,0,0,2026-09-30,2026-10-01
2026-09-30 08:18:28,QQQ,736.52,,1062.5,1060,0,AVG,0,0,,,1060,0,,,1060,AVG-0,0,0,,,1060,0,,,1060,0,0,0,,,1060,0,,,1060,1,0,0,,,1060,0,,,1060,0,0,0,0,2026-09-30,2026-10-01
2026-09-30 08:18:28,QQQ,736.52,,1057.5,1055,0,AVG,0,0,,,1055,0,,,1055,AVG-0,0,0,,,1055,0,,,1055,0,0,0,,,1055,0,,,1055,1,0,0,,,1055,0,,,1055,0,0,0,0,2026-09-30,2026-10-01
2026-09-30 08:18:28,QQQ,736.52,,1052.5,1050,0,AVG,0,0,,,1050,0,,,1050,AVG-0,0,0,,,1050,0,,,1050,0,0,0,,,1050,0,,,1050,1,0,0,,,1050,0,,,1050,0,0,0,0,2026-09-30,2026-10-01
2026-09-30 08:18:28,QQQ,736.52,,1047.5,1045,0,AVG,0,0,,,1045,0,,,1045,AVG-0,0,0,,,1045,0,,,1045,0,0,0,,,1045,0,,,1045,1,0,0,,,1045,0,,,1045,0,0,0,0,2026-09-30,2026-10-01
2026-09-30 08:18:28,QQQ,736.52,,1042.5,1040,0,AVG,0,0,,,1040,0,,,1040,AVG-0,0,0,,,1040,0,,,1040,0,0,0,,,1040,0,,,1040,1,0,0,,,1040,0,,,1040,0,0,0,0,2026-09-30,2026-10-01
2026-09-30 08:18:28,QQQ,736.52,,1037.5,1035,0,AVG,0,0,,,1035,0,,,1035,AVG-0,0,0,,,1035,0,,,1035,0,0,0,,,1035,0,,,1035,1,0,0,,,1035,0,,,1035,0,0,0,0,2026-09-30,2026-10-01
2026-09-30 08:18:28,QQQ,736.52,,1032.5,1030,0,AVG,0,0,,,1030,0,,,1030,AVG-0,0,0,,,1030,0,,,1030,0,0,0,,,1030,0,,,1030,1,0,0,,,1030,0,,,1030,0,0,0,0,2026-09-30,2026-10-01
2026-09-30 08:18:28,QQQ,736.52,,1027.5,1025,0,AVG,0,0,,,1025,0,,,1025,AVG-0,0,0,,,1025,0,,,1025,0,0,0,,,1025,0,,,1025,1,0,0,,,1025,0,,,1025,0,0,0,0,2026-09-30,2026-10-01
2026-09-30 08:18:28,QQQ,736.52,,1022.5,1020,0,AVG,0,0,,,1020,0,,,1020,AVG-0,0,0,,,1020,0,,,1020,0,0,0,,,1020,0,,,1020,1,0,0,,,1020,0,,,1020,0,0,0,0,2026-09-30,2026-10-01
2026-09-30 08:18:28,QQQ,736.52,,1017.5,1015,0,AVG,0,0,,,1015,0,,,1015,AVG-0,0,0,,,1015,0,,,1015,0,0,0,,,1015,0,,,1015,1,0,0,,,1015,0,,,1015,0,0,0,0,2026-09-30,2026-10-01
2026-09-30 08:18:28,QQQ,736.52,,1012.5,1010,0,AVG,0,0,,,1010,0,,,1010,AVG-0,0,0,,,1010,0,,,1010,0,0,0,,,1010,0,,,1010,1,0,0,,,1010,0,,,1010,0,0,0,0,2026-09-30,2026-10-01
2026-09-30 08:18:28,QQQ,736.52,,1007.5,1005,0,AVG,0,0,,,1005,0,,,1005,AVG-0,0,0,,,1005,0,,,1005,0,0,0,,,1005,0,,,1005,1,0,0,,,1005,0,,,1005,0,0,0,0,2026-09-30,2026-10-01
2026-09-30 08:18:28,QQQ,736.52,,1002.5,1000,0,AVG,0,0,,,1000,0,,,1000,AVG-0,0,0,,,1000,0,,,1000,0,0,0,,,1000,0,,,1000,1,0,0,,,1000,0,,,1000,0,0,0,0,2026-09-30,2026-10-01
2026-09-30 08:18:28,QQQ,736.52,,997.5,995,0,AVG,0,0,,,995,0,,,995,AVG-0,0,0,,,995,0,,,995,0,0,0,,,995,0,,,995,1,0,0,,,995,0,,,995,0,0,0,0,2026-09-30,2026-10-01
2026-09-30 08:18:28,QQQ,736.52,,992.5,990,0,AVG,0,0,,,990,0,,,990,AVG-0,0,0,,,990,0,,,990,0,0,0,,,990,0,,,990,1,0,0,,,990,0,,,990,0,0,0,0,2026-09-30,2026-10-01
2026-09-30 08:18:28,QQQ,736.52,,987.5,985,0,AVG,0,0,,,985,0,,,985,AVG-0,0,0,,,985,0,,,985,0,0,0,,,985,0,,,985,1,0,0,,,985,0,,,985,0,0,0,0,2026-09-30,2026-10-01
2026-09-30 08:18:28,QQQ,736.52,,982.5,980,0,AVG,0,0,,,980,0,,,980,AVG-0,0,0,,,980,0,,,980,0,0,0,,,980,0,,,980,1,0,0,,,980,0,,,980,0,0,0,0,2026-09-30,2026-10-01
2026-09-30 08:18:28,QQQ,736.52,,977.5,975,0,AVG,0,0,,,975,0,,,975,AVG-0,0,0,,,975,0,,,975,0,0,0,,,975,0,,,975,1,0,0,,,975,0,,,975,0,0,0,0,2026-09-30,2026-10-01
2026-09-30 08:18:28,QQQ,736.52,,972.5,970,0,AVG,0,0,,,970,0,,,970,AVG-0,0,0,,,970,0,,,970,0,0,0,,,970,0,,,970,1,0,0,,,970,0,,,970,0,0,0,0,2026-09-30,2026-10-01
2026-09-30 08:18:28,QQQ,736.52,,967.5,965,0,AVG,0,0,,,965,0,,,965,AVG-0,0,0,,,965,0,,,965,0,0,0,,,965,0,,,965,1,0,0,,,965,0,,,965,0,0,0,0,2026-09-30,2026-10-01
2026-09-30 08:18:28,QQQ,736.52,,962.5,960,0,AVG,0,0,,,960,0,,,960,AVG-0,0,0,,,960,0,,,960,0,0,0,,,960,0,,,960,1,0,0,,,960,0,,,960,0,0,0,0,2026-09-30,2026-10-01
2026-09-30 08:18:28,QQQ,736.52,,957.5,955,0,AVG,0,0,,,955,0,,,955,AVG-0,0,0,,,955,0,,,955,0,0,0,,,955,0,,,955,1,0,0,,,955,0,,,955,0,0,0,0,2026-09-30,2026-10-01
2026-09-30 08:18:28,QQQ,736.52,,952.5,950,0,AVG,0,0,,,950,0,,,950,AVG-0,0,0,,,950,0,,,950,0,0,0,,,950,0,,,950,1,0,0,,,950,0,,,950,0,0,0,0,2026-09-30,2026-10-01
2026-09-30 08:18:28,QQQ,736.52,,947.5,945,0,AVG,0,0,,,945,0,,,945,AVG-0,0,0,,,945,0,,,945,0,0,0,,,945,0,,,945,1,0,0,,,945,0,,,945,0,0,0,0,2026-09-30,2026-10-01
2026-09-30 08:18:28,QQQ,736.52,,942.5,940,0,AVG,0,0,,,940,0,,,940,AVG-0,0,0,,,940,0,,,940,0,0,0,,,940,0,,,940,1,0,0,,,940,0,,,940,0,0,0,0,2026-09-30,2026-10-01
2026-09-30 08:18:28,QQQ,736.52,,937.5,935,0,AVG,0,0,,,935,0,,,935,AVG-0,0,0,,,935,0,,,935,0,0,0,,,935,0,,,935,1,0,0,,,935,0,,,935,0,0,0,0,2026-09-30,2026-10-01
2026-09-30 08:18:28,QQQ,736.52,,932.5,930,0,AVG,0,0,,,930,0,,,930,AVG-0,0,0,,,930,0,,,930,0,0,0,,,930,0,,,930,1,0,0,,,930,0,,,930,0,0,0,0,2026-09-30,2026-10-01
2026-09-30 08:18:28,QQQ,736.52,,927.5,925,0,AVG,0,0,,,925,0,,,925,AVG-0,0,0,,,925,0,,,925,0,0,0,,,925,0,,,925,1,0,0,,,925,0,,,925,0,0,0,0,2026-09-30,2026-10-01
2026-09-30 08:18:28,QQQ,736.52,,922.5,920,0,AVG,0,1,,,920,1,,,920,AVG-0,0,1,,,920,1,,,920,0,0,0,,,920,0,,,920,1,0,0,,,920,0,,,920,0,0,0,0,2026-09-30,2026-10-01
2026-09-30 08:18:28,QQQ,736.52,,917.5,915,0,AVG,0,0,,,915,0,,,915,AVG-0,0,0,,,915,0,,,915,0,0,0,,,915,0,,,915,1,0,0,,,915,0,,,915,0,0,0,0,2026-09-30,2026-10-01
2026-09-30 08:18:28,QQQ,736.52,,912.5,910,0,AVG,0,0,,,910,0,,,910,AVG-0,0,0,,,910,0,,,910,0,0,0,,,910,0,,,910,1,0,0,,,910,0,,,910,0,0,0,0,2026-09-30,2026-10-01
2026-09-30 08:18:28,QQQ,736.52,,907.5,905,0,AVG,0,0,,,905,0,,,905,AVG-0,0,0,,,905,0,,,905,0,0,0,,,905,0,,,905,1,0,0,,,905,0,,,905,0,0,0,0,2026-09-30,2026-10-01
2026-09-30 08:18:28,QQQ,736.52,,902.5,900,0,AVG,0,27,,,900,27,,,900,AVG-0,0,27,,,900,27,,,900,0,0,0,,,900,0,,,900,1,0,0,,,900,0,,,900,0,0,0,0,2026-09-30,2026-10-01
2026-09-30 08:18:28,QQQ,736.52,,897.5,895,0,AVG,0,2,,,895,2,,,895,AVG-0,0,2,,,895,2,,,895,0,0,0,,,895,0,,,895,1,0,0,,,895,0,,,895,0,0,0,0,2026-09-30,2026-10-01
2026-09-30 08:18:28,QQQ,736.52,,892.5,890,0,AVG,0,1,,,890,1,,,890,AVG-0,0,1,,,890,1,,,890,0,0,0,,,890,0,,,890,1,0,0,,,890,0,,,890,0,0,0,0,2026-09-30,2026-10-01
2026-09-30 08:18:28,QQQ,736.52,,887.5,885,0,AVG,0,22,,,885,22,,,885,AVG-0,0,22,,,885,22,,,885,0,0,0,,,885,0,,,885,1,0,0,,,885,0,,,885,0,0,0,0,2026-09-30,2026-10-01
2026-09-30 08:18:28,QQQ,736.52,,882.5,880,0,AVG,0,22,,,880,22,,,880,AVG-0,0,22,,,880,22,,,880,0,0,0,,,880,0,,,880,1,0,0,,,880,0,,,880,0,0,0,0,2026-09-30,2026-10-01
2026-09-30 08:18:28,QQQ,736.52,,877.5,875,0,AVG,0,4,,,875,4,,,875,AVG-0,0,4,,,875,4,,,875,0,0,0,,,875,0,,,875,1,0,0,,,875,0,,,875,0,0,0,0,2026-09-30,2026-10-01
2026-09-30 08:18:28,QQQ,736.52,,872.5,870,0,AVG,0,25,,,870,25,,,870,AVG-0,0,25,,,870,25,,,870,0,0,0,,,870,0,,,870,1,0,0,,,870,0,,,870,0,0,0,0,2026-09-30,2026-10-01
2026-09-30 08:18:28,QQQ,736.52,,867.5,865,0,AVG,0,31,,,865,31,,,865,AVG-0,0,31,,,865,31,,,865,0,0,0,,,865,0,,,865,1,0,0,,,865,0,,,865,0,0,0,0,2026-09-30,2026-10-01
2026-09-30 08:18:28,QQQ,736.52,,864.5,864,0,AVG,0,0,,,864,0,,,864,AVG-0,0,0,,,864,0,,,864,0,0,0,,,864,0,,,864,1,0,0,,,864,0,,,864,0,0,0,0,2026-09-30,2026-10-01
2026-09-30 08:18:28,QQQ,736.52,,863.5,863,0,AVG,0,0,,,863,0,,,863,AVG-0,0,0,,,863,0,,,863,0,0,0,,,863,0,,,863,1,0,0,,,863,0,,,863,0,0,0,0,2026-09-30,2026-10-01
2026-09-30 08:18:28,QQQ,736.52,,862.5,862,0,AVG,0,0,,,862,0,,,862,AVG-0,0,0,,,862,0,,,862,0,0,0,,,862,0,,,862,1,0,0,,,862,0,,,862,0,0,0,0,2026-09-30,2026-10-01
2026-09-30 08:18:28,QQQ,736.52,,861.5,861,0,AVG,0,0,,,861,0,,,861,AVG-0,0,0,,,861,0,,,861,0,0,0,,,861,0,,,861,1,0,0,,,861,0,,,861,0,0,0,0,2026-09-30,2026-10-01
2026-09-30 08:18:28,QQQ,736.52,,860.5,860,0,AVG,0,66,,,860,66,,,860,AVG-0,0,66,,,860,66,,,860,0,0,0,,,860,0,,,860,1,0,0,,,860,0,,,860,0,0,0,0,2026-09-30,2026-10-01
2026-09-30 08:18:28,QQQ,736.52,,859.5,859,0,AVG,0,0,,,859,0,,,859,AVG-0,0,0,,,859,0,,,859,0,0,0,,,859,0,,,859,1,0,0,,,859,0,,,859,0,0,0,0,2026-09-30,2026-10-01
2026-09-30 08:18:28,QQQ,736.52,,858.5,858,0,AVG,0,0,,,858,0,,,858,AVG-0,0,0,,,858,0,,,858,0,0,0,,,858,0,,,858,1,0,0,,,858,0,,,858,0,0,0,0,2026-09-30,2026-10-01
2026-09-30 08:18:28,QQQ,736.52,,857.5,857,0,AVG,0,0,,,857,0,,,857,AVG-0,0,0,,,857,0,,,857,0,0,0,,,857,0,,,857,1,0,0,,,857,0,,,857,0,0,0,0,2026-09-30,2026-10-01
2026-09-30 08:18:28,QQQ,736.52,,856.5,856,0,AVG,0,0,,,856,0,,,856,AVG-0,0,0,,,856,0,,,856,0,0,0,,,856,0,,,856,1,0,0,,,856,0,,,856,0,0,0,0,2026-09-30,2026-10-01
2026-09-30 08:18:28,QQQ,736.52,,855.5,855,0,AVG,0,54,,,855,54,,,855,AVG-0,0,54,,,855,54,,,855,0,0,0,,,855,0,,,855,1,0,0,,,855,0,,,855,0,0,0,0,2026-09-30,2026-10-01
2026-09-30 08:18:28,QQQ,736.52,,854.5,854,0,AVG,0,0,,,854,0,,,854,AVG-0,0,0,,,854,0,,,854,0,0,0,,,854,0,,,854,1,0,0,,,854,0,,,854,0,0,0,0,2026-09-30,2026-10-01
2026-09-30 08:18:28,QQQ,736.52,,853.5,853,0,AVG,0,0,,,853,0,,,853,AVG-0,0,0,,,853,0,,,853,0,0,0,,,853,0,,,853,1,0,0,,,853,0,,,853,0,0,0,0,2026-09-30,2026-10-01
2026-09-30 08:18:28,QQQ,736.52,,852.5,852,0,AVG,0,0,,,852,0,,,852,AVG-0,0,0,,,852,0,,,852,0,0,0,,,852,0,,,852,1,0,0,,,852,0,,,852,0,0,0,0,2026-09-30,2026-10-01
2026-09-30 08:18:28,QQQ,736.52,,851.5,851,0,AVG,0,0,,,851,0,,,851,AVG-0,0,0,,,851,0,,,851,0,0,0,,,851,0,,,851,1,0,0,,,851,0,,,851,0,0,0,0,2026-09-30,2026-10-01
2026-09-30 08:18:28,QQQ,736.52,,850.5,850,0,AVG,0,927,,,850,927,,,850,AVG-0,0,927,,,850,927,,,850,0,0,0,,,850,0,,,850,1,0,0,,,850,0,,,850,0,0,0,0,2026-09-30,2026-10-01
2026-09-30 08:18:28,QQQ,736.52,,849.5,849,0,AVG,0,0,,,849,0,,,849,AVG-0,0,0,,,849,0,,,849,0,0,0,,,849,0,,,849,1,0,0,,,849,0,,,849,0,0,0,0,2026-09-30,2026-10-01
2026-09-30 08:18:28,QQQ,736.52,,848.5,848,0,AVG,0,0,,,848,0,,,848,AVG-0,0,0,,,848,0,,,848,0,0,0,,,848,0,,,848,1,0,0,,,848,0,,,848,0,0,0,0,2026-09-30,2026-10-01
2026-09-30 08:18:28,QQQ,736.52,,847.5,847,0,AVG,0,0,,,847,0,,,847,AVG-0,0,0,,,847,0,,,847,0,0,0,,,847,0,,,847,1,0,0,,,847,0,,,847,0,0,0,0,2026-09-30,2026-10-01
2026-09-30 08:18:28,QQQ,736.52,,846.5,846,0,AVG,0,0,,,846,0,,,846,AVG-0,0,0,,,846,0,,,846,0,0,0,,,846,0,,,846,1,0,0,,,846,0,,,846,0,0,0,0,2026-09-30,2026-10-01
2026-09-30 08:18:28,QQQ,736.52,,845.5,845,0,AVG,0,284,,,845,284,,,845,AVG-0,0,284,,,845,284,,,845,0,0,0,,,845,0,,,845,1,0,0,,,845,0,,,845,0,0,0,0,2026-09-30,2026-10-01
2026-09-30 08:18:28,QQQ,736.52,,844.5,844,0,AVG,0,0,,,844,0,,,844,AVG-0,0,0,,,844,0,,,844,0,0,0,,,844,0,,,844,1,0,0,,,844,0,,,844,0,0,0,0,2026-09-30,2026-10-01
2026-09-30 08:18:28,QQQ,736.52,,843.5,843,0,AVG,0,0,,,843,0,,,843,AVG-0,0,0,,,843,0,,,843,0,0,0,,,843,0,,,843,1,0,0,,,843,0,,,843,0,0,0,0,2026-09-30,2026-10-01
2026-09-30 08:18:28,QQQ,736.52,,842.5,842,0,AVG,0,0,,,842,0,,,842,AVG-0,0,0,,,842,0,,,842,0,0,0,,,842,0,,,842,1,0,0,,,842,0,,,842,0,0,0,0,2026-09-30,2026-10-01
2026-09-30 08:18:28,QQQ,736.52,,841.5,841,0,AVG,0,0,,,841,0,,,841,AVG-0,0,0,,,841,0,,,841,0,0,0,,,841,0,,,841,1,0,0,,,841,0,,,841,0,0,0,0,2026-09-30,2026-10-01
2026-09-30 08:18:28,QQQ,736.52,,840.5,840,0,AVG,0,842,,,840,842,,,840,AVG-0,0,842,,,840,842,,,840,0,0,0,,,840,0,,,840,1,0,0,,,840,0,,,840,0,0,0,0,2026-09-30,2026-10-01
2026-09-30 08:18:28,QQQ,736.52,,839.5,839,0,AVG,0,0,,,839,0,,,839,AVG-0,0,0,,,839,0,,,839,0,0,0,,,839,0,,,839,1,0,0,,,839,0,,,839,0,0,0,0,2026-09-30,2026-10-01
2026-09-30 08:18:28,QQQ,736.52,,838.5,838,0,AVG,0,0,,,838,0,,,838,AVG-0,0,0,,,838,0,,,838,0,0,0,,,838,0,,,838,1,0,0,,,838,0,,,838,0,0,0,0,2026-09-30,2026-10-01
2026-09-30 08:18:28,QQQ,736.52,,837.5,837,0,AVG,0,0,,,837,0,,,837,AVG-0,0,0,,,837,0,,,837,0,0,0,,,837,0,,,837,1,0,0,,,837,0,,,837,0,0,0,0,2026-09-30,2026-10-01
2026-09-30 08:18:28,QQQ,736.52,,836.5,836,0,AVG,0,0,,,836,0,,,836,AVG-0,0,0,,,836,0,,,836,0,0,0,,,836,0,,,836,1,0,0,,,836,0,,,836,0,0,0,0,2026-09-30,2026-10-01
2026-09-30 08:18:28,QQQ,736.52,,835.5,835,0,AVG,0,574,,,835,574,,,835,AVG-0,0,574,,,835,574,,,835,0,0,0,,,835,0,,,835,1,0,0,,,835,0,,,835,0,0,0,0,2026-09-30,2026-10-01
2026-09-30 08:18:28,QQQ,736.52,,834.5,834,0,AVG,0,0,,,834,0,,,834,AVG-0,0,0,,,834,0,,,834,0,0,0,,,834,0,,,834,1,0,0,,,834,0,,,834,0,0,0,0,2026-09-30,2026-10-01
2026-09-30 08:18:28,QQQ,736.52,,833.5,833,0,AVG,0,0,,,833,0,,,833,AVG-0,0,0,,,833,0,,,833,0,0,0,,,833,0,,,833,1,0,0,,,833,0,,,833,0,0,0,0,2026-09-30,2026-10-01
2026-09-30 08:18:28,QQQ,736.52,,832.5,832,0,AVG,0,0,,,832,0,,,832,AVG-0,0,0,,,832,0,,,832,0,0,0,,,832,0,,,832,1,0,0,,,832,0,,,832,0,0,0,0,2026-09-30,2026-10-01
2026-09-30 08:18:28,QQQ,736.52,,831.5,831,0,AVG,0,0,,,831,0,,,831,AVG-0,0,0,,,831,0,,,831,0,0,0,,,831,0,,,831,1,0,0,,,831,0,,,831,0,0,0,0,2026-09-30,2026-10-01
2026-09-30 08:18:28,QQQ,736.52,,830.5,830,0,AVG,0,1258,,,830,1258,,,830,AVG-0,0,1258,,,830,1258,,,830,0,0,0,,,830,0,,,830,1,0,0,,,830,0,,,830,0,0,0,0,2026-09-30,2026-10-01
2026-09-30 08:18:28,QQQ,736.52,,829.5,829,0,AVG,0,0,,,829,0,,,829,AVG-0,0,0,,,829,0,,,829,0,0,0,,,829,0,,,829,1,0,0,,,829,0,,,829,0,0,0,0,2026-09-30,2026-10-01
2026-09-30 08:18:28,QQQ,736.52,,828.5,828,0,AVG,0,0,,,828,0,,,828,AVG-0,0,0,,,828,0,,,828,0,0,0,,,828,0,,,828,1,0,0,,,828,0,,,828,0,0,0,0,2026-09-30,2026-10-01
2026-09-30 08:18:28,QQQ,736.52,,827.5,827,0,AVG,0,0,,,827,0,,,827,AVG-0,0,0,,,827,0,,,827,0,0,0,,,827,0,,,827,1,0,0,,,827,0,,,827,0,0,0,0,2026-09-30,2026-10-01
2026-09-30 08:18:28,QQQ,736.52,,826.5,826,0,AVG,0,0,,,826,0,,,826,AVG-0,0,0,,,826,0,,,826,0,0,0,,,826,0,,,826,1,0,0,,,826,0,,,826,0,0,0,0,2026-09-30,2026-10-01
2026-09-30 08:18:28,QQQ,736.52,,825.5,825,0,AVG,0,4215,,,825,4215,,,825,AVG-0,0,4215,,,825,4215,,,825,0,0,0,,,825,0,,,825,1,0,0,,,825,0,,,825,0,0,0,0,2026-09-30,2026-10-01
2026-09-30 08:18:28,QQQ,736.52,,824.5,824,0,AVG,0,0,,,824,0,,,824,AVG-0,0,0,,,824,0,,,824,0,0,0,,,824,0,,,824,1,0,0,,,824,0,,,824,0,0,0,0,2026-09-30,2026-10-01
2026-09-30 08:18:28,QQQ,736.52,,823.5,823,0,AVG,0,0,,,823,0,,,823,AVG-0,0,0,,,823,0,,,823,0,0,0,,,823,0,,,823,1,0,0,,,823,0,,,823,0,0,0,0,2026-09-30,2026-10-01
2026-09-30 08:18:28,QQQ,736.52,,822.5,822,0,AVG,0,0,,,822,0,,,822,AVG-0,0,0,,,822,0,,,822,0,0,0,,,822,0,,,822,1,0,0,,,822,0,,,822,0,0,0,0,2026-09-30,2026-10-01
2026-09-30 08:18:28,QQQ,736.52,,821.5,821,0,AVG,0,0,,,821,0,,,821,AVG-0,0,0,,,821,0,,,821,0,0,0,,,821,0,,,821,1,0,0,,,821,0,,,821,0,0,0,0,2026-09-30,2026-10-01
2026-09-30 08:18:28,QQQ,736.52,,820.5,820,0,AVG,0,4388,,,820,4388,,,820,AVG-0,0,4388,,,820,4388,,,820,0,0,0,,,820,0,,,820,1,0,0,,,820,0,,,820,0,0,0,0,2026-09-30,2026-10-01
2026-09-30 08:18:28,QQQ,736.52,,819.5,819,0,AVG,0,0,,,819,0,,,819,AVG-0,0,0,,,819,0,,,819,0,0,0,,,819,0,,,819,1,0,0,,,819,0,,,819,0,0,0,0,2026-09-30,2026-10-01
2026-09-30 08:18:28,QQQ,736.52,,818.5,818,0,AVG,0,0,,,818,0,,,818,AVG-0,0,0,,,818,0,,,818,0,0,0,,,818,0,,,818,1,0,0,,,818,0,,,818,0,0,0,0,2026-09-30,2026-10-01
2026-09-30 08:18:28,QQQ,736.52,,817.5,817,0,AVG,0,0,,,817,0,,,817,AVG-0,0,0,,,817,0,,,817,0,0,0,,,817,0,,,817,1,0,0,,,817,0,,,817,0,0,0,0,2026-09-30,2026-10-01
2026-09-30 08:18:28,QQQ,736.52,,816.5,816,0,AVG,0,0,,,816,0,,,816,AVG-0,0,0,,,816,0,,,816,0,0,0,,,816,0,,,816,1,0,0,,,816,0,,,816,0,0,0,0,2026-09-30,2026-10-01
2026-09-30 08:18:28,QQQ,736.52,,815.5,815,0,AVG,0,2281,,,815,2281,,,815,AVG-0,0,2281,,,815,2281,,,815,0,0,0,,,815,0,,,815,1,0,0,,,815,0,,,815,0,0,0,0,2026-09-30,2026-10-01
2026-09-30 08:18:28,QQQ,736.52,,814.5,814,0,AVG,0,0,,,814,0,,,814,AVG-0,0,0,,,814,0,,,814,0,0,0,,,814,0,,,814,1,0,0,,,814,0,,,814,0,0,0,0,2026-09-30,2026-10-01
2026-09-30 08:18:28,QQQ,736.52,,813.5,813,0,AVG,0,0,,,813,0,,,813,AVG-0,0,0,,,813,0,,,813,0,0,0,,,813,0,,,813,1,0,0,,,813,0,,,813,0,0,0,0,2026-09-30,2026-10-01
2026-09-30 08:18:28,QQQ,736.52,,812.5,812,0,AVG,0,0,,,812,0,,,812,AVG-0,0,0,,,812,0,,,812,0,0,0,,,812,0,,,812,1,0,0,,,812,0,,,812,0,0,0,0,2026-09-30,2026-10-01
2026-09-30 08:18:28,QQQ,736.52,,811.5,811,0,AVG,0,0,,,811,0,,,811,AVG-0,0,0,,,811,0,,,811,0,0,0,,,811,0,,,811,1,0,0,,,811,0,,,811,0,0,0,0,2026-09-30,2026-10-01
2026-09-30 08:18:28,QQQ,736.52,,810.5,810,0,AVG,0,7242,,,810,7242,,,810,AVG-0,0,7242,,,810,7242,,,810,0,0,0,,,810,0,,,810,1,0,0,,,810,0,,,810,0,0,0,0,2026-09-30,2026-10-01
2026-09-30 08:18:28,QQQ,736.52,,809.5,809,0,AVG,0,0,,,809,0,,,809,AVG-0,0,0,,,809,0,,,809,0,0,0,,,809,0,,,809,1,0,0,,,809,0,,,809,0,0,0,0,2026-09-30,2026-10-01
2026-09-30 08:18:28,QQQ,736.52,,808.5,808,0,AVG,0,0,,,808,0,,,808,AVG-0,0,0,,,808,0,,,808,0,0,0,,,808,0,,,808,1,0,0,,,808,0,,,808,0,0,0,0,2026-09-30,2026-10-01
2026-09-30 08:18:28,QQQ,736.52,,807.5,807,0,AVG,0,0,,,807,0,,,807,AVG-0,0,0,,,807,0,,,807,0,0,0,,,807,0,,,807,1,0,0,,,807,0,,,807,0,0,0,0,2026-09-30,2026-10-01
2026-09-30 08:18:28,QQQ,736.52,,806.5,806,0,AVG,0,0,,,806,0,,,806,AVG-0,0,0,,,806,0,,,806,0,0,0,,,806,0,,,806,1,0,0,,,806,0,,,806,0,0,0,0,2026-09-30,2026-10-01
2026-09-30 08:18:28,QQQ,736.52,,805.5,805,0,AVG,0,6350,,,805,6350,,,805,AVG-0,0,6350,,,805,6350,,,805,0,0,0,,,805,0,,,805,1,0,0,,,805,0,,,805,0,0,0,0,2026-09-30,2026-10-01
2026-09-30 08:18:28,QQQ,736.52,,804.5,804,0,AVG,0,0,,,804,0,,,804,AVG-0,0,0,,,804,0,,,804,0,0,0,,,804,0,,,804,1,0,0,,,804,0,,,804,0,0,0,0,2026-09-30,2026-10-01
2026-09-30 08:18:28,QQQ,736.52,,803.5,803,0,AVG,0,0,,,803,0,,,803,AVG-0,0,0,,,803,0,,,803,0,0,0,,,803,0,,,803,1,0,0,,,803,0,,,803,0,0,0,0,2026-09-30,2026-10-01
2026-09-30 08:18:28,QQQ,736.52,,802.5,802,0,AVG,0,0,,,802,0,,,802,AVG-0,0,0,,,802,0,,,802,0,0,0,,,802,0,,,802,1,0,0,,,802,0,,,802,0,0,0,0,2026-09-30,2026-10-01
2026-09-30 08:18:28,QQQ,736.52,,801.5,801,0,AVG,0,0,,,801,0,,,801,AVG-0,0,0,,,801,0,,,801,0,0,0,,,801,0,,,801,1,0,0,,,801,0,,,801,0,0,0,0,2026-09-30,2026-10-01
2026-09-30 08:18:28,QQQ,736.52,,800.5,800,0,AVG,0,51523,,,800,51523,,,800,AVG-0,0,51523,,,800,51523,,,800,0,0,0,,,800,0,,,800,1,0,0,,,800,0,,,800,0,0,0,0,2026-09-30,2026-10-01
2026-09-30 08:18:28,QQQ,736.52,,799.5,799,0,AVG,0,0,,,799,0,,,799,AVG-0,0,0,,,799,0,,,799,0,0,0,,,799,0,,,799,1,0,0,,,799,0,,,799,0,0,0,0,2026-09-30,2026-10-01
2026-09-30 08:18:28,QQQ,736.52,,798.5,798,0,AVG,0,0,,,798,0,,,798,AVG-0,0,0,,,798,0,,,798,0,0,0,,,798,0,,,798,1,0,0,,,798,0,,,798,0,0,0,0,2026-09-30,2026-10-01
2026-09-30 08:18:28,QQQ,736.52,,797.5,797,0,AVG,0,0,,,797,0,,,797,AVG-0,0,0,,,797,0,,,797,0,0,0,,,797,0,,,797,1,0,0,,,797,0,,,797,0,0,0,0,2026-09-30,2026-10-01
2026-09-30 08:18:28,QQQ,736.52,,796.5,796,0,AVG,0,0,,,796,0,,,796,AVG-0,0,0,,,796,0,,,796,0,0,0,,,796,0,,,796,1,0,0,,,796,0,,,796,0,0,0,0,2026-09-30,2026-10-01
2026-09-30 08:18:28,QQQ,736.52,,795.5,795,0,AVG,0,17809,,,795,17809,,,795,AVG-0,0,17809,,,795,17809,,,795,0,0,0,,,795,0,,,795,1,0,0,,,795,0,,,795,0,0,0,0,2026-09-30,2026-10-01
2026-09-30 08:18:28,QQQ,736.52,,794.5,794,0,AVG,0,0,,,794,0,,,794,AVG-0,0,0,,,794,0,,,794,0,0,0,,,794,0,,,794,1,0,0,,,794,0,,,794,0,0,0,0,2026-09-30,2026-10-01
2026-09-30 08:18:28,QQQ,736.52,,793.5,793,0,AVG,0,0,,,793,0,,,793,AVG-0,0,0,,,793,0,,,793,0,0,0,,,793,0,,,793,1,0,0,,,793,0,,,793,0,0,0,0,2026-09-30,2026-10-01
2026-09-30 08:18:28,QQQ,736.52,,792.5,792,0,AVG,0,0,,,792,0,,,792,AVG-0,0,0,,,792,0,,,792,0,0,0,,,792,0,,,792,1,0,0,,,792,0,,,792,0,0,0,0,2026-09-30,2026-10-01
2026-09-30 08:18:28,QQQ,736.52,,791.5,791,0,AVG,0,0,,,791,0,,,791,AVG-0,0,0,,,791,0,,,791,0,0,0,,,791,0,,,791,1,0,0,,,791,0,,,791,0,0,0,0,2026-09-30,2026-10-01
2026-09-30 08:18:28,QQQ,736.52,,790.5,790,0,AVG,0,28744,,,790,28744,,,790,AVG-0,0,28744,,,790,28744,,,790,0,0,0,,,790,0,,,790,1,0,0,,,790,0,,,790,0,0,0,0,2026-09-30,2026-10-01
2026-09-30 08:18:28,QQQ,736.52,,789.5,789,0,AVG,0,0,,,789,0,,,789,AVG-0,0,0,,,789,0,,,789,0,0,0,,,789,0,,,789,1,0,0,,,789,0,,,789,0,0,0,0,2026-09-30,2026-10-01
2026-09-30 08:18:28,QQQ,736.52,,788.5,788,0,AVG,0,0,,,788,0,,,788,AVG-0,0,0,,,788,0,,,788,0,0,0,,,788,0,,,788,1,0,0,,,788,0,,,788,0,0,0,0,2026-09-30,2026-10-01
2026-09-30 08:18:28,QQQ,736.52,,787.5,787,0,AVG,0,0,,,787,0,,,787,AVG-0,0,0,,,787,0,,,787,0,0,0,,,787,0,,,787,1,0,0,,,787,0,,,787,0,0,0,0,2026-09-30,2026-10-01
2026-09-30 08:18:28,QQQ,736.52,,786.5,786,0,AVG,0,0,,,786,0,,,786,AVG-0,0,0,,,786,0,,,786,0,0,0,,,786,0,,,786,1,0,0,,,786,0,,,786,0,0,0,0,2026-09-30,2026-10-01
2026-09-30 08:18:28,QQQ,736.52,,785.5,785,0,AVG,0,111971,,,785,111971,,,785,AVG-0,0,111971,,,785,111971,,,785,0,0,0,,,785,0,,,785,1,0,0,,,785,0,,,785,0,0,0,0,2026-09-30,2026-10-01
2026-09-30 08:18:28,QQQ,736.52,,784.5,784,0,AVG,0,0,,,784,0,,,784,AVG-0,0,0,,,784,0,,,784,0,0,0,,,784,0,,,784,1,0,0,,,784,0,,,784,0,0,0,0,2026-09-30,2026-10-01
2026-09-30 08:18:28,QQQ,736.52,,783.5,783,0,AVG,0,0,,,783,0,,,783,AVG-0,0,0,,,783,0,,,783,0,0,0,,,783,0,,,783,1,0,0,,,783,0,,,783,0,0,0,0,2026-09-30,2026-10-01
2026-09-30 08:18:28,QQQ,736.52,,782.5,782,0,AVG,0,0,,,782,0,,,782,AVG-0,0,0,,,782,0,,,782,0,0,0,,,782,0,,,782,1,0,0,,,782,0,,,782,0,0,0,0,2026-09-30,2026-10-01
2026-09-30 08:18:28,QQQ,736.52,,781.5,781,0,AVG,0,0,,,781,0,,,781,AVG-0,0,0,,,781,0,,,781,0,0,0,,,781,0,,,781,1,0,0,,,781,0,,,781,0,0,0,0,2026-09-30,2026-10-01
2026-09-30 08:18:28,QQQ,736.52,,780.5,780,0,AVG,0,77971,,,780,77971,,,780,AVG-0,0,77971,,,780,77971,,,780,0,0,0,,,780,0,,,780,1,0,2,,,780,2,,,780,0,0,0,0,2026-09-30,2026-10-01
2026-09-30 08:18:28,QQQ,736.52,,779.5,779,0,AVG,0,0,,,779,0,,,779,AVG-0,0,0,,,779,0,,,779,0,0,0,,,779,0,,,779,1,0,0,,,779,0,,,779,0,0,0,0,2026-09-30,2026-10-01
2026-09-30 08:18:28,QQQ,736.52,,778.5,778,0,AVG,0,0,,,778,0,,,778,AVG-0,0,0,,,778,0,,,778,0,0,0,,,778,0,,,778,1,0,0,,,778,0,,,778,0,0,0,0,2026-09-30,2026-10-01
2026-09-30 08:18:28,QQQ,736.52,,777.5,777,0,AVG,0,0,,,777,0,,,777,AVG-0,0,0,,,777,0,,,777,0,0,0,,,777,0,,,777,1,0,0,,,777,0,,,777,0,0,0,0,2026-09-30,2026-10-01
2026-09-30 08:18:28,QQQ,736.52,,776.5,776,0,AVG,0,0,,,776,0,,,776,AVG-0,0,0,,,776,0,,,776,0,0,0,,,776,0,,,776,1,0,0,,,776,0,,,776,0,0,0,0,2026-09-30,2026-10-01
2026-09-30 08:18:28,QQQ,736.52,,775.5,775,0,AVG,0,232245,,,775,232245,,,775,AVG-0,0,232245,,,775,232245,,,775,0,0,0,,,775,0,,,775,1,0,10,,,775,10,,,775,0,0,0,0,2026-09-30,2026-10-01
2026-09-30 08:18:28,QQQ,736.52,,774.5,774,0,AVG,0,10496,,,774,10496,,,774,AVG-0,0,10496,,,774,10496,,,774,0,0,0,,,774,0,,,774,1,0,7,,,774,7,,,774,0,0,0,0,2026-09-30,2026-10-01
2026-09-30 08:18:28,QQQ,736.52,,773.5,773,0,AVG,0,7716,,,773,7716,,,773,AVG-0,0,7716,,,773,7716,,,773,0,0,0,,,773,0,,,773,1,0,12,,,773,12,,,773,0,0,0,0,2026-09-30,2026-10-01
2026-09-30 08:18:28,QQQ,736.52,,772.5,772,0,AVG,0,15954,,,772,15954,,,772,AVG-0,0,15954,,,772,15954,,,772,0,0,0,,,772,0,,,772,1,0,9,,,772,9,,,772,0,0,0,0,2026-09-30,2026-10-01
2026-09-30 08:18:28,QQQ,736.52,,771.5,771,0,AVG,0,8531,,,771,8531,,,771,AVG-0,0,8531,,,771,8531,,,771,0,0,0,,,771,0,,,771,1,0,22,,,771,22,,,771,0,0,0,0,2026-09-30,2026-10-01
2026-09-30 08:18:28,QQQ,736.52,,770.5,770,0,AVG,0,193713,,,770,193713,,,770,AVG-0,0,193713,,,770,193713,,,770,0,0,0,,,770,0,,,770,1,0,94,,,770,94,,,770,0,0,0,0,2026-09-30,2026-10-01
2026-09-30 08:18:28,QQQ,736.52,,769.5,769,0,AVG,0,11632,,,769,11632,,,769,AVG-0,0,11632,,,769,11632,,,769,0,0,0,,,769,0,,,769,1,0,119,,,769,119,,,769,0,0,0,0,2026-09-30,2026-10-01
2026-09-30 08:18:28,QQQ,736.52,,768.5,768,0,AVG,0,14689,,,768,14689,,,768,AVG-0,0,14689,,,768,14689,,,768,0,0,0,,,768,0,,,768,1,0,27,,,768,27,,,768,0,0,0,0,2026-09-30,2026-10-01
2026-09-30 08:18:28,QQQ,736.52,,767.5,767,0,AVG,0,11970,,,767,11970,,,767,AVG-0,0,11970,,,767,11970,,,767,0,0,0,,,767,0,,,767,1,0,71,,,767,71,,,767,0,0,0,0,2026-09-30,2026-10-01
2026-09-30 08:18:28,QQQ,736.52,,766.5,766,0,AVG,0,20127,,,766,20127,,,766,AVG-0,0,20127,,,766,20127,,,766,0,0,0,,,766,0,,,766,1,0,296,,,766,296,,,766,0,0,0,0,2026-09-30,2026-10-01
2026-09-30 08:18:28,QQQ,736.52,,765.5,765,0,AVG,0,111236,,,765,111236,,,765,AVG-0,0,111236,,,765,111236,,,765,0,0,0,,,765,0,,,765,1,0,393,,,765,393,,,765,0,0,0,0,2026-09-30,2026-10-01
2026-09-30 08:18:28,QQQ,736.52,,764.5,764,0,AVG,0,18938,,,764,18938,,,764,AVG-0,0,18938,,,764,18938,,,764,0,0,0,,,764,0,,,764,1,0,2278,,,764,2278,,,764,0,0,0,0,2026-09-30,2026-10-01
2026-09-30 08:18:28,QQQ,736.52,,763.5,763,0,AVG,0,23598,,,763,23598,,,763,AVG-0,0,23598,,,763,23598,,,763,0,0,0,,,763,0,,,763,1,0,855,,,763,855,,,763,0,0,0,0,2026-09-30,2026-10-01
2026-09-30 08:18:28,QQQ,736.52,,762.5,762,0,AVG,0,21046,,,762,21046,,,762,AVG-0,0,21045,,,762,21045,,,762,0,0,1,,,762,1,,,762,1,0,2226,,,762,2226,,,762,0,0,0,0,2026-09-30,2026-10-01
2026-09-30 08:18:28,QQQ,736.52,,761.5,761,0,AVG,0,24143,,,761,24143,,,761,AVG-0,0,24142,,,761,24142,,,761,0,0,1,,,761,1,,,761,1,0,1278,,,761,1278,,,761,0,0,0,0,2026-09-30,2026-10-01
2026-09-30 08:18:28,QQQ,736.52,,760.5,760,0,AVG,0,721618,,5,760,721618,,5,760,AVG-0,0,721603,+,2,760,721603,+,2,760,0,0,15,,,760,15,,,760,1,0,7811,,,760,7811,,,760,0,0,0,0,2026-09-30,2026-10-01
2026-09-30 08:18:28,QQQ,736.52,,759.5,759,0,AVG,0,32179,,,759,32179,,,759,AVG-0,0,32174,*,,759,32174,*,,759,0,0,5,,,759,5,,,759,1,0,2295,,,759,2295,,,759,0,0,0,0,2026-09-30,2026-10-01
2026-09-30 08:18:28,QQQ,736.52,,758.5,758,0,AVG,0,45020,,,758,45020,,,758,AVG-0,0,45008,*,,758,45008,*,,758,0,0,12,,,758,12,,,758,1,0,13587,,,758,13587,,,758,0,0,0,0,2026-09-30,2026-10-01
2026-09-30 08:18:28,QQQ,736.52,,757.5,757,0,AVG,0,65453,,,757,65453,,,757,AVG-0,0,65427,*,,757,65427,*,,757,0,0,26,,,757,26,,,757,1,0,23717,,,757,23717,,,757,0,0,0,0,2026-09-30,2026-10-01
2026-09-30 08:18:28,QQQ,736.52,,756.5,756,0,AVG,0,91606,,,756,91606,,,756,AVG-0,0,91563,*,,756,91563,*,,756,0,0,43,,,756,43,,,756,1,0,6855,,,756,6855,,,756,0,0,0,0,2026-09-30,2026-10-01
2026-09-30 08:18:28,QQQ,736.52,,755.5,755,0,AVG,0,382891,,,755,382891,,,755,AVG-0,0,382550,*,5,755,382550,*,5,755,0,0,341,,,755,341,,,755,1,0,11395,,,755,11395,,,755,0,0,0,0,2026-09-30,2026-10-01
2026-09-30 08:18:28,QQQ,736.52,,754.5,754,0,AVG,0,142329,,,754,142329,,,754,AVG-0,0,142176,*,,754,142176,*,,754,0,0,153,,,754,153,,,754,1,0,4001,,,754,4001,,,754,0,0,0,0,2026-09-30,2026-10-01
2026-09-30 08:18:28,QQQ,736.52,,753.5,753,0,AVG,0,75581,,,753,75581,,,753,AVG-0,0,75225,*,,753,75225,*,,753,0,0,356,,,753,356,,,753,1,0,18608,,,753,18608,,,753,0,0,0,0,2026-09-30,2026-10-01
2026-09-30 08:18:28,QQQ,736.52,,752.5,752,0,AVG,0,167876,,,752,167876,,,752,AVG-0,0,163394,*,,752,163394,*,,752,0,0,4482,,,752,4482,,,752,1,0,7938,,,752,7938,,,752,0,0,0,0,2026-09-30,2026-10-01
2026-09-30 08:18:28,QQQ,736.52,,751.5,751,0,AVG,0,73699,,,751,73699,,,751,AVG-0,0,72034,*,,751,72034,*,,751,0,0,1665,,,751,1665,,,751,1,0,10868,,,751,10868,,,751,0,0,0,0,2026-09-30,2026-10-01
2026-09-30 08:18:28,QQQ,736.52,,750.5,750,0,AVG,0,596695,,,750,596695,,,750,AVG-0,0,573944,*,3,750,573944,*,3,750,0,0,22751,,,750,22751,,,750,1,0,37739,,,750,37739,,,750,0,0,0,0,2026-09-30,2026-10-01
2026-09-30 08:18:28,QQQ,736.52,,749.5,749,0,AVG,0,68447,,,749,68447,,,749,AVG-0,0,63119,*,,749,63119,*,,749,0,0,5328,,,749,5328,,,749,1,0,17671,,,749,17671,,,749,0,0,0,0,2026-09-30,2026-10-01
2026-09-30 08:18:28,QQQ,736.52,,748.5,748,0,AVG,0,194375,,,748,194375,,,748,AVG-0,0,152064,*,,748,152064,*,,748,0,0,42311,,,748,42311,,,748,1,0,17988,,,748,17988,,,748,0,0,0,0,2026-09-30,2026-10-01
2026-09-30 08:18:28,QQQ,736.52,,747.5,747,0,AVG,0,180713,,,747,180713,,,747,AVG-0,0,86763,*,,747,86763,*,,747,0,0,93950,,,747,93950,,,747,1,0,40115,,4,747,40115,,4,747,0,0,0,0,2026-09-30,2026-10-01
2026-09-30 08:18:28,QQQ,736.52,,746.5,746,0,AVG,0,118586,,,746,118586,,,746,AVG-0,0,76340,*,,746,76340,*,,746,0,0,42246,,,746,42246,,,746,1,0,20940,,,746,20940,,,746,0,0,0,0,2026-09-30,2026-10-01
2026-09-30 08:18:28,QQQ,736.52,,745.5,745,0,AVG,0,731326,,4,745,731326,,4,745,AVG-0,0,469895,*,4,745,469895,*,4,745,0,0,261431,,5,745,261431,,5,745,1,0,48057,,3,745,48057,,3,745,0,0,0,0,2026-09-30,2026-10-01
2026-09-30 08:18:28,QQQ,736.52,,744.5,744,0,AVG,0,114516,,,744,114516,,,744,AVG-0,0,64281,*,,744,64281,*,,744,0,0,50235,,,744,50235,,,744,1,0,10862,,,744,10862,,,744,0,0,0,0,2026-09-30,2026-10-01
2026-09-30 08:18:28,QQQ,736.52,,743.5,743,0,AVG,0,113142,,,743,113142,,,743,AVG-0,0,32946,*,,743,32946,*,,743,0,0,80196,,,743,80196,,,743,1,0,11669,,,743,11669,,,743,0,0,0,0,2026-09-30,2026-10-01
2026-09-30 08:18:28,QQQ,736.52,,742.5,742,0,AVG,0,114061,,,742,114061,,,742,AVG-0,0,43315,*,,742,43315,*,,742,0,0,70746,,,742,70746,,,742,1,0,4738,,,742,4738,,,742,0,0,0,0,2026-09-30,2026-10-01
2026-09-30 08:18:28,QQQ,736.52,,741.5,741,0,AVG,0,168887,,,741,168887,,,741,AVG-0,0,19107,*,,741,19107,*,,741,0,0,149780,,,741,149780,,,741,1,0,-2074,,,741,-2074,,,741,0,0,0,0,2026-09-30,2026-10-01
2026-09-30 08:18:28,QQQ,736.52,,740.5,740,0,AVG,0,814578,+,3,740,814578,+,3,740,AVG-0,0,264230,*,,740,264230,*,,740,0,0,550348,+,3,740,550348,+,3,740,1,0,71492,M+,1,740,71492,M+,1,740,0,0,0,0,2026-09-30,2026-10-01
2026-09-30 08:18:28,QQQ,736.52,,739.5,739,0,AVG,0,191792,*,,739,191792,*,,739,AVG-0,0,49201,M,,739,49201,M,,739,0,0,142591,*,,739,142591,*,,739,1,0,22212,*,,739,22212,*,,739,0,0,0,0,2026-09-30,2026-10-01
2026-09-30 08:18:28,QQQ,736.52,,738.5,738,0,AVG,0,90540,*,,738,90540,*,,738,AVG-0,0,44988,*,,738,44988,*,,738,0,0,45552,*,,738,45552,*,,738,1,0,39329,*,5,738,39329,*,5,738,0,0,0,0,2026-09-30,2026-10-01
2026-09-30 08:18:28,QQQ,736.52,CURR,737.5,737,0,AVG,0,-408990,*,,737,-408990,*,,737,AVG-0,0,-15947,*,,737,-15947,*,,737,0,0,-393043,*,4,737,-393043,*,4,737,1,0,6141,*,,737,6141,*,,737,0,0,0,0,2026-09-30,2026-10-01
2026-09-30 08:18:28,QQQ,736.52,,736.5,736,0,AVG,0,-3446342,M-,1,736,-3446342,M-,1,736,AVG-0,0,7827,*,,736,7827,*,,736,0,0,-3454169,M-,1,736,-3454169,M-,1,736,1,0,6925,*,,736,6925,*,,736,0,0,0,0,2026-09-30,2026-10-01
2026-09-30 08:18:28,QQQ,736.52,,735.5,735,0,AVG,0,-338850,,,735,-338850,,,735,AVG-0,0,-96642,*,,735,-96642,*,,735,0,0,-242208,,,735,-242208,,,735,1,0,-15233,*,,735,-15233,*,,735,0,0,0,0,2026-09-30,2026-10-01
2026-09-30 08:18:28,QQQ,736.52,,734.5,734,0,AVG,0,-248692,,,734,-248692,,,734,AVG-0,0,-62928,*,,734,-62928,*,,734,0,0,-185764,,,734,-185764,,,734,1,0,-16929,*,,734,-16929,*,,734,0,0,0,0,2026-09-30,2026-10-01
2026-09-30 08:18:28,QQQ,736.52,,733.5,733,0,AVG,0,-354209,,,733,-354209,,,733,AVG-0,0,-252383,*,,733,-252383,*,,733,0,0,-101826,,,733,-101826,,,733,1,0,-18529,*,,733,-18529,*,,733,0,0,0,0,2026-09-30,2026-10-01
2026-09-30 08:18:28,QQQ,736.52,,732.5,732,0,AVG,0,-111806,,,732,-111806,,,732,AVG-0,0,26159,*,,732,26159,*,,732,0,0,-137965,,,732,-137965,,,732,1,0,-25559,*,,732,-25559,*,,732,0,0,0,0,2026-09-30,2026-10-01
2026-09-30 08:18:28,QQQ,736.52,,731.5,731,0,AVG,0,-111386,,,731,-111386,,,731,AVG-0,0,-21010,*,,731,-21010,*,,731,0,0,-90376,,,731,-90376,,,731,1,0,-27493,*,,731,-27493,*,,731,0,0,0,0,2026-09-30,2026-10-01
2026-09-30 08:18:28,QQQ,736.52,,730.5,730,0,AVG,0,-2505558,,2,730,-2505558,,2,730,AVG-0,0,-1085492,-,1,730,-1085492,-,1,730,0,0,-1420066,,2,730,-1420066,,2,730,1,0,-21505,*,,730,-21505,*,,730,0,0,0,0,2026-09-30,2026-10-01
2026-09-30 08:18:28,QQQ,736.52,,729.5,729,0,AVG,0,-91707,,,729,-91707,,,729,AVG-0,0,-55196,,,729,-55196,,,729,0,0,-36511,,,729,-36511,,,729,1,0,-10746,*,,729,-10746,*,,729,0,0,0,0,2026-09-30,2026-10-01
2026-09-30 08:18:28,QQQ,736.52,,728.5,728,0,AVG,0,-74996,,,728,-74996,,,728,AVG-0,0,-37069,,,728,-37069,,,728,0,0,-37927,,,728,-37927,,,728,1,0,-10430,*,,728,-10430,*,,728,0,0,0,0,2026-09-30,2026-10-01
2026-09-30 08:18:28,QQQ,736.52,,727.5,727,0,AVG,0,-110566,,,727,-110566,,,727,AVG-0,0,-61943,,,727,-61943,,,727,0,0,-48623,,,727,-48623,,,727,1,0,-9717,*,,727,-9717,*,,727,0,0,0,0,2026-09-30,2026-10-01
2026-09-30 08:18:28,QQQ,736.52,,726.5,726,0,AVG,0,-65164,,,726,-65164,,,726,AVG-0,0,-90956,,,726,-90956,,,726,0,0,25792,,,726,25792,,,726,1,0,-60582,-,2,726,-60582,-,2,726,0,0,0,0,2026-09-30,2026-10-01
2026-09-30 08:18:28,QQQ,736.52,,725.5,725,0,AVG,0,-68753,,,725,-68753,,,725,AVG-0,0,-74298,,,725,-74298,,,725,0,0,5545,,,725,5545,,,725,1,0,-15293,,,725,-15293,,,725,0,0,0,0,2026-09-30,2026-10-01
2026-09-30 08:18:28,QQQ,736.52,,724.5,724,0,AVG,0,-36433,,,724,-36433,,,724,AVG-0,0,-31005,,,724,-31005,,,724,0,0,-5428,,,724,-5428,,,724,1,0,-7064,,,724,-7064,,,724,0,0,0,0,2026-09-30,2026-10-01
2026-09-30 08:18:28,QQQ,736.52,,723.5,723,0,AVG,0,-29477,,,723,-29477,,,723,AVG-0,0,-25427,,,723,-25427,,,723,0,0,-4050,,,723,-4050,,,723,1,0,-6988,,,723,-6988,,,723,0,0,0,0,2026-09-30,2026-10-01
2026-09-30 08:18:28,QQQ,736.52,,722.5,722,0,AVG,0,-81043,,,722,-81043,,,722,AVG-0,0,-79195,,,722,-79195,,,722,0,0,-1848,,,722,-1848,,,722,1,0,-5084,,,722,-5084,,,722,0,0,0,0,2026-09-30,2026-10-01
2026-09-30 08:18:28,QQQ,736.52,,721.5,721,0,AVG,0,-26483,,,721,-26483,,,721,AVG-0,0,-27518,,,721,-27518,,,721,0,0,1035,,,721,1035,,,721,1,0,-5271,,,721,-5271,,,721,0,0,0,0,2026-09-30,2026-10-01
2026-09-30 08:18:28,QQQ,736.52,,720.5,720,0,AVG,0,-143099,,,720,-143099,,,720,AVG-0,0,-135968,,,720,-135968,,,720,0,0,-7131,,,720,-7131,,,720,1,0,-14545,,,720,-14545,,,720,0,0,0,0,2026-09-30,2026-10-01
2026-09-30 08:18:28,QQQ,736.52,,719.5,719,0,AVG,0,-37855,,,719,-37855,,,719,AVG-0,0,-37705,,,719,-37705,,,719,0,0,-150,,,719,-150,,,719,1,0,-2327,,,719,-2327,,,719,0,0,0,0,2026-09-30,2026-10-01
2026-09-30 08:18:28,QQQ,736.52,,718.5,718,0,AVG,0,-377,,,718,-377,,,718,AVG-0,0,-218,,,718,-218,,,718,0,0,-159,,,718,-159,,,718,1,0,-2013,,,718,-2013,,,718,0,0,0,0,2026-09-30,2026-10-01
2026-09-30 08:18:28,QQQ,736.52,,717.5,717,0,AVG,0,-52214,,,717,-52214,,,717,AVG-0,0,-52165,,,717,-52165,,,717,0,0,-49,,,717,-49,,,717,1,0,-588,,,717,-588,,,717,0,0,0,0,2026-09-30,2026-10-01
2026-09-30 08:18:28,QQQ,736.52,,716.5,716,0,AVG,0,-93856,,,716,-93856,,,716,AVG-0,0,-93848,,,716,-93848,,,716,0,0,-8,,,716,-8,,,716,1,0,-2581,,,716,-2581,,,716,0,0,0,0,2026-09-30,2026-10-01
2026-09-30 08:18:28,QQQ,736.52,,715.5,715,0,AVG,0,-329371,,,715,-329371,,,715,AVG-0,0,-329345,,,715,-329345,,,715,0,0,-26,,,715,-26,,,715,1,0,-4890,,,715,-4890,,,715,0,0,0,0,2026-09-30,2026-10-01
2026-09-30 08:18:28,QQQ,736.52,,714.5,714,0,AVG,0,-20797,,,714,-20797,,,714,AVG-0,0,-20794,,,714,-20794,,,714,0,0,-3,,,714,-3,,,714,1,0,-793,,,714,-793,,,714,0,0,0,0,2026-09-30,2026-10-01
2026-09-30 08:18:28,QQQ,736.52,,713.5,713,0,AVG,0,-85620,,,713,-85620,,,713,AVG-0,0,-85619,,,713,-85619,,,713,0,0,-1,,,713,-1,,,713,1,0,-2142,,,713,-2142,,,713,0,0,0,0,2026-09-30,2026-10-01
2026-09-30 08:18:28,QQQ,736.52,,712.5,712,0,AVG,0,-54900,,,712,-54900,,,712,AVG-0,0,-54900,,,712,-54900,,,712,0,0,0,,,712,0,,,712,1,0,-1119,,,712,-1119,,,712,0,0,0,0,2026-09-30,2026-10-01
2026-09-30 08:18:28,QQQ,736.52,,711.5,711,0,AVG,0,-89461,,,711,-89461,,,711,AVG-0,0,-89461,,,711,-89461,,,711,0,0,0,,,711,0,,,711,1,0,-657,,,711,-657,,,711,0,0,0,0,2026-09-30,2026-10-01
2026-09-30 08:18:28,QQQ,736.52,,710.5,710,0,AVG,0,-219636,,,710,-219636,,,710,AVG-0,0,-219636,,,710,-219636,,,710,0,0,0,,,710,0,,,710,1,0,-632,,,710,-632,,,710,0,0,0,0,2026-09-30,2026-10-01
2026-09-30 08:18:28,QQQ,736.52,,709.5,709,0,AVG,0,-17712,,,709,-17712,,,709,AVG-0,0,-17712,,,709,-17712,,,709,0,0,0,,,709,0,,,709,1,0,-717,,,709,-717,,,709,0,0,0,0,2026-09-30,2026-10-01
2026-09-30 08:18:28,QQQ,736.52,,708.5,708,0,AVG,0,-14763,,,708,-14763,,,708,AVG-0,0,-14763,,,708,-14763,,,708,0,0,0,,,708,0,,,708,1,0,-377,,,708,-377,,,708,0,0,0,0,2026-09-30,2026-10-01
2026-09-30 08:18:28,QQQ,736.52,,707.5,707,0,AVG,0,-17012,,,707,-17012,,,707,AVG-0,0,-17012,,,707,-17012,,,707,0,0,0,,,707,0,,,707,1,0,-292,,,707,-292,,,707,0,0,0,0,2026-09-30,2026-10-01
2026-09-30 08:18:28,QQQ,736.52,,706.5,706,0,AVG,0,-16194,,,706,-16194,,,706,AVG-0,0,-16194,,,706,-16194,,,706,0,0,0,,,706,0,,,706,1,0,-63,,,706,-63,,,706,0,0,0,0,2026-09-30,2026-10-01
2026-09-30 08:18:28,QQQ,736.52,,705.5,705,0,AVG,0,-251866,,,705,-251866,,,705,AVG-0,0,-251866,,,705,-251866,,,705,0,0,0,,,705,0,,,705,1,0,-172,,,705,-172,,,705,0,0,0,0,2026-09-30,2026-10-01
2026-09-30 08:18:28,QQQ,736.52,,704.5,704,0,AVG,0,-13928,,,704,-13928,,,704,AVG-0,0,-13928,,,704,-13928,,,704,0,0,0,,,704,0,,,704,1,0,-83,,,704,-83,,,704,0,0,0,0,2026-09-30,2026-10-01
2026-09-30 08:18:28,QQQ,736.52,,703.5,703,0,AVG,0,-19772,,,703,-19772,,,703,AVG-0,0,-19772,,,703,-19772,,,703,0,0,0,,,703,0,,,703,1,0,-29,,,703,-29,,,703,0,0,0,0,2026-09-30,2026-10-01
2026-09-30 08:18:28,QQQ,736.52,,702.5,702,0,AVG,0,-25522,,,702,-25522,,,702,AVG-0,0,-25522,,,702,-25522,,,702,0,0,0,,,702,0,,,702,1,0,-40,,,702,-40,,,702,0,0,0,0,2026-09-30,2026-10-01
2026-09-30 08:18:28,QQQ,736.52,,701.5,701,0,AVG,0,-22795,,,701,-22795,,,701,AVG-0,0,-22795,,,701,-22795,,,701,0,0,0,,,701,0,,,701,1,0,-46,,,701,-46,,,701,0,0,0,0,2026-09-30,2026-10-01
2026-09-30 08:18:28,QQQ,736.52,,700.5,700,0,AVG,0,-287141,,,700,-287141,,,700,AVG-0,0,-287141,,,700,-287141,,,700,0,0,0,,,700,0,,,700,1,0,-36,,,700,-36,,,700,0,0,0,0,2026-09-30,2026-10-01
2026-09-30 08:18:28,QQQ,736.52,,699.5,699,0,AVG,0,-11479,,,699,-11479,,,699,AVG-0,0,-11479,,,699,-11479,,,699,0,0,0,,,699,0,,,699,1,0,-5,,,699,-5,,,699,0,0,0,0,2026-09-30,2026-10-01
2026-09-30 08:18:28,QQQ,736.52,,698.5,698,0,AVG,0,-7442,,,698,-7442,,,698,AVG-0,0,-7442,,,698,-7442,,,698,0,0,0,,,698,0,,,698,1,0,-6,,,698,-6,,,698,0,0,0,0,2026-09-30,2026-10-01
2026-09-30 08:18:28,QQQ,736.52,,697.5,697,0,AVG,0,-9419,,,697,-9419,,,697,AVG-0,0,-9419,,,697,-9419,,,697,0,0,0,,,697,0,,,697,1,0,-2,,,697,-2,,,697,0,0,0,0,2026-09-30,2026-10-01
2026-09-30 08:18:28,QQQ,736.52,,696.5,696,0,AVG,0,-9935,,,696,-9935,,,696,AVG-0,0,-9935,,,696,-9935,,,696,0,0,0,,,696,0,,,696,1,0,-2,,,696,-2,,,696,0,0,0,0,2026-09-30,2026-10-01
2026-09-30 08:18:28,QQQ,736.52,,695.5,695,0,AVG,0,-149560,,,695,-149560,,,695,AVG-0,0,-149560,,,695,-149560,,,695,0,0,0,,,695,0,,,695,1,0,-3,,,695,-3,,,695,0,0,0,0,2026-09-30,2026-10-01
2026-09-30 08:18:28,QQQ,736.52,,694.5,694,0,AVG,0,-5718,,,694,-5718,,,694,AVG-0,0,-5718,,,694,-5718,,,694,0,0,0,,,694,0,,,694,1,0,-2,,,694,-2,,,694,0,0,0,0,2026-09-30,2026-10-01
2026-09-30 08:18:28,QQQ,736.52,,693.5,693,0,AVG,0,-8495,,,693,-8495,,,693,AVG-0,0,-8495,,,693,-8495,,,693,0,0,0,,,693,0,,,693,1,0,-1,,,693,-1,,,693,0,0,0,0,2026-09-30,2026-10-01
2026-09-30 08:18:28,QQQ,736.52,,692.5,692,0,AVG,0,-7141,,,692,-7141,,,692,AVG-0,0,-7141,,,692,-7141,,,692,0,0,0,,,692,0,,,692,1,0,0,,,692,0,,,692,0,0,0,0,2026-09-30,2026-10-01
2026-09-30 08:18:28,QQQ,736.52,,691.5,691,0,AVG,0,-4786,,,691,-4786,,,691,AVG-0,0,-4786,,,691,-4786,,,691,0,0,0,,,691,0,,,691,1,0,0,,,691,0,,,691,0,0,0,0,2026-09-30,2026-10-01
2026-09-30 08:18:28,QQQ,736.52,,690.5,690,0,AVG,0,-77342,,,690,-77342,,,690,AVG-0,0,-77342,,,690,-77342,,,690,0,0,0,,,690,0,,,690,1,0,0,,,690,0,,,690,0,0,0,0,2026-09-30,2026-10-01
2026-09-30 08:18:28,QQQ,736.52,,689.5,689,0,AVG,0,-5422,,,689,-5422,,,689,AVG-0,0,-5422,,,689,-5422,,,689,0,0,0,,,689,0,,,689,1,0,0,,,689,0,,,689,0,0,0,0,2026-09-30,2026-10-01
2026-09-30 08:18:28,QQQ,736.52,,688.5,688,0,AVG,0,-3937,,,688,-3937,,,688,AVG-0,0,-3937,,,688,-3937,,,688,0,0,0,,,688,0,,,688,1,0,0,,,688,0,,,688,0,0,0,0,2026-09-30,2026-10-01
2026-09-30 08:18:28,QQQ,736.52,,687.5,687,0,AVG,0,-6149,,,687,-6149,,,687,AVG-0,0,-6149,,,687,-6149,,,687,0,0,0,,,687,0,,,687,1,0,0,,,687,0,,,687,0,0,0,0,2026-09-30,2026-10-01
2026-09-30 08:18:28,QQQ,736.52,,686.5,686,0,AVG,0,-4867,,,686,-4867,,,686,AVG-0,0,-4867,,,686,-4867,,,686,0,0,0,,,686,0,,,686,1,0,0,,,686,0,,,686,0,0,0,0,2026-09-30,2026-10-01
2026-09-30 08:18:28,QQQ,736.52,,685.5,685,0,AVG,0,-35985,,,685,-35985,,,685,AVG-0,0,-35985,,,685,-35985,,,685,0,0,0,,,685,0,,,685,1,0,0,,,685,0,,,685,0,0,0,0,2026-09-30,2026-10-01
2026-09-30 08:18:28,QQQ,736.52,,684.5,684,0,AVG,0,-2218,,,684,-2218,,,684,AVG-0,0,-2218,,,684,-2218,,,684,0,0,0,,,684,0,,,684,1,0,0,,,684,0,,,684,0,0,0,0,2026-09-30,2026-10-01
2026-09-30 08:18:28,QQQ,736.52,,683.5,683,0,AVG,0,-5615,,,683,-5615,,,683,AVG-0,0,-5615,,,683,-5615,,,683,0,0,0,,,683,0,,,683,1,0,0,,,683,0,,,683,0,0,0,0,2026-09-30,2026-10-01
2026-09-30 08:18:28,QQQ,736.52,,682.5,682,0,AVG,0,-5190,,,682,-5190,,,682,AVG-0,0,-5190,,,682,-5190,,,682,0,0,0,,,682,0,,,682,1,0,0,,,682,0,,,682,0,0,0,0,2026-09-30,2026-10-01
2026-09-30 08:18:28,QQQ,736.52,,681.5,681,0,AVG,0,-3159,,,681,-3159,,,681,AVG-0,0,-3159,,,681,-3159,,,681,0,0,0,,,681,0,,,681,1,0,0,,,681,0,,,681,0,0,0,0,2026-09-30,2026-10-01
2026-09-30 08:18:28,QQQ,736.52,,680.5,680,0,AVG,0,-77184,,,680,-77184,,,680,AVG-0,0,-77184,,,680,-77184,,,680,0,0,0,,,680,0,,,680,1,0,0,,,680,0,,,680,0,0,0,0,2026-09-30,2026-10-01
2026-09-30 08:18:28,QQQ,736.52,,679.5,679,0,AVG,0,-3757,,,679,-3757,,,679,AVG-0,0,-3757,,,679,-3757,,,679,0,0,0,,,679,0,,,679,1,0,0,,,679,0,,,679,0,0,0,0,2026-09-30,2026-10-01
2026-09-30 08:18:28,QQQ,736.52,,678.5,678,0,AVG,0,-4260,,,678,-4260,,,678,AVG-0,0,-4260,,,678,-4260,,,678,0,0,0,,,678,0,,,678,1,0,0,,,678,0,,,678,0,0,0,0,2026-09-30,2026-10-01
2026-09-30 08:18:28,QQQ,736.52,,677.5,677,0,AVG,0,-1741,,,677,-1741,,,677,AVG-0,0,-1741,,,677,-1741,,,677,0,0,0,,,677,0,,,677,1,0,0,,,677,0,,,677,0,0,0,0,2026-09-30,2026-10-01
2026-09-30 08:18:28,QQQ,736.52,,676.5,676,0,AVG,0,-2230,,,676,-2230,,,676,AVG-0,0,-2230,,,676,-2230,,,676,0,0,0,,,676,0,,,676,1,0,0,,,676,0,,,676,0,0,0,0,2026-09-30,2026-10-01
2026-09-30 08:18:28,QQQ,736.52,,675.5,675,0,AVG,0,-38804,,,675,-38804,,,675,AVG-0,0,-38804,,,675,-38804,,,675,0,0,0,,,675,0,,,675,1,0,0,,,675,0,,,675,0,0,0,0,2026-09-30,2026-10-01
2026-09-30 08:18:28,QQQ,736.52,,674.5,674,0,AVG,0,-9798,,,674,-9798,,,674,AVG-0,0,-9798,,,674,-9798,,,674,0,0,0,,,674,0,,,674,1,0,0,,,674,0,,,674,0,0,0,0,2026-09-30,2026-10-01
2026-09-30 08:18:28,QQQ,736.52,,673.5,673,0,AVG,0,-3682,,,673,-3682,,,673,AVG-0,0,-3682,,,673,-3682,,,673,0,0,0,,,673,0,,,673,1,0,0,,,673,0,,,673,0,0,0,0,2026-09-30,2026-10-01
2026-09-30 08:18:28,QQQ,736.52,,672.5,672,0,AVG,0,-549,,,672,-549,,,672,AVG-0,0,-549,,,672,-549,,,672,0,0,0,,,672,0,,,672,1,0,0,,,672,0,,,672,0,0,0,0,2026-09-30,2026-10-01
2026-09-30 08:18:28,QQQ,736.52,,671.5,671,0,AVG,0,-720,,,671,-720,,,671,AVG-0,0,-720,,,671,-720,,,671,0,0,0,,,671,0,,,671,1,0,0,,,671,0,,,671,0,0,0,0,2026-09-30,2026-10-01
2026-09-30 08:18:28,QQQ,736.52,,670.5,670,0,AVG,0,-58491,,,670,-58491,,,670,AVG-0,0,-58491,,,670,-58491,,,670,0,0,0,,,670,0,,,670,1,0,0,,,670,0,,,670,0,0,0,0,2026-09-30,2026-10-01
2026-09-30 08:18:28,QQQ,736.52,,669.5,669,0,AVG,0,-4749,,,669,-4749,,,669,AVG-0,0,-4749,,,669,-4749,,,669,0,0,0,,,669,0,,,669,1,0,0,,,669,0,,,669,0,0,0,0,2026-09-30,2026-10-01
2026-09-30 08:18:28,QQQ,736.52,,668.5,668,0,AVG,0,-689,,,668,-689,,,668,AVG-0,0,-689,,,668,-689,,,668,0,0,0,,,668,0,,,668,1,0,0,,,668,0,,,668,0,0,0,0,2026-09-30,2026-10-01
2026-09-30 08:18:28,QQQ,736.52,,667.5,667,0,AVG,0,-704,,,667,-704,,,667,AVG-0,0,-704,,,667,-704,,,667,0,0,0,,,667,0,,,667,1,0,0,,,667,0,,,667,0,0,0,0,2026-09-30,2026-10-01
2026-09-30 08:18:28,QQQ,736.52,,666.5,666,0,AVG,0,-544,,,666,-544,,,666,AVG-0,0,-544,,,666,-544,,,666,0,0,0,,,666,0,,,666,1,0,0,,,666,0,,,666,0,0,0,0,2026-09-30,2026-10-01
2026-09-30 08:18:28,QQQ,736.52,,665.5,665,0,AVG,0,-11520,,,665,-11520,,,665,AVG-0,0,-11520,,,665,-11520,,,665,0,0,0,,,665,0,,,665,1,0,0,,,665,0,,,665,0,0,0,0,2026-09-30,2026-10-01
2026-09-30 08:18:28,QQQ,736.52,,664.5,664,0,AVG,0,-1655,,,664,-1655,,,664,AVG-0,0,-1655,,,664,-1655,,,664,0,0,0,,,664,0,,,664,1,0,0,,,664,0,,,664,0,0,0,0,2026-09-30,2026-10-01
2026-09-30 08:18:28,QQQ,736.52,,663.5,663,0,AVG,0,-3423,,,663,-3423,,,663,AVG-0,0,-3423,,,663,-3423,,,663,0,0,0,,,663,0,,,663,1,0,0,,,663,0,,,663,0,0,0,0,2026-09-30,2026-10-01
2026-09-30 08:18:28,QQQ,736.52,,662.5,662,0,AVG,0,-1138,,,662,-1138,,,662,AVG-0,0,-1138,,,662,-1138,,,662,0,0,0,,,662,0,,,662,1,0,0,,,662,0,,,662,0,0,0,0,2026-09-30,2026-10-01
2026-09-30 08:18:28,QQQ,736.52,,661.5,661,0,AVG,0,-628,,,661,-628,,,661,AVG-0,0,-628,,,661,-628,,,661,0,0,0,,,661,0,,,661,1,0,0,,,661,0,,,661,0,0,0,0,2026-09-30,2026-10-01
2026-09-30 08:18:28,QQQ,736.52,,660.5,660,0,AVG,0,-20935,,,660,-20935,,,660,AVG-0,0,-20935,,,660,-20935,,,660,0,0,0,,,660,0,,,660,1,0,0,,,660,0,,,660,0,0,0,0,2026-09-30,2026-10-01
2026-09-30 08:18:28,QQQ,736.52,,659.5,659,0,AVG,0,-398,,,659,-398,,,659,AVG-0,0,-398,,,659,-398,,,659,0,0,0,,,659,0,,,659,1,0,0,,,659,0,,,659,0,0,0,0,2026-09-30,2026-10-01
2026-09-30 08:18:28,QQQ,736.52,,658.5,658,0,AVG,0,-259,,,658,-259,,,658,AVG-0,0,-259,,,658,-259,,,658,0,0,0,,,658,0,,,658,1,0,0,,,658,0,,,658,0,0,0,0,2026-09-30,2026-10-01
2026-09-30 08:18:28,QQQ,736.52,,657.5,657,0,AVG,0,-300,,,657,-300,,,657,AVG-0,0,-300,,,657,-300,,,657,0,0,0,,,657,0,,,657,1,0,0,,,657,0,,,657,0,0,0,0,2026-09-30,2026-10-01
2026-09-30 08:18:28,QQQ,736.52,,656.5,656,0,AVG,0,-844,,,656,-844,,,656,AVG-0,0,-844,,,656,-844,,,656,0,0,0,,,656,0,,,656,1,0,0,,,656,0,,,656,0,0,0,0,2026-09-30,2026-10-01
2026-09-30 08:18:28,QQQ,736.52,,655.5,655,0,AVG,0,-4440,,,655,-4440,,,655,AVG-0,0,-4440,,,655,-4440,,,655,0,0,0,,,655,0,,,655,1,0,0,,,655,0,,,655,0,0,0,0,2026-09-30,2026-10-01
2026-09-30 08:18:28,QQQ,736.52,,654.5,654,0,AVG,0,-216,,,654,-216,,,654,AVG-0,0,-216,,,654,-216,,,654,0,0,0,,,654,0,,,654,1,0,0,,,654,0,,,654,0,0,0,0,2026-09-30,2026-10-01
2026-09-30 08:18:28,QQQ,736.52,,653.5,653,0,AVG,0,-231,,,653,-231,,,653,AVG-0,0,-231,,,653,-231,,,653,0,0,0,,,653,0,,,653,1,0,0,,,653,0,,,653,0,0,0,0,2026-09-30,2026-10-01
2026-09-30 08:18:28,QQQ,736.52,,652.5,652,0,AVG,0,-226,,,652,-226,,,652,AVG-0,0,-226,,,652,-226,,,652,0,0,0,,,652,0,,,652,1,0,0,,,652,0,,,652,0,0,0,0,2026-09-30,2026-10-01
2026-09-30 08:18:28,QQQ,736.52,,651.5,651,0,AVG,0,-90,,,651,-90,,,651,AVG-0,0,-90,,,651,-90,,,651,0,0,0,,,651,0,,,651,1,0,0,,,651,0,,,651,0,0,0,0,2026-09-30,2026-10-01
2026-09-30 08:18:28,QQQ,736.52,,650.5,650,0,AVG,0,-8858,,,650,-8858,,,650,AVG-0,0,-8858,,,650,-8858,,,650,0,0,0,,,650,0,,,650,1,0,0,,,650,0,,,650,0,0,0,0,2026-09-30,2026-10-01
2026-09-30 08:18:28,QQQ,736.52,,649.5,649,0,AVG,0,-15,,,649,-15,,,649,AVG-0,0,-15,,,649,-15,,,649,0,0,0,,,649,0,,,649,1,0,0,,,649,0,,,649,0,0,0,0,2026-09-30,2026-10-01
2026-09-30 08:18:28,QQQ,736.52,,648.5,648,0,AVG,0,-4,,,648,-4,,,648,AVG-0,0,-4,,,648,-4,,,648,0,0,0,,,648,0,,,648,1,0,0,,,648,0,,,648,0,0,0,0,2026-09-30,2026-10-01
2026-09-30 08:18:28,QQQ,736.52,,647.5,647,0,AVG,0,-10,,,647,-10,,,647,AVG-0,0,-10,,,647,-10,,,647,0,0,0,,,647,0,,,647,1,0,0,,,647,0,,,647,0,0,0,0,2026-09-30,2026-10-01
2026-09-30 08:18:28,QQQ,736.52,,646.5,646,0,AVG,0,-43,,,646,-43,,,646,AVG-0,0,-43,,,646,-43,,,646,0,0,0,,,646,0,,,646,1,0,0,,,646,0,,,646,0,0,0,0,2026-09-30,2026-10-01
2026-09-30 08:18:28,QQQ,736.52,,645.5,645,0,AVG,0,-965,,,645,-965,,,645,AVG-0,0,-965,,,645,-965,,,645,0,0,0,,,645,0,,,645,1,0,0,,,645,0,,,645,0,0,0,0,2026-09-30,2026-10-01
2026-09-30 08:18:28,QQQ,736.52,,644.5,644,0,AVG,0,-2,,,644,-2,,,644,AVG-0,0,-2,,,644,-2,,,644,0,0,0,,,644,0,,,644,1,0,0,,,644,0,,,644,0,0,0,0,2026-09-30,2026-10-01
2026-09-30 08:18:28,QQQ,736.52,,643.5,643,0,AVG,0,-3,,,643,-3,,,643,AVG-0,0,-3,,,643,-3,,,643,0,0,0,,,643,0,,,643,1,0,0,,,643,0,,,643,0,0,0,0,2026-09-30,2026-10-01
2026-09-30 08:18:28,QQQ,736.52,,642.5,642,0,AVG,0,-43,,,642,-43,,,642,AVG-0,0,-43,,,642,-43,,,642,0,0,0,,,642,0,,,642,1,0,0,,,642,0,,,642,0,0,0,0,2026-09-30,2026-10-01
2026-09-30 08:18:28,QQQ,736.52,,641.5,641,0,AVG,0,0,,,641,0,,,641,AVG-0,0,0,,,641,0,,,641,0,0,0,,,641,0,,,641,1,0,0,,,641,0,,,641,0,0,0,0,2026-09-30,2026-10-01
2026-09-30 08:18:28,QQQ,736.52,,640.5,640,0,AVG,0,-3587,,,640,-3587,,,640,AVG-0,0,-3587,,,640,-3587,,,640,0,0,0,,,640,0,,,640,1,0,0,,,640,0,,,640,0,0,0,0,2026-09-30,2026-10-01
2026-09-30 08:18:28,QQQ,736.52,,639.5,639,0,AVG,0,-1,,,639,-1,,,639,AVG-0,0,-1,,,639,-1,,,639,0,0,0,,,639,0,,,639,1,0,0,,,639,0,,,639,0,0,0,0,2026-09-30,2026-10-01
2026-09-30 08:18:28,QQQ,736.52,,638.5,638,0,AVG,0,-1,,,638,-1,,,638,AVG-0,0,-1,,,638,-1,,,638,0,0,0,,,638,0,,,638,1,0,0,,,638,0,,,638,0,0,0,0,2026-09-30,2026-10-01
2026-09-30 08:18:28,QQQ,736.52,,637.5,637,0,AVG,0,-3,,,637,-3,,,637,AVG-0,0,-3,,,637,-3,,,637,0,0,0,,,637,0,,,637,1,0,0,,,637,0,,,637,0,0,0,0,2026-09-30,2026-10-01
2026-09-30 08:18:28,QQQ,736.52,,636.5,636,0,AVG,0,-4,,,636,-4,,,636,AVG-0,0,-4,,,636,-4,,,636,0,0,0,,,636,0,,,636,1,0,0,,,636,0,,,636,0,0,0,0,2026-09-30,2026-10-01
2026-09-30 08:18:28,QQQ,736.52,,635.5,635,0,AVG,0,-396,,,635,-396,,,635,AVG-0,0,-396,,,635,-396,,,635,0,0,0,,,635,0,,,635,1,0,0,,,635,0,,,635,0,0,0,0,2026-09-30,2026-10-01
2026-09-30 08:18:28,QQQ,736.52,,634.5,634,0,AVG,0,0,,,634,0,,,634,AVG-0,0,0,,,634,0,,,634,0,0,0,,,634,0,,,634,1,0,0,,,634,0,,,634,0,0,0,0,2026-09-30,2026-10-01
2026-09-30 08:18:28,QQQ,736.52,,633.5,633,0,AVG,0,-8,,,633,-8,,,633,AVG-0,0,-8,,,633,-8,,,633,0,0,0,,,633,0,,,633,1,0,0,,,633,0,,,633,0,0,0,0,2026-09-30,2026-10-01
2026-09-30 08:18:28,QQQ,736.52,,632.5,632,0,AVG,0,0,,,632,0,,,632,AVG-0,0,0,,,632,0,,,632,0,0,0,,,632,0,,,632,1,0,0,,,632,0,,,632,0,0,0,0,2026-09-30,2026-10-01
2026-09-30 08:18:28,QQQ,736.52,,631.5,631,0,AVG,0,-4,,,631,-4,,,631,AVG-0,0,-4,,,631,-4,,,631,0,0,0,,,631,0,,,631,1,0,0,,,631,0,,,631,0,0,0,0,2026-09-30,2026-10-01
2026-09-30 08:18:28,QQQ,736.52,,630.5,630,0,AVG,0,-870,,,630,-870,,,630,AVG-0,0,-870,,,630,-870,,,630,0,0,0,,,630,0,,,630,1,0,0,,,630,0,,,630,0,0,0,0,2026-09-30,2026-10-01
2026-09-30 08:18:28,QQQ,736.52,,629.5,629,0,AVG,0,0,,,629,0,,,629,AVG-0,0,0,,,629,0,,,629,0,0,0,,,629,0,,,629,1,0,0,,,629,0,,,629,0,0,0,0,2026-09-30,2026-10-01
2026-09-30 08:18:28,QQQ,736.52,,628.5,628,0,AVG,0,0,,,628,0,,,628,AVG-0,0,0,,,628,0,,,628,0,0,0,,,628,0,,,628,1,0,0,,,628,0,,,628,0,0,0,0,2026-09-30,2026-10-01
2026-09-30 08:18:28,QQQ,736.52,,627.5,627,0,AVG,0,-1,,,627,-1,,,627,AVG-0,0,-1,,,627,-1,,,627,0,0,0,,,627,0,,,627,1,0,0,,,627,0,,,627,0,0,0,0,2026-09-30,2026-10-01
2026-09-30 08:18:28,QQQ,736.52,,626.5,626,0,AVG,0,0,,,626,0,,,626,AVG-0,0,0,,,626,0,,,626,0,0,0,,,626,0,,,626,1,0,0,,,626,0,,,626,0,0,0,0,2026-09-30,2026-10-01
2026-09-30 08:18:28,QQQ,736.52,,625.5,625,0,AVG,0,-349,,,625,-349,,,625,AVG-0,0,-349,,,625,-349,,,625,0,0,0,,,625,0,,,625,1,0,0,,,625,0,,,625,0,0,0,0,2026-09-30,2026-10-01
2026-09-30 08:18:28,QQQ,736.52,,624.5,624,0,AVG,0,-1,,,624,-1,,,624,AVG-0,0,-1,,,624,-1,,,624,0,0,0,,,624,0,,,624,1,0,0,,,624,0,,,624,0,0,0,0,2026-09-30,2026-10-01
2026-09-30 08:18:28,QQQ,736.52,,623.5,623,0,AVG,0,-10,,,623,-10,,,623,AVG-0,0,-10,,,623,-10,,,623,0,0,0,,,623,0,,,623,1,0,0,,,623,0,,,623,0,0,0,0,2026-09-30,2026-10-01
2026-09-30 08:18:28,QQQ,736.52,,622.5,622,0,AVG,0,0,,,622,0,,,622,AVG-0,0,0,,,622,0,,,622,0,0,0,,,622,0,,,622,1,0,0,,,622,0,,,622,0,0,0,0,2026-09-30,2026-10-01
2026-09-30 08:18:28,QQQ,736.52,,621.5,621,0,AVG,0,-1,,,621,-1,,,621,AVG-0,0,-1,,,621,-1,,,621,0,0,0,,,621,0,,,621,1,0,0,,,621,0,,,621,0,0,0,0,2026-09-30,2026-10-01
2026-09-30 08:18:28,QQQ,736.52,,620.5,620,0,AVG,0,-356,,,620,-356,,,620,AVG-0,0,-356,,,620,-356,,,620,0,0,0,,,620,0,,,620,1,0,0,,,620,0,,,620,0,0,0,0,2026-09-30,2026-10-01
2026-09-30 08:18:28,QQQ,736.52,,617.5,615,0,AVG,0,-41,,,615,-41,,,615,AVG-0,0,-41,,,615,-41,,,615,0,0,0,,,615,0,,,615,1,0,0,,,615,0,,,615,0,0,0,0,2026-09-30,2026-10-01
2026-09-30 08:18:28,QQQ,736.52,,612.5,610,0,AVG,0,-91,,,610,-91,,,610,AVG-0,0,-91,,,610,-91,,,610,0,0,0,,,610,0,,,610,1,0,0,,,610,0,,,610,0,0,0,0,2026-09-30,2026-10-01
2026-09-30 08:18:28,QQQ,736.52,,607.5,605,0,AVG,0,-24,,,605,-24,,,605,AVG-0,0,-24,,,605,-24,,,605,0,0,0,,,605,0,,,605,1,0,0,,,605,0,,,605,0,0,0,0,2026-09-30,2026-10-01
2026-09-30 08:18:28,QQQ,736.52,,602.5,600,0,AVG,0,-17,,,600,-17,,,600,AVG-0,0,-17,,,600,-17,,,600,0,0,0,,,600,0,,,600,1,0,0,,,600,0,,,600,0,0,0,0,2026-09-30,2026-10-01
2026-09-30 08:18:28,QQQ,736.52,,597.5,595,0,AVG,0,-4,,,595,-4,,,595,AVG-0,0,-4,,,595,-4,,,595,0,0,0,,,595,0,,,595,1,0,0,,,595,0,,,595,0,0,0,0,2026-09-30,2026-10-01
2026-09-30 08:18:28,QQQ,736.52,,592.5,590,0,AVG,0,-2,,,590,-2,,,590,AVG-0,0,-2,,,590,-2,,,590,0,0,0,,,590,0,,,590,1,0,0,,,590,0,,,590,0,0,0,0,2026-09-30,2026-10-01
2026-09-30 08:18:28,QQQ,736.52,,587.5,585,0,AVG,0,0,,,585,0,,,585,AVG-0,0,0,,,585,0,,,585,0,0,0,,,585,0,,,585,1,0,0,,,585,0,,,585,0,0,0,0,2026-09-30,2026-10-01
2026-09-30 08:18:28,QQQ,736.52,,582.5,580,0,AVG,0,0,,,580,0,,,580,AVG-0,0,0,,,580,0,,,580,0,0,0,,,580,0,,,580,1,0,0,,,580,0,,,580,0,0,0,0,2026-09-30,2026-10-01
2026-09-30 08:18:28,QQQ,736.52,,577.5,575,0,AVG,0,0,,,575,0,,,575,AVG-0,0,0,,,575,0,,,575,0,0,0,,,575,0,,,575,1,0,0,,,575,0,,,575,0,0,0,0,2026-09-30,2026-10-01
2026-09-30 08:18:28,QQQ,736.52,,572.5,570,0,AVG,0,0,,,570,0,,,570,AVG-0,0,0,,,570,0,,,570,0,0,0,,,570,0,,,570,1,0,0,,,570,0,,,570,0,0,0,0,2026-09-30,2026-10-01
2026-09-30 08:18:28,QQQ,736.52,,567.5,565,0,AVG,0,0,,,565,0,,,565,AVG-0,0,0,,,565,0,,,565,0,0,0,,,565,0,,,565,1,0,0,,,565,0,,,565,0,0,0,0,2026-09-30,2026-10-01
2026-09-30 08:18:28,QQQ,736.52,,562.5,560,0,AVG,0,0,,,560,0,,,560,AVG-0,0,0,,,560,0,,,560,0,0,0,,,560,0,,,560,1,0,0,,,560,0,,,560,0,0,0,0,2026-09-30,2026-10-01
2026-09-30 08:18:28,QQQ,736.52,,557.5,555,0,AVG,0,0,,,555,0,,,555,AVG-0,0,0,,,555,0,,,555,0,0,0,,,555,0,,,555,1,0,0,,,555,0,,,555,0,0,0,0,2026-09-30,2026-10-01
2026-09-30 08:18:28,QQQ,736.52,,552.5,550,0,AVG,0,0,,,550,0,,,550,AVG-0,0,0,,,550,0,,,550,0,0,0,,,550,0,,,550,1,0,0,,,550,0,,,550,0,0,0,0,2026-09-30,2026-10-01
2026-09-30 08:18:28,QQQ,736.52,,547.5,545,0,AVG,0,0,,,545,0,,,545,AVG-0,0,0,,,545,0,,,545,0,0,0,,,545,0,,,545,1,0,0,,,545,0,,,545,0,0,0,0,2026-09-30,2026-10-01
2026-09-30 08:18:28,QQQ,736.52,,542.5,540,0,AVG,0,0,,,540,0,,,540,AVG-0,0,0,,,540,0,,,540,0,0,0,,,540,0,,,540,1,0,0,,,540,0,,,540,0,0,0,0,2026-09-30,2026-10-01
2026-09-30 08:18:28,QQQ,736.52,,537.5,535,0,AVG,0,0,,,535,0,,,535,AVG-0,0,0,,,535,0,,,535,0,0,0,,,535,0,,,535,1,0,0,,,535,0,,,535,0,0,0,0,2026-09-30,2026-10-01
2026-09-30 08:18:28,QQQ,736.52,,532.5,530,0,AVG,0,0,,,530,0,,,530,AVG-0,0,0,,,530,0,,,530,0,0,0,,,530,0,,,530,1,0,0,,,530,0,,,530,0,0,0,0,2026-09-30,2026-10-01
2026-09-30 08:18:28,QQQ,736.52,,527.5,525,0,AVG,0,0,,,525,0,,,525,AVG-0,0,0,,,525,0,,,525,0,0,0,,,525,0,,,525,1,0,0,,,525,0,,,525,0,0,0,0,2026-09-30,2026-10-01
2026-09-30 08:18:28,QQQ,736.52,,522.5,520,0,AVG,0,0,,,520,0,,,520,AVG-0,0,0,,,520,0,,,520,0,0,0,,,520,0,,,520,1,0,0,,,520,0,,,520,0,0,0,0,2026-09-30,2026-10-01
2026-09-30 08:18:28,QQQ,736.52,,517.5,515,0,AVG,0,0,,,515,0,,,515,AVG-0,0,0,,,515,0,,,515,0,0,0,,,515,0,,,515,1,0,0,,,515,0,,,515,0,0,0,0,2026-09-30,2026-10-01
2026-09-30 08:18:28,QQQ,736.52,,512.5,510,0,AVG,0,0,,,510,0,,,510,AVG-0,0,0,,,510,0,,,510,0,0,0,,,510,0,,,510,1,0,0,,,510,0,,,510,0,0,0,0,2026-09-30,2026-10-01
2026-09-30 08:18:28,QQQ,736.52,,507.5,505,0,AVG,0,0,,,505,0,,,505,AVG-0,0,0,,,505,0,,,505,0,0,0,,,505,0,,,505,1,0,0,,,505,0,,,505,0,0,0,0,2026-09-30,2026-10-01
2026-09-30 08:18:28,QQQ,736.52,,502.5,500,0,AVG,0,0,,,500,0,,,500,AVG-0,0,0,,,500,0,,,500,0,0,0,,,500,0,,,500,1,0,0,,,500,0,,,500,0,0,0,0,2026-09-30,2026-10-01
2026-09-30 08:18:28,QQQ,736.52,,497.5,495,0,AVG,0,0,,,495,0,,,495,AVG-0,0,0,,,495,0,,,495,0,0,0,,,495,0,,,495,1,0,0,,,495,0,,,495,0,0,0,0,2026-09-30,2026-10-01
2026-09-30 08:18:28,QQQ,736.52,,492.5,490,0,AVG,0,0,,,490,0,,,490,AVG-0,0,0,,,490,0,,,490,0,0,0,,,490,0,,,490,1,0,0,,,490,0,,,490,0,0,0,0,2026-09-30,2026-10-01
2026-09-30 08:18:28,QQQ,736.52,,487.5,485,0,AVG,0,0,,,485,0,,,485,AVG-0,0,0,,,485,0,,,485,0,0,0,,,485,0,,,485,1,0,0,,,485,0,,,485,0,0,0,0,2026-09-30,2026-10-01
2026-09-30 08:18:28,QQQ,736.52,,482.5,480,0,AVG,0,0,,,480,0,,,480,AVG-0,0,0,,,480,0,,,480,0,0,0,,,480,0,,,480,1,0,0,,,480,0,,,480,0,0,0,0,2026-09-30,2026-10-01
2026-09-30 08:18:28,QQQ,736.52,,477.5,475,0,AVG,0,0,,,475,0,,,475,AVG-0,0,0,,,475,0,,,475,0,0,0,,,475,0,,,475,1,0,0,,,475,0,,,475,0,0,0,0,2026-09-30,2026-10-01
2026-09-30 08:18:28,QQQ,736.52,,472.5,470,0,AVG,0,0,,,470,0,,,470,AVG-0,0,0,,,470,0,,,470,0,0,0,,,470,0,,,470,1,0,0,,,470,0,,,470,0,0,0,0,2026-09-30,2026-10-01
2026-09-30 08:18:28,QQQ,736.52,,467.5,465,0,AVG,0,0,,,465,0,,,465,AVG-0,0,0,,,465,0,,,465,0,0,0,,,465,0,,,465,1,0,0,,,465,0,,,465,0,0,0,0,2026-09-30,2026-10-01
2026-09-30 08:18:28,QQQ,736.52,,462.5,460,0,AVG,0,0,,,460,0,,,460,AVG-0,0,0,,,460,0,,,460,0,0,0,,,460,0,,,460,1,0,0,,,460,0,,,460,0,0,0,0,2026-09-30,2026-10-01
2026-09-30 08:18:28,QQQ,736.52,,457.5,455,0,AVG,0,0,,,455,0,,,455,AVG-0,0,0,,,455,0,,,455,0,0,0,,,455,0,,,455,1,0,0,,,455,0,,,455,0,0,0,0,2026-09-30,2026-10-01
2026-09-30 08:18:28,QQQ,736.52,,452.5,450,0,AVG,0,0,,,450,0,,,450,AVG-0,0,0,,,450,0,,,450,0,0,0,,,450,0,,,450,1,0,0,,,450,0,,,450,0,0,0,0,2026-09-30,2026-10-01
2026-09-30 08:18:28,QQQ,736.52,,447.5,445,0,AVG,0,0,,,445,0,,,445,AVG-0,0,0,,,445,0,,,445,0,0,0,,,445,0,,,445,1,0,0,,,445,0,,,445,0,0,0,0,2026-09-30,2026-10-01
2026-09-30 08:18:28,QQQ,736.52,,442.5,440,0,AVG,0,0,,,440,0,,,440,AVG-0,0,0,,,440,0,,,440,0,0,0,,,440,0,,,440,1,0,0,,,440,0,,,440,0,0,0,0,2026-09-30,2026-10-01
2026-09-30 08:18:28,QQQ,736.52,,437.5,435,0,AVG,0,0,,,435,0,,,435,AVG-0,0,0,,,435,0,,,435,0,0,0,,,435,0,,,435,1,0,0,,,435,0,,,435,0,0,0,0,2026-09-30,2026-10-01
2026-09-30 08:18:28,QQQ,736.52,,432.5,430,0,AVG,0,0,,,430,0,,,430,AVG-0,0,0,,,430,0,,,430,0,0,0,,,430,0,,,430,1,0,0,,,430,0,,,430,0,0,0,0,2026-09-30,2026-10-01
2026-09-30 08:18:28,QQQ,736.52,,427.5,425,0,AVG,0,0,,,425,0,,,425,AVG-0,0,0,,,425,0,,,425,0,0,0,,,425,0,,,425,1,0,0,,,425,0,,,425,0,0,0,0,2026-09-30,2026-10-01
2026-09-30 08:18:28,QQQ,736.52,,422.5,420,0,AVG,0,0,,,420,0,,,420,AVG-0,0,0,,,420,0,,,420,0,0,0,,,420,0,,,420,1,0,0,,,420,0,,,420,0,0,0,0,2026-09-30,2026-10-01
2026-09-30 08:18:28,QQQ,736.52,,417.5,415,0,AVG,0,0,,,415,0,,,415,AVG-0,0,0,,,415,0,,,415,0,0,0,,,415,0,,,415,1,0,0,,,415,0,,,415,0,0,0,0,2026-09-30,2026-10-01
2026-09-30 08:18:28,QQQ,736.52,,412.5,410,0,AVG,0,0,,,410,0,,,410,AVG-0,0,0,,,410,0,,,410,0,0,0,,,410,0,,,410,1,0,0,,,410,0,,,410,0,0,0,0,2026-09-30,2026-10-01
2026-09-30 08:18:28,QQQ,736.52,,407.5,405,0,AVG,0,0,,,405,0,,,405,AVG-0,0,0,,,405,0,,,405,0,0,0,,,405,0,,,405,1,0,0,,,405,0,,,405,0,0,0,0,2026-09-30,2026-10-01
2026-09-30 08:18:28,QQQ,736.52,,402.5,400,0,AVG,0,0,,,400,0,,,400,AVG-0,0,0,,,400,0,,,400,0,0,0,,,400,0,,,400,1,0,0,,,400,0,,,400,0,0,0,0,2026-09-30,2026-10-01
2026-09-30 08:18:28,QQQ,736.52,,397.5,395,0,AVG,0,0,,,395,0,,,395,AVG-0,0,0,,,395,0,,,395,0,0,0,,,395,0,,,395,1,0,0,,,395,0,,,395,0,0,0,0,2026-09-30,2026-10-01
2026-09-30 08:18:28,QQQ,736.52,,392.5,390,0,AVG,0,0,,,390,0,,,390,AVG-0,0,0,,,390,0,,,390,0,0,0,,,390,0,,,390,1,0,0,,,390,0,,,390,0,0,0,0,2026-09-30,2026-10-01
2026-09-30 08:18:28,QQQ,736.52,,387.5,385,0,AVG,0,0,,,385,0,,,385,AVG-0,0,0,,,385,0,,,385,0,0,0,,,385,0,,,385,1,0,0,,,385,0,,,385,0,0,0,0,2026-09-30,2026-10-01
2026-09-30 08:18:28,QQQ,736.52,,382.5,380,0,AVG,0,0,,,380,0,,,380,AVG-0,0,0,,,380,0,,,380,0,0,0,,,380,0,,,380,1,0,0,,,380,0,,,380,0,0,0,0,2026-09-30,2026-10-01
2026-09-30 08:18:28,QQQ,736.52,,377.5,375,0,AVG,0,0,,,375,0,,,375,AVG-0,0,0,,,375,0,,,375,0,0,0,,,375,0,,,375,1,0,0,,,375,0,,,375,0,0,0,0,2026-09-30,2026-10-01
2026-09-30 08:18:28,QQQ,736.52,,372.5,370,0,AVG,0,0,,,370,0,,,370,AVG-0,0,0,,,370,0,,,370,0,0,0,,,370,0,,,370,1,0,0,,,370,0,,,370,0,0,0,0,2026-09-30,2026-10-01
2026-09-30 08:18:28,QQQ,736.52,,367.5,365,0,AVG,0,0,,,365,0,,,365,AVG-0,0,0,,,365,0,,,365,0,0,0,,,365,0,,,365,1,0,0,,,365,0,,,365,0,0,0,0,2026-09-30,2026-10-01
2026-09-30 08:18:28,QQQ,736.52,,362.5,360,0,AVG,0,0,,,360,0,,,360,AVG-0,0,0,,,360,0,,,360,0,0,0,,,360,0,,,360,1,0,0,,,360,0,,,360,0,0,0,0,2026-09-30,2026-10-01
2026-09-30 08:18:28,QQQ,736.52,,357.5,355,0,AVG,0,0,,,355,0,,,355,AVG-0,0,0,,,355,0,,,355,0,0,0,,,355,0,,,355,1,0,0,,,355,0,,,355,0,0,0,0,2026-09-30,2026-10-01
2026-09-30 08:18:28,QQQ,736.52,,352.5,350,0,AVG,0,0,,,350,0,,,350,AVG-0,0,0,,,350,0,,,350,0,0,0,,,350,0,,,350,1,0,0,,,350,0,,,350,0,0,0,0,2026-09-30,2026-10-01
2026-09-30 08:18:28,QQQ,736.52,,347.5,345,0,AVG,0,0,,,345,0,,,345,AVG-0,0,0,,,345,0,,,345,0,0,0,,,345,0,,,345,1,0,0,,,345,0,,,345,0,0,0,0,2026-09-30,2026-10-01
2026-09-30 08:18:28,QQQ,736.52,,342.5,340,0,AVG,0,0,,,340,0,,,340,AVG-0,0,0,,,340,0,,,340,0,0,0,,,340,0,,,340,1,0,0,,,340,0,,,340,0,0,0,0,2026-09-30,2026-10-01
2026-09-30 08:18:28,QQQ,736.52,,337.5,335,0,AVG,0,0,,,335,0,,,335,AVG-0,0,0,,,335,0,,,335,0,0,0,,,335,0,,,335,1,0,0,,,335,0,,,335,0,0,0,0,2026-09-30,2026-10-01
2026-09-30 08:18:28,QQQ,736.52,,332.5,330,0,AVG,0,0,,,330,0,,,330,AVG-0,0,0,,,330,0,,,330,0,0,0,,,330,0,,,330,1,0,0,,,330,0,,,330,0,0,0,0,2026-09-30,2026-10-01
2026-09-30 08:18:28,QQQ,736.52,,327.5,325,0,AVG,0,0,,,325,0,,,325,AVG-0,0,0,,,325,0,,,325,0,0,0,,,325,0,,,325,1,0,0,,,325,0,,,325,0,0,0,0,2026-09-30,2026-10-01
2026-09-30 08:18:28,QQQ,736.52,,322.5,320,0,AVG,0,0,,,320,0,,,320,AVG-0,0,0,,,320,0,,,320,0,0,0,,,320,0,,,320,1,0,0,,,320,0,,,320,0,0,0,0,2026-09-30,2026-10-01
2026-09-30 08:18:28,QQQ,736.52,,317.5,315,0,AVG,0,0,,,315,0,,,315,AVG-0,0,0,,,315,0,,,315,0,0,0,,,315,0,,,315,1,0,0,,,315,0,,,315,0,0,0,0,2026-09-30,2026-10-01
2026-09-30 08:18:28,QQQ,736.52,,312.5,310,0,AVG,0,0,,,310,0,,,310,AVG-0,0,0,,,310,0,,,310,0,0,0,,,310,0,,,310,1,0,0,,,310,0,,,310,0,0,0,0,2026-09-30,2026-10-01
2026-09-30 08:18:28,QQQ,736.52,,307.5,305,0,AVG,0,0,,,305,0,,,305,AVG-0,0,0,,,305,0,,,305,0,0,0,,,305,0,,,305,1,0,0,,,305,0,,,305,0,0,0,0,2026-09-30,2026-10-01
2026-09-30 08:18:28,QQQ,736.52,,302.5,300,0,AVG,0,0,,,300,0,,,300,AVG-0,0,0,,,300,0,,,300,0,0,0,,,300,0,,,300,1,0,0,,,300,0,,,300,0,0,0,0,2026-09-30,2026-10-01
2026-09-30 08:18:28,SPX,7656.111425015009,,,10000,0,AVG,0.0002,0,,,10000,0,,,10000,AVG-0,0,0,,,10000,0,,,10000,0,0.0002,0,,,10000,0,,,10000,1,0,0,,,10000,0,,,10000,0,0,0,0,2026-09-30,2026-10-01
2026-09-30 08:18:28,SPX,7656.111425015009,,9900,9800,0,AVG,0,0,,,9800,0,,,9800,AVG-0,0,0,,,9800,0,,,9800,0,0,0,,,9800,0,,,9800,1,0,0,,,9800,0,,,9800,0,0,0,0,2026-09-30,2026-10-01
2026-09-30 08:18:28,SPX,7656.111425015009,,9700,9600,0,AVG,0,0,,,9600,0,,,9600,AVG-0,0,0,,,9600,0,,,9600,0,0,0,,,9600,0,,,9600,1,0,0,,,9600,0,,,9600,0,0,0,0,2026-09-30,2026-10-01
2026-09-30 08:18:28,SPX,7656.111425015009,,9500,9400,0,AVG,0,0,,,9400,0,,,9400,AVG-0,0,0,,,9400,0,,,9400,0,0,0,,,9400,0,,,9400,1,0,0,,,9400,0,,,9400,0,0,0,0,2026-09-30,2026-10-01
2026-09-30 08:18:28,SPX,7656.111425015009,,9350,9300,0,AVG,0,0,,,9300,0,,,9300,AVG-0,0,0,,,9300,0,,,9300,0,0,0,,,9300,0,,,9300,1,0,0,,,9300,0,,,9300,0,0,0,0,2026-09-30,2026-10-01
2026-09-30 08:18:28,SPX,7656.111425015009,,9250,9200,0,AVG,0,0,,,9200,0,,,9200,AVG-0,0,0,,,9200,0,,,9200,0,0,0,,,9200,0,,,9200,1,0,0,,,9200,0,,,9200,0,0,0,0,2026-09-30,2026-10-01
2026-09-30 08:18:28,SPX,7656.111425015009,,9150,9100,0,AVG,0,0,,,9100,0,,,9100,AVG-0,0,0,,,9100,0,,,9100,0,0,0,,,9100,0,,,9100,1,0,0,,,9100,0,,,9100,0,0,0,0,2026-09-30,2026-10-01
2026-09-30 08:18:28,SPX,7656.111425015009,,9050,9000,0,AVG,0,0,,,9000,0,,,9000,AVG-0,0,0,,,9000,0,,,9000,0,0,0,,,9000,0,,,9000,1,0,0,,,9000,0,,,9000,0,0,0,0,2026-09-30,2026-10-01
2026-09-30 08:18:28,SPX,7656.111425015009,,8950,8900,0,AVG,0,0,,,8900,0,,,8900,AVG-0,0,0,,,8900,0,,,8900,0,0,0,,,8900,0,,,8900,1,0,0,,,8900,0,,,8900,0,0,0,0,2026-09-30,2026-10-01
2026-09-30 08:18:28,SPX,7656.111425015009,,8887.5,8875,0,AVG,0,0,,,8875,0,,,8875,AVG-0,0,0,,,8875,0,,,8875,0,0,0,,,8875,0,,,8875,1,0,0,,,8875,0,,,8875,0,0,0,0,2026-09-30,2026-10-01
2026-09-30 08:18:28,SPX,7656.111425015009,,8862.5,8850,0,AVG,0,0,,,8850,0,,,8850,AVG-0,0,0,,,8850,0,,,8850,0,0,0,,,8850,0,,,8850,1,0,0,,,8850,0,,,8850,0,0,0,0,2026-09-30,2026-10-01
2026-09-30 08:18:28,SPX,7656.111425015009,,8837.5,8825,0,AVG,0,0,,,8825,0,,,8825,AVG-0,0,0,,,8825,0,,,8825,0,0,0,,,8825,0,,,8825,1,0,0,,,8825,0,,,8825,0,0,0,0,2026-09-30,2026-10-01
2026-09-30 08:18:28,SPX,7656.111425015009,,8812.5,8800,0,AVG,0.00035,0,,,8800,0,,,8800,AVG-0,0.00035,0,,,8800,0,,,8800,0,0,0,,,8800,0,,,8800,1,0,0,,,8800,0,,,8800,0,0,0,0,2026-09-30,2026-10-01
2026-09-30 08:18:28,SPX,7656.111425015009,,8787.5,8775,0,AVG,0,0,,,8775,0,,,8775,AVG-0,0,0,,,8775,0,,,8775,0,0,0,,,8775,0,,,8775,1,0,0,,,8775,0,,,8775,0,0,0,0,2026-09-30,2026-10-01
2026-09-30 08:18:28,SPX,7656.111425015009,,8762.5,8750,0,AVG,0,0,,,8750,0,,,8750,AVG-0,0,0,,,8750,0,,,8750,0,0,0,,,8750,0,,,8750,1,0,0,,,8750,0,,,8750,0,0,0,0,2026-09-30,2026-10-01
2026-09-30 08:18:28,SPX,7656.111425015009,,8737.5,8725,0,AVG,0,0,,,8725,0,,,8725,AVG-0,0,0,,,8725,0,,,8725,0,0,0,,,8725,0,,,8725,1,0,0,,,8725,0,,,8725,0,0,0,0,2026-09-30,2026-10-01
2026-09-30 08:18:28,SPX,7656.111425015009,,8712.5,8700,0,AVG,0,0,,,8700,0,,,8700,AVG-0,0,0,,,8700,0,,,8700,0,0,0,,,8700,0,,,8700,1,0,0,,,8700,0,,,8700,0,0,0,0,2026-09-30,2026-10-01
2026-09-30 08:18:28,SPX,7656.111425015009,,8687.5,8675,0,AVG,0,0,,,8675,0,,,8675,AVG-0,0,0,,,8675,0,,,8675,0,0,0,,,8675,0,,,8675,1,0,0,,,8675,0,,,8675,0,0,0,0,2026-09-30,2026-10-01
2026-09-30 08:18:28,SPX,7656.111425015009,,8662.5,8650,0,AVG,0,0,,,8650,0,,,8650,AVG-0,0,0,,,8650,0,,,8650,0,0,0,,,8650,0,,,8650,1,0,0,,,8650,0,,,8650,0,0,0,0,2026-09-30,2026-10-01
2026-09-30 08:18:28,SPX,7656.111425015009,,8640,8630,0,AVG,0,0,,,8630,0,,,8630,AVG-0,0,0,,,8630,0,,,8630,0,0,0,,,8630,0,,,8630,1,0,0,,,8630,0,,,8630,0,0,0,0,2026-09-30,2026-10-01
2026-09-30 08:18:28,SPX,7656.111425015009,,8627.5,8625,0,AVG,0,0,,,8625,0,,,8625,AVG-0,0,0,,,8625,0,,,8625,0,0,0,,,8625,0,,,8625,1,0,0,,,8625,0,,,8625,0,0,0,0,2026-09-30,2026-10-01
2026-09-30 08:18:28,SPX,7656.111425015009,,8622.5,8620,0,AVG,0,0,,,8620,0,,,8620,AVG-0,0,0,,,8620,0,,,8620,0,0,0,,,8620,0,,,8620,1,0,0,,,8620,0,,,8620,0,0,0,0,2026-09-30,2026-10-01
2026-09-30 08:18:28,SPX,7656.111425015009,,8615,8610,0,AVG,0,0,,,8610,0,,,8610,AVG-0,0,0,,,8610,0,,,8610,0,0,0,,,8610,0,,,8610,1,0,0,,,8610,0,,,8610,0,0,0,0,2026-09-30,2026-10-01
2026-09-30 08:18:28,SPX,7656.111425015009,,8605,8600,0,AVG,0.0215,1,,,8600,1,,,8600,AVG-0,0.0215,1,,,8600,1,,,8600,0,0,0,,,8600,0,,,8600,1,0,0,,,8600,0,,,8600,0,0,0,0,2026-09-30,2026-10-01
2026-09-30 08:18:28,SPX,7656.111425015009,,8595,8590,0,AVG,0,0,,,8590,0,,,8590,AVG-0,0,0,,,8590,0,,,8590,0,0,0,,,8590,0,,,8590,1,0,0,,,8590,0,,,8590,0,0,0,0,2026-09-30,2026-10-01
2026-09-30 08:18:28,SPX,7656.111425015009,,8585,8580,0,AVG,0,0,,,8580,0,,,8580,AVG-0,0,0,,,8580,0,,,8580,0,0,0,,,8580,0,,,8580,1,0,0,,,8580,0,,,8580,0,0,0,0,2026-09-30,2026-10-01
2026-09-30 08:18:28,SPX,7656.111425015009,,8577.5,8575,0,AVG,0,0,,,8575,0,,,8575,AVG-0,0,0,,,8575,0,,,8575,0,0,0,,,8575,0,,,8575,1,0,0,,,8575,0,,,8575,0,0,0,0,2026-09-30,2026-10-01
2026-09-30 08:18:28,SPX,7656.111425015009,,8572.5,8570,0,AVG,0,0,,,8570,0,,,8570,AVG-0,0,0,,,8570,0,,,8570,0,0,0,,,8570,0,,,8570,1,0,0,,,8570,0,,,8570,0,0,0,0,2026-09-30,2026-10-01
2026-09-30 08:18:28,SPX,7656.111425015009,,8565,8560,0,AVG,0,0,,,8560,0,,,8560,AVG-0,0,0,,,8560,0,,,8560,0,0,0,,,8560,0,,,8560,1,0,0,,,8560,0,,,8560,0,0,0,0,2026-09-30,2026-10-01
2026-09-30 08:18:28,SPX,7656.111425015009,,8555,8550,0,AVG,0,0,,,8550,0,,,8550,AVG-0,0,0,,,8550,0,,,8550,0,0,0,,,8550,0,,,8550,1,0,0,,,8550,0,,,8550,0,0,0,0,2026-09-30,2026-10-01
2026-09-30 08:18:28,SPX,7656.111425015009,,8545,8540,0,AVG,0,0,,,8540,0,,,8540,AVG-0,0,0,,,8540,0,,,8540,0,0,0,,,8540,0,,,8540,1,0,0,,,8540,0,,,8540,0,0,0,0,2026-09-30,2026-10-01
2026-09-30 08:18:28,SPX,7656.111425015009,,8535,8530,0,AVG,0,0,,,8530,0,,,8530,AVG-0,0,0,,,8530,0,,,8530,0,0,0,,,8530,0,,,8530,1,0,0,,,8530,0,,,8530,0,0,0,0,2026-09-30,2026-10-01
2026-09-30 08:18:28,SPX,7656.111425015009,,8527.5,8525,0,AVG,0,0,,,8525,0,,,8525,AVG-0,0,0,,,8525,0,,,8525,0,0,0,,,8525,0,,,8525,1,0,0,,,8525,0,,,8525,0,0,0,0,2026-09-30,2026-10-01
2026-09-30 08:18:28,SPX,7656.111425015009,,8522.5,8520,0,AVG,0,0,,,8520,0,,,8520,AVG-0,0,0,,,8520,0,,,8520,0,0,0,,,8520,0,,,8520,1,0,0,,,8520,0,,,8520,0,0,0,0,2026-09-30,2026-10-01
2026-09-30 08:18:28,SPX,7656.111425015009,,8515,8510,0,AVG,0,0,,,8510,0,,,8510,AVG-0,0,0,,,8510,0,,,8510,0,0,0,,,8510,0,,,8510,1,0,0,,,8510,0,,,8510,0,0,0,0,2026-09-30,2026-10-01
2026-09-30 08:18:28,SPX,7656.111425015009,,8505,8500,0,AVG,0,2,,,8500,2,,,8500,AVG-0,0,2,,,8500,2,,,8500,0,0,0,,,8500,0,,,8500,1,0,0,,,8500,0,,,8500,0,0,0,0,2026-09-30,2026-10-01
2026-09-30 08:18:28,SPX,7656.111425015009,,8495,8490,0,AVG,0,0,,,8490,0,,,8490,AVG-0,0,0,,,8490,0,,,8490,0,0,0,,,8490,0,,,8490,1,0,0,,,8490,0,,,8490,0,0,0,0,2026-09-30,2026-10-01
2026-09-30 08:18:28,SPX,7656.111425015009,,8485,8480,0,AVG,0,0,,,8480,0,,,8480,AVG-0,0,0,,,8480,0,,,8480,0,0,0,,,8480,0,,,8480,1,0,0,,,8480,0,,,8480,0,0,0,0,2026-09-30,2026-10-01
2026-09-30 08:18:28,SPX,7656.111425015009,,8477.5,8475,0,AVG,0,0,,,8475,0,,,8475,AVG-0,0,0,,,8475,0,,,8475,0,0,0,,,8475,0,,,8475,1,0,0,,,8475,0,,,8475,0,0,0,0,2026-09-30,2026-10-01
2026-09-30 08:18:28,SPX,7656.111425015009,,8472.5,8470,0,AVG,0,0,,,8470,0,,,8470,AVG-0,0,0,,,8470,0,,,8470,0,0,0,,,8470,0,,,8470,1,0,0,,,8470,0,,,8470,0,0,0,0,2026-09-30,2026-10-01
2026-09-30 08:18:28,SPX,7656.111425015009,,8465,8460,0,AVG,0,0,,,8460,0,,,8460,AVG-0,0,0,,,8460,0,,,8460,0,0,0,,,8460,0,,,8460,1,0,0,,,8460,0,,,8460,0,0,0,0,2026-09-30,2026-10-01
2026-09-30 08:18:28,SPX,7656.111425015009,,8455,8450,0,AVG,0,0,,,8450,0,,,8450,AVG-0,0,0,,,8450,0,,,8450,0,0,0,,,8450,0,,,8450,1,0,0,,,8450,0,,,8450,0,0,0,0,2026-09-30,2026-10-01
2026-09-30 08:18:28,SPX,7656.111425015009,,8445,8440,0,AVG,0,0,,,8440,0,,,8440,AVG-0,0,0,,,8440,0,,,8440,0,0,0,,,8440,0,,,8440,1,0,0,,,8440,0,,,8440,0,0,0,0,2026-09-30,2026-10-01
2026-09-30 08:18:28,SPX,7656.111425015009,,8435,8430,0,AVG,0,0,,,8430,0,,,8430,AVG-0,0,0,,,8430,0,,,8430,0,0,0,,,8430,0,,,8430,1,0,0,,,8430,0,,,8430,0,0,0,0,2026-09-30,2026-10-01
2026-09-30 08:18:28,SPX,7656.111425015009,,8427.5,8425,0,AVG,0,0,,,8425,0,,,8425,AVG-0,0,0,,,8425,0,,,8425,0,0,0,,,8425,0,,,8425,1,0,0,,,8425,0,,,8425,0,0,0,0,2026-09-30,2026-10-01
2026-09-30 08:18:28,SPX,7656.111425015009,,8422.5,8420,0,AVG,0,0,,,8420,0,,,8420,AVG-0,0,0,,,8420,0,,,8420,0,0,0,,,8420,0,,,8420,1,0,0,,,8420,0,,,8420,0,0,0,0,2026-09-30,2026-10-01
2026-09-30 08:18:28,SPX,7656.111425015009,,8415,8410,0,AVG,0,0,,,8410,0,,,8410,AVG-0,0,0,,,8410,0,,,8410,0,0,0,,,8410,0,,,8410,1,0,0,,,8410,0,,,8410,0,0,0,0,2026-09-30,2026-10-01
2026-09-30 08:18:28,SPX,7656.111425015009,,8405,8400,0,AVG,0,57,,,8400,57,,,8400,AVG-0,0,57,,,8400,57,,,8400,0,0,0,,,8400,0,,,8400,1,0,0,,,8400,0,,,8400,0,0,0,0,2026-09-30,2026-10-01
2026-09-30 08:18:28,SPX,7656.111425015009,,8395,8390,0,AVG,0,0,,,8390,0,,,8390,AVG-0,0,0,,,8390,0,,,8390,0,0,0,,,8390,0,,,8390,1,0,0,,,8390,0,,,8390,0,0,0,0,2026-09-30,2026-10-01
2026-09-30 08:18:28,SPX,7656.111425015009,,8385,8380,0,AVG,0,0,,,8380,0,,,8380,AVG-0,0,0,,,8380,0,,,8380,0,0,0,,,8380,0,,,8380,1,0,0,,,8380,0,,,8380,0,0,0,0,2026-09-30,2026-10-01
2026-09-30 08:18:28,SPX,7656.111425015009,,8377.5,8375,0,AVG,0,309,,,8375,309,,,8375,AVG-0,0,309,,,8375,309,,,8375,0,0,0,,,8375,0,,,8375,1,0,0,,,8375,0,,,8375,0,0,0,0,2026-09-30,2026-10-01
2026-09-30 08:18:28,SPX,7656.111425015009,,8372.5,8370,0,AVG,0,0,,,8370,0,,,8370,AVG-0,0,0,,,8370,0,,,8370,0,0,0,,,8370,0,,,8370,1,0,0,,,8370,0,,,8370,0,0,0,0,2026-09-30,2026-10-01
2026-09-30 08:18:28,SPX,7656.111425015009,,8365,8360,0,AVG,0,0,,,8360,0,,,8360,AVG-0,0,0,,,8360,0,,,8360,0,0,0,,,8360,0,,,8360,1,0,0,,,8360,0,,,8360,0,0,0,0,2026-09-30,2026-10-01
2026-09-30 08:18:28,SPX,7656.111425015009,,8355,8350,0,AVG,0.00053,21,,,8350,21,,,8350,AVG-0,0,21,,,8350,21,,,8350,0,0.00053,0,,,8350,0,,,8350,1,0,0,,,8350,0,,,8350,0,0,0,0,2026-09-30,2026-10-01
2026-09-30 08:18:28,SPX,7656.111425015009,,8345,8340,0,AVG,0,0,,,8340,0,,,8340,AVG-0,0,0,,,8340,0,,,8340,0,0,0,,,8340,0,,,8340,1,0,0,,,8340,0,,,8340,0,0,0,0,2026-09-30,2026-10-01
2026-09-30 08:18:28,SPX,7656.111425015009,,8335,8330,0,AVG,0,0,,,8330,0,,,8330,AVG-0,0,0,,,8330,0,,,8330,0,0,0,,,8330,0,,,8330,1,0,0,,,8330,0,,,8330,0,0,0,0,2026-09-30,2026-10-01
2026-09-30 08:18:28,SPX,7656.111425015009,,8327.5,8325,0,AVG,0,0,,,8325,0,,,8325,AVG-0,0,0,,,8325,0,,,8325,0,0,0,,,8325,0,,,8325,1,0,0,,,8325,0,,,8325,0,0,0,0,2026-09-30,2026-10-01
2026-09-30 08:18:28,SPX,7656.111425015009,,8322.5,8320,0,AVG,0,0,,,8320,0,,,8320,AVG-0,0,0,,,8320,0,,,8320,0,0,0,,,8320,0,,,8320,1,0,0,,,8320,0,,,8320,0,0,0,0,2026-09-30,2026-10-01
2026-09-30 08:18:28,SPX,7656.111425015009,,8315,8310,0,AVG,0,0,,,8310,0,,,8310,AVG-0,0,0,,,8310,0,,,8310,0,0,0,,,8310,0,,,8310,1,0,0,,,8310,0,,,8310,0,0,0,0,2026-09-30,2026-10-01
2026-09-30 08:18:28,SPX,7656.111425015009,,8305,8300,0,AVG,0.00423,378,,,8300,378,,,8300,AVG-0,0.00423,378,,,8300,378,,,8300,0,0,0,,,8300,0,,,8300,1,0,0,,,8300,0,,,8300,0,0,0,0,2026-09-30,2026-10-01
2026-09-30 08:18:28,SPX,7656.111425015009,,8295,8290,0,AVG,0,0,,,8290,0,,,8290,AVG-0,0,0,,,8290,0,,,8290,0,0,0,,,8290,0,,,8290,1,0,0,,,8290,0,,,8290,0,0,0,0,2026-09-30,2026-10-01
2026-09-30 08:18:28,SPX,7656.111425015009,,8285,8280,0,AVG,0,0,,,8280,0,,,8280,AVG-0,0,0,,,8280,0,,,8280,0,0,0,,,8280,0,,,8280,1,0,0,,,8280,0,,,8280,0,0,0,0,2026-09-30,2026-10-01
2026-09-30 08:18:28,SPX,7656.111425015009,,8277.5,8275,0,AVG,0,4,,,8275,4,,,8275,AVG-0,0,4,,,8275,4,,,8275,0,0,0,,,8275,0,,,8275,1,0,0,,,8275,0,,,8275,0,0,0,0,2026-09-30,2026-10-01
2026-09-30 08:18:28,SPX,7656.111425015009,,8272.5,8270,0,AVG,0,0,,,8270,0,,,8270,AVG-0,0,0,,,8270,0,,,8270,0,0,0,,,8270,0,,,8270,1,0,0,,,8270,0,,,8270,0,0,0,0,2026-09-30,2026-10-01
2026-09-30 08:18:28,SPX,7656.111425015009,,8265,8260,0,AVG,0,0,,,8260,0,,,8260,AVG-0,0,0,,,8260,0,,,8260,0,0,0,,,8260,0,,,8260,1,0,0,,,8260,0,,,8260,0,0,0,0,2026-09-30,2026-10-01
2026-09-30 08:18:28,SPX,7656.111425015009,,8257.5,8255,0,AVG,0,0,,,8255,0,,,8255,AVG-0,0,0,,,8255,0,,,8255,0,0,0,,,8255,0,,,8255,1,0,0,,,8255,0,,,8255,0,0,0,0,2026-09-30,2026-10-01
2026-09-30 08:18:28,SPX,7656.111425015009,,8252.5,8250,0,AVG,0.00383,120,,,8250,120,,,8250,AVG-0,0.00383,120,,,8250,120,,,8250,0,0,0,,,8250,0,,,8250,1,0,0,,,8250,0,,,8250,0,0,0,0,2026-09-30,2026-10-01
2026-09-30 08:18:28,SPX,7656.111425015009,,8247.5,8245,0,AVG,0,0,,,8245,0,,,8245,AVG-0,0,0,,,8245,0,,,8245,0,0,0,,,8245,0,,,8245,1,0,0,,,8245,0,,,8245,0,0,0,0,2026-09-30,2026-10-01
2026-09-30 08:18:28,SPX,7656.111425015009,,8242.5,8240,0,AVG,0,0,,,8240,0,,,8240,AVG-0,0,0,,,8240,0,,,8240,0,0,0,,,8240,0,,,8240,1,0,0,,,8240,0,,,8240,0,0,0,0,2026-09-30,2026-10-01
2026-09-30 08:18:28,SPX,7656.111425015009,,8237.5,8235,0,AVG,0,0,,,8235,0,,,8235,AVG-0,0,0,,,8235,0,,,8235,0,0,0,,,8235,0,,,8235,1,0,0,,,8235,0,,,8235,0,0,0,0,2026-09-30,2026-10-01
2026-09-30 08:18:28,SPX,7656.111425015009,,8232.5,8230,0,AVG,0,0,,,8230,0,,,8230,AVG-0,0,0,,,8230,0,,,8230,0,0,0,,,8230,0,,,8230,1,0,0,,,8230,0,,,8230,0,0,0,0,2026-09-30,2026-10-01
2026-09-30 08:18:28,SPX,7656.111425015009,,8227.5,8225,0,AVG,0,334,,,8225,334,,,8225,AVG-0,0,334,,,8225,334,,,8225,0,0,0,,,8225,0,,,8225,1,0,0,,,8225,0,,,8225,0,0,0,0,2026-09-30,2026-10-01
2026-09-30 08:18:28,SPX,7656.111425015009,,8222.5,8220,0,AVG,0,0,,,8220,0,,,8220,AVG-0,0,0,,,8220,0,,,8220,0,0,0,,,8220,0,,,8220,1,0,0,,,8220,0,,,8220,0,0,0,0,2026-09-30,2026-10-01
2026-09-30 08:18:28,SPX,7656.111425015009,,8217.5,8215,0,AVG,0,0,,,8215,0,,,8215,AVG-0,0,0,,,8215,0,,,8215,0,0,0,,,8215,0,,,8215,1,0,0,,,8215,0,,,8215,0,0,0,0,2026-09-30,2026-10-01
2026-09-30 08:18:28,SPX,7656.111425015009,,8212.5,8210,0,AVG,0,0,,,8210,0,,,8210,AVG-0,0,0,,,8210,0,,,8210,0,0,0,,,8210,0,,,8210,1,0,0,,,8210,0,,,8210,0,0,0,0,2026-09-30,2026-10-01
2026-09-30 08:18:28,SPX,7656.111425015009,,8207.5,8205,0,AVG,0,0,,,8205,0,,,8205,AVG-0,0,0,,,8205,0,,,8205,0,0,0,,,8205,0,,,8205,1,0,0,,,8205,0,,,8205,0,0,0,0,2026-09-30,2026-10-01
2026-09-30 08:18:28,SPX,7656.111425015009,,8202.5,8200,0,AVG,0.00746,849,,,8200,849,,,8200,AVG-0,0.00746,849,,,8200,849,,,8200,0,0,0,,,8200,0,,,8200,1,0,0,,,8200,0,,,8200,0,0,0,0,2026-09-30,2026-10-01
2026-09-30 08:18:28,SPX,7656.111425015009,,8197.5,8195,0,AVG,0,0,,,8195,0,,,8195,AVG-0,0,0,,,8195,0,,,8195,0,0,0,,,8195,0,,,8195,1,0,0,,,8195,0,,,8195,0,0,0,0,2026-09-30,2026-10-01
2026-09-30 08:18:28,SPX,7656.111425015009,,8192.5,8190,0,AVG,0,0,,,8190,0,,,8190,AVG-0,0,0,,,8190,0,,,8190,0,0,0,,,8190,0,,,8190,1,0,0,,,8190,0,,,8190,0,0,0,0,2026-09-30,2026-10-01
2026-09-30 08:18:28,SPX,7656.111425015009,,8187.5,8185,0,AVG,0,0,,,8185,0,,,8185,AVG-0,0,0,,,8185,0,,,8185,0,0,0,,,8185,0,,,8185,1,0,0,,,8185,0,,,8185,0,0,0,0,2026-09-30,2026-10-01
2026-09-30 08:18:28,SPX,7656.111425015009,,8182.5,8180,0,AVG,0,0,,,8180,0,,,8180,AVG-0,0,0,,,8180,0,,,8180,0,0,0,,,8180,0,,,8180,1,0,0,,,8180,0,,,8180,0,0,0,0,2026-09-30,2026-10-01
2026-09-30 08:18:28,SPX,7656.111425015009,,8177.5,8175,0,AVG,0.00465,216,,,8175,216,,,8175,AVG-0,0.00465,216,,,8175,216,,,8175,0,0,0,,,8175,0,,,8175,1,0,0,,,8175,0,,,8175,0,0,0,0,2026-09-30,2026-10-01
2026-09-30 08:18:28,SPX,7656.111425015009,,8172.5,8170,0,AVG,0,0,,,8170,0,,,8170,AVG-0,0,0,,,8170,0,,,8170,0,0,0,,,8170,0,,,8170,1,0,0,,,8170,0,,,8170,0,0,0,0,2026-09-30,2026-10-01
2026-09-30 08:18:28,SPX,7656.111425015009,,8167.5,8165,0,AVG,0,0,,,8165,0,,,8165,AVG-0,0,0,,,8165,0,,,8165,0,0,0,,,8165,0,,,8165,1,0,0,,,8165,0,,,8165,0,0,0,0,2026-09-30,2026-10-01
2026-09-30 08:18:28,SPX,7656.111425015009,,8162.5,8160,0,AVG,0,0,,,8160,0,,,8160,AVG-0,0,0,,,8160,0,,,8160,0,0,0,,,8160,0,,,8160,1,0,0,,,8160,0,,,8160,0,0,0,0,2026-09-30,2026-10-01
2026-09-30 08:18:28,SPX,7656.111425015009,,8157.5,8155,0,AVG,0,0,,,8155,0,,,8155,AVG-0,0,0,,,8155,0,,,8155,0,0,0,,,8155,0,,,8155,1,0,0,,,8155,0,,,8155,0,0,0,0,2026-09-30,2026-10-01
2026-09-30 08:18:28,SPX,7656.111425015009,,8152.5,8150,0,AVG,0.00178,525,,,8150,525,,,8150,AVG-0,0.00178,525,,,8150,525,,,8150,0,0,0,,,8150,0,,,8150,1,0.00178,0,,,8150,0,,,8150,0,0,0,0,2026-09-30,2026-10-01
2026-09-30 08:18:28,SPX,7656.111425015009,,8147.5,8145,0,AVG,0,0,,,8145,0,,,8145,AVG-0,0,0,,,8145,0,,,8145,0,0,0,,,8145,0,,,8145,1,0,0,,,8145,0,,,8145,0,0,0,0,2026-09-30,2026-10-01
2026-09-30 08:18:28,SPX,7656.111425015009,,8142.5,8140,0,AVG,0,0,,,8140,0,,,8140,AVG-0,0,0,,,8140,0,,,8140,0,0,0,,,8140,0,,,8140,1,0,0,,,8140,0,,,8140,0,0,0,0,2026-09-30,2026-10-01
2026-09-30 08:18:28,SPX,7656.111425015009,,8137.5,8135,0,AVG,0,0,,,8135,0,,,8135,AVG-0,0,0,,,8135,0,,,8135,0,0,0,,,8135,0,,,8135,1,0,0,,,8135,0,,,8135,0,0,0,0,2026-09-30,2026-10-01
2026-09-30 08:18:28,SPX,7656.111425015009,,8132.5,8130,0,AVG,0,0,,,8130,0,,,8130,AVG-0,0,0,,,8130,0,,,8130,0,0,0,,,8130,0,,,8130,1,0,0,,,8130,0,,,8130,0,0,0,0,2026-09-30,2026-10-01
2026-09-30 08:18:28,SPX,7656.111425015009,,8127.5,8125,0,AVG,0,810,,,8125,810,,,8125,AVG-0,0,810,,,8125,810,,,8125,0,0,0,,,8125,0,,,8125,1,0,0,,,8125,0,,,8125,0,0,0,0,2026-09-30,2026-10-01
2026-09-30 08:18:28,SPX,7656.111425015009,,8122.5,8120,0,AVG,0.00296,7,,,8120,7,,,8120,AVG-0,0,7,,,8120,7,,,8120,0,0.00296,0,,,8120,0,,,8120,1,0,0,,,8120,0,,,8120,0,0,0,0,2026-09-30,2026-10-01
2026-09-30 08:18:28,SPX,7656.111425015009,,8117.5,8115,0,AVG,0,0,,,8115,0,,,8115,AVG-0,0,0,,,8115,0,,,8115,0,0,0,,,8115,0,,,8115,1,0,0,,,8115,0,,,8115,0,0,0,0,2026-09-30,2026-10-01
2026-09-30 08:18:28,SPX,7656.111425015009,,8112.5,8110,0,AVG,0,2,,,8110,2,,,8110,AVG-0,0,2,,,8110,2,,,8110,0,0,0,,,8110,0,,,8110,1,0,0,,,8110,0,,,8110,0,0,0,0,2026-09-30,2026-10-01
2026-09-30 08:18:28,SPX,7656.111425015009,,8107.5,8105,0,AVG,0,0,,,8105,0,,,8105,AVG-0,0,0,,,8105,0,,,8105,0,0,0,,,8105,0,,,8105,1,0,0,,,8105,0,,,8105,0,0,0,0,2026-09-30,2026-10-01
2026-09-30 08:18:28,SPX,7656.111425015009,,8102.5,8100,0,AVG,0.01178,2633,,,8100,2631,,,8100,AVG-0,0.01178,2633,,,8100,2631,,,8100,0,0,0,,,8100,0,,,8100,1,0,0,,,8100,0,,,8100,0,0,0,0,2026-09-30,2026-10-01
2026-09-30 08:18:28,SPX,7656.111425015009,,8097.5,8095,0,AVG,0,0,,,8095,0,,,8095,AVG-0,0,0,,,8095,0,,,8095,0,0,0,,,8095,0,,,8095,1,0,0,,,8095,0,,,8095,0,0,0,0,2026-09-30,2026-10-01
2026-09-30 08:18:28,SPX,7656.111425015009,,8092.5,8090,0,AVG,0,2,,,8090,2,,,8090,AVG-0,0,2,,,8090,2,,,8090,0,0,0,,,8090,0,,,8090,1,0,0,,,8090,0,,,8090,0,0,0,0,2026-09-30,2026-10-01
2026-09-30 08:18:28,SPX,7656.111425015009,,8087.5,8085,0,AVG,0,0,,,8085,0,,,8085,AVG-0,0,0,,,8085,0,,,8085,0,0,0,,,8085,0,,,8085,1,0,0,,,8085,0,,,8085,0,0,0,0,2026-09-30,2026-10-01
2026-09-30 08:18:28,SPX,7656.111425015009,,8082.5,8080,0,AVG,0,18,,,8080,18,,,8080,AVG-0,0,18,,,8080,18,,,8080,0,0,0,,,8080,0,,,8080,1,0,0,,,8080,0,,,8080,0,0,0,0,2026-09-30,2026-10-01
2026-09-30 08:18:28,SPX,7656.111425015009,,8077.5,8075,0,AVG,0,2994,,,8075,2994,,,8075,AVG-0,0,2994,,,8075,2994,,,8075,0,0,0,,,8075,0,,,8075,1,0,0,,,8075,0,,,8075,0,0,0,0,2026-09-30,2026-10-01
2026-09-30 08:18:28,SPX,7656.111425015009,,8072.5,8070,0,AVG,0,28,,,8070,28,,,8070,AVG-0,0,28,,,8070,28,,,8070,0,0,0,,,8070,0,,,8070,1,0,0,,,8070,0,,,8070,0,0,0,0,2026-09-30,2026-10-01
2026-09-30 08:18:28,SPX,7656.111425015009,,8067.5,8065,0,AVG,0,0,,,8065,0,,,8065,AVG-0,0,0,,,8065,0,,,8065,0,0,0,,,8065,0,,,8065,1,0,0,,,8065,0,,,8065,0,0,0,0,2026-09-30,2026-10-01
2026-09-30 08:18:28,SPX,7656.111425015009,,8062.5,8060,0,AVG,0,387,,,8060,387,,,8060,AVG-0,0,387,,,8060,387,,,8060,0,0,0,,,8060,0,,,8060,1,0,0,,,8060,0,,,8060,0,0,0,0,2026-09-30,2026-10-01
2026-09-30 08:18:28,SPX,7656.111425015009,,8057.5,8055,0,AVG,0,0,,,8055,0,,,8055,AVG-0,0,0,,,8055,0,,,8055,0,0,0,,,8055,0,,,8055,1,0,0,,,8055,0,,,8055,0,0,0,0,2026-09-30,2026-10-01
2026-09-30 08:18:28,SPX,7656.111425015009,,8052.5,8050,0,AVG,0.1468,6619,,,8050,6591,,,8050,AVG-0,0.14595,6619,,,8050,6591,,,8050,0,0.00085,0,,,8050,0,,,8050,1,0.00548,0,,,8050,0,,,8050,0,0,0,0,2026-09-30,2026-10-01
2026-09-30 08:18:28,SPX,7656.111425015009,,8047.5,8045,0,AVG,0.0086,0,,,8045,0,,,8045,AVG-0,0,0,,,8045,0,,,8045,0,0.0086,0,,,8045,0,,,8045,1,0,0,,,8045,0,,,8045,0,0,0,0,2026-09-30,2026-10-01
2026-09-30 08:18:28,SPX,7656.111425015009,,8042.5,8040,0,AVG,0.00435,199,,,8040,199,,,8040,AVG-0,0,199,,,8040,199,,,8040,0,0.00435,0,,,8040,0,,,8040,1,0,0,,,8040,0,,,8040,0,0,0,0,2026-09-30,2026-10-01
2026-09-30 08:18:28,SPX,7656.111425015009,,8037.5,8035,0,AVG,0,0,,,8035,0,,,8035,AVG-0,0,0,,,8035,0,,,8035,0,0,0,,,8035,0,,,8035,1,0,0,,,8035,0,,,8035,0,0,0,0,2026-09-30,2026-10-01
2026-09-30 08:18:28,SPX,7656.111425015009,,8032.5,8030,0,AVG,0.0089,297,,,8030,297,,,8030,AVG-0,0,297,,,8030,297,,,8030,0,0.0089,0,,,8030,0,,,8030,1,0,0,,,8030,0,,,8030,0,0,0,0,2026-09-30,2026-10-01
2026-09-30 08:18:28,SPX,7656.111425015009,,8027.5,8025,0,AVG,0.18312,8199,,,8025,8158,,,8025,AVG-0,0.18312,8199,,,8025,8158,,,8025,0,0,0,,,8025,0,,,8025,1,0,0,,,8025,0,,,8025,0,0,0,0,2026-09-30,2026-10-01
2026-09-30 08:18:28,SPX,7656.111425015009,,8022.5,8020,0,AVG,0.3167999999999999,1029,,,8020,963,,,8020,AVG-0,0.3167999999999999,1029,,,8020,963,,,8020,0,0,0,,,8020,0,,,8020,1,0,0,,,8020,0,,,8020,0,0,0,0,2026-09-30,2026-10-01
2026-09-30 08:18:28,SPX,7656.111425015009,,8017.5,8015,0,AVG,0,0,,,8015,0,,,8015,AVG-0,0,0,,,8015,0,,,8015,0,0,0,,,8015,0,,,8015,1,0,0,,,8015,0,,,8015,0,0,0,0,2026-09-30,2026-10-01
2026-09-30 08:18:28,SPX,7656.111425015009,,8012.5,8010,0,AVG,0.00093,761,,,8010,761,,,8010,AVG-0,0,761,,,8010,761,,,8010,0,0.00093,0,,,8010,0,,,8010,1,0,0,,,8010,0,,,8010,0,0,0,0,2026-09-30,2026-10-01
2026-09-30 08:18:28,SPX,7656.111425015009,,8007.5,8005,0,AVG,0,0,,,8005,0,,,8005,AVG-0,0,0,,,8005,0,,,8005,0,0,0,,,8005,0,,,8005,1,0,0,,,8005,0,,,8005,0,0,0,0,2026-09-30,2026-10-01
2026-09-30 08:18:28,SPX,7656.111425015009,,8002.5,8000,0,AVG,2.33844,31418,,,8000,30948,,,8000,AVG-0,2.3317900000000003,31418,,,8000,30948,,,8000,0,0.00665,0,,,8000,0,,,8000,1,0.00368,3,,,8000,3,,,8000,0,0,0,0,2026-09-30,2026-10-01
2026-09-30 08:18:28,SPX,7656.111425015009,,7997.5,7995,0,AVG,0,0,,,7995,0,,,7995,AVG-0,0,0,,,7995,0,,,7995,0,0,0,,,7995,0,,,7995,1,0,0,,,7995,0,,,7995,0,0,0,0,2026-09-30,2026-10-01
2026-09-30 08:18:28,SPX,7656.111425015009,,7992.5,7990,0,AVG,0.16384,2099,,,7990,2066,,,7990,AVG-0,0.15894,2099,,,7990,2066,,,7990,0,0.0049,0,,,7990,0,,,7990,1,0.00438,1,,,7990,1,,,7990,0,0,0,0,2026-09-30,2026-10-01
2026-09-30 08:18:28,SPX,7656.111425015009,,7987.5,7985,0,AVG,0.00693,0,,,7985,0,,,7985,AVG-0,0,0,,,7985,0,,,7985,0,0.00693,0,,,7985,0,,,7985,1,0,0,,,7985,0,,,7985,0,0,0,0,2026-09-30,2026-10-01
2026-09-30 08:18:28,SPX,7656.111425015009,,7982.5,7980,0,AVG,3.5801800000000004,2803,,,7980,2705,,,7980,AVG-0,3.5801800000000004,2803,,,7980,2705,,,7980,0,0,0,,,7980,0,,,7980,1,0,2,,,7980,2,,,7980,0,0,0,0,2026-09-30,2026-10-01
2026-09-30 08:18:28,SPX,7656.111425015009,,7977.5,7975,0,AVG,1.40412,15498,,,7975,15218,,,7975,AVG-0,1.40231,15498,,,7975,15218,,,7975,0,0.00181,0,,,7975,0,,,7975,1,0,5,,,7975,5,,,7975,0,0,0,0,2026-09-30,2026-10-01
2026-09-30 08:18:28,SPX,7656.111425015009,,7972.5,7970,0,AVG,0.02363,3717,,,7970,3717,,,7970,AVG-0,0.01814,3717,,,7970,3717,,,7970,0,0.00549,0,,,7970,0,,,7970,1,0,8,,,7970,8,,,7970,0,0,0,0,2026-09-30,2026-10-01
2026-09-30 08:18:28,SPX,7656.111425015009,,7967.5,7965,0,AVG,0.35513,65,,,7965,53,,,7965,AVG-0,0.32165,65,,,7965,53,,,7965,0,0.03348,0,,,7965,0,,,7965,1,0,1,,,7965,1,,,7965,0,0,0,0,2026-09-30,2026-10-01
2026-09-30 08:18:28,SPX,7656.111425015009,,7962.5,7960,0,AVG,0.40066,9399,,,7960,9326,,,7960,AVG-0,0.38932,9399,,,7960,9326,,,7960,0,0.01134,0,,,7960,0,,,7960,1,0,8,,,7960,8,,,7960,0,0,0,0,2026-09-30,2026-10-01
2026-09-30 08:18:28,SPX,7656.111425015009,,7957.5,7955,0,AVG,0.1418399999999999,52,,,7955,51,,,7955,AVG-0,0.0959999999999999,52,,,7955,51,,,7955,0,0.04584,0,,,7955,0,,,7955,1,0.0959999999999999,1,,,7955,0,,,7955,0,0,0,0,2026-09-30,2026-10-01
2026-09-30 08:18:28,SPX,7656.111425015009,,7952.5,7950,0,AVG,1.62997,32531,,,7950,32195,,,7950,AVG-0,1.61144,32531,,,7950,32195,,,7950,0,0.01853,0,,,7950,0,,,7950,1,0,32,,,7950,32,,,7950,0,0,0,0,2026-09-30,2026-10-01
2026-09-30 08:18:28,SPX,7656.111425015009,,7947.5,7945,0,AVG,0,69,,,7945,69,,,7945,AVG-0,0,69,,,7945,69,,,7945,0,0,0,,,7945,0,,,7945,1,0,2,,,7945,2,,,7945,0,0,0,0,2026-09-30,2026-10-01
2026-09-30 08:18:28,SPX,7656.111425015009,,7942.5,7940,0,AVG,1.66095,10232,,,7940,10190,,,7940,AVG-0,1.60095,10232,,,7940,10190,,,7940,0,0.06,0,,,7940,0,,,7940,1,1.42,31,,,7940,18,,,7940,0,0,0,0,2026-09-30,2026-10-01
2026-09-30 08:18:28,SPX,7656.111425015009,,7937.5,7935,0,AVG,11.71154,259,,,7935,131,,,7935,AVG-0,11.67848,259,,,7935,131,,,7935,0,0.03306,0,,,7935,0,,,7935,1,11.67848,134,,,7935,6,,,7935,0,0,0,0,2026-09-30,2026-10-01
2026-09-30 08:18:28,SPX,7656.111425015009,,7932.5,7930,0,AVG,1.40988,11882,,,7930,11705,,,7930,AVG-0,1.27416,11882,,,7930,11705,,,7930,0,0.13572,0,,,7930,0,,,7930,1,0,36,,,7930,36,,,7930,0,0,0,0,2026-09-30,2026-10-01
2026-09-30 08:18:28,SPX,7656.111425015009,,7927.5,7925,0,AVG,0.56032,33109,,,7925,33020,,,7925,AVG-0,0.56032,33109,,,7925,33020,,,7925,0,0,0,,,7925,0,,,7925,1,0,62,,,7925,62,,,7925,0,0,0,0,2026-09-30,2026-10-01
2026-09-30 08:18:28,SPX,7656.111425015009,,7922.5,7920,0,AVG,0.41492,12983,,,7920,12926,,,7920,AVG-0,0.36806,12983,,,7920,12926,,,7920,0,0.04686,0,,,7920,0,,,7920,1,0,41,,,7920,41,,,7920,0,0,0,0,2026-09-30,2026-10-01
2026-09-30 08:18:28,SPX,7656.111425015009,,7917.5,7915,0,AVG,0.7545000000000001,3719,,,7915,3534,,,7915,AVG-0,0.7176100000000001,3719,,,7915,3534,,,7915,0,0.03689,0,,,7915,0,,,7915,1,0.00683,50,,,7915,50,,,7915,0,0,0,0,2026-09-30,2026-10-01
2026-09-30 08:18:28,SPX,7656.111425015009,,7912.5,7910,0,AVG,2.13702,18504,,,7910,18190,,,7910,AVG-0,1.97431,18504,,,7910,18190,,,7910,0,0.16271,0,,,7910,0,,,7910,1,0,121,,,7910,121,,,7910,0,0,0,0,2026-09-30,2026-10-01
2026-09-30 08:18:28,SPX,7656.111425015009,,7907.5,7905,0,AVG,0,3735,,,7905,3735,,,7905,AVG-0,0,3735,,,7905,3735,,,7905,0,0,0,,,7905,0,,,7905,1,0,165,,,7905,165,,,7905,0,0,0,0,2026-09-30,2026-10-01
2026-09-30 08:18:28,SPX,7656.111425015009,,7902.5,7900,0,AVG,10.94827,121643,,,7900,120172,,,7900,AVG-0,10.92925,121643,,,7900,120172,,,7900,0,0.01902,0,,,7900,0,,,7900,1,0.11032,313,,,7900,309,,,7900,0,0,0,0,2026-09-30,2026-10-01
2026-09-30 08:18:28,SPX,7656.111425015009,,7897.5,7895,0,AVG,1.99441,5233,,,7895,4767,,,7895,AVG-0,1.97826,5233,,,7895,4767,,,7895,0,0.0161499999999999,0,,,7895,0,,,7895,1,0.02616,267,,,7895,266,,,7895,0,0,0,0,2026-09-30,2026-10-01
2026-09-30 08:18:28,SPX,7656.111425015009,,7892.5,7890,0,AVG,2.017,14816,,,7890,14558,,,7890,AVG-0,1.98081,14816,,,7890,14558,,,7890,0,0.03619,0,,,7890,0,,,7890,1,0.01774,199,,,7890,198,,,7890,0,0,0,0,2026-09-30,2026-10-01
2026-09-30 08:18:28,SPX,7656.111425015009,,7887.5,7885,0,AVG,2.76764,10057,,,7885,9727,,,7885,AVG-0,2.62024,10057,,,7885,9727,,,7885,0,0.1474,0,,,7885,0,,,7885,1,0.02712,578,,,7885,577,,,7885,0,0,0,0,2026-09-30,2026-10-01
2026-09-30 08:18:28,SPX,7656.111425015009,,7882.5,7880,0,AVG,3.81998,11084,,,7880,10636,,,7880,AVG-0,3.5327,11084,,,7880,10636,,,7880,0,0.28728,0,,,7880,0,,,7880,1,0.53418,1508,,,7880,1473,,,7880,0,0,0,0,2026-09-30,2026-10-01
2026-09-30 08:18:28,SPX,7656.111425015009,,7877.5,7875,0,AVG,10.93826,49781,,,7875,47996,,,7875,AVG-0,11.55364,49781,,,7875,47996,,,7875,0,-0.6153799999999999,0,,,7875,0,,,7875,1,0.02814,4055,,,7875,4053,,,7875,0,0,0,0,2026-09-30,2026-10-01
2026-09-30 08:18:28,SPX,7656.111425015009,,7872.5,7870,0,AVG,9.15355,13275,,,7870,11961,,,7870,AVG-0,9.10385,13275,,,7870,11961,,,7870,0,0.0497,0,,,7870,0,,,7870,1,0.1103,604,,,7870,595,,,7870,0,0,0,0,2026-09-30,2026-10-01
2026-09-30 08:18:28,SPX,7656.111425015009,,7867.5,7865,0,AVG,7.8442,9383,,,7865,8297,,,7865,AVG-0,7.59688,9383,,,7865,8297,,,7865,0,0.2473199999999999,0,,,7865,0,,,7865,1,0.01125,422,,,7865,421,,,7865,0,0,0,0,2026-09-30,2026-10-01
2026-09-30 08:18:28,SPX,7656.111425015009,,7862.5,7860,0,AVG,10.23906,34089,,,7860,33209,,,7860,AVG-0,5.5263,34089,,,7860,33209,,,7860,0,4.71276,0,,,7860,0,,,7860,1,0.02296,477,,,7860,475,,,7860,0,0,0,0,2026-09-30,2026-10-01
2026-09-30 08:18:28,SPX,7656.111425015009,,7857.5,7855,0,AVG,3.71848,20272,,,7855,19730,,,7855,AVG-0,3.53684,20272,,,7855,19730,,,7855,0,0.18164,0,,,7855,0,,,7855,1,0.17134,734,,,7855,715,,,7855,0,0,0,0,2026-09-30,2026-10-01
2026-09-30 08:18:28,SPX,7656.111425015009,,7852.5,7850,0,AVG,12.0498,219597,,,7850,217998,,,7850,AVG-0,11.77116,219596,+,2,7850,217997,+,2,7850,0,0.27864,1,,,7850,1,,,7850,1,0.45866,5738,,,7850,5680,,,7850,0,0,0,0,2026-09-30,2026-10-01
2026-09-30 08:18:28,SPX,7656.111425015009,,7847.5,7845,0,AVG,1.64941,25630,,,7845,25505,,,7845,AVG-0,0.90913,25627,*,,7845,25502,*,,7845,0,0.7402799999999999,3,,,7845,3,,,7845,1,0.06104,483,,,7845,475,,,7845,0,0,0,0,2026-09-30,2026-10-01
2026-09-30 08:18:28,SPX,7656.111425015009,,7842.5,7840,0,AVG,9.21016,49499,,,7840,48384,,,7840,AVG-0,8.48307,49498,*,,7840,48383,*,,7840,0,0.72709,1,,,7840,1,,,7840,1,4.5961,2675,,,7840,1980,,,7840,0,0,0,0,2026-09-30,2026-10-01
2026-09-30 08:18:28,SPX,7656.111425015009,,7837.5,7835,0,AVG,38.90646,15612,,,7835,9829,,,7835,AVG-0,37.17244,15609,*,,7835,9826,*,,7835,0,1.73402,3,,,7835,3,,,7835,1,35.3565,6242,,,7835,693,,,7835,0,0,0,0,2026-09-30,2026-10-01
2026-09-30 08:18:28,SPX,7656.111425015009,,7832.5,7830,0,AVG,5.81039,149262,,,7830,148671,,,7830,AVG-0,4.93863,149253,*,,7830,148662,*,,7830,0,0.87176,9,,,7830,9,,,7830,1,0.36746,2656,,,7830,2595,,,7830,0,0,0,0,2026-09-30,2026-10-01
2026-09-30 08:18:28,SPX,7656.111425015009,,7827.5,7825,0,AVG,5.05155,112762,,,7825,111821,,,7825,AVG-0,7.77586,112737,*,,7825,111796,*,,7825,0,-2.72431,25,,,7825,25,,,7825,1,0.425,5419,,,7825,5346,,,7825,0,0,0,0,2026-09-30,2026-10-01
2026-09-30 08:18:28,SPX,7656.111425015009,,7822.5,7820,0,AVG,7.2574,41072,,,7820,40191,,,7820,AVG-0,6.7039,41061,*,,7820,40180,*,,7820,0,0.5535,11,,,7820,11,,,7820,1,0.74336,2122,,,7820,1988,,,7820,0,0,0,0,2026-09-30,2026-10-01
2026-09-30 08:18:28,SPX,7656.111425015009,,7817.5,7815,0,AVG,7.62066,21677,,,7815,20789,,,7815,AVG-0,6.801740000000001,21660,*,,7815,20773,*,,7815,0,0.81892,17,,,7815,16,,,7815,1,0.35406,2721,,,7815,2654,,,7815,0,0,0,0,2026-09-30,2026-10-01
2026-09-30 08:18:28,SPX,7656.111425015009,,7812.5,7810,0,AVG,10.29196,41264,,,7810,40213,,,7810,AVG-0,9.72466,41242,*,,7810,40193,*,,7810,0,0.5672999999999999,22,,,7810,20,,,7810,1,1.41365,3423,,,7810,3155,,,7810,0,0,0,0,2026-09-30,2026-10-01
2026-09-30 08:18:28,SPX,7656.111425015009,,7807.5,7805,0,AVG,7.26328,22040,,,7805,21127,,,7805,AVG-0,6.00961,21971,*,,7805,21063,*,,7805,0,1.25367,69,,,7805,64,,,7805,1,1.2959999999999998,1846,,,7805,1597,,,7805,0,0,0,0,2026-09-30,2026-10-01
2026-09-30 08:18:28,SPX,7656.111425015009,,7802.5,7800,0,AVG,81.34902,208563,,,7800,196924,,,7800,AVG-0,76.56954,207921,*,3,7800,196335,*,3,7800,0,4.779480000000001,642,,,7800,589,,,7800,1,22.20331,59829,+,2,7800,54793,+,2,7800,0,0,0,0,2026-09-30,2026-10-01
2026-09-30 08:18:28,SPX,7656.111425015009,,7797.5,7795,0,AVG,9.22532,19926,,,7795,18959,,,7795,AVG-0,5.81837,19744,*,,7795,18810,*,,7795,0,3.40695,182,,,7795,149,,,7795,1,3.15666,4206,*,,7795,3589,*,,7795,0,0,0,0,2026-09-30,2026-10-01
2026-09-30 08:18:28,SPX,7656.111425015009,,7792.5,7790,0,AVG,-2.74679,28973,,,7790,28032,,,7790,AVG-0,6.30863,28475,*,,7790,27555,*,,7790,0,-9.05542,498,,,7790,477,,,7790,1,2.08395,3855,*,,7790,3456,*,,7790,0,0,0,0,2026-09-30,2026-10-01
2026-09-30 08:18:28,SPX,7656.111425015009,,7787.5,7785,0,AVG,22.22297,51746,,,7785,48527,,,7785,AVG-0,23.09714,50694,*,,7785,47513,*,,7785,0,-0.8741699999999999,1052,,,7785,1014,,,7785,1,11.0838,25482,*,,7785,23405,*,,7785,0,0,0,0,2026-09-30,2026-10-01
2026-09-30 08:18:28,SPX,7656.111425015009,,7782.5,7780,0,AVG,28.07152,33997,,,7780,29492,,,7780,AVG-0,33.41543,33158,*,,7780,28839,*,,7780,0,-5.34391,839,,,7780,653,,,7780,1,1.7426900000000003,6621,*,,7780,6137,*,,7780,0,0,0,0,2026-09-30,2026-10-01
2026-09-30 08:18:28,SPX,7656.111425015009,,7777.5,7775,0,AVG,44.21252,87024,,,7775,83907,,,7775,AVG-0,34.0725,85129,*,,7775,82747,*,,7775,0,10.140020000000002,1895,,,7775,1160,,,7775,1,1.7485000000000002,19581,*,,7775,19264,*,,7775,0,0,0,0,2026-09-30,2026-10-01
2026-09-30 08:18:28,SPX,7656.111425015009,,7772.5,7770,0,AVG,32.55344,102718,,,7770,98318,,,7770,AVG-0,28.85104,98506,*,,7770,94617,*,,7770,0,3.7024,4212,,,7770,3701,,,7770,1,11.38062,14287,*,,7770,12286,*,,7770,0,0,0,0,2026-09-30,2026-10-01
2026-09-30 08:18:28,SPX,7656.111425015009,,7767.5,7765,0,AVG,13.62286,29955,,,7765,27664,,,7765,AVG-0,5.124619999999999,23088,*,,7765,21712,*,,7765,0,8.49824,6867,,,7765,5952,,,7765,1,5.75388,6223,*,,7765,5249,*,,7765,0,0,0,0,2026-09-30,2026-10-01
2026-09-30 08:18:28,SPX,7656.111425015009,,7762.5,7760,0,AVG,64.56560999999999,83244,,,7760,76689,,,7760,AVG-0,19.35241,73845,*,,7760,71082,*,,7760,0,45.2132,9399,,,7760,5607,,,7760,1,8.4779,17400,*,,7760,16029,*,,7760,0,0,0,0,2026-09-30,2026-10-01
2026-09-30 08:18:28,SPX,7656.111425015009,,7757.5,7755,0,AVG,50.24335,34780,,,7755,29108,,,7755,AVG-0,17.06203,28270,*,,7755,25765,*,,7755,0,33.18132,6510,,,7755,3343,,,7755,1,12.06576,8799,*,,7755,6902,*,,7755,0,0,0,0,2026-09-30,2026-10-01
2026-09-30 08:18:28,SPX,7656.111425015009,,7752.5,7750,0,AVG,55.378710000000005,188005,,,7750,168901,,,7750,AVG-0,32.43291,162527,*,,7750,153941,*,,7750,0,22.94580000000001,25478,,,7750,14960,,,7750,1,-8.616479999999996,55811,*,3,7750,51201,*,3,7750,0,0,0,0,2026-09-30,2026-10-01
2026-09-30 08:18:28,SPX,7656.111425015009,,7747.5,7745,0,AVG,-19.84966,58550,,,7745,47747,,,7745,AVG-0,-27.118549999999995,37301,*,,7745,35811,*,,7745,0,7.268889999999999,21249,,,7745,11936,,,7745,1,-32.05255,14258,*,,7745,13579,*,,7745,0,0,0,0,2026-09-30,2026-10-01
2026-09-30 08:18:28,SPX,7656.111425015009,,7742.5,7740,0,AVG,93.45948,60501,,,7740,40286,,,7740,AVG-0,37.07549,31795,*,,7740,25480,*,,7740,0,56.38399,28706,,,7740,14806,,,7740,1,20.47029,11175,*,,7740,7612,*,,7740,0,0,0,0,2026-09-30,2026-10-01
2026-09-30 08:18:28,SPX,7656.111425015009,,7737.5,7735,0,AVG,54.107129999999984,52967,,,7735,32431,,,7735,AVG-0,-61.26795000000001,26915,*,,7735,26251,*,,7735,0,115.37508,26052,,,7735,6180,,,7735,1,5.127960000000002,25339,*,,7735,22897,*,,7735,0,0,0,0,2026-09-30,2026-10-01
2026-09-30 08:18:28,SPX,7656.111425015009,,7732.5,7730,0,AVG,204.55202,138357,,,7730,100170,,,7730,AVG-0,29.92994,80856,*,,7730,76438,*,,7730,0,174.62208,57501,,,7730,23732,,,7730,1,23.35028,9051,*,,7730,5714,*,,7730,0,0,0,0,2026-09-30,2026-10-01
2026-09-30 08:18:28,SPX,7656.111425015009,,7727.5,7725,0,AVG,203.54138000000003,53274,,,7725,13421,,,7725,AVG-0,16.54146,7297,*,,7725,3893,*,,7725,0,186.99992000000003,45977,,,7725,9528,,,7725,1,17.468339999999998,21190,*,,7725,18531,*,,7725,0,0,0,0,2026-09-30,2026-10-01
2026-09-30 08:18:28,SPX,7656.111425015009,,7722.5,7720,0,AVG,371.93404,113606,,,7720,49255,,,7720,AVG-0,69.81951000000001,7602,*,,7720,1020,*,,7720,0,302.11453,106004,,,7720,48235,,,7720,1,23.17541,14317,*,,7720,11278,*,,7720,0,0,0,0,2026-09-30,2026-10-01
2026-09-30 08:18:28,SPX,7656.111425015009,,7717.5,7715,0,AVG,300.73669,91703,,,7715,36984,,,7715,AVG-0,20.8528,7579,*,,7715,4360,*,,7715,0,279.88389,84124,,,7715,32624,,,7715,1,10.72947,419,*,,7715,-1227,*,,7715,0,0,0,0,2026-09-30,2026-10-01
2026-09-30 08:18:28,SPX,7656.111425015009,,7712.5,7710,0,AVG,484.84226,125905,,,7710,22339,,,7710,AVG-0,84.18654,19491,*,,7710,11630,*,,7710,0,400.65572,106414,,,7710,10709,,,7710,1,16.42872,31668,*,,7710,28278,*,,7710,0,0,0,0,2026-09-30,2026-10-01
2026-09-30 08:18:28,SPX,7656.111425015009,,7707.5,7705,0,AVG,142.53473000000002,57322,,,7705,-1631,,,7705,AVG-0,27.71969,-8102,*,,7705,-10696,*,,7705,0,114.81504,65424,,,7705,9065,,,7705,1,7.757849999999999,1541,*,,7705,229,*,,7705,0,0,0,0,2026-09-30,2026-10-01
2026-09-30 08:18:28,SPX,7656.111425015009,,7702.5,7700,0,AVG,1122.75342,277476,,,7700,65991,,,7700,AVG-0,440.29945,102184,*,,7700,59127,*,,7700,0,682.45397,175292,,,7700,6864,,,7700,1,369.33941,28504,*,,7700,-9376,*,,7700,0,0,0,0,2026-09-30,2026-10-01
2026-09-30 08:18:28,SPX,7656.111425015009,,7697.5,7695,0,AVG,-24.32062999999997,42508,,,7695,-2524,,,N/N,AVG-0,1.0877499999999989,-30857,*,,7695,-31602,*,,7695,0,-25.40837999999997,73365,,,7695,29078,,,7695,1,-5.02444,-4520,*,,N/N,-4555,*,,N/N,0,0,0,0,2026-09-30,2026-10-01
2026-09-30 08:18:28,SPX,7656.111425015009,,7692.5,7690,0,AVG,217.08725999999984,567446,+,3,7690,480067,+,3,7690,AVG-0,-20.49639,-43438,*,,N/N,-43525,*,,N/N,0,237.5836499999998,610884,+,2,7690,523592,+,1,7690,1,-20.79331,-25601,*,,N/N,-25128,*,,N/N,0,0,0,0,2026-09-30,2026-10-01
2026-09-30 08:18:28,SPX,7656.111425015009,,7687.5,7685,0,AVG,484.0403200000001,153425,*,,7685,41832,*,,7685,AVG-0,26.73526,-8160,*,,7685,-10553,*,,7685,0,457.30506000000014,161585,*,,7685,52385,*,,7685,1,6.544519999999999,9536,*,,7685,8489,*,,7685,0,0,0,0,2026-09-30,2026-10-01
2026-09-30 08:18:28,SPX,7656.111425015009,,7682.5,7680,0,AVG,-206.8136599999999,-183051,*,,N/N,-182876,*,,N/N,AVG-0,-28.14215,-116176,*,,N/N,-115535,*,,N/N,0,-178.6715099999999,-66875,*,,N/N,-67341,*,,N/N,1,2.545259999999999,-3442,*,,7680,-4130,*,,7680,0,0,0,0,2026-09-30,2026-10-01
2026-09-30 08:18:28,SPX,7656.111425015009,,7677.5,7675,0,AVG,254.71391000000023,-115686,*,,7675,-145477,*,,7675,AVG-0,284.14157000000006,-57083,*,,7675,-79118,*,,7675,0,-29.42765999999984,-58603,*,,N/N,-66359,*,,N/N,1,268.34213000000005,28891,*,,7675,7865,*,,7675,0,0,0,0,2026-09-30,2026-10-01
2026-09-30 08:18:28,SPX,7656.111425015009,,7672.5,7670,0,AVG,-867.64865,-214157,*,,N/N,-65628,*,,N/N,AVG-0,-30.318079999999995,-23041,*,,N/N,-20664,*,,N/N,0,-837.33057,-191116,*,,N/N,-44964,*,,N/N,1,-10.739709999999995,4698,*,,7670,6000,*,,7670,0,0,0,0,2026-09-30,2026-10-01
2026-09-30 08:18:28,SPX,7656.111425015009,,7667.5,7665,0,AVG,-416.48994,-195086,*,,N/N,-101144,*,,N/N,AVG-0,32.00575,-64110,*,,7665,-65272,*,,7665,0,-448.49569,-130976,*,,N/N,-35872,*,,N/N,1,18.92847,-29888,*,,7665,-30725,*,,7665,0,0,0,0,2026-09-30,2026-10-01
2026-09-30 08:18:28,SPX,7656.111425015009,,7662.5,7660,0,AVG,-741.1472600000001,-259935,*,,N/N,-87632,*,,N/N,AVG-0,-36.66723,-63084,*,,N/N,-59291,*,,N/N,0,-704.48003,-196851,*,,N/N,-28341,*,,N/N,1,-6.774939999999997,-30604,*,,N/N,-29482,*,,N/N,0,0,0,0,2026-09-30,2026-10-01
2026-09-30 08:18:28,SPX,7656.111425015009,CURR,7657.5,7655,0,AVG,-340.38399,-249427,*,,N/N,-154239,*,,N/N,AVG-0,-29.09553,-66881,*,,N/N,-62640,*,,N/N,0,-311.28846,-182546,*,,N/N,-91599,*,,N/N,1,-36.95294,-6254,M,,N/N,-2165,M,,N/N,0,0,0,0,2026-09-30,2026-10-01
2026-09-30 08:18:28,SPX,7656.111425015009,,7652.5,7650,0,AVG,-971.0583299999996,-917413,-,1,N/N,-626024,-,1,N/N,AVG-0,-86.33460000000001,-191795,*,4,N/N,-183010,*,4,N/N,0,-884.7237299999997,-725618,M-,1,N/N,-443014,-,2,N/N,1,-51.750330000000005,-86781,-,1,N/N,-80908,-,1,N/N,0,0,0,0,2026-09-30,2026-10-01
2026-09-30 08:18:28,SPX,7656.111425015009,,7647.5,7645,0,AVG,-182.83389,-107573,M,,N/N,-7364,,,N/N,AVG-0,-4.235410000000001,-39465,M,,N/N,-38266,M,,N/N,0,-178.59848,-68108,,,N/N,30902,M,,7645,1,-11.63072,-9594,,,N/N,-8246,,,N/N,0,0,0,0,2026-09-30,2026-10-01
2026-09-30 08:18:28,SPX,7656.111425015009,,7642.5,7640,0,AVG,-484.2417699999999,-347072,,,N/N,-165822,M,,N/N,AVG-0,-50.346070000000005,-73822,*,,N/N,-67523,*,,N/N,0,-433.8956999999999,-273250,,,N/N,-98299,,,N/N,1,-21.77472,-20916,,,N/N,-16921,,,N/N,0,0,0,0,2026-09-30,2026-10-01
2026-09-30 08:18:28,SPX,7656.111425015009,,7637.5,7635,0,AVG,-293.36433,-397402,,5,N/N,-298195,,5,N/N,AVG-0,-21.99163,-106192,*,,N/N,-103939,*,,N/N,0,-271.3727,-291210,,,N/N,-194256,,5,N/N,1,-7.58421,-36258,,5,N/N,-35217,,5,N/N,0,0,0,0,2026-09-30,2026-10-01
2026-09-30 08:18:28,SPX,7656.111425015009,,7632.5,7630,0,AVG,-624.3194199999999,-391074,,,N/N,-160382,,,N/N,AVG-0,-24.34189,-97918,*,,N/N,-94486,*,,N/N,0,-599.9775299999999,-293156,,5,N/N,-65896,,,N/N,1,-11.3457,-8793,,,N/N,-6604,,,N/N,0,0,0,0,2026-09-30,2026-10-01
2026-09-30 08:18:28,SPX,7656.111425015009,,7627.5,7625,0,AVG,-165.25121999999996,-544102,,4,N/N,-431078,,4,N/N,AVG-0,-17.651819999999997,-161007,*,,N/N,-158079,*,,N/N,0,-147.59939999999995,-383095,,4,N/N,-272999,,4,N/N,1,-17.119299999999996,-30767,,,N/N,-28080,,,N/N,0,0,0,0,2026-09-30,2026-10-01
2026-09-30 08:18:28,SPX,7656.111425015009,,7622.5,7620,0,AVG,-165.23573999999996,-265180,,,N/N,-155903,,,N/N,AVG-0,-42.14954,-82366,*,,N/N,-76301,*,,N/N,0,-123.08619999999996,-182814,,,N/N,-79602,,,N/N,1,-34.26666,-29730,,,N/N,-24370,,,N/N,0,0,0,0,2026-09-30,2026-10-01
2026-09-30 08:18:28,SPX,7656.111425015009,,7617.5,7615,0,AVG,-197.0685,-290007,,,N/N,-218823,,,N/N,AVG-0,-23.31437,-65874,*,,N/N,-62089,*,,N/N,0,-173.75413,-224133,,,N/N,-156734,,,N/N,1,-12.82876,-12125,,,N/N,-9638,,,N/N,0,0,0,0,2026-09-30,2026-10-01
2026-09-30 08:18:28,SPX,7656.111425015009,,7612.5,7610,0,AVG,-205.54833,-207115,,,N/N,-135778,,,N/N,AVG-0,-43.06082,-67582,*,,N/N,-62272,*,,N/N,0,-162.48751,-139533,,,N/N,-73506,,,N/N,1,-15.23508,-23041,,,N/N,-20115,,,N/N,0,0,0,0,2026-09-30,2026-10-01
2026-09-30 08:18:28,SPX,7656.111425015009,,7607.5,7605,0,AVG,-101.93651,-164063,,,N/N,-121879,,,N/N,AVG-0,-5.67901,-53036,*,,N/N,-52144,*,,N/N,0,-96.2575,-111027,,,N/N,-69735,,,N/N,1,-4.06538,-23481,,,N/N,-22780,,,N/N,0,0,0,0,2026-09-30,2026-10-01
2026-09-30 08:18:28,SPX,7656.111425015009,,7602.5,7600,0,AVG,-286.7537,-681611,,2,N/N,-595001,,2,N/N,AVG-0,-76.06582999999999,-277232,-,1,N/N,-267122,-,1,N/N,0,-210.68787,-404379,,3,N/N,-327879,,3,N/N,1,-26.11529,-52191,,4,N/N,-47054,,4,N/N,0,0,0,0,2026-09-30,2026-10-01
2026-09-30 08:18:28,SPX,7656.111425015009,,7597.5,7595,0,AVG,-96.08934,-94298,,,N/N,-62548,,,N/N,AVG-0,-15.64032,-40796,,,N/N,-38097,,,N/N,0,-80.44902,-53502,,,N/N,-24451,,,N/N,1,-10.14845,-12675,,,N/N,-10799,,,N/N,0,0,0,0,2026-09-30,2026-10-01
2026-09-30 08:18:28,SPX,7656.111425015009,,7592.5,7590,0,AVG,-27.841610000000003,-130950,,,N/N,-106759,,,N/N,AVG-0,40.39395,-58637,,,7590,-57907,,,7590,0,-68.23556,-72313,,,N/N,-48852,,,N/N,1,-7.16306,-11495,,,N/N,-9994,,,N/N,0,0,0,0,2026-09-30,2026-10-01
2026-09-30 08:18:28,SPX,7656.111425015009,,7587.5,7585,0,AVG,-24.369779999999995,-104393,,,N/N,-91533,,,N/N,AVG-0,14.62,-70687,,,7585,-70010,,,7585,0,-38.98978,-33706,,,N/N,-21523,,,N/N,1,-4.32069,-7712,,,N/N,-6864,,,N/N,0,0,0,0,2026-09-30,2026-10-01
2026-09-30 08:18:28,SPX,7656.111425015009,,7582.5,7580,0,AVG,-37.28855,-111857,,,N/N,-104028,,,N/N,AVG-0,-12.94877,-80593,,,N/N,-78354,,,N/N,0,-24.33978,-31264,,,N/N,-25674,,,N/N,1,-6.10929,-12362,,,N/N,-11133,,,N/N,0,0,0,0,2026-09-30,2026-10-01
2026-09-30 08:18:28,SPX,7656.111425015009,,7577.5,7575,0,AVG,-45.059940000000005,-164062,,,N/N,-155959,,,N/N,AVG-0,-9.54144,-131465,,,N/N,-130060,,,N/N,0,-35.5185,-32597,,,N/N,-25899,,,N/N,1,-3.3740400000000004,-23770,,,N/N,-23072,,,N/N,0,0,0,0,2026-09-30,2026-10-01
2026-09-30 08:18:28,SPX,7656.111425015009,,7572.5,7570,0,AVG,-32.95245,-62247,,,N/N,-57793,,,N/N,AVG-0,-19.20821,-44925,,,N/N,-42972,,,N/N,0,-13.74424,-17322,,,N/N,-14821,,,N/N,1,-2.39208,-7667,,,N/N,-7166,,,N/N,0,0,0,0,2026-09-30,2026-10-01
2026-09-30 08:18:28,SPX,7656.111425015009,,7567.5,7565,0,AVG,-4.629169999999999,-54826,,,N/N,-53759,,,N/N,AVG-0,-5.00585,-43171,,,N/N,-42666,,,N/N,0,0.3766800000000003,-11655,,,7565,-11093,,,7565,1,-0.36184,-8348,,,N/N,-8271,,,N/N,0,0,0,0,2026-09-30,2026-10-01
2026-09-30 08:18:28,SPX,7656.111425015009,,7562.5,7560,0,AVG,4.675569999999994,-85115,,,7560,-82072,,,7560,AVG-0,-11.81163,-74553,,,N/N,-72757,,,N/N,0,16.487199999999994,-10562,,,7560,-9315,,,7560,1,-4.65416,-9288,,,N/N,-8292,,,N/N,0,0,0,0,2026-09-30,2026-10-01
2026-09-30 08:18:28,SPX,7656.111425015009,,7557.5,7555,0,AVG,-8.03714,-34574,,,N/N,-33713,,,N/N,AVG-0,-4.68585,-28677,,,N/N,-28155,,,N/N,0,-3.3512900000000005,-5897,,,N/N,-5558,,,N/N,1,-1.35612,-9982,,,N/N,-9689,,,N/N,0,0,0,0,2026-09-30,2026-10-01
2026-09-30 08:18:28,SPX,7656.111425015009,,7552.5,7550,0,AVG,-245.85769,-149641,,,N/N,-125940,,,N/N,AVG-0,-230.95146,-140361,,,N/N,-117603,,,N/N,0,-14.90623,-9280,,,N/N,-8337,,,N/N,1,-7.61238,-23132,,,N/N,-21479,,,N/N,0,0,0,0,2026-09-30,2026-10-01
2026-09-30 08:18:28,SPX,7656.111425015009,,7547.5,7545,0,AVG,-9.60027,-29518,,,N/N,-28531,,,N/N,AVG-0,-5.39235,-27706,,,N/N,-26905,,,N/N,0,-4.20792,-1812,,,N/N,-1626,,,N/N,1,-2.07504,-5369,,,N/N,-4922,,,N/N,0,0,0,0,2026-09-30,2026-10-01
2026-09-30 08:18:28,SPX,7656.111425015009,,7542.5,7540,0,AVG,-21.38145,-48619,,,N/N,-46930,,,N/N,AVG-0,-8.933629999999999,-46639,,,N/N,-45357,,,N/N,0,-12.44782,-1980,,,N/N,-1573,,,N/N,1,-3.48737,-7987,,,N/N,-7241,,,N/N,0,0,0,0,2026-09-30,2026-10-01
2026-09-30 08:18:28,SPX,7656.111425015009,,7537.5,7535,0,AVG,-2.0050699999999995,-50297,,,N/N,-49621,,,N/N,AVG-0,-5.480779999999999,-49655,,,N/N,-49010,,,N/N,0,3.4757100000000003,-642,,,7535,-611,,,7535,1,-1.83855,-3865,,,N/N,-3480,,,N/N,0,0,0,0,2026-09-30,2026-10-01
2026-09-30 08:18:28,SPX,7656.111425015009,,7532.5,7530,0,AVG,-12.26223,-76959,,,N/N,-75608,,,N/N,AVG-0,-11.06631,-76264,,,N/N,-74932,,,N/N,0,-1.19592,-695,,,N/N,-676,,,N/N,1,-1.34288,-7343,,,N/N,-7067,,,N/N,0,0,0,0,2026-09-30,2026-10-01
2026-09-30 08:18:28,SPX,7656.111425015009,,7527.5,7525,0,AVG,-15.53097,-61571,,,N/N,-59732,,,N/N,AVG-0,-14.45227,-58706,,,N/N,-56878,,,N/N,0,-1.0787,-2865,,,N/N,-2854,,,N/N,1,-2.8567500000000003,-8154,,,N/N,-7582,,,N/N,0,0,0,0,2026-09-30,2026-10-01
2026-09-30 08:18:28,SPX,7656.111425015009,,7522.5,7520,0,AVG,18.33901,-92337,,,7520,-90914,,,7520,AVG-0,-11.16799,-91343,,,N/N,-89925,,,N/N,0,29.507,-994,,,7520,-989,,,7520,1,-1.49961,-6648,,,N/N,-6359,,,N/N,0,0,0,0,2026-09-30,2026-10-01
2026-09-30 08:18:28,SPX,7656.111425015009,,7517.5,7515,0,AVG,-3.1397000000000004,-54740,,,N/N,-54213,,,N/N,AVG-0,-2.2074700000000003,-53834,,,N/N,-53311,,,N/N,0,-0.93223,-906,,,N/N,-902,,,N/N,1,-2.3776,-3437,,,N/N,-2994,,,N/N,0,0,0,0,2026-09-30,2026-10-01
2026-09-30 08:18:28,SPX,7656.111425015009,,7512.5,7510,0,AVG,-3.46491,-58169,,,N/N,-57630,,,N/N,AVG-0,-3.81936,-58073,,,N/N,-57536,,,N/N,0,0.3544499999999999,-96,,,7510,-94,,,7510,1,-1.40753,-3908,,,N/N,-3658,,,N/N,0,0,0,0,2026-09-30,2026-10-01
2026-09-30 08:18:28,SPX,7656.111425015009,,7507.5,7505,0,AVG,-0.1888200000000002,-11235,,,N/N,-11116,,,N/N,AVG-0,1.01172,-11215,,,7505,-11098,,,7505,0,-1.20054,-20,,,N/N,-18,,,N/N,1,-0.40963,-1888,,,N/N,-1818,,,N/N,0,0,0,0,2026-09-30,2026-10-01
2026-09-30 08:18:28,SPX,7656.111425015009,,7502.5,7500,0,AVG,-97.90547,-175571,,,N/N,-163129,,,N/N,AVG-0,-98.58869,-175194,,5,N/N,-162753,,5,N/N,0,0.6832200000000002,-377,,,7500,-376,,,7500,1,-2.74804,-13037,,,N/N,-12609,,,N/N,0,0,0,0,2026-09-30,2026-10-01
2026-09-30 08:18:28,SPX,7656.111425015009,,7497.5,7495,0,AVG,-3.41237,-38064,,,N/N,-37658,,,N/N,AVG-0,-3.16837,-38048,,,N/N,-37643,,,N/N,0,-0.244,-16,,,N/N,-15,,,N/N,1,-0.78822,-6880,,,N/N,-6763,,,N/N,0,0,0,0,2026-09-30,2026-10-01
2026-09-30 08:18:28,SPX,7656.111425015009,,7492.5,7490,0,AVG,-23.91904,-79611,,,N/N,-76246,,,N/N,AVG-0,-24.4772,-79607,,,N/N,-76243,,,N/N,0,0.55816,-4,,,7490,-3,,,7490,1,-17.3568,-3758,,,N/N,-1392,,,N/N,0,0,0,0,2026-09-30,2026-10-01
2026-09-30 08:18:28,SPX,7656.111425015009,,7487.5,7485,0,AVG,-3.24574,-13277,,,N/N,-12878,,,N/N,AVG-0,-3.10549,-13275,,,N/N,-12876,,,N/N,0,-0.14025,-2,,,N/N,-2,,,N/N,1,-0.12035,-1303,,,N/N,-1288,,,N/N,0,0,0,0,2026-09-30,2026-10-01
2026-09-30 08:18:28,SPX,7656.111425015009,,7482.5,7480,0,AVG,-2.56355,-64432,,,N/N,-64137,,,N/N,AVG-0,-2.23478,-64430,,,N/N,-64135,,,N/N,0,-0.32877,-2,,,N/N,-2,,,N/N,1,-0.2938,-630,,,N/N,-596,,,N/N,0,0,0,0,2026-09-30,2026-10-01
2026-09-30 08:18:28,SPX,7656.111425015009,,7477.5,7475,0,AVG,-12.14811,-66475,,,N/N,-65442,,,N/N,AVG-0,-11.07431,-66473,,,N/N,-65440,,,N/N,0,-1.0738,-2,,,N/N,-2,,,N/N,1,-0.46508,-1152,,,N/N,-1104,,,N/N,0,0,0,0,2026-09-30,2026-10-01
2026-09-30 08:18:28,SPX,7656.111425015009,,7472.5,7470,0,AVG,-13.020739999999998,-19033,,,N/N,-17617,,,N/N,AVG-0,-12.80672,-19032,,,N/N,-17616,,,N/N,0,-0.21402,-1,,,N/N,-1,,,N/N,1,-5.755319999999999,-1838,,,N/N,-1295,,,N/N,0,0,0,0,2026-09-30,2026-10-01
2026-09-30 08:18:28,SPX,7656.111425015009,,7467.5,7465,0,AVG,-3.2197700000000005,-15794,,,N/N,-15460,,,N/N,AVG-0,-3.12578,-15794,,,N/N,-15460,,,N/N,0,-0.09399,0,,,7465,0,,,7465,1,-0.01829,-918,,,N/N,-916,,,N/N,0,0,0,0,2026-09-30,2026-10-01
2026-09-30 08:18:28,SPX,7656.111425015009,,7462.5,7460,0,AVG,-1.28722,-15848,,,N/N,-15722,,,N/N,AVG-0,-1.17238,-15848,,,N/N,-15722,,,N/N,0,-0.11484,0,,,7460,0,,,7460,1,-0.25158,-521,,,N/N,-503,,,N/N,0,0,0,0,2026-09-30,2026-10-01
2026-09-30 08:18:28,SPX,7656.111425015009,,7457.5,7455,0,AVG,-1.09078,-13036,,,N/N,-12912,,,N/N,AVG-0,-1.04696,-13036,,,N/N,-12912,,,N/N,0,-0.04382,0,,,7455,0,,,7455,1,-0.1828199999999999,-189,,,N/N,-177,,,N/N,0,0,0,0,2026-09-30,2026-10-01
2026-09-30 08:18:28,SPX,7656.111425015009,,7452.5,7450,0,AVG,-9.442,-66020,,,N/N,-65187,,,N/N,AVG-0,-9.30055,-66020,,,N/N,-65187,,,N/N,0,-0.14145,0,,,7450,0,,,7450,1,-0.0816,-607,,,N/N,-603,,,N/N,0,0,0,0,2026-09-30,2026-10-01
2026-09-30 08:18:28,SPX,7656.111425015009,,7447.5,7445,0,AVG,-1.12011,-18523,,,N/N,-18403,,,N/N,AVG-0,-1.09875,-18523,,,N/N,-18403,,,N/N,0,-0.02136,0,,,7445,0,,,7445,1,-0.03006,-287,,,N/N,-286,,,N/N,0,0,0,0,2026-09-30,2026-10-01
2026-09-30 08:18:28,SPX,7656.111425015009,,7442.5,7440,0,AVG,-4.859,-15672,,,N/N,-15262,,,N/N,AVG-0,-4.827500000000001,-15672,,,N/N,-15262,,,N/N,0,-0.0315,0,,,7440,0,,,7440,1,-0.01478,-194,,,N/N,-194,,,N/N,0,0,0,0,2026-09-30,2026-10-01
2026-09-30 08:18:28,SPX,7656.111425015009,,7437.5,7435,0,AVG,-0.65818,-5460,,,N/N,-5427,,,N/N,AVG-0,-0.33826,-5460,,,N/N,-5427,,,N/N,0,-0.31992,0,,,7435,0,,,7435,1,0,-144,,,7435,-144,,,7435,0,0,0,0,2026-09-30,2026-10-01
2026-09-30 08:18:28,SPX,7656.111425015009,,7432.5,7430,0,AVG,-0.80279,-8136,,,N/N,-8117,,,N/N,AVG-0,-0.21587,-8136,,,N/N,-8117,,,N/N,0,-0.58692,0,,,7430,0,,,7430,1,-0.0133,-131,,,N/N,-131,,,N/N,0,0,0,0,2026-09-30,2026-10-01
2026-09-30 08:18:28,SPX,7656.111425015009,,7427.5,7425,0,AVG,-0.69633,-18171,,,N/N,-18104,,,N/N,AVG-0,-0.68771,-18171,,,N/N,-18104,,,N/N,0,-0.00862,0,,,7425,0,,,7425,1,0,-336,,,7425,-336,,,7425,0,0,0,0,2026-09-30,2026-10-01
2026-09-30 08:18:28,SPX,7656.111425015009,,7422.5,7420,0,AVG,-1.97032,-11412,,,N/N,-11211,,,N/N,AVG-0,-1.95336,-11412,,,N/N,-11211,,,N/N,0,-0.01696,0,,,7420,0,,,7420,1,-0.15431,-94,,,N/N,-91,,,N/N,0,0,0,0,2026-09-30,2026-10-01
2026-09-30 08:18:28,SPX,7656.111425015009,,7417.5,7415,0,AVG,-0.57925,-4437,,,N/N,-4394,,,N/N,AVG-0,-0.57925,-4437,,,N/N,-4394,,,N/N,0,0,0,,,7415,0,,,7415,1,-0.03507,-73,,,N/N,-73,,,N/N,0,0,0,0,2026-09-30,2026-10-01
2026-09-30 08:18:28,SPX,7656.111425015009,,7412.5,7410,0,AVG,-1.65816,-7470,,,N/N,-7436,,,N/N,AVG-0,-1.62536,-7470,,,N/N,-7436,,,N/N,0,-0.0328,0,,,7410,0,,,7410,1,-1.46304,-88,,,N/N,-65,,,N/N,0,0,0,0,2026-09-30,2026-10-01
2026-09-30 08:18:28,SPX,7656.111425015009,,7407.5,7405,0,AVG,-2.2072700000000003,-4183,,,N/N,-4171,,,N/N,AVG-0,-0.1145,-4183,,,N/N,-4171,,,N/N,0,-2.09277,0,,,7405,0,,,7405,1,0,-318,,,7405,-318,,,7405,0,0,0,0,2026-09-30,2026-10-01
2026-09-30 08:18:28,SPX,7656.111425015009,,7402.5,7400,0,AVG,-43.41221000000001,-65221,,,N/N,-60878,,,N/N,AVG-0,-47.216330000000006,-65221,,,N/N,-60878,,,N/N,0,3.80412,0,,,7400,0,,,7400,1,-0.306,-132,,,N/N,-129,,,N/N,0,0,0,0,2026-09-30,2026-10-01
2026-09-30 08:18:28,SPX,7656.111425015009,,7397.5,7395,0,AVG,-0.1038699999999999,-1178,,,N/N,-1177,,,N/N,AVG-0,-0.1006,-1178,,,N/N,-1177,,,N/N,0,-0.00327,0,,,7395,0,,,7395,1,-0.1006,-15,,,N/N,-14,,,N/N,0,0,0,0,2026-09-30,2026-10-01
2026-09-30 08:18:28,SPX,7656.111425015009,,7392.5,7390,0,AVG,-9.15596,-13262,,,N/N,-13023,,,N/N,AVG-0,-9.08966,-13262,,,N/N,-13023,,,N/N,0,-0.0663,0,,,7390,0,,,7390,1,-6.65632,-98,,,N/N,-50,,,N/N,0,0,0,0,2026-09-30,2026-10-01
2026-09-30 08:18:28,SPX,7656.111425015009,,7387.5,7385,0,AVG,-0.22479,-4102,,,N/N,-4091,,,N/N,AVG-0,-0.152,-4102,,,N/N,-4091,,,N/N,0,-0.07279,0,,,7385,0,,,7385,1,0,-11,,,7385,-11,,,7385,0,0,0,0,2026-09-30,2026-10-01
2026-09-30 08:18:28,SPX,7656.111425015009,,7382.5,7380,0,AVG,-0.6228400000000001,-5155,,,N/N,-5116,,,N/N,AVG-0,-0.6228400000000001,-5155,,,N/N,-5116,,,N/N,0,0,0,,,7380,0,,,7380,1,0,-8,,,7380,-8,,,7380,0,0,0,0,2026-09-30,2026-10-01
2026-09-30 08:18:28,SPX,7656.111425015009,,7377.5,7375,0,AVG,-1.15563,-23400,,,N/N,-23345,,,N/N,AVG-0,-1.14343,-23400,,,N/N,-23345,,,N/N,0,-0.0121999999999999,0,,,7375,0,,,7375,1,-0.0181,-16,,,N/N,-16,,,N/N,0,0,0,0,2026-09-30,2026-10-01
2026-09-30 08:18:28,SPX,7656.111425015009,,7372.5,7370,0,AVG,-3.29715,-5552,,,N/N,-5505,,,N/N,AVG-0,-2.81515,-5552,,,N/N,-5505,,,N/N,0,-0.482,0,,,7370,0,,,7370,1,-2.38572,-10,,,N/N,-2,,,N/N,0,0,0,0,2026-09-30,2026-10-01
2026-09-30 08:18:28,SPX,7656.111425015009,,7367.5,7365,0,AVG,-0.0875,-1459,,,N/N,-1452,,,N/N,AVG-0,-0.06854,-1459,,,N/N,-1452,,,N/N,0,-0.01896,0,,,7365,0,,,7365,1,0,-1,,,7365,-1,,,7365,0,0,0,0,2026-09-30,2026-10-01
2026-09-30 08:18:28,SPX,7656.111425015009,,7362.5,7360,0,AVG,-0.00234,-3997,,,N/N,-3997,,,N/N,AVG-0,0,-3997,,,7360,-3997,,,7360,0,-0.00234,0,,,7360,0,,,7360,1,0,-1,,,7360,-1,,,7360,0,0,0,0,2026-09-30,2026-10-01
2026-09-30 08:18:28,SPX,7656.111425015009,,7357.5,7355,0,AVG,-0.00924,-85,,,N/N,-85,,,N/N,AVG-0,0,-85,,,7355,-85,,,7355,0,-0.00924,0,,,7355,0,,,7355,1,0,-1,,,7355,-1,,,7355,0,0,0,0,2026-09-30,2026-10-01
2026-09-30 08:18:28,SPX,7656.111425015009,,7352.5,7350,0,AVG,-1.11388,-17164,,,N/N,-17095,,,N/N,AVG-0,-1.11225,-17164,,,N/N,-17095,,,N/N,0,-0.00163,0,,,7350,0,,,7350,1,0,-4,,,7350,-4,,,7350,0,0,0,0,2026-09-30,2026-10-01
2026-09-30 08:18:28,SPX,7656.111425015009,,7347.5,7345,0,AVG,0,-42,,,7345,-42,,,7345,AVG-0,0,-42,,,7345,-42,,,7345,0,0,0,,,7345,0,,,7345,1,0,-1,,,7345,-1,,,7345,0,0,0,0,2026-09-30,2026-10-01
2026-09-30 08:18:28,SPX,7656.111425015009,,7342.5,7340,0,AVG,-0.01194,-1327,,,N/N,-1327,,,N/N,AVG-0,-0.01194,-1327,,,N/N,-1327,,,N/N,0,0,0,,,7340,0,,,7340,1,0,-1,,,7340,-1,,,7340,0,0,0,0,2026-09-30,2026-10-01
2026-09-30 08:18:28,SPX,7656.111425015009,,7337.5,7335,0,AVG,-0.0808499999999999,-33,,,N/N,-33,,,N/N,AVG-0,-0.073,-33,,,N/N,-33,,,N/N,0,-0.00785,0,,,7335,0,,,7335,1,-0.073,0,,,7335,0,,,7335,0,0,0,0,2026-09-30,2026-10-01
2026-09-30 08:18:28,SPX,7656.111425015009,,7332.5,7330,0,AVG,-0.01555,-3918,,,N/N,-3918,,,N/N,AVG-0,-0.0109,-3918,,,N/N,-3918,,,N/N,0,-0.00465,0,,,7330,0,,,7330,1,0,-1,,,7330,-1,,,7330,0,0,0,0,2026-09-30,2026-10-01
2026-09-30 08:18:28,SPX,7656.111425015009,,7327.5,7325,0,AVG,-4.09368,-6785,,,N/N,-6406,,,N/N,AVG-0,-4.09368,-6785,,,N/N,-6406,,,N/N,0,0,0,,,7325,0,,,7325,1,-0.14718,-1,,,N/N,-1,,,N/N,0,0,0,0,2026-09-30,2026-10-01
2026-09-30 08:18:28,SPX,7656.111425015009,,7322.5,7320,0,AVG,-0.12324,-2150,,,N/N,-2143,,,N/N,AVG-0,-0.12324,-2150,,,N/N,-2143,,,N/N,0,0,0,,,7320,0,,,7320,1,-0.03305,-1,,,N/N,-1,,,N/N,0,0,0,0,2026-09-30,2026-10-01
2026-09-30 08:18:28,SPX,7656.111425015009,,7317.5,7315,0,AVG,0,-14,,,7315,-14,,,7315,AVG-0,0,-14,,,7315,-14,,,7315,0,0,0,,,7315,0,,,7315,1,0,0,,,7315,0,,,7315,0,0,0,0,2026-09-30,2026-10-01
2026-09-30 08:18:28,SPX,7656.111425015009,,7312.5,7310,0,AVG,-2.1006599999999995,-6403,,,N/N,-6365,,,N/N,AVG-0,-2.1006599999999995,-6403,,,N/N,-6365,,,N/N,0,0,0,,,7310,0,,,7310,1,-1.5310199999999998,0,,,7310,0,,,7310,0,0,0,0,2026-09-30,2026-10-01
2026-09-30 08:18:28,SPX,7656.111425015009,,7307.5,7305,0,AVG,-0.13186,-18,,,N/N,-8,,,N/N,AVG-0,-0.12456,-18,,,N/N,-8,,,N/N,0,-0.0072999999999999,0,,,7305,0,,,7305,1,0,0,,,7305,0,,,7305,0,0,0,0,2026-09-30,2026-10-01
2026-09-30 08:18:28,SPX,7656.111425015009,,7302.5,7300,0,AVG,-2.90687,-11802,,,N/N,-11613,,,N/N,AVG-0,-2.88338,-11802,,,N/N,-11613,,,N/N,0,-0.0234899999999999,0,,,7300,0,,,7300,1,-0.0177,0,,,7300,0,,,7300,0,0,0,0,2026-09-30,2026-10-01
2026-09-30 08:18:28,SPX,7656.111425015009,,7297.5,7295,0,AVG,-0.0008,-13,,,N/N,-13,,,N/N,AVG-0,0,-13,,,7295,-13,,,7295,0,-0.0008,0,,,7295,0,,,7295,1,0,0,,,7295,0,,,7295,0,0,0,0,2026-09-30,2026-10-01
2026-09-30 08:18:28,SPX,7656.111425015009,,7292.5,7290,0,AVG,-1.0652,-4554,,,N/N,-4489,,,N/N,AVG-0,-1.06046,-4554,,,N/N,-4489,,,N/N,0,-0.00474,0,,,7290,0,,,7290,1,-0.0577,0,,,7290,0,,,7290,0,0,0,0,2026-09-30,2026-10-01
2026-09-30 08:18:28,SPX,7656.111425015009,,7287.5,7285,0,AVG,-0.0195,-5,,,N/N,-5,,,N/N,AVG-0,0,-5,,,7285,-5,,,7285,0,-0.0195,0,,,7285,0,,,7285,1,0,0,,,7285,0,,,7285,0,0,0,0,2026-09-30,2026-10-01
2026-09-30 08:18:28,SPX,7656.111425015009,,7282.5,7280,0,AVG,-0.32189,-807,,,N/N,-787,,,N/N,AVG-0,-0.31881,-807,,,N/N,-787,,,N/N,0,-0.00308,0,,,7280,0,,,7280,1,0,0,,,7280,0,,,7280,0,0,0,0,2026-09-30,2026-10-01
2026-09-30 08:18:28,SPX,7656.111425015009,,7277.5,7275,0,AVG,-0.11159,-5247,,,N/N,-5245,,,N/N,AVG-0,-0.11159,-5247,,,N/N,-5245,,,N/N,0,0,0,,,7275,0,,,7275,1,-0.07252,0,,,7275,0,,,7275,0,0,0,0,2026-09-30,2026-10-01
2026-09-30 08:18:28,SPX,7656.111425015009,,7272.5,7270,0,AVG,-0.02919,-914,,,N/N,-912,,,N/N,AVG-0,-0.02919,-914,,,N/N,-912,,,N/N,0,0,0,,,7270,0,,,7270,1,-0.00513,0,,,7270,0,,,7270,0,0,0,0,2026-09-30,2026-10-01
2026-09-30 08:18:28,SPX,7656.111425015009,,7267.5,7265,0,AVG,0,-12,,,7265,-12,,,7265,AVG-0,0,-12,,,7265,-12,,,7265,0,0,0,,,7265,0,,,7265,1,0,0,,,7265,0,,,7265,0,0,0,0,2026-09-30,2026-10-01
2026-09-30 08:18:28,SPX,7656.111425015009,,7262.5,7260,0,AVG,-0.00074,-1084,,,N/N,-1084,,,N/N,AVG-0,0,-1084,,,7260,-1084,,,7260,0,-0.00074,0,,,7260,0,,,7260,1,0,0,,,7260,0,,,7260,0,0,0,0,2026-09-30,2026-10-01
2026-09-30 08:18:28,SPX,7656.111425015009,,7257.5,7255,0,AVG,0,-3,,,7255,-3,,,7255,AVG-0,0,-3,,,7255,-3,,,7255,0,0,0,,,7255,0,,,7255,1,0,0,,,7255,0,,,7255,0,0,0,0,2026-09-30,2026-10-01
2026-09-30 08:18:28,SPX,7656.111425015009,,7252.5,7250,0,AVG,-0.13873,-3805,,,N/N,-3799,,,N/N,AVG-0,-0.138,-3805,,,N/N,-3799,,,N/N,0,-0.00073,0,,,7250,0,,,7250,1,0,0,,,7250,0,,,7250,0,0,0,0,2026-09-30,2026-10-01
2026-09-30 08:18:28,SPX,7656.111425015009,,7247.5,7245,0,AVG,-0.00144,-2,,,N/N,-2,,,N/N,AVG-0,0,-2,,,7245,-2,,,7245,0,-0.00144,0,,,7245,0,,,7245,1,0,0,,,7245,0,,,7245,0,0,0,0,2026-09-30,2026-10-01
2026-09-30 08:18:28,SPX,7656.111425015009,,7242.5,7240,0,AVG,-1.32884,-1339,,,N/N,-1284,,,N/N,AVG-0,-1.32884,-1339,,,N/N,-1284,,,N/N,0,0,0,,,7240,0,,,7240,1,-0.05316,0,,,7240,0,,,7240,0,0,0,0,2026-09-30,2026-10-01
2026-09-30 08:18:28,SPX,7656.111425015009,,7237.5,7235,0,AVG,-0.0063,-3,,,N/N,-3,,,N/N,AVG-0,0,-3,,,7235,-3,,,7235,0,-0.0063,0,,,7235,0,,,7235,1,0,0,,,7235,0,,,7235,0,0,0,0,2026-09-30,2026-10-01
2026-09-30 08:18:28,SPX,7656.111425015009,,7232.5,7230,0,AVG,-0.0007,-243,,,N/N,-243,,,N/N,AVG-0,0,-243,,,7230,-243,,,7230,0,-0.0007,0,,,7230,0,,,7230,1,0,0,,,7230,0,,,7230,0,0,0,0,2026-09-30,2026-10-01
2026-09-30 08:18:28,SPX,7656.111425015009,,7227.5,7225,0,AVG,0,-2427,,,7225,-2427,,,7225,AVG-0,0,-2427,,,7225,-2427,,,7225,0,0,0,,,7225,0,,,7225,1,0,0,,,7225,0,,,7225,0,0,0,0,2026-09-30,2026-10-01
2026-09-30 08:18:28,SPX,7656.111425015009,,7222.5,7220,0,AVG,-0.0902,-424,,,N/N,-424,,,N/N,AVG-0,-0.07728,-424,,,N/N,-424,,,N/N,0,-0.01292,0,,,7220,0,,,7220,1,0,0,,,7220,0,,,7220,0,0,0,0,2026-09-30,2026-10-01
2026-09-30 08:18:28,SPX,7656.111425015009,,7217.5,7215,0,AVG,-0.00204,0,,,7215,0,,,7215,AVG-0,0,0,,,7215,0,,,7215,0,-0.00204,0,,,7215,0,,,7215,1,0,0,,,7215,0,,,7215,0,0,0,0,2026-09-30,2026-10-01
2026-09-30 08:18:28,SPX,7656.111425015009,,7212.5,7210,0,AVG,-0.01005,-164,,,N/N,-164,,,N/N,AVG-0,0,-164,,,7210,-164,,,7210,0,-0.01005,0,,,7210,0,,,7210,1,0,0,,,7210,0,,,7210,0,0,0,0,2026-09-30,2026-10-01
2026-09-30 08:18:28,SPX,7656.111425015009,,7207.5,7205,0,AVG,0,0,,,7205,0,,,7205,AVG-0,0,0,,,7205,0,,,7205,0,0,0,,,7205,0,,,7205,1,0,0,,,7205,0,,,7205,0,0,0,0,2026-09-30,2026-10-01
2026-09-30 08:18:28,SPX,7656.111425015009,,7202.5,7200,0,AVG,-0.4188,-8460,,,N/N,-8441,,,N/N,AVG-0,-0.41814,-8460,,,N/N,-8441,,,N/N,0,-0.00066,0,,,7200,0,,,7200,1,0,0,,,7200,0,,,7200,0,0,0,0,2026-09-30,2026-10-01
2026-09-30 08:18:28,SPX,7656.111425015009,,7197.5,7195,0,AVG,0,0,,,7195,0,,,7195,AVG-0,0,0,,,7195,0,,,7195,0,0,0,,,7195,0,,,7195,1,0,0,,,7195,0,,,7195,0,0,0,0,2026-09-30,2026-10-01
2026-09-30 08:18:28,SPX,7656.111425015009,,7192.5,7190,0,AVG,0,-124,,,7190,-124,,,7190,AVG-0,0,-124,,,7190,-124,,,7190,0,0,0,,,7190,0,,,7190,1,0,0,,,7190,0,,,7190,0,0,0,0,2026-09-30,2026-10-01
2026-09-30 08:18:28,SPX,7656.111425015009,,7187.5,7185,0,AVG,0,0,,,7185,0,,,7185,AVG-0,0,0,,,7185,0,,,7185,0,0,0,,,7185,0,,,7185,1,0,0,,,7185,0,,,7185,0,0,0,0,2026-09-30,2026-10-01
2026-09-30 08:18:28,SPX,7656.111425015009,,7182.5,7180,0,AVG,-0.00756,130,,,7180,130,,,7180,AVG-0,0,130,,,7180,130,,,7180,0,-0.00756,0,,,7180,0,,,7180,1,0,0,,,7180,0,,,7180,0,0,0,0,2026-09-30,2026-10-01
2026-09-30 08:18:28,SPX,7656.111425015009,,7177.5,7175,0,AVG,0,-786,,,7175,-786,,,7175,AVG-0,0,-786,,,7175,-786,,,7175,0,0,0,,,7175,0,,,7175,1,0,0,,,7175,0,,,7175,0,0,0,0,2026-09-30,2026-10-01
2026-09-30 08:18:28,SPX,7656.111425015009,,7172.5,7170,0,AVG,0,-30,,,7170,-30,,,7170,AVG-0,0,-30,,,7170,-30,,,7170,0,0,0,,,7170,0,,,7170,1,0,0,,,7170,0,,,7170,0,0,0,0,2026-09-30,2026-10-01
2026-09-30 08:18:28,SPX,7656.111425015009,,7167.5,7165,0,AVG,0,0,,,7165,0,,,7165,AVG-0,0,0,,,7165,0,,,7165,0,0,0,,,7165,0,,,7165,1,0,0,,,7165,0,,,7165,0,0,0,0,2026-09-30,2026-10-01
2026-09-30 08:18:28,SPX,7656.111425015009,,7162.5,7160,0,AVG,0,-12,,,7160,-12,,,7160,AVG-0,0,-12,,,7160,-12,,,7160,0,0,0,,,7160,0,,,7160,1,0,0,,,7160,0,,,7160,0,0,0,0,2026-09-30,2026-10-01
2026-09-30 08:18:28,SPX,7656.111425015009,,7157.5,7155,0,AVG,0,0,,,7155,0,,,7155,AVG-0,0,0,,,7155,0,,,7155,0,0,0,,,7155,0,,,7155,1,0,0,,,7155,0,,,7155,0,0,0,0,2026-09-30,2026-10-01
2026-09-30 08:18:28,SPX,7656.111425015009,,7152.5,7150,0,AVG,-0.39975,-873,,,N/N,-865,,,N/N,AVG-0,-0.39795,-873,,,N/N,-865,,,N/N,0,-0.0018,0,,,7150,0,,,7150,1,-0.06233,0,,,7150,0,,,7150,0,0,0,0,2026-09-30,2026-10-01
2026-09-30 08:18:28,SPX,7656.111425015009,,7147.5,7145,0,AVG,0,0,,,7145,0,,,7145,AVG-0,0,0,,,7145,0,,,7145,0,0,0,,,7145,0,,,7145,1,0,0,,,7145,0,,,7145,0,0,0,0,2026-09-30,2026-10-01
2026-09-30 08:18:28,SPX,7656.111425015009,,7142.5,7140,0,AVG,-0.0094,-14,,,N/N,-14,,,N/N,AVG-0,-0.0094,-14,,,N/N,-14,,,N/N,0,0,0,,,7140,0,,,7140,1,0,0,,,7140,0,,,7140,0,0,0,0,2026-09-30,2026-10-01
2026-09-30 08:18:28,SPX,7656.111425015009,,7137.5,7135,0,AVG,0,0,,,7135,0,,,7135,AVG-0,0,0,,,7135,0,,,7135,0,0,0,,,7135,0,,,7135,1,0,0,,,7135,0,,,7135,0,0,0,0,2026-09-30,2026-10-01
2026-09-30 08:18:28,SPX,7656.111425015009,,7132.5,7130,0,AVG,-0.00463,-64,,,N/N,-64,,,N/N,AVG-0,-0.00463,-64,,,N/N,-64,,,N/N,0,0,0,,,7130,0,,,7130,1,0,0,,,7130,0,,,7130,0,0,0,0,2026-09-30,2026-10-01
2026-09-30 08:18:28,SPX,7656.111425015009,,7127.5,7125,0,AVG,-0.01764,-389,,,N/N,-389,,,N/N,AVG-0,-0.01764,-389,,,N/N,-389,,,N/N,0,0,0,,,7125,0,,,7125,1,-0.0130499999999999,0,,,7125,0,,,7125,0,0,0,0,2026-09-30,2026-10-01
2026-09-30 08:18:28,SPX,7656.111425015009,,7122.5,7120,0,AVG,0,-6,,,7120,-6,,,7120,AVG-0,0,-6,,,7120,-6,,,7120,0,0,0,,,7120,0,,,7120,1,0,0,,,7120,0,,,7120,0,0,0,0,2026-09-30,2026-10-01
2026-09-30 08:18:28,SPX,7656.111425015009,,7117.5,7115,0,AVG,0,0,,,7115,0,,,7115,AVG-0,0,0,,,7115,0,,,7115,0,0,0,,,7115,0,,,7115,1,0,0,,,7115,0,,,7115,0,0,0,0,2026-09-30,2026-10-01
2026-09-30 08:18:28,SPX,7656.111425015009,,7112.5,7110,0,AVG,-0.00255,-8,,,N/N,-8,,,N/N,AVG-0,-0.00255,-8,,,N/N,-8,,,N/N,0,0,0,,,7110,0,,,7110,1,-0.00255,0,,,7110,0,,,7110,0,0,0,0,2026-09-30,2026-10-01
2026-09-30 08:18:28,SPX,7656.111425015009,,7107.5,7105,0,AVG,0,0,,,7105,0,,,7105,AVG-0,0,0,,,7105,0,,,7105,0,0,0,,,7105,0,,,7105,1,0,0,,,7105,0,,,7105,0,0,0,0,2026-09-30,2026-10-01
2026-09-30 08:18:28,SPX,7656.111425015009,,7102.5,7100,0,AVG,-0.1157699999999999,-1624,,,N/N,-1624,,,N/N,AVG-0,-0.01777,-1624,,,N/N,-1624,,,N/N,0,-0.0979999999999999,0,,,7100,0,,,7100,1,0,0,,,7100,0,,,7100,0,0,0,0,2026-09-30,2026-10-01
2026-09-30 08:18:28,SPX,7656.111425015009,,7097.5,7095,0,AVG,0,0,,,7095,0,,,7095,AVG-0,0,0,,,7095,0,,,7095,0,0,0,,,7095,0,,,7095,1,0,0,,,7095,0,,,7095,0,0,0,0,2026-09-30,2026-10-01
2026-09-30 08:18:28,SPX,7656.111425015009,,7092.5,7090,0,AVG,0,-231,,,7090,-231,,,7090,AVG-0,0,-231,,,7090,-231,,,7090,0,0,0,,,7090,0,,,7090,1,0,0,,,7090,0,,,7090,0,0,0,0,2026-09-30,2026-10-01
2026-09-30 08:18:28,SPX,7656.111425015009,,7087.5,7085,0,AVG,0,0,,,7085,0,,,7085,AVG-0,0,0,,,7085,0,,,7085,0,0,0,,,7085,0,,,7085,1,0,0,,,7085,0,,,7085,0,0,0,0,2026-09-30,2026-10-01
2026-09-30 08:18:28,SPX,7656.111425015009,,7082.5,7080,0,AVG,0,-2,,,7080,-2,,,7080,AVG-0,0,-2,,,7080,-2,,,7080,0,0,0,,,7080,0,,,7080,1,0,0,,,7080,0,,,7080,0,0,0,0,2026-09-30,2026-10-01
2026-09-30 08:18:28,SPX,7656.111425015009,,7077.5,7075,0,AVG,0,-270,,,7075,-270,,,7075,AVG-0,0,-270,,,7075,-270,,,7075,0,0,0,,,7075,0,,,7075,1,0,0,,,7075,0,,,7075,0,0,0,0,2026-09-30,2026-10-01
2026-09-30 08:18:28,SPX,7656.111425015009,,7072.5,7070,0,AVG,0,-1,,,7070,-1,,,7070,AVG-0,0,-1,,,7070,-1,,,7070,0,0,0,,,7070,0,,,7070,1,0,0,,,7070,0,,,7070,0,0,0,0,2026-09-30,2026-10-01
2026-09-30 08:18:28,SPX,7656.111425015009,,7067.5,7065,0,AVG,0,0,,,7065,0,,,7065,AVG-0,0,0,,,7065,0,,,7065,0,0,0,,,7065,0,,,7065,1,0,0,,,7065,0,,,7065,0,0,0,0,2026-09-30,2026-10-01
2026-09-30 08:18:28,SPX,7656.111425015009,,7062.5,7060,0,AVG,0,4,,,7060,4,,,7060,AVG-0,0,4,,,7060,4,,,7060,0,0,0,,,7060,0,,,7060,1,0,0,,,7060,0,,,7060,0,0,0,0,2026-09-30,2026-10-01
2026-09-30 08:18:28,SPX,7656.111425015009,,7057.5,7055,0,AVG,0,0,,,7055,0,,,7055,AVG-0,0,0,,,7055,0,,,7055,0,0,0,,,7055,0,,,7055,1,0,0,,,7055,0,,,7055,0,0,0,0,2026-09-30,2026-10-01
2026-09-30 08:18:28,SPX,7656.111425015009,,7052.5,7050,0,AVG,0,-221,,,7050,-221,,,7050,AVG-0,0,-221,,,7050,-221,,,7050,0,0,0,,,7050,0,,,7050,1,0,0,,,7050,0,,,7050,0,0,0,0,2026-09-30,2026-10-01
2026-09-30 08:18:28,SPX,7656.111425015009,,7047.5,7045,0,AVG,0,0,,,7045,0,,,7045,AVG-0,0,0,,,7045,0,,,7045,0,0,0,,,7045,0,,,7045,1,0,0,,,7045,0,,,7045,0,0,0,0,2026-09-30,2026-10-01
2026-09-30 08:18:28,SPX,7656.111425015009,,7042.5,7040,0,AVG,0,-1,,,7040,-1,,,7040,AVG-0,0,-1,,,7040,-1,,,7040,0,0,0,,,7040,0,,,7040,1,0,0,,,7040,0,,,7040,0,0,0,0,2026-09-30,2026-10-01
2026-09-30 08:18:28,SPX,7656.111425015009,,7037.5,7035,0,AVG,0,0,,,7035,0,,,7035,AVG-0,0,0,,,7035,0,,,7035,0,0,0,,,7035,0,,,7035,1,0,0,,,7035,0,,,7035,0,0,0,0,2026-09-30,2026-10-01
2026-09-30 08:18:28,SPX,7656.111425015009,,7032.5,7030,0,AVG,0,9,,,7030,9,,,7030,AVG-0,0,9,,,7030,9,,,7030,0,0,0,,,7030,0,,,7030,1,0,0,,,7030,0,,,7030,0,0,0,0,2026-09-30,2026-10-01
2026-09-30 08:18:28,SPX,7656.111425015009,,7027.5,7025,0,AVG,0,-64,,,7025,-64,,,7025,AVG-0,0,-64,,,7025,-64,,,7025,0,0,0,,,7025,0,,,7025,1,0,0,,,7025,0,,,7025,0,0,0,0,2026-09-30,2026-10-01
2026-09-30 08:18:28,SPX,7656.111425015009,,7022.5,7020,0,AVG,0,0,,,7020,0,,,7020,AVG-0,0,0,,,7020,0,,,7020,0,0,0,,,7020,0,,,7020,1,0,0,,,7020,0,,,7020,0,0,0,0,2026-09-30,2026-10-01
2026-09-30 08:18:28,SPX,7656.111425015009,,7017.5,7015,0,AVG,0,0,,,7015,0,,,7015,AVG-0,0,0,,,7015,0,,,7015,0,0,0,,,7015,0,,,7015,1,0,0,,,7015,0,,,7015,0,0,0,0,2026-09-30,2026-10-01
2026-09-30 08:18:28,SPX,7656.111425015009,,7012.5,7010,0,AVG,0,0,,,7010,0,,,7010,AVG-0,0,0,,,7010,0,,,7010,0,0,0,,,7010,0,,,7010,1,0,0,,,7010,0,,,7010,0,0,0,0,2026-09-30,2026-10-01
2026-09-30 08:18:28,SPX,7656.111425015009,,7007.5,7005,0,AVG,0,0,,,7005,0,,,7005,AVG-0,0,0,,,7005,0,,,7005,0,0,0,,,7005,0,,,7005,1,0,0,,,7005,0,,,7005,0,0,0,0,2026-09-30,2026-10-01
2026-09-30 08:18:28,SPX,7656.111425015009,,7002.5,7000,0,AVG,-0.03238,-644,,,N/N,-644,,,N/N,AVG-0,-0.03238,-644,,,N/N,-644,,,N/N,0,0,0,,,7000,0,,,7000,1,-0.0078,0,,,7000,0,,,7000,0,0,0,0,2026-09-30,2026-10-01
2026-09-30 08:18:28,SPX,7656.111425015009,,6997.5,6995,0,AVG,0,0,,,6995,0,,,6995,AVG-0,0,0,,,6995,0,,,6995,0,0,0,,,6995,0,,,6995,1,0,0,,,6995,0,,,6995,0,0,0,0,2026-09-30,2026-10-01
2026-09-30 08:18:28,SPX,7656.111425015009,,6992.5,6990,0,AVG,0,0,,,6990,0,,,6990,AVG-0,0,0,,,6990,0,,,6990,0,0,0,,,6990,0,,,6990,1,0,0,,,6990,0,,,6990,0,0,0,0,2026-09-30,2026-10-01
2026-09-30 08:18:28,SPX,7656.111425015009,,6987.5,6985,0,AVG,0,0,,,6985,0,,,6985,AVG-0,0,0,,,6985,0,,,6985,0,0,0,,,6985,0,,,6985,1,0,0,,,6985,0,,,6985,0,0,0,0,2026-09-30,2026-10-01
2026-09-30 08:18:28,SPX,7656.111425015009,,6982.5,6980,0,AVG,0,0,,,6980,0,,,6980,AVG-0,0,0,,,6980,0,,,6980,0,0,0,,,6980,0,,,6980,1,0,0,,,6980,0,,,6980,0,0,0,0,2026-09-30,2026-10-01
2026-09-30 08:18:28,SPX,7656.111425015009,,6977.5,6975,0,AVG,-0.01963,-14,,,N/N,-14,,,N/N,AVG-0,-0.01963,-14,,,N/N,-14,,,N/N,0,0,0,,,6975,0,,,6975,1,-0.01963,0,,,6975,0,,,6975,0,0,0,0,2026-09-30,2026-10-01
2026-09-30 08:18:28,SPX,7656.111425015009,,6972.5,6970,0,AVG,0,0,,,6970,0,,,6970,AVG-0,0,0,,,6970,0,,,6970,0,0,0,,,6970,0,,,6970,1,0,0,,,6970,0,,,6970,0,0,0,0,2026-09-30,2026-10-01
2026-09-30 08:18:28,SPX,7656.111425015009,,6967.5,6965,0,AVG,0,0,,,6965,0,,,6965,AVG-0,0,0,,,6965,0,,,6965,0,0,0,,,6965,0,,,6965,1,0,0,,,6965,0,,,6965,0,0,0,0,2026-09-30,2026-10-01
2026-09-30 08:18:28,SPX,7656.111425015009,,6962.5,6960,0,AVG,0,-1,,,6960,-1,,,6960,AVG-0,0,-1,,,6960,-1,,,6960,0,0,0,,,6960,0,,,6960,1,0,0,,,6960,0,,,6960,0,0,0,0,2026-09-30,2026-10-01
2026-09-30 08:18:28,SPX,7656.111425015009,,6957.5,6955,0,AVG,0,0,,,6955,0,,,6955,AVG-0,0,0,,,6955,0,,,6955,0,0,0,,,6955,0,,,6955,1,0,0,,,6955,0,,,6955,0,0,0,0,2026-09-30,2026-10-01
2026-09-30 08:18:28,SPX,7656.111425015009,,6952.5,6950,0,AVG,-0.5933900000000001,-50,,,N/N,-46,,,N/N,AVG-0,-0.5933900000000001,-50,,,N/N,-46,,,N/N,0,0,0,,,6950,0,,,6950,1,0,0,,,6950,0,,,6950,0,0,0,0,2026-09-30,2026-10-01
2026-09-30 08:18:28,SPX,7656.111425015009,,6947.5,6945,0,AVG,0,0,,,6945,0,,,6945,AVG-0,0,0,,,6945,0,,,6945,0,0,0,,,6945,0,,,6945,1,0,0,,,6945,0,,,6945,0,0,0,0,2026-09-30,2026-10-01
2026-09-30 08:18:28,SPX,7656.111425015009,,6942.5,6940,0,AVG,0,0,,,6940,0,,,6940,AVG-0,0,0,,,6940,0,,,6940,0,0,0,,,6940,0,,,6940,1,0,0,,,6940,0,,,6940,0,0,0,0,2026-09-30,2026-10-01
2026-09-30 08:18:28,SPX,7656.111425015009,,6937.5,6935,0,AVG,0,0,,,6935,0,,,6935,AVG-0,0,0,,,6935,0,,,6935,0,0,0,,,6935,0,,,6935,1,0,0,,,6935,0,,,6935,0,0,0,0,2026-09-30,2026-10-01
2026-09-30 08:18:28,SPX,7656.111425015009,,6932.5,6930,0,AVG,0,0,,,6930,0,,,6930,AVG-0,0,0,,,6930,0,,,6930,0,0,0,,,6930,0,,,6930,1,0,0,,,6930,0,,,6930,0,0,0,0,2026-09-30,2026-10-01
2026-09-30 08:18:28,SPX,7656.111425015009,,6927.5,6925,0,AVG,-0.00111,-17,,,N/N,-17,,,N/N,AVG-0,-0.00111,-17,,,N/N,-17,,,N/N,0,0,0,,,6925,0,,,6925,1,-0.00111,0,,,6925,0,,,6925,0,0,0,0,2026-09-30,2026-10-01
2026-09-30 08:18:28,SPX,7656.111425015009,,6922.5,6920,0,AVG,0,0,,,6920,0,,,6920,AVG-0,0,0,,,6920,0,,,6920,0,0,0,,,6920,0,,,6920,1,0,0,,,6920,0,,,6920,0,0,0,0,2026-09-30,2026-10-01
2026-09-30 08:18:28,SPX,7656.111425015009,,6917.5,6915,0,AVG,0,0,,,6915,0,,,6915,AVG-0,0,0,,,6915,0,,,6915,0,0,0,,,6915,0,,,6915,1,0,0,,,6915,0,,,6915,0,0,0,0,2026-09-30,2026-10-01
2026-09-30 08:18:28,SPX,7656.111425015009,,6912.5,6910,0,AVG,0,0,,,6910,0,,,6910,AVG-0,0,0,,,6910,0,,,6910,0,0,0,,,6910,0,,,6910,1,0,0,,,6910,0,,,6910,0,0,0,0,2026-09-30,2026-10-01
2026-09-30 08:18:28,SPX,7656.111425015009,,6907.5,6905,0,AVG,0,0,,,6905,0,,,6905,AVG-0,0,0,,,6905,0,,,6905,0,0,0,,,6905,0,,,6905,1,0,0,,,6905,0,,,6905,0,0,0,0,2026-09-30,2026-10-01
2026-09-30 08:18:28,SPX,7656.111425015009,,6902.5,6900,0,AVG,-0.00293,-11,,,N/N,-11,,,N/N,AVG-0,-0.00293,-11,,,N/N,-11,,,N/N,0,0,0,,,6900,0,,,6900,1,0,0,,,6900,0,,,6900,0,0,0,0,2026-09-30,2026-10-01
2026-09-30 08:18:28,SPX,7656.111425015009,,6897.5,6895,0,AVG,0,0,,,6895,0,,,6895,AVG-0,0,0,,,6895,0,,,6895,0,0,0,,,6895,0,,,6895,1,0,0,,,6895,0,,,6895,0,0,0,0,2026-09-30,2026-10-01
2026-09-30 08:18:28,SPX,7656.111425015009,,6892.5,6890,0,AVG,0,0,,,6890,0,,,6890,AVG-0,0,0,,,6890,0,,,6890,0,0,0,,,6890,0,,,6890,1,0,0,,,6890,0,,,6890,0,0,0,0,2026-09-30,2026-10-01
2026-09-30 08:18:28,SPX,7656.111425015009,,6887.5,6885,0,AVG,0,0,,,6885,0,,,6885,AVG-0,0,0,,,6885,0,,,6885,0,0,0,,,6885,0,,,6885,1,0,0,,,6885,0,,,6885,0,0,0,0,2026-09-30,2026-10-01
2026-09-30 08:18:28,SPX,7656.111425015009,,6882.5,6880,0,AVG,0,0,,,6880,0,,,6880,AVG-0,0,0,,,6880,0,,,6880,0,0,0,,,6880,0,,,6880,1,0,0,,,6880,0,,,6880,0,0,0,0,2026-09-30,2026-10-01
2026-09-30 08:18:28,SPX,7656.111425015009,,6877.5,6875,0,AVG,0,-5,,,6875,-5,,,6875,AVG-0,0,-5,,,6875,-5,,,6875,0,0,0,,,6875,0,,,6875,1,0,0,,,6875,0,,,6875,0,0,0,0,2026-09-30,2026-10-01
2026-09-30 08:18:28,SPX,7656.111425015009,,6872.5,6870,0,AVG,0,0,,,6870,0,,,6870,AVG-0,0,0,,,6870,0,,,6870,0,0,0,,,6870,0,,,6870,1,0,0,,,6870,0,,,6870,0,0,0,0,2026-09-30,2026-10-01
2026-09-30 08:18:28,SPX,7656.111425015009,,6867.5,6865,0,AVG,0,0,,,6865,0,,,6865,AVG-0,0,0,,,6865,0,,,6865,0,0,0,,,6865,0,,,6865,1,0,0,,,6865,0,,,6865,0,0,0,0,2026-09-30,2026-10-01
2026-09-30 08:18:28,SPX,7656.111425015009,,6862.5,6860,0,AVG,0,0,,,6860,0,,,6860,AVG-0,0,0,,,6860,0,,,6860,0,0,0,,,6860,0,,,6860,1,0,0,,,6860,0,,,6860,0,0,0,0,2026-09-30,2026-10-01
2026-09-30 08:18:28,SPX,7656.111425015009,,6857.5,6855,0,AVG,0,0,,,6855,0,,,6855,AVG-0,0,0,,,6855,0,,,6855,0,0,0,,,6855,0,,,6855,1,0,0,,,6855,0,,,6855,0,0,0,0,2026-09-30,2026-10-01
2026-09-30 08:18:28,SPX,7656.111425015009,,6852.5,6850,0,AVG,0,-7,,,6850,-7,,,6850,AVG-0,0,-7,,,6850,-7,,,6850,0,0,0,,,6850,0,,,6850,1,0,0,,,6850,0,,,6850,0,0,0,0,2026-09-30,2026-10-01
2026-09-30 08:18:28,SPX,7656.111425015009,,6847.5,6845,0,AVG,0,0,,,6845,0,,,6845,AVG-0,0,0,,,6845,0,,,6845,0,0,0,,,6845,0,,,6845,1,0,0,,,6845,0,,,6845,0,0,0,0,2026-09-30,2026-10-01
2026-09-30 08:18:28,SPX,7656.111425015009,,6842.5,6840,0,AVG,0,0,,,6840,0,,,6840,AVG-0,0,0,,,6840,0,,,6840,0,0,0,,,6840,0,,,6840,1,0,0,,,6840,0,,,6840,0,0,0,0,2026-09-30,2026-10-01
2026-09-30 08:18:28,SPX,7656.111425015009,,6837.5,6835,0,AVG,0,0,,,6835,0,,,6835,AVG-0,0,0,,,6835,0,,,6835,0,0,0,,,6835,0,,,6835,1,0,0,,,6835,0,,,6835,0,0,0,0,2026-09-30,2026-10-01
2026-09-30 08:18:28,SPX,7656.111425015009,,6832.5,6830,0,AVG,0,0,,,6830,0,,,6830,AVG-0,0,0,,,6830,0,,,6830,0,0,0,,,6830,0,,,6830,1,0,0,,,6830,0,,,6830,0,0,0,0,2026-09-30,2026-10-01
2026-09-30 08:18:28,SPX,7656.111425015009,,6827.5,6825,0,AVG,0,-11,,,6825,-11,,,6825,AVG-0,0,-11,,,6825,-11,,,6825,0,0,0,,,6825,0,,,6825,1,0,0,,,6825,0,,,6825,0,0,0,0,2026-09-30,2026-10-01
2026-09-30 08:18:28,SPX,7656.111425015009,,6822.5,6820,0,AVG,0,0,,,6820,0,,,6820,AVG-0,0,0,,,6820,0,,,6820,0,0,0,,,6820,0,,,6820,1,0,0,,,6820,0,,,6820,0,0,0,0,2026-09-30,2026-10-01
2026-09-30 08:18:28,SPX,7656.111425015009,,6817.5,6815,0,AVG,0,0,,,6815,0,,,6815,AVG-0,0,0,,,6815,0,,,6815,0,0,0,,,6815,0,,,6815,1,0,0,,,6815,0,,,6815,0,0,0,0,2026-09-30,2026-10-01
2026-09-30 08:18:28,SPX,7656.111425015009,,6812.5,6810,0,AVG,0,0,,,6810,0,,,6810,AVG-0,0,0,,,6810,0,,,6810,0,0,0,,,6810,0,,,6810,1,0,0,,,6810,0,,,6810,0,0,0,0,2026-09-30,2026-10-01
2026-09-30 08:18:28,SPX,7656.111425015009,,6807.5,6805,0,AVG,0,0,,,6805,0,,,6805,AVG-0,0,0,,,6805,0,,,6805,0,0,0,,,6805,0,,,6805,1,0,0,,,6805,0,,,6805,0,0,0,0,2026-09-30,2026-10-01
2026-09-30 08:18:28,SPX,7656.111425015009,,6802.5,6800,0,AVG,-0.03519,-11,,,N/N,-11,,,N/N,AVG-0,-0.03519,-11,,,N/N,-11,,,N/N,0,0,0,,,6800,0,,,6800,1,-0.03519,0,,,6800,0,,,6800,0,0,0,0,2026-09-30,2026-10-01
2026-09-30 08:18:28,SPX,7656.111425015009,,6797.5,6795,0,AVG,0,0,,,6795,0,,,6795,AVG-0,0,0,,,6795,0,,,6795,0,0,0,,,6795,0,,,6795,1,0,0,,,6795,0,,,6795,0,0,0,0,2026-09-30,2026-10-01
2026-09-30 08:18:28,SPX,7656.111425015009,,6792.5,6790,0,AVG,0,0,,,6790,0,,,6790,AVG-0,0,0,,,6790,0,,,6790,0,0,0,,,6790,0,,,6790,1,0,0,,,6790,0,,,6790,0,0,0,0,2026-09-30,2026-10-01
2026-09-30 08:18:28,SPX,7656.111425015009,,6787.5,6785,0,AVG,0,0,,,6785,0,,,6785,AVG-0,0,0,,,6785,0,,,6785,0,0,0,,,6785,0,,,6785,1,0,0,,,6785,0,,,6785,0,0,0,0,2026-09-30,2026-10-01
2026-09-30 08:18:28,SPX,7656.111425015009,,6782.5,6780,0,AVG,0,0,,,6780,0,,,6780,AVG-0,0,0,,,6780,0,,,6780,0,0,0,,,6780,0,,,6780,1,0,0,,,6780,0,,,6780,0,0,0,0,2026-09-30,2026-10-01
2026-09-30 08:18:28,SPX,7656.111425015009,,6777.5,6775,0,AVG,0,-3,,,6775,-3,,,6775,AVG-0,0,-3,,,6775,-3,,,6775,0,0,0,,,6775,0,,,6775,1,0,0,,,6775,0,,,6775,0,0,0,0,2026-09-30,2026-10-01
2026-09-30 08:18:28,SPX,7656.111425015009,,6772.5,6770,0,AVG,0,0,,,6770,0,,,6770,AVG-0,0,0,,,6770,0,,,6770,0,0,0,,,6770,0,,,6770,1,0,0,,,6770,0,,,6770,0,0,0,0,2026-09-30,2026-10-01
2026-09-30 08:18:28,SPX,7656.111425015009,,6767.5,6765,0,AVG,0,0,,,6765,0,,,6765,AVG-0,0,0,,,6765,0,,,6765,0,0,0,,,6765,0,,,6765,1,0,0,,,6765,0,,,6765,0,0,0,0,2026-09-30,2026-10-01
2026-09-30 08:18:28,SPX,7656.111425015009,,6762.5,6760,0,AVG,0,0,,,6760,0,,,6760,AVG-0,0,0,,,6760,0,,,6760,0,0,0,,,6760,0,,,6760,1,0,0,,,6760,0,,,6760,0,0,0,0,2026-09-30,2026-10-01
2026-09-30 08:18:28,SPX,7656.111425015009,,6757.5,6755,0,AVG,0,0,,,6755,0,,,6755,AVG-0,0,0,,,6755,0,,,6755,0,0,0,,,6755,0,,,6755,1,0,0,,,6755,0,,,6755,0,0,0,0,2026-09-30,2026-10-01
2026-09-30 08:18:28,SPX,7656.111425015009,,6752.5,6750,0,AVG,-0.01406,-1,,,N/N,-1,,,N/N,AVG-0,-0.01406,-1,,,N/N,-1,,,N/N,0,0,0,,,6750,0,,,6750,1,0,0,,,6750,0,,,6750,0,0,0,0,2026-09-30,2026-10-01
2026-09-30 08:18:28,SPX,7656.111425015009,,6747.5,6745,0,AVG,0,0,,,6745,0,,,6745,AVG-0,0,0,,,6745,0,,,6745,0,0,0,,,6745,0,,,6745,1,0,0,,,6745,0,,,6745,0,0,0,0,2026-09-30,2026-10-01
2026-09-30 08:18:28,SPX,7656.111425015009,,6742.5,6740,0,AVG,0,0,,,6740,0,,,6740,AVG-0,0,0,,,6740,0,,,6740,0,0,0,,,6740,0,,,6740,1,0,0,,,6740,0,,,6740,0,0,0,0,2026-09-30,2026-10-01
2026-09-30 08:18:28,SPX,7656.111425015009,,6737.5,6735,0,AVG,0,0,,,6735,0,,,6735,AVG-0,0,0,,,6735,0,,,6735,0,0,0,,,6735,0,,,6735,1,0,0,,,6735,0,,,6735,0,0,0,0,2026-09-30,2026-10-01
2026-09-30 08:18:28,SPX,7656.111425015009,,6732.5,6730,0,AVG,0,0,,,6730,0,,,6730,AVG-0,0,0,,,6730,0,,,6730,0,0,0,,,6730,0,,,6730,1,0,0,,,6730,0,,,6730,0,0,0,0,2026-09-30,2026-10-01
2026-09-30 08:18:28,SPX,7656.111425015009,,6727.5,6725,0,AVG,-0.0975999999999999,0,,,6725,0,,,6725,AVG-0,-0.0975999999999999,0,,,6725,0,,,6725,0,0,0,,,6725,0,,,6725,1,0,0,,,6725,0,,,6725,0,0,0,0,2026-09-30,2026-10-01
2026-09-30 08:18:28,SPX,7656.111425015009,,6722.5,6720,0,AVG,0,0,,,6720,0,,,6720,AVG-0,0,0,,,6720,0,,,6720,0,0,0,,,6720,0,,,6720,1,0,0,,,6720,0,,,6720,0,0,0,0,2026-09-30,2026-10-01
2026-09-30 08:18:28,SPX,7656.111425015009,,6717.5,6715,0,AVG,0,0,,,6715,0,,,6715,AVG-0,0,0,,,6715,0,,,6715,0,0,0,,,6715,0,,,6715,1,0,0,,,6715,0,,,6715,0,0,0,0,2026-09-30,2026-10-01
2026-09-30 08:18:28,SPX,7656.111425015009,,6712.5,6710,0,AVG,0,0,,,6710,0,,,6710,AVG-0,0,0,,,6710,0,,,6710,0,0,0,,,6710,0,,,6710,1,0,0,,,6710,0,,,6710,0,0,0,0,2026-09-30,2026-10-01
2026-09-30 08:18:28,SPX,7656.111425015009,,6707.5,6705,0,AVG,0,0,,,6705,0,,,6705,AVG-0,0,0,,,6705,0,,,6705,0,0,0,,,6705,0,,,6705,1,0,0,,,6705,0,,,6705,0,0,0,0,2026-09-30,2026-10-01
2026-09-30 08:18:28,SPX,7656.111425015009,,6702.5,6700,0,AVG,0.98059,0,,,6700,0,,,6700,AVG-0,-0.01907,0,,,6700,0,,,6700,0,0.99966,0,,,6700,0,,,6700,1,0,0,,,6700,0,,,6700,0,0,0,0,2026-09-30,2026-10-01
2026-09-30 08:18:28,SPX,7656.111425015009,,6697.5,6695,0,AVG,-0.00068,0,,,6695,0,,,6695,AVG-0,0,0,,,6695,0,,,6695,0,-0.00068,0,,,6695,0,,,6695,1,0,0,,,6695,0,,,6695,0,0,0,0,2026-09-30,2026-10-01
2026-09-30 08:18:28,SPX,7656.111425015009,,6692.5,6690,0,AVG,0,0,,,6690,0,,,6690,AVG-0,0,0,,,6690,0,,,6690,0,0,0,,,6690,0,,,6690,1,0,0,,,6690,0,,,6690,0,0,0,0,2026-09-30,2026-10-01
2026-09-30 08:18:28,SPX,7656.111425015009,,6687.5,6685,0,AVG,0,0,,,6685,0,,,6685,AVG-0,0,0,,,6685,0,,,6685,0,0,0,,,6685,0,,,6685,1,0,0,,,6685,0,,,6685,0,0,0,0,2026-09-30,2026-10-01
2026-09-30 08:18:28,SPX,7656.111425015009,,6682.5,6680,0,AVG,0,0,,,6680,0,,,6680,AVG-0,0,0,,,6680,0,,,6680,0,0,0,,,6680,0,,,6680,1,0,0,,,6680,0,,,6680,0,0,0,0,2026-09-30,2026-10-01
2026-09-30 08:18:28,SPX,7656.111425015009,,6677.5,6675,0,AVG,-0.089,0,,,6675,0,,,6675,AVG-0,-0.089,0,,,6675,0,,,6675,0,0,0,,,6675,0,,,6675,1,0,0,,,6675,0,,,6675,0,0,0,0,2026-09-30,2026-10-01
2026-09-30 08:18:28,SPX,7656.111425015009,,6672.5,6670,0,AVG,0,0,,,6670,0,,,6670,AVG-0,0,0,,,6670,0,,,6670,0,0,0,,,6670,0,,,6670,1,0,0,,,6670,0,,,6670,0,0,0,0,2026-09-30,2026-10-01
2026-09-30 08:18:28,SPX,7656.111425015009,,6667.5,6665,0,AVG,0,0,,,6665,0,,,6665,AVG-0,0,0,,,6665,0,,,6665,0,0,0,,,6665,0,,,6665,1,0,0,,,6665,0,,,6665,0,0,0,0,2026-09-30,2026-10-01
2026-09-30 08:18:28,SPX,7656.111425015009,,6662.5,6660,0,AVG,0,0,,,6660,0,,,6660,AVG-0,0,0,,,6660,0,,,6660,0,0,0,,,6660,0,,,6660,1,0,0,,,6660,0,,,6660,0,0,0,0,2026-09-30,2026-10-01
2026-09-30 08:18:28,SPX,7656.111425015009,,6657.5,6655,0,AVG,0,0,,,6655,0,,,6655,AVG-0,0,0,,,6655,0,,,6655,0,0,0,,,6655,0,,,6655,1,0,0,,,6655,0,,,6655,0,0,0,0,2026-09-30,2026-10-01
2026-09-30 08:18:28,SPX,7656.111425015009,,6652.5,6650,0,AVG,0,0,,,6650,0,,,6650,AVG-0,0,0,,,6650,0,,,6650,0,0,0,,,6650,0,,,6650,1,0,0,,,6650,0,,,6650,0,0,0,0,2026-09-30,2026-10-01
2026-09-30 08:18:28,SPX,7656.111425015009,,6647.5,6645,0,AVG,0,0,,,6645,0,,,6645,AVG-0,0,0,,,6645,0,,,6645,0,0,0,,,6645,0,,,6645,1,0,0,,,6645,0,,,6645,0,0,0,0,2026-09-30,2026-10-01
2026-09-30 08:18:28,SPX,7656.111425015009,,6642.5,6640,0,AVG,0,0,,,6640,0,,,6640,AVG-0,0,0,,,6640,0,,,6640,0,0,0,,,6640,0,,,6640,1,0,0,,,6640,0,,,6640,0,0,0,0,2026-09-30,2026-10-01
2026-09-30 08:18:28,SPX,7656.111425015009,,6637.5,6635,0,AVG,0,0,,,6635,0,,,6635,AVG-0,0,0,,,6635,0,,,6635,0,0,0,,,6635,0,,,6635,1,0,0,,,6635,0,,,6635,0,0,0,0,2026-09-30,2026-10-01
2026-09-30 08:18:28,SPX,7656.111425015009,,6632.5,6630,0,AVG,0,0,,,6630,0,,,6630,AVG-0,0,0,,,6630,0,,,6630,0,0,0,,,6630,0,,,6630,1,0,0,,,6630,0,,,6630,0,0,0,0,2026-09-30,2026-10-01
2026-09-30 08:18:28,SPX,7656.111425015009,,6627.5,6625,0,AVG,-0.07498,0,,,6625,0,,,6625,AVG-0,-0.07498,0,,,6625,0,,,6625,0,0,0,,,6625,0,,,6625,1,-0.00058,0,,,6625,0,,,6625,0,0,0,0,2026-09-30,2026-10-01
2026-09-30 08:18:28,SPX,7656.111425015009,,6622.5,6620,0,AVG,0,0,,,6620,0,,,6620,AVG-0,0,0,,,6620,0,,,6620,0,0,0,,,6620,0,,,6620,1,0,0,,,6620,0,,,6620,0,0,0,0,2026-09-30,2026-10-01
2026-09-30 08:18:28,SPX,7656.111425015009,,6617.5,6615,0,AVG,0,0,,,6615,0,,,6615,AVG-0,0,0,,,6615,0,,,6615,0,0,0,,,6615,0,,,6615,1,0,0,,,6615,0,,,6615,0,0,0,0,2026-09-30,2026-10-01
2026-09-30 08:18:28,SPX,7656.111425015009,,6612.5,6610,0,AVG,0,0,,,6610,0,,,6610,AVG-0,0,0,,,6610,0,,,6610,0,0,0,,,6610,0,,,6610,1,0,0,,,6610,0,,,6610,0,0,0,0,2026-09-30,2026-10-01
2026-09-30 08:18:28,SPX,7656.111425015009,,6607.5,6605,0,AVG,0,0,,,6605,0,,,6605,AVG-0,0,0,,,6605,0,,,6605,0,0,0,,,6605,0,,,6605,1,0,0,,,6605,0,,,6605,0,0,0,0,2026-09-30,2026-10-01
2026-09-30 08:18:28,SPX,7656.111425015009,,6602.5,6600,0,AVG,-0.07812,0,,,6600,0,,,6600,AVG-0,-0.07812,0,,,6600,0,,,6600,0,0,0,,,6600,0,,,6600,1,-0.00342,0,,,6600,0,,,6600,0,0,0,0,2026-09-30,2026-10-01
2026-09-30 08:18:28,SPX,7656.111425015009,,6597.5,6595,0,AVG,0,0,,,6595,0,,,6595,AVG-0,0,0,,,6595,0,,,6595,0,0,0,,,6595,0,,,6595,1,0,0,,,6595,0,,,6595,0,0,0,0,2026-09-30,2026-10-01
2026-09-30 08:18:28,SPX,7656.111425015009,,6592.5,6590,0,AVG,0,0,,,6590,0,,,6590,AVG-0,0,0,,,6590,0,,,6590,0,0,0,,,6590,0,,,6590,1,0,0,,,6590,0,,,6590,0,0,0,0,2026-09-30,2026-10-01
2026-09-30 08:18:28,SPX,7656.111425015009,,6587.5,6585,0,AVG,0,0,,,6585,0,,,6585,AVG-0,0,0,,,6585,0,,,6585,0,0,0,,,6585,0,,,6585,1,0,0,,,6585,0,,,6585,0,0,0,0,2026-09-30,2026-10-01
2026-09-30 08:18:28,SPX,7656.111425015009,,6582.5,6580,0,AVG,0,0,,,6580,0,,,6580,AVG-0,0,0,,,6580,0,,,6580,0,0,0,,,6580,0,,,6580,1,0,0,,,6580,0,,,6580,0,0,0,0,2026-09-30,2026-10-01
2026-09-30 08:18:28,SPX,7656.111425015009,,6577.5,6575,0,AVG,0,0,,,6575,0,,,6575,AVG-0,0,0,,,6575,0,,,6575,0,0,0,,,6575,0,,,6575,1,0,0,,,6575,0,,,6575,0,0,0,0,2026-09-30,2026-10-01
2026-09-30 08:18:28,SPX,7656.111425015009,,6572.5,6570,0,AVG,0,0,,,6570,0,,,6570,AVG-0,0,0,,,6570,0,,,6570,0,0,0,,,6570,0,,,6570,1,0,0,,,6570,0,,,6570,0,0,0,0,2026-09-30,2026-10-01
2026-09-30 08:18:28,SPX,7656.111425015009,,6567.5,6565,0,AVG,0,0,,,6565,0,,,6565,AVG-0,0,0,,,6565,0,,,6565,0,0,0,,,6565,0,,,6565,1,0,0,,,6565,0,,,6565,0,0,0,0,2026-09-30,2026-10-01
2026-09-30 08:18:28,SPX,7656.111425015009,,6562.5,6560,0,AVG,0,0,,,6560,0,,,6560,AVG-0,0,0,,,6560,0,,,6560,0,0,0,,,6560,0,,,6560,1,0,0,,,6560,0,,,6560,0,0,0,0,2026-09-30,2026-10-01
2026-09-30 08:18:28,SPX,7656.111425015009,,6557.5,6555,0,AVG,0,0,,,6555,0,,,6555,AVG-0,0,0,,,6555,0,,,6555,0,0,0,,,6555,0,,,6555,1,0,0,,,6555,0,,,6555,0,0,0,0,2026-09-30,2026-10-01
2026-09-30 08:18:28,SPX,7656.111425015009,,6552.5,6550,0,AVG,0,0,,,6550,0,,,6550,AVG-0,0,0,,,6550,0,,,6550,0,0,0,,,6550,0,,,6550,1,0,0,,,6550,0,,,6550,0,0,0,0,2026-09-30,2026-10-01
2026-09-30 08:18:28,SPX,7656.111425015009,,6547.5,6545,0,AVG,0,0,,,6545,0,,,6545,AVG-0,0,0,,,6545,0,,,6545,0,0,0,,,6545,0,,,6545,1,0,0,,,6545,0,,,6545,0,0,0,0,2026-09-30,2026-10-01
2026-09-30 08:18:28,SPX,7656.111425015009,,6542.5,6540,0,AVG,0,0,,,6540,0,,,6540,AVG-0,0,0,,,6540,0,,,6540,0,0,0,,,6540,0,,,6540,1,0,0,,,6540,0,,,6540,0,0,0,0,2026-09-30,2026-10-01
2026-09-30 08:18:28,SPX,7656.111425015009,,6537.5,6535,0,AVG,0,0,,,6535,0,,,6535,AVG-0,0,0,,,6535,0,,,6535,0,0,0,,,6535,0,,,6535,1,0,0,,,6535,0,,,6535,0,0,0,0,2026-09-30,2026-10-01
2026-09-30 08:18:28,SPX,7656.111425015009,,6532.5,6530,0,AVG,0,0,,,6530,0,,,6530,AVG-0,0,0,,,6530,0,,,6530,0,0,0,,,6530,0,,,6530,1,0,0,,,6530,0,,,6530,0,0,0,0,2026-09-30,2026-10-01
2026-09-30 08:18:28,SPX,7656.111425015009,,6527.5,6525,0,AVG,0,0,,,6525,0,,,6525,AVG-0,0,0,,,6525,0,,,6525,0,0,0,,,6525,0,,,6525,1,0,0,,,6525,0,,,6525,0,0,0,0,2026-09-30,2026-10-01
2026-09-30 08:18:28,SPX,7656.111425015009,,6522.5,6520,0,AVG,0,0,,,6520,0,,,6520,AVG-0,0,0,,,6520,0,,,6520,0,0,0,,,6520,0,,,6520,1,0,0,,,6520,0,,,6520,0,0,0,0,2026-09-30,2026-10-01
2026-09-30 08:18:28,SPX,7656.111425015009,,6517.5,6515,0,AVG,0,0,,,6515,0,,,6515,AVG-0,0,0,,,6515,0,,,6515,0,0,0,,,6515,0,,,6515,1,0,0,,,6515,0,,,6515,0,0,0,0,2026-09-30,2026-10-01
2026-09-30 08:18:28,SPX,7656.111425015009,,6512.5,6510,0,AVG,0,0,,,6510,0,,,6510,AVG-0,0,0,,,6510,0,,,6510,0,0,0,,,6510,0,,,6510,1,0,0,,,6510,0,,,6510,0,0,0,0,2026-09-30,2026-10-01
2026-09-30 08:18:28,SPX,7656.111425015009,,6507.5,6505,0,AVG,0,0,,,6505,0,,,6505,AVG-0,0,0,,,6505,0,,,6505,0,0,0,,,6505,0,,,6505,1,0,0,,,6505,0,,,6505,0,0,0,0,2026-09-30,2026-10-01
2026-09-30 08:18:28,SPX,7656.111425015009,,6502.5,6500,0,AVG,-0.01204,0,,,6500,0,,,6500,AVG-0,-0.01204,0,,,6500,0,,,6500,0,0,0,,,6500,0,,,6500,1,0,0,,,6500,0,,,6500,0,0,0,0,2026-09-30,2026-10-01
2026-09-30 08:18:28,SPX,7656.111425015009,,6497.5,6495,0,AVG,0,0,,,6495,0,,,6495,AVG-0,0,0,,,6495,0,,,6495,0,0,0,,,6495,0,,,6495,1,0,0,,,6495,0,,,6495,0,0,0,0,2026-09-30,2026-10-01
2026-09-30 08:18:28,SPX,7656.111425015009,,6492.5,6490,0,AVG,0,0,,,6490,0,,,6490,AVG-0,0,0,,,6490,0,,,6490,0,0,0,,,6490,0,,,6490,1,0,0,,,6490,0,,,6490,0,0,0,0,2026-09-30,2026-10-01
2026-09-30 08:18:28,SPX,7656.111425015009,,6487.5,6485,0,AVG,0,0,,,6485,0,,,6485,AVG-0,0,0,,,6485,0,,,6485,0,0,0,,,6485,0,,,6485,1,0,0,,,6485,0,,,6485,0,0,0,0,2026-09-30,2026-10-01
2026-09-30 08:18:28,SPX,7656.111425015009,,6482.5,6480,0,AVG,0,0,,,6480,0,,,6480,AVG-0,0,0,,,6480,0,,,6480,0,0,0,,,6480,0,,,6480,1,0,0,,,6480,0,,,6480,0,0,0,0,2026-09-30,2026-10-01
2026-09-30 08:18:28,SPX,7656.111425015009,,6477.5,6475,0,AVG,0,0,,,6475,0,,,6475,AVG-0,0,0,,,6475,0,,,6475,0,0,0,,,6475,0,,,6475,1,0,0,,,6475,0,,,6475,0,0,0,0,2026-09-30,2026-10-01
2026-09-30 08:18:28,SPX,7656.111425015009,,6472.5,6470,0,AVG,0,0,,,6470,0,,,6470,AVG-0,0,0,,,6470,0,,,6470,0,0,0,,,6470,0,,,6470,1,0,0,,,6470,0,,,6470,0,0,0,0,2026-09-30,2026-10-01
2026-09-30 08:18:28,SPX,7656.111425015009,,6467.5,6465,0,AVG,0,0,,,6465,0,,,6465,AVG-0,0,0,,,6465,0,,,6465,0,0,0,,,6465,0,,,6465,1,0,0,,,6465,0,,,6465,0,0,0,0,2026-09-30,2026-10-01
2026-09-30 08:18:28,SPX,7656.111425015009,,6462.5,6460,0,AVG,0,0,,,6460,0,,,6460,AVG-0,0,0,,,6460,0,,,6460,0,0,0,,,6460,0,,,6460,1,0,0,,,6460,0,,,6460,0,0,0,0,2026-09-30,2026-10-01
2026-09-30 08:18:28,SPX,7656.111425015009,,6457.5,6455,0,AVG,0,0,,,6455,0,,,6455,AVG-0,0,0,,,6455,0,,,6455,0,0,0,,,6455,0,,,6455,1,0,0,,,6455,0,,,6455,0,0,0,0,2026-09-30,2026-10-01
2026-09-30 08:18:28,SPX,7656.111425015009,,6452.5,6450,0,AVG,0,0,,,6450,0,,,6450,AVG-0,0,0,,,6450,0,,,6450,0,0,0,,,6450,0,,,6450,1,0,0,,,6450,0,,,6450,0,0,0,0,2026-09-30,2026-10-01
2026-09-30 08:18:28,SPX,7656.111425015009,,6447.5,6445,0,AVG,0,0,,,6445,0,,,6445,AVG-0,0,0,,,6445,0,,,6445,0,0,0,,,6445,0,,,6445,1,0,0,,,6445,0,,,6445,0,0,0,0,2026-09-30,2026-10-01
2026-09-30 08:18:28,SPX,7656.111425015009,,6442.5,6440,0,AVG,0,0,,,6440,0,,,6440,AVG-0,0,0,,,6440,0,,,6440,0,0,0,,,6440,0,,,6440,1,0,0,,,6440,0,,,6440,0,0,0,0,2026-09-30,2026-10-01
2026-09-30 08:18:28,SPX,7656.111425015009,,6437.5,6435,0,AVG,0,0,,,6435,0,,,6435,AVG-0,0,0,,,6435,0,,,6435,0,0,0,,,6435,0,,,6435,1,0,0,,,6435,0,,,6435,0,0,0,0,2026-09-30,2026-10-01
2026-09-30 08:18:28,SPX,7656.111425015009,,6432.5,6430,0,AVG,0,0,,,6430,0,,,6430,AVG-0,0,0,,,6430,0,,,6430,0,0,0,,,6430,0,,,6430,1,0,0,,,6430,0,,,6430,0,0,0,0,2026-09-30,2026-10-01
2026-09-30 08:18:28,SPX,7656.111425015009,,6427.5,6425,0,AVG,0,0,,,6425,0,,,6425,AVG-0,0,0,,,6425,0,,,6425,0,0,0,,,6425,0,,,6425,1,0,0,,,6425,0,,,6425,0,0,0,0,2026-09-30,2026-10-01
2026-09-30 08:18:28,SPX,7656.111425015009,,6422.5,6420,0,AVG,0,0,,,6420,0,,,6420,AVG-0,0,0,,,6420,0,,,6420,0,0,0,,,6420,0,,,6420,1,0,0,,,6420,0,,,6420,0,0,0,0,2026-09-30,2026-10-01
2026-09-30 08:18:28,SPX,7656.111425015009,,6417.5,6415,0,AVG,0,0,,,6415,0,,,6415,AVG-0,0,0,,,6415,0,,,6415,0,0,0,,,6415,0,,,6415,1,0,0,,,6415,0,,,6415,0,0,0,0,2026-09-30,2026-10-01
2026-09-30 08:18:28,SPX,7656.111425015009,,6412.5,6410,0,AVG,0,0,,,6410,0,,,6410,AVG-0,0,0,,,6410,0,,,6410,0,0,0,,,6410,0,,,6410,1,0,0,,,6410,0,,,6410,0,0,0,0,2026-09-30,2026-10-01
2026-09-30 08:18:28,SPX,7656.111425015009,,6407.5,6405,0,AVG,0,0,,,6405,0,,,6405,AVG-0,0,0,,,6405,0,,,6405,0,0,0,,,6405,0,,,6405,1,0,0,,,6405,0,,,6405,0,0,0,0,2026-09-30,2026-10-01
2026-09-30 08:18:28,SPX,7656.111425015009,,6402.5,6400,0,AVG,-0.00435,0,,,6400,0,,,6400,AVG-0,-0.00435,0,,,6400,0,,,6400,0,0,0,,,6400,0,,,6400,1,0,0,,,6400,0,,,6400,0,0,0,0,2026-09-30,2026-10-01
2026-09-30 08:18:28,SPX,7656.111425015009,,6397.5,6395,0,AVG,0,0,,,6395,0,,,6395,AVG-0,0,0,,,6395,0,,,6395,0,0,0,,,6395,0,,,6395,1,0,0,,,6395,0,,,6395,0,0,0,0,2026-09-30,2026-10-01
2026-09-30 08:18:28,SPX,7656.111425015009,,6392.5,6390,0,AVG,0,0,,,6390,0,,,6390,AVG-0,0,0,,,6390,0,,,6390,0,0,0,,,6390,0,,,6390,1,0,0,,,6390,0,,,6390,0,0,0,0,2026-09-30,2026-10-01
2026-09-30 08:18:28,SPX,7656.111425015009,,6387.5,6385,0,AVG,0,0,,,6385,0,,,6385,AVG-0,0,0,,,6385,0,,,6385,0,0,0,,,6385,0,,,6385,1,0,0,,,6385,0,,,6385,0,0,0,0,2026-09-30,2026-10-01
2026-09-30 08:18:28,SPX,7656.111425015009,,6382.5,6380,0,AVG,0,0,,,6380,0,,,6380,AVG-0,0,0,,,6380,0,,,6380,0,0,0,,,6380,0,,,6380,1,0,0,,,6380,0,,,6380,0,0,0,0,2026-09-30,2026-10-01
2026-09-30 08:18:28,SPX,7656.111425015009,,6377.5,6375,0,AVG,0,0,,,6375,0,,,6375,AVG-0,0,0,,,6375,0,,,6375,0,0,0,,,6375,0,,,6375,1,0,0,,,6375,0,,,6375,0,0,0,0,2026-09-30,2026-10-01
2026-09-30 08:18:28,SPX,7656.111425015009,,6372.5,6370,0,AVG,0,0,,,6370,0,,,6370,AVG-0,0,0,,,6370,0,,,6370,0,0,0,,,6370,0,,,6370,1,0,0,,,6370,0,,,6370,0,0,0,0,2026-09-30,2026-10-01
2026-09-30 08:18:28,SPX,7656.111425015009,,6367.5,6365,0,AVG,0,0,,,6365,0,,,6365,AVG-0,0,0,,,6365,0,,,6365,0,0,0,,,6365,0,,,6365,1,0,0,,,6365,0,,,6365,0,0,0,0,2026-09-30,2026-10-01
2026-09-30 08:18:28,SPX,7656.111425015009,,6362.5,6360,0,AVG,0,0,,,6360,0,,,6360,AVG-0,0,0,,,6360,0,,,6360,0,0,0,,,6360,0,,,6360,1,0,0,,,6360,0,,,6360,0,0,0,0,2026-09-30,2026-10-01
2026-09-30 08:18:28,SPX,7656.111425015009,,6357.5,6355,0,AVG,0,0,,,6355,0,,,6355,AVG-0,0,0,,,6355,0,,,6355,0,0,0,,,6355,0,,,6355,1,0,0,,,6355,0,,,6355,0,0,0,0,2026-09-30,2026-10-01
2026-09-30 08:18:28,SPX,7656.111425015009,,6352.5,6350,0,AVG,0,0,,,6350,0,,,6350,AVG-0,0,0,,,6350,0,,,6350,0,0,0,,,6350,0,,,6350,1,0,0,,,6350,0,,,6350,0,0,0,0,2026-09-30,2026-10-01
2026-09-30 08:18:28,SPX,7656.111425015009,,6347.5,6345,0,AVG,0,0,,,6345,0,,,6345,AVG-0,0,0,,,6345,0,,,6345,0,0,0,,,6345,0,,,6345,1,0,0,,,6345,0,,,6345,0,0,0,0,2026-09-30,2026-10-01
2026-09-30 08:18:28,SPX,7656.111425015009,,6342.5,6340,0,AVG,0,0,,,6340,0,,,6340,AVG-0,0,0,,,6340,0,,,6340,0,0,0,,,6340,0,,,6340,1,0,0,,,6340,0,,,6340,0,0,0,0,2026-09-30,2026-10-01
2026-09-30 08:18:28,SPX,7656.111425015009,,6337.5,6335,0,AVG,0,0,,,6335,0,,,6335,AVG-0,0,0,,,6335,0,,,6335,0,0,0,,,6335,0,,,6335,1,0,0,,,6335,0,,,6335,0,0,0,0,2026-09-30,2026-10-01
2026-09-30 08:18:28,SPX,7656.111425015009,,6332.5,6330,0,AVG,0,0,,,6330,0,,,6330,AVG-0,0,0,,,6330,0,,,6330,0,0,0,,,6330,0,,,6330,1,0,0,,,6330,0,,,6330,0,0,0,0,2026-09-30,2026-10-01
2026-09-30 08:18:28,SPX,7656.111425015009,,6327.5,6325,0,AVG,0,0,,,6325,0,,,6325,AVG-0,0,0,,,6325,0,,,6325,0,0,0,,,6325,0,,,6325,1,0,0,,,6325,0,,,6325,0,0,0,0,2026-09-30,2026-10-01
2026-09-30 08:18:28,SPX,7656.111425015009,,6322.5,6320,0,AVG,0,0,,,6320,0,,,6320,AVG-0,0,0,,,6320,0,,,6320,0,0,0,,,6320,0,,,6320,1,0,0,,,6320,0,,,6320,0,0,0,0,2026-09-30,2026-10-01
2026-09-30 08:18:28,SPX,7656.111425015009,,6317.5,6315,0,AVG,0,0,,,6315,0,,,6315,AVG-0,0,0,,,6315,0,,,6315,0,0,0,,,6315,0,,,6315,1,0,0,,,6315,0,,,6315,0,0,0,0,2026-09-30,2026-10-01
2026-09-30 08:18:28,SPX,7656.111425015009,,6312.5,6310,0,AVG,0,0,,,6310,0,,,6310,AVG-0,0,0,,,6310,0,,,6310,0,0,0,,,6310,0,,,6310,1,0,0,,,6310,0,,,6310,0,0,0,0,2026-09-30,2026-10-01
2026-09-30 08:18:28,SPX,7656.111425015009,,6307.5,6305,0,AVG,0,0,,,6305,0,,,6305,AVG-0,0,0,,,6305,0,,,6305,0,0,0,,,6305,0,,,6305,1,0,0,,,6305,0,,,6305,0,0,0,0,2026-09-30,2026-10-01
2026-09-30 08:18:28,SPX,7656.111425015009,,6302.5,6300,0,AVG,-0.01455,0,,,6300,0,,,6300,AVG-0,-0.01455,0,,,6300,0,,,6300,0,0,0,,,6300,0,,,6300,1,0,0,,,6300,0,,,6300,0,0,0,0,2026-09-30,2026-10-01
2026-09-30 08:18:28,SPX,7656.111425015009,,6295,6290,0,AVG,0,0,,,6290,0,,,6290,AVG-0,0,0,,,6290,0,,,6290,0,0,0,,,6290,0,,,6290,1,0,0,,,6290,0,,,6290,0,0,0,0,2026-09-30,2026-10-01
2026-09-30 08:18:28,SPX,7656.111425015009,,6285,6280,0,AVG,0,0,,,6280,0,,,6280,AVG-0,0,0,,,6280,0,,,6280,0,0,0,,,6280,0,,,6280,1,0,0,,,6280,0,,,6280,0,0,0,0,2026-09-30,2026-10-01
2026-09-30 08:18:28,SPX,7656.111425015009,,6277.5,6275,0,AVG,0,0,,,6275,0,,,6275,AVG-0,0,0,,,6275,0,,,6275,0,0,0,,,6275,0,,,6275,1,0,0,,,6275,0,,,6275,0,0,0,0,2026-09-30,2026-10-01
2026-09-30 08:18:28,SPX,7656.111425015009,,6272.5,6270,0,AVG,0,0,,,6270,0,,,6270,AVG-0,0,0,,,6270,0,,,6270,0,0,0,,,6270,0,,,6270,1,0,0,,,6270,0,,,6270,0,0,0,0,2026-09-30,2026-10-01
2026-09-30 08:18:28,SPX,7656.111425015009,,6265,6260,0,AVG,0,0,,,6260,0,,,6260,AVG-0,0,0,,,6260,0,,,6260,0,0,0,,,6260,0,,,6260,1,0,0,,,6260,0,,,6260,0,0,0,0,2026-09-30,2026-10-01
2026-09-30 08:18:28,SPX,7656.111425015009,,6255,6250,0,AVG,0,0,,,6250,0,,,6250,AVG-0,0,0,,,6250,0,,,6250,0,0,0,,,6250,0,,,6250,1,0,0,,,6250,0,,,6250,0,0,0,0,2026-09-30,2026-10-01
2026-09-30 08:18:28,SPX,7656.111425015009,,6245,6240,0,AVG,0,0,,,6240,0,,,6240,AVG-0,0,0,,,6240,0,,,6240,0,0,0,,,6240,0,,,6240,1,0,0,,,6240,0,,,6240,0,0,0,0,2026-09-30,2026-10-01
2026-09-30 08:18:28,SPX,7656.111425015009,,6235,6230,0,AVG,0,0,,,6230,0,,,6230,AVG-0,0,0,,,6230,0,,,6230,0,0,0,,,6230,0,,,6230,1,0,0,,,6230,0,,,6230,0,0,0,0,2026-09-30,2026-10-01
2026-09-30 08:18:28,SPX,7656.111425015009,,6227.5,6225,0,AVG,-0.00258,0,,,6225,0,,,6225,AVG-0,-0.00258,0,,,6225,0,,,6225,0,0,0,,,6225,0,,,6225,1,0,0,,,6225,0,,,6225,0,0,0,0,2026-09-30,2026-10-01
2026-09-30 08:18:28,SPX,7656.111425015009,,6222.5,6220,0,AVG,0,0,,,6220,0,,,6220,AVG-0,0,0,,,6220,0,,,6220,0,0,0,,,6220,0,,,6220,1,0,0,,,6220,0,,,6220,0,0,0,0,2026-09-30,2026-10-01
2026-09-30 08:18:28,SPX,7656.111425015009,,6215,6210,0,AVG,0,0,,,6210,0,,,6210,AVG-0,0,0,,,6210,0,,,6210,0,0,0,,,6210,0,,,6210,1,0,0,,,6210,0,,,6210,0,0,0,0,2026-09-30,2026-10-01
2026-09-30 08:18:28,SPX,7656.111425015009,,6205,6200,0,AVG,0,0,,,6200,0,,,6200,AVG-0,0,0,,,6200,0,,,6200,0,0,0,,,6200,0,,,6200,1,0,0,,,6200,0,,,6200,0,0,0,0,2026-09-30,2026-10-01
2026-09-30 08:18:28,SPX,7656.111425015009,,6195,6190,0,AVG,0,0,,,6190,0,,,6190,AVG-0,0,0,,,6190,0,,,6190,0,0,0,,,6190,0,,,6190,1,0,0,,,6190,0,,,6190,0,0,0,0,2026-09-30,2026-10-01
2026-09-30 08:18:28,SPX,7656.111425015009,,6185,6180,0,AVG,0,0,,,6180,0,,,6180,AVG-0,0,0,,,6180,0,,,6180,0,0,0,,,6180,0,,,6180,1,0,0,,,6180,0,,,6180,0,0,0,0,2026-09-30,2026-10-01
2026-09-30 08:18:28,SPX,7656.111425015009,,6177.5,6175,0,AVG,0,0,,,6175,0,,,6175,AVG-0,0,0,,,6175,0,,,6175,0,0,0,,,6175,0,,,6175,1,0,0,,,6175,0,,,6175,0,0,0,0,2026-09-30,2026-10-01
2026-09-30 08:18:28,SPX,7656.111425015009,,6172.5,6170,0,AVG,0,0,,,6170,0,,,6170,AVG-0,0,0,,,6170,0,,,6170,0,0,0,,,6170,0,,,6170,1,0,0,,,6170,0,,,6170,0,0,0,0,2026-09-30,2026-10-01
2026-09-30 08:18:28,SPX,7656.111425015009,,6165,6160,0,AVG,0,0,,,6160,0,,,6160,AVG-0,0,0,,,6160,0,,,6160,0,0,0,,,6160,0,,,6160,1,0,0,,,6160,0,,,6160,0,0,0,0,2026-09-30,2026-10-01
2026-09-30 08:18:28,SPX,7656.111425015009,,6155,6150,0,AVG,0,0,,,6150,0,,,6150,AVG-0,0,0,,,6150,0,,,6150,0,0,0,,,6150,0,,,6150,1,0,0,,,6150,0,,,6150,0,0,0,0,2026-09-30,2026-10-01
2026-09-30 08:18:28,SPX,7656.111425015009,,6145,6140,0,AVG,0,0,,,6140,0,,,6140,AVG-0,0,0,,,6140,0,,,6140,0,0,0,,,6140,0,,,6140,1,0,0,,,6140,0,,,6140,0,0,0,0,2026-09-30,2026-10-01
2026-09-30 08:18:28,SPX,7656.111425015009,,6135,6130,0,AVG,0,0,,,6130,0,,,6130,AVG-0,0,0,,,6130,0,,,6130,0,0,0,,,6130,0,,,6130,1,0,0,,,6130,0,,,6130,0,0,0,0,2026-09-30,2026-10-01
2026-09-30 08:18:28,SPX,7656.111425015009,,6127.5,6125,0,AVG,0,0,,,6125,0,,,6125,AVG-0,0,0,,,6125,0,,,6125,0,0,0,,,6125,0,,,6125,1,0,0,,,6125,0,,,6125,0,0,0,0,2026-09-30,2026-10-01
2026-09-30 08:18:28,SPX,7656.111425015009,,6122.5,6120,0,AVG,0,0,,,6120,0,,,6120,AVG-0,0,0,,,6120,0,,,6120,0,0,0,,,6120,0,,,6120,1,0,0,,,6120,0,,,6120,0,0,0,0,2026-09-30,2026-10-01
2026-09-30 08:18:28,SPX,7656.111425015009,,6115,6110,0,AVG,0,0,,,6110,0,,,6110,AVG-0,0,0,,,6110,0,,,6110,0,0,0,,,6110,0,,,6110,1,0,0,,,6110,0,,,6110,0,0,0,0,2026-09-30,2026-10-01
2026-09-30 08:18:28,SPX,7656.111425015009,,6105,6100,0,AVG,0,0,,,6100,0,,,6100,AVG-0,0,0,,,6100,0,,,6100,0,0,0,,,6100,0,,,6100,1,0,0,,,6100,0,,,6100,0,0,0,0,2026-09-30,2026-10-01
2026-09-30 08:18:28,SPX,7656.111425015009,,6097.5,6095,0,AVG,0,0,,,6095,0,,,6095,AVG-0,0,0,,,6095,0,,,6095,0,0,0,,,6095,0,,,6095,1,0,0,,,6095,0,,,6095,0,0,0,0,2026-09-30,2026-10-01
2026-09-30 08:18:28,SPX,7656.111425015009,,6092.5,6090,0,AVG,0,0,,,6090,0,,,6090,AVG-0,0,0,,,6090,0,,,6090,0,0,0,,,6090,0,,,6090,1,0,0,,,6090,0,,,6090,0,0,0,0,2026-09-30,2026-10-01
2026-09-30 08:18:28,SPX,7656.111425015009,,6087.5,6085,0,AVG,0,0,,,6085,0,,,6085,AVG-0,0,0,,,6085,0,,,6085,0,0,0,,,6085,0,,,6085,1,0,0,,,6085,0,,,6085,0,0,0,0,2026-09-30,2026-10-01
2026-09-30 08:18:28,SPX,7656.111425015009,,6082.5,6080,0,AVG,0,0,,,6080,0,,,6080,AVG-0,0,0,,,6080,0,,,6080,0,0,0,,,6080,0,,,6080,1,0,0,,,6080,0,,,6080,0,0,0,0,2026-09-30,2026-10-01
2026-09-30 08:18:28,SPX,7656.111425015009,,6077.5,6075,0,AVG,0,0,,,6075,0,,,6075,AVG-0,0,0,,,6075,0,,,6075,0,0,0,,,6075,0,,,6075,1,0,0,,,6075,0,,,6075,0,0,0,0,2026-09-30,2026-10-01
2026-09-30 08:18:28,SPX,7656.111425015009,,6072.5,6070,0,AVG,0,0,,,6070,0,,,6070,AVG-0,0,0,,,6070,0,,,6070,0,0,0,,,6070,0,,,6070,1,0,0,,,6070,0,,,6070,0,0,0,0,2026-09-30,2026-10-01
2026-09-30 08:18:28,SPX,7656.111425015009,,6067.5,6065,0,AVG,0,0,,,6065,0,,,6065,AVG-0,0,0,,,6065,0,,,6065,0,0,0,,,6065,0,,,6065,1,0,0,,,6065,0,,,6065,0,0,0,0,2026-09-30,2026-10-01
2026-09-30 08:18:28,SPX,7656.111425015009,,6062.5,6060,0,AVG,0,0,,,6060,0,,,6060,AVG-0,0,0,,,6060,0,,,6060,0,0,0,,,6060,0,,,6060,1,0,0,,,6060,0,,,6060,0,0,0,0,2026-09-30,2026-10-01
2026-09-30 08:18:28,SPX,7656.111425015009,,6057.5,6055,0,AVG,0,0,,,6055,0,,,6055,AVG-0,0,0,,,6055,0,,,6055,0,0,0,,,6055,0,,,6055,1,0,0,,,6055,0,,,6055,0,0,0,0,2026-09-30,2026-10-01
2026-09-30 08:18:28,SPX,7656.111425015009,,6052.5,6050,0,AVG,0,0,,,6050,0,,,6050,AVG-0,0,0,,,6050,0,,,6050,0,0,0,,,6050,0,,,6050,1,0,0,,,6050,0,,,6050,0,0,0,0,2026-09-30,2026-10-01
2026-09-30 08:18:28,SPX,7656.111425015009,,6047.5,6045,0,AVG,0,0,,,6045,0,,,6045,AVG-0,0,0,,,6045,0,,,6045,0,0,0,,,6045,0,,,6045,1,0,0,,,6045,0,,,6045,0,0,0,0,2026-09-30,2026-10-01
2026-09-30 08:18:28,SPX,7656.111425015009,,6042.5,6040,0,AVG,0,0,,,6040,0,,,6040,AVG-0,0,0,,,6040,0,,,6040,0,0,0,,,6040,0,,,6040,1,0,0,,,6040,0,,,6040,0,0,0,0,2026-09-30,2026-10-01
2026-09-30 08:18:28,SPX,7656.111425015009,,6037.5,6035,0,AVG,0,0,,,6035,0,,,6035,AVG-0,0,0,,,6035,0,,,6035,0,0,0,,,6035,0,,,6035,1,0,0,,,6035,0,,,6035,0,0,0,0,2026-09-30,2026-10-01
2026-09-30 08:18:28,SPX,7656.111425015009,,6032.5,6030,0,AVG,0,0,,,6030,0,,,6030,AVG-0,0,0,,,6030,0,,,6030,0,0,0,,,6030,0,,,6030,1,0,0,,,6030,0,,,6030,0,0,0,0,2026-09-30,2026-10-01
2026-09-30 08:18:28,SPX,7656.111425015009,,6027.5,6025,0,AVG,0,0,,,6025,0,,,6025,AVG-0,0,0,,,6025,0,,,6025,0,0,0,,,6025,0,,,6025,1,0,0,,,6025,0,,,6025,0,0,0,0,2026-09-30,2026-10-01
2026-09-30 08:18:28,SPX,7656.111425015009,,6022.5,6020,0,AVG,0,0,,,6020,0,,,6020,AVG-0,0,0,,,6020,0,,,6020,0,0,0,,,6020,0,,,6020,1,0,0,,,6020,0,,,6020,0,0,0,0,2026-09-30,2026-10-01
2026-09-30 08:18:28,SPX,7656.111425015009,,6017.5,6015,0,AVG,0,0,,,6015,0,,,6015,AVG-0,0,0,,,6015,0,,,6015,0,0,0,,,6015,0,,,6015,1,0,0,,,6015,0,,,6015,0,0,0,0,2026-09-30,2026-10-01
2026-09-30 08:18:28,SPX,7656.111425015009,,6012.5,6010,0,AVG,0,0,,,6010,0,,,6010,AVG-0,0,0,,,6010,0,,,6010,0,0,0,,,6010,0,,,6010,1,0,0,,,6010,0,,,6010,0,0,0,0,2026-09-30,2026-10-01
2026-09-30 08:18:28,SPX,7656.111425015009,,6007.5,6005,0,AVG,0,0,,,6005,0,,,6005,AVG-0,0,0,,,6005,0,,,6005,0,0,0,,,6005,0,,,6005,1,0,0,,,6005,0,,,6005,0,0,0,0,2026-09-30,2026-10-01
2026-09-30 08:18:28,SPX,7656.111425015009,,6002.5,6000,0,AVG,-0.00557,0,,,6000,0,,,6000,AVG-0,-0.00557,0,,,6000,0,,,6000,0,0,0,,,6000,0,,,6000,1,0,0,,,6000,0,,,6000,0,0,0,0,2026-09-30,2026-10-01
2026-09-30 08:18:28,SPX,7656.111425015009,,5997.5,5995,0,AVG,0,0,,,5995,0,,,5995,AVG-0,0,0,,,5995,0,,,5995,0,0,0,,,5995,0,,,5995,1,0,0,,,5995,0,,,5995,0,0,0,0,2026-09-30,2026-10-01
2026-09-30 08:18:28,SPX,7656.111425015009,,5992.5,5990,0,AVG,0,0,,,5990,0,,,5990,AVG-0,0,0,,,5990,0,,,5990,0,0,0,,,5990,0,,,5990,1,0,0,,,5990,0,,,5990,0,0,0,0,2026-09-30,2026-10-01
2026-09-30 08:18:28,SPX,7656.111425015009,,5987.5,5985,0,AVG,0,0,,,5985,0,,,5985,AVG-0,0,0,,,5985,0,,,5985,0,0,0,,,5985,0,,,5985,1,0,0,,,5985,0,,,5985,0,0,0,0,2026-09-30,2026-10-01
2026-09-30 08:18:28,SPX,7656.111425015009,,5982.5,5980,0,AVG,0,0,,,5980,0,,,5980,AVG-0,0,0,,,5980,0,,,5980,0,0,0,,,5980,0,,,5980,1,0,0,,,5980,0,,,5980,0,0,0,0,2026-09-30,2026-10-01
2026-09-30 08:18:28,SPX,7656.111425015009,,5977.5,5975,0,AVG,0,0,,,5975,0,,,5975,AVG-0,0,0,,,5975,0,,,5975,0,0,0,,,5975,0,,,5975,1,0,0,,,5975,0,,,5975,0,0,0,0,2026-09-30,2026-10-01
2026-09-30 08:18:28,SPX,7656.111425015009,,5972.5,5970,0,AVG,0,0,,,5970,0,,,5970,AVG-0,0,0,,,5970,0,,,5970,0,0,0,,,5970,0,,,5970,1,0,0,,,5970,0,,,5970,0,0,0,0,2026-09-30,2026-10-01
2026-09-30 08:18:28,SPX,7656.111425015009,,5967.5,5965,0,AVG,0,0,,,5965,0,,,5965,AVG-0,0,0,,,5965,0,,,5965,0,0,0,,,5965,0,,,5965,1,0,0,,,5965,0,,,5965,0,0,0,0,2026-09-30,2026-10-01
2026-09-30 08:18:28,SPX,7656.111425015009,,5962.5,5960,0,AVG,0,0,,,5960,0,,,5960,AVG-0,0,0,,,5960,0,,,5960,0,0,0,,,5960,0,,,5960,1,0,0,,,5960,0,,,5960,0,0,0,0,2026-09-30,2026-10-01
2026-09-30 08:18:28,SPX,7656.111425015009,,5957.5,5955,0,AVG,0,0,,,5955,0,,,5955,AVG-0,0,0,,,5955,0,,,5955,0,0,0,,,5955,0,,,5955,1,0,0,,,5955,0,,,5955,0,0,0,0,2026-09-30,2026-10-01
2026-09-30 08:18:28,SPX,7656.111425015009,,5952.5,5950,0,AVG,0,0,,,5950,0,,,5950,AVG-0,0,0,,,5950,0,,,5950,0,0,0,,,5950,0,,,5950,1,0,0,,,5950,0,,,5950,0,0,0,0,2026-09-30,2026-10-01
2026-09-30 08:18:28,SPX,7656.111425015009,,5947.5,5945,0,AVG,0,0,,,5945,0,,,5945,AVG-0,0,0,,,5945,0,,,5945,0,0,0,,,5945,0,,,5945,1,0,0,,,5945,0,,,5945,0,0,0,0,2026-09-30,2026-10-01
2026-09-30 08:18:28,SPX,7656.111425015009,,5942.5,5940,0,AVG,0,0,,,5940,0,,,5940,AVG-0,0,0,,,5940,0,,,5940,0,0,0,,,5940,0,,,5940,1,0,0,,,5940,0,,,5940,0,0,0,0,2026-09-30,2026-10-01
2026-09-30 08:18:28,SPX,7656.111425015009,,5937.5,5935,0,AVG,0,0,,,5935,0,,,5935,AVG-0,0,0,,,5935,0,,,5935,0,0,0,,,5935,0,,,5935,1,0,0,,,5935,0,,,5935,0,0,0,0,2026-09-30,2026-10-01
2026-09-30 08:18:28,SPX,7656.111425015009,,5932.5,5930,0,AVG,0,0,,,5930,0,,,5930,AVG-0,0,0,,,5930,0,,,5930,0,0,0,,,5930,0,,,5930,1,0,0,,,5930,0,,,5930,0,0,0,0,2026-09-30,2026-10-01
2026-09-30 08:18:28,SPX,7656.111425015009,,5927.5,5925,0,AVG,0,0,,,5925,0,,,5925,AVG-0,0,0,,,5925,0,,,5925,0,0,0,,,5925,0,,,5925,1,0,0,,,5925,0,,,5925,0,0,0,0,2026-09-30,2026-10-01
2026-09-30 08:18:28,SPX,7656.111425015009,,5922.5,5920,0,AVG,0,0,,,5920,0,,,5920,AVG-0,0,0,,,5920,0,,,5920,0,0,0,,,5920,0,,,5920,1,0,0,,,5920,0,,,5920,0,0,0,0,2026-09-30,2026-10-01
2026-09-30 08:18:28,SPX,7656.111425015009,,5917.5,5915,0,AVG,0,0,,,5915,0,,,5915,AVG-0,0,0,,,5915,0,,,5915,0,0,0,,,5915,0,,,5915,1,0,0,,,5915,0,,,5915,0,0,0,0,2026-09-30,2026-10-01
2026-09-30 08:18:28,SPX,7656.111425015009,,5912.5,5910,0,AVG,0,0,,,5910,0,,,5910,AVG-0,0,0,,,5910,0,,,5910,0,0,0,,,5910,0,,,5910,1,0,0,,,5910,0,,,5910,0,0,0,0,2026-09-30,2026-10-01
2026-09-30 08:18:28,SPX,7656.111425015009,,5907.5,5905,0,AVG,0,0,,,5905,0,,,5905,AVG-0,0,0,,,5905,0,,,5905,0,0,0,,,5905,0,,,5905,1,0,0,,,5905,0,,,5905,0,0,0,0,2026-09-30,2026-10-01
2026-09-30 08:18:28,SPX,7656.111425015009,,5902.5,5900,0,AVG,0,0,,,5900,0,,,5900,AVG-0,0,0,,,5900,0,,,5900,0,0,0,,,5900,0,,,5900,1,0,0,,,5900,0,,,5900,0,0,0,0,2026-09-30,2026-10-01
2026-09-30 08:18:28,SPX,7656.111425015009,,5897.5,5895,0,AVG,0,0,,,5895,0,,,5895,AVG-0,0,0,,,5895,0,,,5895,0,0,0,,,5895,0,,,5895,1,0,0,,,5895,0,,,5895,0,0,0,0,2026-09-30,2026-10-01
2026-09-30 08:18:28,SPX,7656.111425015009,,5892.5,5890,0,AVG,0,0,,,5890,0,,,5890,AVG-0,0,0,,,5890,0,,,5890,0,0,0,,,5890,0,,,5890,1,0,0,,,5890,0,,,5890,0,0,0,0,2026-09-30,2026-10-01
2026-09-30 08:18:28,SPX,7656.111425015009,,5887.5,5885,0,AVG,0,0,,,5885,0,,,5885,AVG-0,0,0,,,5885,0,,,5885,0,0,0,,,5885,0,,,5885,1,0,0,,,5885,0,,,5885,0,0,0,0,2026-09-30,2026-10-01
2026-09-30 08:18:28,SPX,7656.111425015009,,5882.5,5880,0,AVG,0,0,,,5880,0,,,5880,AVG-0,0,0,,,5880,0,,,5880,0,0,0,,,5880,0,,,5880,1,0,0,,,5880,0,,,5880,0,0,0,0,2026-09-30,2026-10-01
2026-09-30 08:18:28,SPX,7656.111425015009,,5877.5,5875,0,AVG,0,0,,,5875,0,,,5875,AVG-0,0,0,,,5875,0,,,5875,0,0,0,,,5875,0,,,5875,1,0,0,,,5875,0,,,5875,0,0,0,0,2026-09-30,2026-10-01
2026-09-30 08:18:28,SPX,7656.111425015009,,5872.5,5870,0,AVG,0,0,,,5870,0,,,5870,AVG-0,0,0,,,5870,0,,,5870,0,0,0,,,5870,0,,,5870,1,0,0,,,5870,0,,,5870,0,0,0,0,2026-09-30,2026-10-01
2026-09-30 08:18:28,SPX,7656.111425015009,,5867.5,5865,0,AVG,0,0,,,5865,0,,,5865,AVG-0,0,0,,,5865,0,,,5865,0,0,0,,,5865,0,,,5865,1,0,0,,,5865,0,,,5865,0,0,0,0,2026-09-30,2026-10-01
2026-09-30 08:18:28,SPX,7656.111425015009,,5862.5,5860,0,AVG,0,0,,,5860,0,,,5860,AVG-0,0,0,,,5860,0,,,5860,0,0,0,,,5860,0,,,5860,1,0,0,,,5860,0,,,5860,0,0,0,0,2026-09-30,2026-10-01
2026-09-30 08:18:28,SPX,7656.111425015009,,5857.5,5855,0,AVG,0,0,,,5855,0,,,5855,AVG-0,0,0,,,5855,0,,,5855,0,0,0,,,5855,0,,,5855,1,0,0,,,5855,0,,,5855,0,0,0,0,2026-09-30,2026-10-01
2026-09-30 08:18:28,SPX,7656.111425015009,,5852.5,5850,0,AVG,0,0,,,5850,0,,,5850,AVG-0,0,0,,,5850,0,,,5850,0,0,0,,,5850,0,,,5850,1,0,0,,,5850,0,,,5850,0,0,0,0,2026-09-30,2026-10-01
2026-09-30 08:18:28,SPX,7656.111425015009,,5847.5,5845,0,AVG,0,0,,,5845,0,,,5845,AVG-0,0,0,,,5845,0,,,5845,0,0,0,,,5845,0,,,5845,1,0,0,,,5845,0,,,5845,0,0,0,0,2026-09-30,2026-10-01
2026-09-30 08:18:28,SPX,7656.111425015009,,5842.5,5840,0,AVG,0,0,,,5840,0,,,5840,AVG-0,0,0,,,5840,0,,,5840,0,0,0,,,5840,0,,,5840,1,0,0,,,5840,0,,,5840,0,0,0,0,2026-09-30,2026-10-01
2026-09-30 08:18:28,SPX,7656.111425015009,,5837.5,5835,0,AVG,0,0,,,5835,0,,,5835,AVG-0,0,0,,,5835,0,,,5835,0,0,0,,,5835,0,,,5835,1,0,0,,,5835,0,,,5835,0,0,0,0,2026-09-30,2026-10-01
2026-09-30 08:18:28,SPX,7656.111425015009,,5832.5,5830,0,AVG,0,0,,,5830,0,,,5830,AVG-0,0,0,,,5830,0,,,5830,0,0,0,,,5830,0,,,5830,1,0,0,,,5830,0,,,5830,0,0,0,0,2026-09-30,2026-10-01
2026-09-30 08:18:28,SPX,7656.111425015009,,5827.5,5825,0,AVG,0,0,,,5825,0,,,5825,AVG-0,0,0,,,5825,0,,,5825,0,0,0,,,5825,0,,,5825,1,0,0,,,5825,0,,,5825,0,0,0,0,2026-09-30,2026-10-01
2026-09-30 08:18:28,SPX,7656.111425015009,,5822.5,5820,0,AVG,0,0,,,5820,0,,,5820,AVG-0,0,0,,,5820,0,,,5820,0,0,0,,,5820,0,,,5820,1,0,0,,,5820,0,,,5820,0,0,0,0,2026-09-30,2026-10-01
2026-09-30 08:18:28,SPX,7656.111425015009,,5817.5,5815,0,AVG,0,0,,,5815,0,,,5815,AVG-0,0,0,,,5815,0,,,5815,0,0,0,,,5815,0,,,5815,1,0,0,,,5815,0,,,5815,0,0,0,0,2026-09-30,2026-10-01
2026-09-30 08:18:28,SPX,7656.111425015009,,5812.5,5810,0,AVG,0,0,,,5810,0,,,5810,AVG-0,0,0,,,5810,0,,,5810,0,0,0,,,5810,0,,,5810,1,0,0,,,5810,0,,,5810,0,0,0,0,2026-09-30,2026-10-01
2026-09-30 08:18:28,SPX,7656.111425015009,,5807.5,5805,0,AVG,0,0,,,5805,0,,,5805,AVG-0,0,0,,,5805,0,,,5805,0,0,0,,,5805,0,,,5805,1,0,0,,,5805,0,,,5805,0,0,0,0,2026-09-30,2026-10-01
2026-09-30 08:18:28,SPX,7656.111425015009,,5802.5,5800,0,AVG,1.99288,0,,,5800,0,,,5800,AVG-0,1.99288,0,,,5800,0,,,5800,0,0,0,,,5800,0,,,5800,1,0.99994,0,,,5800,0,,,5800,0,0,0,0,2026-09-30,2026-10-01
2026-09-30 08:18:28,SPX,7656.111425015009,,5795,5790,0,AVG,0,0,,,5790,0,,,5790,AVG-0,0,0,,,5790,0,,,5790,0,0,0,,,5790,0,,,5790,1,0,0,,,5790,0,,,5790,0,0,0,0,2026-09-30,2026-10-01
2026-09-30 08:18:28,SPX,7656.111425015009,,5785,5780,0,AVG,0,0,,,5780,0,,,5780,AVG-0,0,0,,,5780,0,,,5780,0,0,0,,,5780,0,,,5780,1,0,0,,,5780,0,,,5780,0,0,0,0,2026-09-30,2026-10-01
2026-09-30 08:18:28,SPX,7656.111425015009,,5777.5,5775,0,AVG,0,0,,,5775,0,,,5775,AVG-0,0,0,,,5775,0,,,5775,0,0,0,,,5775,0,,,5775,1,0,0,,,5775,0,,,5775,0,0,0,0,2026-09-30,2026-10-01
2026-09-30 08:18:28,SPX,7656.111425015009,,5762.5,5750,0,AVG,0,0,,,5750,0,,,5750,AVG-0,0,0,,,5750,0,,,5750,0,0,0,,,5750,0,,,5750,1,0,0,,,5750,0,,,5750,0,0,0,0,2026-09-30,2026-10-01
2026-09-30 08:18:28,SPX,7656.111425015009,,5737.5,5725,0,AVG,0,0,,,5725,0,,,5725,AVG-0,0,0,,,5725,0,,,5725,0,0,0,,,5725,0,,,5725,1,0,0,,,5725,0,,,5725,0,0,0,0,2026-09-30,2026-10-01
2026-09-30 08:18:28,SPX,7656.111425015009,,5712.5,5700,0,AVG,-0.00079,0,,,5700,0,,,5700,AVG-0,-0.00079,0,,,5700,0,,,5700,0,0,0,,,5700,0,,,5700,1,0,0,,,5700,0,,,5700,0,0,0,0,2026-09-30,2026-10-01
2026-09-30 08:18:28,SPX,7656.111425015009,,5687.5,5675,0,AVG,0,0,,,5675,0,,,5675,AVG-0,0,0,,,5675,0,,,5675,0,0,0,,,5675,0,,,5675,1,0,0,,,5675,0,,,5675,0,0,0,0,2026-09-30,2026-10-01
2026-09-30 08:18:28,SPX,7656.111425015009,,5662.5,5650,0,AVG,0,0,,,5650,0,,,5650,AVG-0,0,0,,,5650,0,,,5650,0,0,0,,,5650,0,,,5650,1,0,0,,,5650,0,,,5650,0,0,0,0,2026-09-30,2026-10-01
2026-09-30 08:18:28,SPX,7656.111425015009,,5637.5,5625,0,AVG,0,0,,,5625,0,,,5625,AVG-0,0,0,,,5625,0,,,5625,0,0,0,,,5625,0,,,5625,1,0,0,,,5625,0,,,5625,0,0,0,0,2026-09-30,2026-10-01
2026-09-30 08:18:28,SPX,7656.111425015009,,5612.5,5600,0,AVG,0,0,,,5600,0,,,5600,AVG-0,0,0,,,5600,0,,,5600,0,0,0,,,5600,0,,,5600,1,0,0,,,5600,0,,,5600,0,0,0,0,2026-09-30,2026-10-01
2026-09-30 08:18:28,SPX,7656.111425015009,,5587.5,5575,0,AVG,0,0,,,5575,0,,,5575,AVG-0,0,0,,,5575,0,,,5575,0,0,0,,,5575,0,,,5575,1,0,0,,,5575,0,,,5575,0,0,0,0,2026-09-30,2026-10-01
2026-09-30 08:18:28,SPX,7656.111425015009,,5562.5,5550,0,AVG,0,0,,,5550,0,,,5550,AVG-0,0,0,,,5550,0,,,5550,0,0,0,,,5550,0,,,5550,1,0,0,,,5550,0,,,5550,0,0,0,0,2026-09-30,2026-10-01
2026-09-30 08:18:28,SPX,7656.111425015009,,5537.5,5525,0,AVG,0,0,,,5525,0,,,5525,AVG-0,0,0,,,5525,0,,,5525,0,0,0,,,5525,0,,,5525,1,0,0,,,5525,0,,,5525,0,0,0,0,2026-09-30,2026-10-01
2026-09-30 08:18:28,SPX,7656.111425015009,,5512.5,5500,0,AVG,0,0,,,5500,0,,,5500,AVG-0,0,0,,,5500,0,,,5500,0,0,0,,,5500,0,,,5500,1,0,0,,,5500,0,,,5500,0,0,0,0,2026-09-30,2026-10-01
2026-09-30 08:18:28,SPX,7656.111425015009,,5487.5,5475,0,AVG,0,0,,,5475,0,,,5475,AVG-0,0,0,,,5475,0,,,5475,0,0,0,,,5475,0,,,5475,1,0,0,,,5475,0,,,5475,0,0,0,0,2026-09-30,2026-10-01
2026-09-30 08:18:28,SPX,7656.111425015009,,5462.5,5450,0,AVG,0,0,,,5450,0,,,5450,AVG-0,0,0,,,5450,0,,,5450,0,0,0,,,5450,0,,,5450,1,0,0,,,5450,0,,,5450,0,0,0,0,2026-09-30,2026-10-01
2026-09-30 08:18:28,SPX,7656.111425015009,,5437.5,5425,0,AVG,0,0,,,5425,0,,,5425,AVG-0,0,0,,,5425,0,,,5425,0,0,0,,,5425,0,,,5425,1,0,0,,,5425,0,,,5425,0,0,0,0,2026-09-30,2026-10-01
2026-09-30 08:18:28,SPX,7656.111425015009,,5412.5,5400,0,AVG,-0.0078,0,,,5400,0,,,5400,AVG-0,-0.0078,0,,,5400,0,,,5400,0,0,0,,,5400,0,,,5400,1,0,0,,,5400,0,,,5400,0,0,0,0,2026-09-30,2026-10-01
2026-09-30 08:18:28,SPX,7656.111425015009,,5387.5,5375,0,AVG,0,0,,,5375,0,,,5375,AVG-0,0,0,,,5375,0,,,5375,0,0,0,,,5375,0,,,5375,1,0,0,,,5375,0,,,5375,0,0,0,0,2026-09-30,2026-10-01
2026-09-30 08:18:28,SPX,7656.111425015009,,5362.5,5350,0,AVG,0,0,,,5350,0,,,5350,AVG-0,0,0,,,5350,0,,,5350,0,0,0,,,5350,0,,,5350,1,0,0,,,5350,0,,,5350,0,0,0,0,2026-09-30,2026-10-01
2026-09-30 08:18:28,SPX,7656.111425015009,,5337.5,5325,0,AVG,0,0,,,5325,0,,,5325,AVG-0,0,0,,,5325,0,,,5325,0,0,0,,,5325,0,,,5325,1,0,0,,,5325,0,,,5325,0,0,0,0,2026-09-30,2026-10-01
2026-09-30 08:18:28,SPX,7656.111425015009,,5312.5,5300,0,AVG,0,0,,,5300,0,,,5300,AVG-0,0,0,,,5300,0,,,5300,0,0,0,,,5300,0,,,5300,1,0,0,,,5300,0,,,5300,0,0,0,0,2026-09-30,2026-10-01
2026-09-30 08:18:28,SPX,7656.111425015009,,5287.5,5275,0,AVG,0,0,,,5275,0,,,5275,AVG-0,0,0,,,5275,0,,,5275,0,0,0,,,5275,0,,,5275,1,0,0,,,5275,0,,,5275,0,0,0,0,2026-09-30,2026-10-01
2026-09-30 08:18:28,SPX,7656.111425015009,,5262.5,5250,0,AVG,0,0,,,5250,0,,,5250,AVG-0,0,0,,,5250,0,,,5250,0,0,0,,,5250,0,,,5250,1,0,0,,,5250,0,,,5250,0,0,0,0,2026-09-30,2026-10-01
2026-09-30 08:18:28,SPX,7656.111425015009,,5237.5,5225,0,AVG,0,0,,,5225,0,,,5225,AVG-0,0,0,,,5225,0,,,5225,0,0,0,,,5225,0,,,5225,1,0,0,,,5225,0,,,5225,0,0,0,0,2026-09-30,2026-10-01
2026-09-30 08:18:28,SPX,7656.111425015009,,5212.5,5200,0,AVG,0,0,,,5200,0,,,5200,AVG-0,0,0,,,5200,0,,,5200,0,0,0,,,5200,0,,,5200,1,0,0,,,5200,0,,,5200,0,0,0,0,2026-09-30,2026-10-01
2026-09-30 08:18:28,SPX,7656.111425015009,,5187.5,5175,0,AVG,0,0,,,5175,0,,,5175,AVG-0,0,0,,,5175,0,,,5175,0,0,0,,,5175,0,,,5175,1,0,0,,,5175,0,,,5175,0,0,0,0,2026-09-30,2026-10-01
2026-09-30 08:18:28,SPX,7656.111425015009,,5162.5,5150,0,AVG,0,0,,,5150,0,,,5150,AVG-0,0,0,,,5150,0,,,5150,0,0,0,,,5150,0,,,5150,1,0,0,,,5150,0,,,5150,0,0,0,0,2026-09-30,2026-10-01
2026-09-30 08:18:28,SPX,7656.111425015009,,5137.5,5125,0,AVG,0,0,,,5125,0,,,5125,AVG-0,0,0,,,5125,0,,,5125,0,0,0,,,5125,0,,,5125,1,0,0,,,5125,0,,,5125,0,0,0,0,2026-09-30,2026-10-01
2026-09-30 08:18:28,SPX,7656.111425015009,,5112.5,5100,0,AVG,0,0,,,5100,0,,,5100,AVG-0,0,0,,,5100,0,,,5100,0,0,0,,,5100,0,,,5100,1,0,0,,,5100,0,,,5100,0,0,0,0,2026-09-30,2026-10-01
2026-09-30 08:18:28,SPX,7656.111425015009,,5075,5050,0,AVG,0,0,,,5050,0,,,5050,AVG-0,0,0,,,5050,0,,,5050,0,0,0,,,5050,0,,,5050,1,0,0,,,5050,0,,,5050,0,0,0,0,2026-09-30,2026-10-01
2026-09-30 08:18:28,SPX,7656.111425015009,,5025,5000,0,AVG,0,0,,,5000,0,,,5000,AVG-0,0,0,,,5000,0,,,5000,0,0,0,,,5000,0,,,5000,1,0,0,,,5000,0,,,5000,0,0,0,0,2026-09-30,2026-10-01
2026-09-30 08:18:28,SPX,7656.111425015009,,4975,4950,0,AVG,0,0,,,4950,0,,,4950,AVG-0,0,0,,,4950,0,,,4950,0,0,0,,,4950,0,,,4950,1,0,0,,,4950,0,,,4950,0,0,0,0,2026-09-30,2026-10-01
2026-09-30 08:18:28,SPX,7656.111425015009,,4925,4900,0,AVG,0,0,,,4900,0,,,4900,AVG-0,0,0,,,4900,0,,,4900,0,0,0,,,4900,0,,,4900,1,0,0,,,4900,0,,,4900,0,0,0,0,2026-09-30,2026-10-01
2026-09-30 08:18:28,SPX,7656.111425015009,,4875,4850,0,AVG,0,0,,,4850,0,,,4850,AVG-0,0,0,,,4850,0,,,4850,0,0,0,,,4850,0,,,4850,1,0,0,,,4850,0,,,4850,0,0,0,0,2026-09-30,2026-10-01
2026-09-30 08:18:28,SPX,7656.111425015009,,4825,4800,0,AVG,2,0,,,4800,0,,,4800,AVG-0,1,0,,,4800,0,,,4800,0,1,0,,,4800,0,,,4800,1,1,0,,,4800,0,,,4800,0,0,0,0,2026-09-30,2026-10-01
2026-09-30 08:18:28,SPX,7656.111425015009,,4775,4750,0,AVG,0,0,,,4750,0,,,4750,AVG-0,0,0,,,4750,0,,,4750,0,0,0,,,4750,0,,,4750,1,0,0,,,4750,0,,,4750,0,0,0,0,2026-09-30,2026-10-01
2026-09-30 08:18:28,SPX,7656.111425015009,,4725,4700,0,AVG,0,0,,,4700,0,,,4700,AVG-0,0,0,,,4700,0,,,4700,0,0,0,,,4700,0,,,4700,1,0,0,,,4700,0,,,4700,0,0,0,0,2026-09-30,2026-10-01
2026-09-30 08:18:28,SPX,7656.111425015009,,4675,4650,0,AVG,0,0,,,4650,0,,,4650,AVG-0,0,0,,,4650,0,,,4650,0,0,0,,,4650,0,,,4650,1,0,0,,,4650,0,,,4650,0,0,0,0,2026-09-30,2026-10-01
2026-09-30 08:18:28,SPX,7656.111425015009,,4625,4600,0,AVG,0,0,,,4600,0,,,4600,AVG-0,0,0,,,4600,0,,,4600,0,0,0,,,4600,0,,,4600,1,0,0,,,4600,0,,,4600,0,0,0,0,2026-09-30,2026-10-01
2026-09-30 08:18:28,SPX,7656.111425015009,,4575,4550,0,AVG,0,0,,,4550,0,,,4550,AVG-0,0,0,,,4550,0,,,4550,0,0,0,,,4550,0,,,4550,1,0,0,,,4550,0,,,4550,0,0,0,0,2026-09-30,2026-10-01
2026-09-30 08:18:28,SPX,7656.111425015009,,4525,4500,0,AVG,0,0,,,4500,0,,,4500,AVG-0,0,0,,,4500,0,,,4500,0,0,0,,,4500,0,,,4500,1,0,0,,,4500,0,,,4500,0,0,0,0,2026-09-30,2026-10-01
2026-09-30 08:18:28,SPX,7656.111425015009,,4450,4400,0,AVG,0,0,,,4400,0,,,4400,AVG-0,0,0,,,4400,0,,,4400,0,0,0,,,4400,0,,,4400,1,0,0,,,4400,0,,,4400,0,0,0,0,2026-09-30,2026-10-01
2026-09-30 08:18:28,SPX,7656.111425015009,,4350,4300,0,AVG,0,0,,,4300,0,,,4300,AVG-0,0,0,,,4300,0,,,4300,0,0,0,,,4300,0,,,4300,1,0,0,,,4300,0,,,4300,0,0,0,0,2026-09-30,2026-10-01
2026-09-30 08:18:28,SPX,7656.111425015009,,4250,4200,0,AVG,0,0,,,4200,0,,,4200,AVG-0,0,0,,,4200,0,,,4200,0,0,0,,,4200,0,,,4200,1,0,0,,,4200,0,,,4200,0,0,0,0,2026-09-30,2026-10-01
2026-09-30 08:18:28,SPX,7656.111425015009,,4150,4100,0,AVG,0,0,,,4100,0,,,4100,AVG-0,0,0,,,4100,0,,,4100,0,0,0,,,4100,0,,,4100,1,0,0,,,4100,0,,,4100,0,0,0,0,2026-09-30,2026-10-01
2026-09-30 08:18:28,SPX,7656.111425015009,,4050,4000,0,AVG,0,0,,,4000,0,,,4000,AVG-0,0,0,,,4000,0,,,4000,0,0,0,,,4000,0,,,4000,1,0,0,,,4000,0,,,4000,0,0,0,0,2026-09-30,2026-10-01
2026-09-30 08:18:28,SPX,7656.111425015009,,3950,3900,0,AVG,0,0,,,3900,0,,,3900,AVG-0,0,0,,,3900,0,,,3900,0,0,0,,,3900,0,,,3900,1,0,0,,,3900,0,,,3900,0,0,0,0,2026-09-30,2026-10-01
2026-09-30 08:18:28,SPX,7656.111425015009,,3850,3800,0,AVG,0,0,,,3800,0,,,3800,AVG-0,0,0,,,3800,0,,,3800,0,0,0,,,3800,0,,,3800,1,0,0,,,3800,0,,,3800,0,0,0,0,2026-09-30,2026-10-01
2026-09-30 08:18:28,SPX,7656.111425015009,,3750,3700,0,AVG,0,0,,,3700,0,,,3700,AVG-0,0,0,,,3700,0,,,3700,0,0,0,,,3700,0,,,3700,1,0,0,,,3700,0,,,3700,0,0,0,0,2026-09-30,2026-10-01
2026-09-30 08:18:28,SPX,7656.111425015009,,3650,3600,0,AVG,0,0,,,3600,0,,,3600,AVG-0,0,0,,,3600,0,,,3600,0,0,0,,,3600,0,,,3600,1,0,0,,,3600,0,,,3600,0,0,0,0,2026-09-30,2026-10-01
2026-09-30 08:18:28,SPX,7656.111425015009,,3550,3500,0,AVG,0,0,,,3500,0,,,3500,AVG-0,0,0,,,3500,0,,,3500,0,0,0,,,3500,0,,,3500,1,0,0,,,3500,0,,,3500,0,0,0,0,2026-09-30,2026-10-01
2026-09-30 08:18:28,SPX,7656.111425015009,,3450,3400,0,AVG,0,0,,,3400,0,,,3400,AVG-0,0,0,,,3400,0,,,3400,0,0,0,,,3400,0,,,3400,1,0,0,,,3400,0,,,3400,0,0,0,0,2026-09-30,2026-10-01
2026-09-30 08:18:28,SPX,7656.111425015009,,3350,3300,0,AVG,0,0,,,3300,0,,,3300,AVG-0,0,0,,,3300,0,,,3300,0,0,0,,,3300,0,,,3300,1,0,0,,,3300,0,,,3300,0,0,0,0,2026-09-30,2026-10-01
2026-09-30 08:18:28,SPX,7656.111425015009,,3250,3200,0,AVG,0,0,,,3200,0,,,3200,AVG-0,0,0,,,3200,0,,,3200,0,0,0,,,3200,0,,,3200,1,0,0,,,3200,0,,,3200,0,0,0,0,2026-09-30,2026-10-01
2026-09-30 08:18:28,SPX,7656.111425015009,,3100,3000,0,AVG,0,0,,,3000,0,,,3000,AVG-0,0,0,,,3000,0,,,3000,0,0,0,,,3000,0,,,3000,1,0,0,,,3000,0,,,3000,0,0,0,0,2026-09-30,2026-10-01
2026-09-30 08:18:28,SPX,7656.111425015009,,2900,2800,0,AVG,0,0,,,2800,0,,,2800,AVG-0,0,0,,,2800,0,,,2800,0,0,0,,,2800,0,,,2800,1,0,0,,,2800,0,,,2800,0,0,0,0,2026-09-30,2026-10-01
2026-09-30 08:18:28,SPX,7656.111425015009,,2700,2600,0,AVG,0,0,,,2600,0,,,2600,AVG-0,0,0,,,2600,0,,,2600,0,0,0,,,2600,0,,,2600,1,0,0,,,2600,0,,,2600,0,0,0,0,2026-09-30,2026-10-01
2026-09-30 08:18:28,SPY,764.2850000000001,,,1000,0,AVG,0,0,,,1000,0,,,1000,AVG-0,0,0,,,1000,0,,,1000,0,0,0,,,1000,0,,,1000,1,0,0,,,1000,0,,,1000,0,0,0,0,2026-09-30,2026-10-01
2026-09-30 08:18:28,SPY,764.2850000000001,,997.5,995,0,AVG,0,0,,,995,0,,,995,AVG-0,0,0,,,995,0,,,995,0,0,0,,,995,0,,,995,1,0,0,,,995,0,,,995,0,0,0,0,2026-09-30,2026-10-01
2026-09-30 08:18:28,SPY,764.2850000000001,,992.5,990,0,AVG,0,0,,,990,0,,,990,AVG-0,0,0,,,990,0,,,990,0,0,0,,,990,0,,,990,1,0,0,,,990,0,,,990,0,0,0,0,2026-09-30,2026-10-01
2026-09-30 08:18:28,SPY,764.2850000000001,,987.5,985,0,AVG,0,0,,,985,0,,,985,AVG-0,0,0,,,985,0,,,985,0,0,0,,,985,0,,,985,1,0,0,,,985,0,,,985,0,0,0,0,2026-09-30,2026-10-01
2026-09-30 08:18:28,SPY,764.2850000000001,,982.5,980,0,AVG,0,0,,,980,0,,,980,AVG-0,0,0,,,980,0,,,980,0,0,0,,,980,0,,,980,1,0,0,,,980,0,,,980,0,0,0,0,2026-09-30,2026-10-01
2026-09-30 08:18:28,SPY,764.2850000000001,,977.5,975,0,AVG,0,0,,,975,0,,,975,AVG-0,0,0,,,975,0,,,975,0,0,0,,,975,0,,,975,1,0,0,,,975,0,,,975,0,0,0,0,2026-09-30,2026-10-01
2026-09-30 08:18:28,SPY,764.2850000000001,,972.5,970,0,AVG,0,0,,,970,0,,,970,AVG-0,0,0,,,970,0,,,970,0,0,0,,,970,0,,,970,1,0,0,,,970,0,,,970,0,0,0,0,2026-09-30,2026-10-01
2026-09-30 08:18:28,SPY,764.2850000000001,,967.5,965,0,AVG,0,0,,,965,0,,,965,AVG-0,0,0,,,965,0,,,965,0,0,0,,,965,0,,,965,1,0,0,,,965,0,,,965,0,0,0,0,2026-09-30,2026-10-01
2026-09-30 08:18:28,SPY,764.2850000000001,,962.5,960,0,AVG,0,0,,,960,0,,,960,AVG-0,0,0,,,960,0,,,960,0,0,0,,,960,0,,,960,1,0,0,,,960,0,,,960,0,0,0,0,2026-09-30,2026-10-01
2026-09-30 08:18:28,SPY,764.2850000000001,,957.5,955,0,AVG,0,0,,,955,0,,,955,AVG-0,0,0,,,955,0,,,955,0,0,0,,,955,0,,,955,1,0,0,,,955,0,,,955,0,0,0,0,2026-09-30,2026-10-01
2026-09-30 08:18:28,SPY,764.2850000000001,,952.5,950,0,AVG,0,0,,,950,0,,,950,AVG-0,0,0,,,950,0,,,950,0,0,0,,,950,0,,,950,1,0,0,,,950,0,,,950,0,0,0,0,2026-09-30,2026-10-01
2026-09-30 08:18:28,SPY,764.2850000000001,,947.5,945,0,AVG,0,0,,,945,0,,,945,AVG-0,0,0,,,945,0,,,945,0,0,0,,,945,0,,,945,1,0,0,,,945,0,,,945,0,0,0,0,2026-09-30,2026-10-01
2026-09-30 08:18:28,SPY,764.2850000000001,,942.5,940,0,AVG,0,0,,,940,0,,,940,AVG-0,0,0,,,940,0,,,940,0,0,0,,,940,0,,,940,1,0,0,,,940,0,,,940,0,0,0,0,2026-09-30,2026-10-01
2026-09-30 08:18:28,SPY,764.2850000000001,,937.5,935,0,AVG,0,0,,,935,0,,,935,AVG-0,0,0,,,935,0,,,935,0,0,0,,,935,0,,,935,1,0,0,,,935,0,,,935,0,0,0,0,2026-09-30,2026-10-01
2026-09-30 08:18:28,SPY,764.2850000000001,,932.5,930,0,AVG,0,0,,,930,0,,,930,AVG-0,0,0,,,930,0,,,930,0,0,0,,,930,0,,,930,1,0,0,,,930,0,,,930,0,0,0,0,2026-09-30,2026-10-01
2026-09-30 08:18:28,SPY,764.2850000000001,,927.5,925,0,AVG,0,0,,,925,0,,,925,AVG-0,0,0,,,925,0,,,925,0,0,0,,,925,0,,,925,1,0,0,,,925,0,,,925,0,0,0,0,2026-09-30,2026-10-01
2026-09-30 08:18:28,SPY,764.2850000000001,,922.5,920,0,AVG,0,0,,,920,0,,,920,AVG-0,0,0,,,920,0,,,920,0,0,0,,,920,0,,,920,1,0,0,,,920,0,,,920,0,0,0,0,2026-09-30,2026-10-01
2026-09-30 08:18:28,SPY,764.2850000000001,,917.5,915,0,AVG,0,0,,,915,0,,,915,AVG-0,0,0,,,915,0,,,915,0,0,0,,,915,0,,,915,1,0,0,,,915,0,,,915,0,0,0,0,2026-09-30,2026-10-01
2026-09-30 08:18:28,SPY,764.2850000000001,,912.5,910,0,AVG,0,0,,,910,0,,,910,AVG-0,0,0,,,910,0,,,910,0,0,0,,,910,0,,,910,1,0,0,,,910,0,,,910,0,0,0,0,2026-09-30,2026-10-01
2026-09-30 08:18:28,SPY,764.2850000000001,,907.5,905,0,AVG,0,0,,,905,0,,,905,AVG-0,0,0,,,905,0,,,905,0,0,0,,,905,0,,,905,1,0,0,,,905,0,,,905,0,0,0,0,2026-09-30,2026-10-01
2026-09-30 08:18:28,SPY,764.2850000000001,,902.5,900,0,AVG,0,1,,,900,1,,,900,AVG-0,0,1,,,900,1,,,900,0,0,0,,,900,0,,,900,1,0,0,,,900,0,,,900,0,0,0,0,2026-09-30,2026-10-01
2026-09-30 08:18:28,SPY,764.2850000000001,,897.5,895,0,AVG,0,1,,,895,1,,,895,AVG-0,0,1,,,895,1,,,895,0,0,0,,,895,0,,,895,1,0,0,,,895,0,,,895,0,0,0,0,2026-09-30,2026-10-01
2026-09-30 08:18:28,SPY,764.2850000000001,,892.5,890,0,AVG,0,3,,,890,3,,,890,AVG-0,0,3,,,890,3,,,890,0,0,0,,,890,0,,,890,1,0,0,,,890,0,,,890,0,0,0,0,2026-09-30,2026-10-01
2026-09-30 08:18:28,SPY,764.2850000000001,,887.5,885,0,AVG,0,30,,,885,30,,,885,AVG-0,0,30,,,885,30,,,885,0,0,0,,,885,0,,,885,1,0,0,,,885,0,,,885,0,0,0,0,2026-09-30,2026-10-01
2026-09-30 08:18:28,SPY,764.2850000000001,,882.5,880,0,AVG,0,5,,,880,5,,,880,AVG-0,0,5,,,880,5,,,880,0,0,0,,,880,0,,,880,1,0,0,,,880,0,,,880,0,0,0,0,2026-09-30,2026-10-01
2026-09-30 08:18:28,SPY,764.2850000000001,,877.5,875,0,AVG,0,22,,,875,22,,,875,AVG-0,0,22,,,875,22,,,875,0,0,0,,,875,0,,,875,1,0,0,,,875,0,,,875,0,0,0,0,2026-09-30,2026-10-01
2026-09-30 08:18:28,SPY,764.2850000000001,,872.5,870,0,AVG,0,48,,,870,48,,,870,AVG-0,0,48,,,870,48,,,870,0,0,0,,,870,0,,,870,1,0,0,,,870,0,,,870,0,0,0,0,2026-09-30,2026-10-01
2026-09-30 08:18:28,SPY,764.2850000000001,,867.5,865,0,AVG,0,90,,,865,90,,,865,AVG-0,0,90,,,865,90,,,865,0,0,0,,,865,0,,,865,1,0,0,,,865,0,,,865,0,0,0,0,2026-09-30,2026-10-01
2026-09-30 08:18:28,SPY,764.2850000000001,,862.5,860,0,AVG,0,131,,,860,131,,,860,AVG-0,0,131,,,860,131,,,860,0,0,0,,,860,0,,,860,1,0,0,,,860,0,,,860,0,0,0,0,2026-09-30,2026-10-01
2026-09-30 08:18:28,SPY,764.2850000000001,,859.5,859,0,AVG,0,0,,,859,0,,,859,AVG-0,0,0,,,859,0,,,859,0,0,0,,,859,0,,,859,1,0,0,,,859,0,,,859,0,0,0,0,2026-09-30,2026-10-01
2026-09-30 08:18:28,SPY,764.2850000000001,,858.5,858,0,AVG,0,0,,,858,0,,,858,AVG-0,0,0,,,858,0,,,858,0,0,0,,,858,0,,,858,1,0,0,,,858,0,,,858,0,0,0,0,2026-09-30,2026-10-01
2026-09-30 08:18:28,SPY,764.2850000000001,,857.5,857,0,AVG,0,0,,,857,0,,,857,AVG-0,0,0,,,857,0,,,857,0,0,0,,,857,0,,,857,1,0,0,,,857,0,,,857,0,0,0,0,2026-09-30,2026-10-01
2026-09-30 08:18:28,SPY,764.2850000000001,,856.5,856,0,AVG,0,0,,,856,0,,,856,AVG-0,0,0,,,856,0,,,856,0,0,0,,,856,0,,,856,1,0,0,,,856,0,,,856,0,0,0,0,2026-09-30,2026-10-01
2026-09-30 08:18:28,SPY,764.2850000000001,,855.5,855,0,AVG,0,106,,,855,106,,,855,AVG-0,0,106,,,855,106,,,855,0,0,0,,,855,0,,,855,1,0,0,,,855,0,,,855,0,0,0,0,2026-09-30,2026-10-01
2026-09-30 08:18:28,SPY,764.2850000000001,,854.5,854,0,AVG,0,0,,,854,0,,,854,AVG-0,0,0,,,854,0,,,854,0,0,0,,,854,0,,,854,1,0,0,,,854,0,,,854,0,0,0,0,2026-09-30,2026-10-01
2026-09-30 08:18:28,SPY,764.2850000000001,,853.5,853,0,AVG,0,0,,,853,0,,,853,AVG-0,0,0,,,853,0,,,853,0,0,0,,,853,0,,,853,1,0,0,,,853,0,,,853,0,0,0,0,2026-09-30,2026-10-01
2026-09-30 08:18:28,SPY,764.2850000000001,,852.5,852,0,AVG,0,0,,,852,0,,,852,AVG-0,0,0,,,852,0,,,852,0,0,0,,,852,0,,,852,1,0,0,,,852,0,,,852,0,0,0,0,2026-09-30,2026-10-01
2026-09-30 08:18:28,SPY,764.2850000000001,,851.5,851,0,AVG,0,0,,,851,0,,,851,AVG-0,0,0,,,851,0,,,851,0,0,0,,,851,0,,,851,1,0,0,,,851,0,,,851,0,0,0,0,2026-09-30,2026-10-01
2026-09-30 08:18:28,SPY,764.2850000000001,,850.5,850,0,AVG,0,1382,,,850,1382,,,850,AVG-0,0,1382,,,850,1382,,,850,0,0,0,,,850,0,,,850,1,0,0,,,850,0,,,850,0,0,0,0,2026-09-30,2026-10-01
2026-09-30 08:18:28,SPY,764.2850000000001,,849.5,849,0,AVG,0,0,,,849,0,,,849,AVG-0,0,0,,,849,0,,,849,0,0,0,,,849,0,,,849,1,0,0,,,849,0,,,849,0,0,0,0,2026-09-30,2026-10-01
2026-09-30 08:18:28,SPY,764.2850000000001,,848.5,848,0,AVG,0,0,,,848,0,,,848,AVG-0,0,0,,,848,0,,,848,0,0,0,,,848,0,,,848,1,0,0,,,848,0,,,848,0,0,0,0,2026-09-30,2026-10-01
2026-09-30 08:18:28,SPY,764.2850000000001,,847.5,847,0,AVG,0,0,,,847,0,,,847,AVG-0,0,0,,,847,0,,,847,0,0,0,,,847,0,,,847,1,0,0,,,847,0,,,847,0,0,0,0,2026-09-30,2026-10-01
2026-09-30 08:18:28,SPY,764.2850000000001,,846.5,846,0,AVG,0,0,,,846,0,,,846,AVG-0,0,0,,,846,0,,,846,0,0,0,,,846,0,,,846,1,0,0,,,846,0,,,846,0,0,0,0,2026-09-30,2026-10-01
2026-09-30 08:18:28,SPY,764.2850000000001,,845.5,845,0,AVG,0,466,,,845,466,,,845,AVG-0,0,466,,,845,466,,,845,0,0,0,,,845,0,,,845,1,0,0,,,845,0,,,845,0,0,0,0,2026-09-30,2026-10-01
2026-09-30 08:18:28,SPY,764.2850000000001,,844.5,844,0,AVG,0,0,,,844,0,,,844,AVG-0,0,0,,,844,0,,,844,0,0,0,,,844,0,,,844,1,0,0,,,844,0,,,844,0,0,0,0,2026-09-30,2026-10-01
2026-09-30 08:18:28,SPY,764.2850000000001,,843.5,843,0,AVG,0,0,,,843,0,,,843,AVG-0,0,0,,,843,0,,,843,0,0,0,,,843,0,,,843,1,0,0,,,843,0,,,843,0,0,0,0,2026-09-30,2026-10-01
2026-09-30 08:18:28,SPY,764.2850000000001,,842.5,842,0,AVG,0,0,,,842,0,,,842,AVG-0,0,0,,,842,0,,,842,0,0,0,,,842,0,,,842,1,0,0,,,842,0,,,842,0,0,0,0,2026-09-30,2026-10-01
2026-09-30 08:18:28,SPY,764.2850000000001,,841.5,841,0,AVG,0,0,,,841,0,,,841,AVG-0,0,0,,,841,0,,,841,0,0,0,,,841,0,,,841,1,0,0,,,841,0,,,841,0,0,0,0,2026-09-30,2026-10-01
2026-09-30 08:18:28,SPY,764.2850000000001,,840.5,840,0,AVG,0,1103,,,840,1103,,,840,AVG-0,0,1103,,,840,1103,,,840,0,0,0,,,840,0,,,840,1,0,0,,,840,0,,,840,0,0,0,0,2026-09-30,2026-10-01
2026-09-30 08:18:28,SPY,764.2850000000001,,839.5,839,0,AVG,0,0,,,839,0,,,839,AVG-0,0,0,,,839,0,,,839,0,0,0,,,839,0,,,839,1,0,0,,,839,0,,,839,0,0,0,0,2026-09-30,2026-10-01
2026-09-30 08:18:28,SPY,764.2850000000001,,838.5,838,0,AVG,0,0,,,838,0,,,838,AVG-0,0,0,,,838,0,,,838,0,0,0,,,838,0,,,838,1,0,0,,,838,0,,,838,0,0,0,0,2026-09-30,2026-10-01
2026-09-30 08:18:28,SPY,764.2850000000001,,837.5,837,0,AVG,0,0,,,837,0,,,837,AVG-0,0,0,,,837,0,,,837,0,0,0,,,837,0,,,837,1,0,0,,,837,0,,,837,0,0,0,0,2026-09-30,2026-10-01
2026-09-30 08:18:28,SPY,764.2850000000001,,836.5,836,0,AVG,0,0,,,836,0,,,836,AVG-0,0,0,,,836,0,,,836,0,0,0,,,836,0,,,836,1,0,0,,,836,0,,,836,0,0,0,0,2026-09-30,2026-10-01
2026-09-30 08:18:28,SPY,764.2850000000001,,835.5,835,0,AVG,0,2040,,,835,2040,,,835,AVG-0,0,2040,,,835,2040,,,835,0,0,0,,,835,0,,,835,1,0,0,,,835,0,,,835,0,0,0,0,2026-09-30,2026-10-01
2026-09-30 08:18:28,SPY,764.2850000000001,,834.5,834,0,AVG,0,0,,,834,0,,,834,AVG-0,0,0,,,834,0,,,834,0,0,0,,,834,0,,,834,1,0,0,,,834,0,,,834,0,0,0,0,2026-09-30,2026-10-01
2026-09-30 08:18:28,SPY,764.2850000000001,,833.5,833,0,AVG,0,0,,,833,0,,,833,AVG-0,0,0,,,833,0,,,833,0,0,0,,,833,0,,,833,1,0,0,,,833,0,,,833,0,0,0,0,2026-09-30,2026-10-01
2026-09-30 08:18:28,SPY,764.2850000000001,,832.5,832,0,AVG,0,0,,,832,0,,,832,AVG-0,0,0,,,832,0,,,832,0,0,0,,,832,0,,,832,1,0,0,,,832,0,,,832,0,0,0,0,2026-09-30,2026-10-01
2026-09-30 08:18:28,SPY,764.2850000000001,,831.5,831,0,AVG,0,0,,,831,0,,,831,AVG-0,0,0,,,831,0,,,831,0,0,0,,,831,0,,,831,1,0,0,,,831,0,,,831,0,0,0,0,2026-09-30,2026-10-01
2026-09-30 08:18:28,SPY,764.2850000000001,,830.5,830,0,AVG,0,16044,,,830,16044,,,830,AVG-0,0,16044,,,830,16044,,,830,0,0,0,,,830,0,,,830,1,0,0,,,830,0,,,830,0,0,0,0,2026-09-30,2026-10-01
2026-09-30 08:18:28,SPY,764.2850000000001,,829.5,829,0,AVG,0,0,,,829,0,,,829,AVG-0,0,0,,,829,0,,,829,0,0,0,,,829,0,,,829,1,0,0,,,829,0,,,829,0,0,0,0,2026-09-30,2026-10-01
2026-09-30 08:18:28,SPY,764.2850000000001,,828.5,828,0,AVG,0,0,,,828,0,,,828,AVG-0,0,0,,,828,0,,,828,0,0,0,,,828,0,,,828,1,0,0,,,828,0,,,828,0,0,0,0,2026-09-30,2026-10-01
2026-09-30 08:18:28,SPY,764.2850000000001,,827.5,827,0,AVG,0,0,,,827,0,,,827,AVG-0,0,0,,,827,0,,,827,0,0,0,,,827,0,,,827,1,0,0,,,827,0,,,827,0,0,0,0,2026-09-30,2026-10-01
2026-09-30 08:18:28,SPY,764.2850000000001,,826.5,826,0,AVG,0,0,,,826,0,,,826,AVG-0,0,0,,,826,0,,,826,0,0,0,,,826,0,,,826,1,0,0,,,826,0,,,826,0,0,0,0,2026-09-30,2026-10-01
2026-09-30 08:18:28,SPY,764.2850000000001,,825.5,825,0,AVG,0,19964,,,825,19964,,,825,AVG-0,0,19964,,,825,19964,,,825,0,0,0,,,825,0,,,825,1,0,0,,,825,0,,,825,0,0,0,0,2026-09-30,2026-10-01
2026-09-30 08:18:28,SPY,764.2850000000001,,824.5,824,0,AVG,0,89,,,824,89,,,824,AVG-0,0,89,,,824,89,,,824,0,0,0,,,824,0,,,824,1,0,0,,,824,0,,,824,0,0,0,0,2026-09-30,2026-10-01
2026-09-30 08:18:28,SPY,764.2850000000001,,823.5,823,0,AVG,0,529,,,823,529,,,823,AVG-0,0,529,,,823,529,,,823,0,0,0,,,823,0,,,823,1,0,0,,,823,0,,,823,0,0,0,0,2026-09-30,2026-10-01
2026-09-30 08:18:28,SPY,764.2850000000001,,822.5,822,0,AVG,0,552,,,822,552,,,822,AVG-0,0,552,,,822,552,,,822,0,0,0,,,822,0,,,822,1,0,0,,,822,0,,,822,0,0,0,0,2026-09-30,2026-10-01
2026-09-30 08:18:28,SPY,764.2850000000001,,821.5,821,0,AVG,0,593,,,821,593,,,821,AVG-0,0,593,,,821,593,,,821,0,0,0,,,821,0,,,821,1,0,0,,,821,0,,,821,0,0,0,0,2026-09-30,2026-10-01
2026-09-30 08:18:28,SPY,764.2850000000001,,820.5,820,0,AVG,0,27138,,,820,27138,,,820,AVG-0,0,27138,,,820,27138,,,820,0,0,0,,,820,0,,,820,1,0,0,,,820,0,,,820,0,0,0,0,2026-09-30,2026-10-01
2026-09-30 08:18:28,SPY,764.2850000000001,,819.5,819,0,AVG,0,308,,,819,308,,,819,AVG-0,0,308,,,819,308,,,819,0,0,0,,,819,0,,,819,1,0,0,,,819,0,,,819,0,0,0,0,2026-09-30,2026-10-01
2026-09-30 08:18:28,SPY,764.2850000000001,,818.5,818,0,AVG,0,293,,,818,293,,,818,AVG-0,0,293,,,818,293,,,818,0,0,0,,,818,0,,,818,1,0,0,,,818,0,,,818,0,0,0,0,2026-09-30,2026-10-01
2026-09-30 08:18:28,SPY,764.2850000000001,,817.5,817,0,AVG,0,343,,,817,343,,,817,AVG-0,0,343,,,817,343,,,817,0,0,0,,,817,0,,,817,1,0,0,,,817,0,,,817,0,0,0,0,2026-09-30,2026-10-01
2026-09-30 08:18:28,SPY,764.2850000000001,,816.5,816,0,AVG,0,2958,,,816,2958,,,816,AVG-0,0,2958,,,816,2958,,,816,0,0,0,,,816,0,,,816,1,0,0,,,816,0,,,816,0,0,0,0,2026-09-30,2026-10-01
2026-09-30 08:18:28,SPY,764.2850000000001,,815.5,815,0,AVG,0,40025,,,815,40025,,,815,AVG-0,0,40025,,,815,40025,,,815,0,0,0,,,815,0,,,815,1,0,0,,,815,0,,,815,0,0,0,0,2026-09-30,2026-10-01
2026-09-30 08:18:28,SPY,764.2850000000001,,814.5,814,0,AVG,0,3023,,,814,3023,,,814,AVG-0,0,3023,,,814,3023,,,814,0,0,0,,,814,0,,,814,1,0,0,,,814,0,,,814,0,0,0,0,2026-09-30,2026-10-01
2026-09-30 08:18:28,SPY,764.2850000000001,,813.5,813,0,AVG,0,995,,,813,995,,,813,AVG-0,0,995,,,813,995,,,813,0,0,0,,,813,0,,,813,1,0,0,,,813,0,,,813,0,0,0,0,2026-09-30,2026-10-01
2026-09-30 08:18:28,SPY,764.2850000000001,,812.5,812,0,AVG,0,2974,,,812,2974,,,812,AVG-0,0,2974,,,812,2974,,,812,0,0,0,,,812,0,,,812,1,0,0,,,812,0,,,812,0,0,0,0,2026-09-30,2026-10-01
2026-09-30 08:18:28,SPY,764.2850000000001,,811.5,811,0,AVG,0,1346,,,811,1346,,,811,AVG-0,0,1346,,,811,1346,,,811,0,0,0,,,811,0,,,811,1,0,0,,,811,0,,,811,0,0,0,0,2026-09-30,2026-10-01
2026-09-30 08:18:28,SPY,764.2850000000001,,810.5,810,0,AVG,0,53502,,,810,53502,,,810,AVG-0,0,53502,,,810,53502,,,810,0,0,0,,,810,0,,,810,1,0,0,,,810,0,,,810,0,0,0,0,2026-09-30,2026-10-01
2026-09-30 08:18:28,SPY,764.2850000000001,,809.5,809,0,AVG,0,14911,,,809,14911,,,809,AVG-0,0,14911,,,809,14911,,,809,0,0,0,,,809,0,,,809,1,0,0,,,809,0,,,809,0,0,0,0,2026-09-30,2026-10-01
2026-09-30 08:18:28,SPY,764.2850000000001,,808.5,808,0,AVG,0,4536,,,808,4536,,,808,AVG-0,0,4536,,,808,4536,,,808,0,0,0,,,808,0,,,808,1,0,0,,,808,0,,,808,0,0,0,0,2026-09-30,2026-10-01
2026-09-30 08:18:28,SPY,764.2850000000001,,807.5,807,0,AVG,0,7927,,,807,7927,,,807,AVG-0,0,7927,,,807,7927,,,807,0,0,0,,,807,0,,,807,1,0,0,,,807,0,,,807,0,0,0,0,2026-09-30,2026-10-01
2026-09-30 08:18:28,SPY,764.2850000000001,,806.5,806,0,AVG,0,17165,,,806,17165,,,806,AVG-0,0,17165,,,806,17165,,,806,0,0,0,,,806,0,,,806,1,0,0,,,806,0,,,806,0,0,0,0,2026-09-30,2026-10-01
2026-09-30 08:18:28,SPY,764.2850000000001,,805.5,805,0,AVG,0,54782,,,805,54782,,,805,AVG-0,0,54782,,,805,54782,,,805,0,0,0,,,805,0,,,805,1,0,0,,,805,0,,,805,0,0,0,0,2026-09-30,2026-10-01
2026-09-30 08:18:28,SPY,764.2850000000001,,804.5,804,0,AVG,0,7575,,,804,7575,,,804,AVG-0,0,7575,,,804,7575,,,804,0,0,0,,,804,0,,,804,1,0,0,,,804,0,,,804,0,0,0,0,2026-09-30,2026-10-01
2026-09-30 08:18:28,SPY,764.2850000000001,,803.5,803,0,AVG,0,9665,,,803,9665,,,803,AVG-0,0,9665,,,803,9665,,,803,0,0,0,,,803,0,,,803,1,0,0,,,803,0,,,803,0,0,0,0,2026-09-30,2026-10-01
2026-09-30 08:18:28,SPY,764.2850000000001,,802.5,802,0,AVG,0,15234,,,802,15234,,,802,AVG-0,0,15234,,,802,15234,,,802,0,0,0,,,802,0,,,802,1,0,0,,,802,0,,,802,0,0,0,0,2026-09-30,2026-10-01
2026-09-30 08:18:28,SPY,764.2850000000001,,801.5,801,0,AVG,0,20208,,,801,20208,,,801,AVG-0,0,20208,,,801,20208,,,801,0,0,0,,,801,0,,,801,1,0,0,,,801,0,,,801,0,0,0,0,2026-09-30,2026-10-01
2026-09-30 08:18:28,SPY,764.2850000000001,,800.5,800,0,AVG,0,207058,,,800,207058,,,800,AVG-0,0,207058,,,800,207058,,,800,0,0,0,,,800,0,,,800,1,0,6,,,800,6,,,800,0,0,0,0,2026-09-30,2026-10-01
2026-09-30 08:18:28,SPY,764.2850000000001,,799.5,799,0,AVG,0,49049,,,799,49049,,,799,AVG-0,0,49049,,,799,49049,,,799,0,0,0,,,799,0,,,799,1,0,0,,,799,0,,,799,0,0,0,0,2026-09-30,2026-10-01
2026-09-30 08:18:28,SPY,764.2850000000001,,798.5,798,0,AVG,0,59790,,,798,59790,,,798,AVG-0,0,59790,,,798,59790,,,798,0,0,0,,,798,0,,,798,1,0,1,,,798,1,,,798,0,0,0,0,2026-09-30,2026-10-01
2026-09-30 08:18:28,SPY,764.2850000000001,,797.5,797,0,AVG,0,111909,,,797,111909,,,797,AVG-0,0,111909,,,797,111909,,,797,0,0,0,,,797,0,,,797,1,0,1,,,797,1,,,797,0,0,0,0,2026-09-30,2026-10-01
2026-09-30 08:18:28,SPY,764.2850000000001,,796.5,796,0,AVG,0,46393,,,796,46393,,,796,AVG-0,0,46393,,,796,46393,,,796,0,0,0,,,796,0,,,796,1,0,10,,,796,10,,,796,0,0,0,0,2026-09-30,2026-10-01
2026-09-30 08:18:28,SPY,764.2850000000001,,795.5,795,0,AVG,0,171899,,,795,171899,,,795,AVG-0,0,171899,,,795,171899,,,795,0,0,0,,,795,0,,,795,1,0,9,,,795,9,,,795,0,0,0,0,2026-09-30,2026-10-01
2026-09-30 08:18:28,SPY,764.2850000000001,,794.5,794,0,AVG,0,40892,,,794,40892,,,794,AVG-0,0,40892,,,794,40892,,,794,0,0,0,,,794,0,,,794,1,0,9,,,794,9,,,794,0,0,0,0,2026-09-30,2026-10-01
2026-09-30 08:18:28,SPY,764.2850000000001,,793.5,793,0,AVG,0,92379,,,793,92379,,,793,AVG-0,0,92379,,,793,92379,,,793,0,0,0,,,793,0,,,793,1,0,12,,,793,12,,,793,0,0,0,0,2026-09-30,2026-10-01
2026-09-30 08:18:28,SPY,764.2850000000001,,792.5,792,0,AVG,0,37069,,,792,37069,,,792,AVG-0,0,37069,,,792,37069,,,792,0,0,0,,,792,0,,,792,1,0,53,,,792,53,,,792,0,0,0,0,2026-09-30,2026-10-01
2026-09-30 08:18:28,SPY,764.2850000000001,,791.5,791,0,AVG,0,41284,,,791,41284,,,791,AVG-0,0,41284,,,791,41284,,,791,0,0,0,,,791,0,,,791,1,0,176,,,791,176,,,791,0,0,0,0,2026-09-30,2026-10-01
2026-09-30 08:18:28,SPY,764.2850000000001,,790.5,790,0,AVG,0,408676,,,790,408676,,,790,AVG-0,0,408676,,,790,408676,,,790,0,0,0,,,790,0,,,790,1,0,143,,,790,143,,,790,0,0,0,0,2026-09-30,2026-10-01
2026-09-30 08:18:28,SPY,764.2850000000001,,789.5,789,0,AVG,0,45094,,,789,45094,,,789,AVG-0,0,45094,,,789,45094,,,789,0,0,0,,,789,0,,,789,1,0,147,,,789,147,,,789,0,0,0,0,2026-09-30,2026-10-01
2026-09-30 08:18:28,SPY,764.2850000000001,,788.5,788,0,AVG,0,39959,,,788,39959,,,788,AVG-0,0,39959,,,788,39959,,,788,0,0,0,,,788,0,,,788,1,0,210,,,788,210,,,788,0,0,0,0,2026-09-30,2026-10-01
2026-09-30 08:18:28,SPY,764.2850000000001,,787.5,787,0,AVG,0,59822,,,787,59822,,,787,AVG-0,0,59822,,,787,59822,,,787,0,0,0,,,787,0,,,787,1,0,711,,,787,711,,,787,0,0,0,0,2026-09-30,2026-10-01
2026-09-30 08:18:28,SPY,764.2850000000001,,786.5,786,0,AVG,0,94026,,,786,94026,,,786,AVG-0,0,94026,,,786,94026,,,786,0,0,0,,,786,0,,,786,1,0,889,,,786,889,,,786,0,0,0,0,2026-09-30,2026-10-01
2026-09-30 08:18:28,SPY,764.2850000000001,,785.5,785,0,AVG,0,1553592,+,4,785,1553592,+,4,785,AVG-0,0,1553592,+,2,785,1553592,+,2,785,0,0,0,,,785,0,,,785,1,0,1659,,,785,1659,,,785,0,0,0,0,2026-09-30,2026-10-01
2026-09-30 08:18:28,SPY,764.2850000000001,,784.5,784,0,AVG,0,114419,*,,784,114419,*,,784,AVG-0,0,114418,*,,784,114418,*,,784,0,0,1,,,784,1,,,784,1,0,3249,,,784,3249,,,784,0,0,0,0,2026-09-30,2026-10-01
2026-09-30 08:18:28,SPY,764.2850000000001,,783.5,783,0,AVG,0,184484,*,,783,184484,*,,783,AVG-0,0,184483,*,,783,184483,*,,783,0,0,1,,,783,1,,,783,1,0,6038,,,783,6038,,,783,0,0,0,0,2026-09-30,2026-10-01
2026-09-30 08:18:28,SPY,764.2850000000001,,782.5,782,0,AVG,0,149382,*,,782,149382,*,,782,AVG-0,0,149375,*,,782,149375,*,,782,0,0,7,,,782,7,,,782,1,0,39759,,,782,39759,,,782,0,0,0,0,2026-09-30,2026-10-01
2026-09-30 08:18:28,SPY,764.2850000000001,,781.5,781,0,AVG,0,127061,*,,781,127061,*,,781,AVG-0,0,127040,*,,781,127040,*,,781,0,0,21,,,781,21,,,781,1,0,6730,,,781,6730,,,781,0,0,0,0,2026-09-30,2026-10-01
2026-09-30 08:18:28,SPY,764.2850000000001,,780.5,780,0,AVG,0,841190,*,,780,841190,*,,780,AVG-0,0,840904,*,5,780,840904,*,5,780,0,0,286,,,780,286,,,780,1,0,16440,,,780,16440,,,780,0,0,0,0,2026-09-30,2026-10-01
2026-09-30 08:18:28,SPY,764.2850000000001,,779.5,779,0,AVG,0,93302,*,,779,93302,*,,779,AVG-0,0,93068,*,,779,93068,*,,779,0,0,234,,,779,234,,,779,1,0,13780,,,779,13780,,,779,0,0,0,0,2026-09-30,2026-10-01
2026-09-30 08:18:28,SPY,764.2850000000001,,778.5,778,0,AVG,0,137884,*,,778,137884,*,,778,AVG-0,0,137406,*,,778,137406,*,,778,0,0,478,,,778,478,,,778,1,0,8379,,,778,8379,,,778,0,0,0,0,2026-09-30,2026-10-01
2026-09-30 08:18:28,SPY,764.2850000000001,,777.5,777,0,AVG,0,97344,*,,777,97344,*,,777,AVG-0,0,95084,*,,777,95084,*,,777,0,0,2260,,,777,2260,,,777,1,0,21128,,,777,21128,,,777,0,0,0,0,2026-09-30,2026-10-01
2026-09-30 08:18:28,SPY,764.2850000000001,,776.5,776,0,AVG,0,86810,*,,776,86810,*,,776,AVG-0,0,84719,*,,776,84719,*,,776,0,0,2091,,,776,2091,,,776,1,0,19747,,,776,19747,,,776,0,0,0,0,2026-09-30,2026-10-01
2026-09-30 08:18:28,SPY,764.2850000000001,,775.5,775,0,AVG,0,627463,*,,775,627463,*,,775,AVG-0,0,590706,*,,775,590706,*,,775,0,0,36757,,,775,36757,,,775,1,0,114415,+,3,775,114415,+,3,775,0,0,0,0,2026-09-30,2026-10-01
2026-09-30 08:18:28,SPY,764.2850000000001,,774.5,774,0,AVG,0,217626,*,,774,217626,*,,774,AVG-0,0,202498,*,,774,202498,*,,774,0,0,15128,,,774,15128,,,774,1,0,9147,*,,774,9147,*,,774,0,0,0,0,2026-09-30,2026-10-01
2026-09-30 08:18:28,SPY,764.2850000000001,,773.5,773,0,AVG,0,129286,*,,773,129286,*,,773,AVG-0,0,86560,*,,773,86560,*,,773,0,0,42726,,,773,42726,,,773,1,0,12657,*,,773,12657,*,,773,0,0,0,0,2026-09-30,2026-10-01
2026-09-30 08:18:28,SPY,764.2850000000001,,772.5,772,0,AVG,0,467389,*,,772,467389,*,,772,AVG-0,0,411766,*,,772,411766,*,,772,0,0,55623,,,772,55623,,,772,1,0,39175,*,,772,39175,*,,772,0,0,0,0,2026-09-30,2026-10-01
2026-09-30 08:18:28,SPY,764.2850000000001,,771.5,771,0,AVG,0,230026,*,,771,230026,*,,771,AVG-0,0,147418,*,,771,147418,*,,771,0,0,82608,,,771,82608,,,771,1,0,16235,*,,771,16235,*,,771,0,0,0,0,2026-09-30,2026-10-01
2026-09-30 08:18:28,SPY,764.2850000000001,,770.5,770,0,AVG,0,697772,*,,770,697772,*,,770,AVG-0,0,432011,*,,770,432011,*,,770,0,0,265761,,,770,265761,,,770,1,0,40843,*,,770,40843,*,,770,0,0,0,0,2026-09-30,2026-10-01
2026-09-30 08:18:28,SPY,764.2850000000001,,769.5,769,0,AVG,0,358531,*,,769,358531,*,,769,AVG-0,0,112849,*,,769,112849,*,,769,0,0,245682,,,769,245682,,,769,1,0,49228,*,,769,49228,*,,769,0,0,0,0,2026-09-30,2026-10-01
2026-09-30 08:18:28,SPY,764.2850000000001,,768.5,768,0,AVG,0,441948,*,,768,441948,*,,768,AVG-0,0,-49103,*,,768,-49103,*,,768,0,0,491051,,4,768,491051,,4,768,1,0,19098,*,,768,19098,*,,768,0,0,0,0,2026-09-30,2026-10-01
2026-09-30 08:18:28,SPY,764.2850000000001,,767.5,767,0,AVG,0,19642,*,,767,19642,*,,767,AVG-0,0,-341905,*,,767,-341905,*,,767,0,0,361547,,5,767,361547,,5,767,1,0,52743,*,,767,52743,*,,767,0,0,0,0,2026-09-30,2026-10-01
2026-09-30 08:18:28,SPY,764.2850000000001,,766.5,766,0,AVG,0,907400,*,,766,907400,*,,766,AVG-0,0,109229,*,,766,109229,*,,766,0,0,798171,+,2,766,798171,+,2,766,1,0,71530,*,5,766,71530,*,5,766,0,0,0,0,2026-09-30,2026-10-01
2026-09-30 08:18:28,SPY,764.2850000000001,,765.5,765,0,AVG,0,-348432,*,,765,-348432,*,,765,AVG-0,0,-544699,*,,765,-544699,*,,765,0,0,196267,*,,765,196267,*,,765,1,0,-158168,M-,1,765,-158168,M-,1,765,0,0,0,0,2026-09-30,2026-10-01
2026-09-30 08:18:28,SPY,764.2850000000001,CURR,764.5,764,0,AVG,0,-175032,*,,764,-175032,*,,764,AVG-0,0,-206606,*,,764,-206606,*,,764,0,0,31574,*,,764,31574,*,,764,1,0,-137197,,2,764,-137197,,2,764,0,0,0,0,2026-09-30,2026-10-01
2026-09-30 08:18:28,SPY,764.2850000000001,,763.5,763,0,AVG,0,-189716,*,,763,-189716,*,,763,AVG-0,0,-171088,*,,763,-171088,*,,763,0,0,-18628,*,,763,-18628,*,,763,1,0,-40884,,,763,-40884,,,763,0,0,0,0,2026-09-30,2026-10-01
2026-09-30 08:18:28,SPY,764.2850000000001,,762.5,762,0,AVG,0,-158442,*,,762,-158442,*,,762,AVG-0,0,-123616,*,,762,-123616,*,,762,0,0,-34826,M,,762,-34826,M,,762,1,0,-37032,,,762,-37032,,,762,0,0,0,0,2026-09-30,2026-10-01
2026-09-30 08:18:28,SPY,764.2850000000001,,761.5,761,0,AVG,0,-1737568,M,2,761,-1737568,M,2,761,AVG-0,0,-141399,*,,761,-141399,*,,761,0,0,-1596169,-,1,761,-1596169,-,1,761,1,0,-39085,,,761,-39085,,,761,0,0,0,0,2026-09-30,2026-10-01
2026-09-30 08:18:28,SPY,764.2850000000001,,760.5,760,0,AVG,0,-1624877,*,3,760,-1624877,*,3,760,AVG-0,0,-961399,*,3,760,-961399,*,3,760,0,0,-663478,,3,760,-663478,,3,760,1,0,-106404,,4,760,-106404,,4,760,0,0,0,0,2026-09-30,2026-10-01
2026-09-30 08:18:28,SPY,764.2850000000001,,759.5,759,0,AVG,0,-92040,*,,759,-92040,*,,759,AVG-0,0,-120404,M,,759,-120404,M,,759,0,0,28364,,,759,28364,,,759,1,0,3344,,,759,3344,,,759,0,0,0,0,2026-09-30,2026-10-01
2026-09-30 08:18:28,SPY,764.2850000000001,,758.5,758,0,AVG,0,-303518,*,,758,-303518,*,,758,AVG-0,0,-190802,*,,758,-190802,*,,758,0,0,-112716,,,758,-112716,,,758,1,0,-26108,,,758,-26108,,,758,0,0,0,0,2026-09-30,2026-10-01
2026-09-30 08:18:28,SPY,764.2850000000001,,757.5,757,0,AVG,0,-597801,*,,757,-597801,*,,757,AVG-0,0,-463490,*,,757,-463490,*,,757,0,0,-134311,,,757,-134311,,,757,1,0,-24898,,,757,-24898,,,757,0,0,0,0,2026-09-30,2026-10-01
2026-09-30 08:18:28,SPY,764.2850000000001,,756.5,756,0,AVG,0,-167323,*,,756,-167323,*,,756,AVG-0,0,-131679,*,,756,-131679,*,,756,0,0,-35644,,,756,-35644,,,756,1,0,-6462,,,756,-6462,,,756,0,0,0,0,2026-09-30,2026-10-01
2026-09-30 08:18:28,SPY,764.2850000000001,,755.5,755,0,AVG,0,-800199,*,,755,-800199,*,,755,AVG-0,0,-705525,*,,755,-705525,*,,755,0,0,-94674,,,755,-94674,,,755,1,0,-68257,,,755,-68257,,,755,0,0,0,0,2026-09-30,2026-10-01
2026-09-30 08:18:28,SPY,764.2850000000001,,754.5,754,0,AVG,0,-142346,*,,754,-142346,*,,754,AVG-0,0,-124173,*,,754,-124173,*,,754,0,0,-18173,,,754,-18173,,,754,1,0,-17451,,,754,-17451,,,754,0,0,0,0,2026-09-30,2026-10-01
2026-09-30 08:18:28,SPY,764.2850000000001,,753.5,753,0,AVG,0,-528719,*,,753,-528719,*,,753,AVG-0,0,-523886,*,,753,-523886,*,,753,0,0,-4833,,,753,-4833,,,753,1,0,-10212,,,753,-10212,,,753,0,0,0,0,2026-09-30,2026-10-01
2026-09-30 08:18:28,SPY,764.2850000000001,,752.5,752,0,AVG,0,-192094,*,,752,-192094,*,,752,AVG-0,0,-190045,*,,752,-190045,*,,752,0,0,-2049,,,752,-2049,,,752,1,0,-37753,,,752,-37753,,,752,0,0,0,0,2026-09-30,2026-10-01
2026-09-30 08:18:28,SPY,764.2850000000001,,751.5,751,0,AVG,0,-108106,*,,751,-108106,*,,751,AVG-0,0,-107844,*,,751,-107844,*,,751,0,0,-262,,,751,-262,,,751,1,0,-4417,,,751,-4417,,,751,0,0,0,0,2026-09-30,2026-10-01
2026-09-30 08:18:28,SPY,764.2850000000001,,750.5,750,0,AVG,0,-958461,*,5,750,-958461,*,5,750,AVG-0,0,-957129,*,4,750,-957129,*,4,750,0,0,-1332,,,750,-1332,,,750,1,0,-15090,,,750,-15090,,,750,0,0,0,0,2026-09-30,2026-10-01
2026-09-30 08:18:28,SPY,764.2850000000001,,749.5,749,0,AVG,0,-110657,*,,749,-110657,*,,749,AVG-0,0,-110607,*,,749,-110607,*,,749,0,0,-50,,,749,-50,,,749,1,0,-6671,,,749,-6671,,,749,0,0,0,0,2026-09-30,2026-10-01
2026-09-30 08:18:28,SPY,764.2850000000001,,748.5,748,0,AVG,0,-111627,*,,748,-111627,*,,748,AVG-0,0,-111608,*,,748,-111608,*,,748,0,0,-19,,,748,-19,,,748,1,0,-3516,,,748,-3516,,,748,0,0,0,0,2026-09-30,2026-10-01
2026-09-30 08:18:28,SPY,764.2850000000001,,747.5,747,0,AVG,0,-164209,*,,747,-164209,*,,747,AVG-0,0,-164202,*,,747,-164202,*,,747,0,0,-7,,,747,-7,,,747,1,0,-1801,,,747,-1801,,,747,0,0,0,0,2026-09-30,2026-10-01
2026-09-30 08:18:28,SPY,764.2850000000001,,746.5,746,0,AVG,0,-82909,*,,746,-82909,*,,746,AVG-0,0,-82907,*,,746,-82907,*,,746,0,0,-2,,,746,-2,,,746,1,0,-906,,,746,-906,,,746,0,0,0,0,2026-09-30,2026-10-01
2026-09-30 08:18:28,SPY,764.2850000000001,,745.5,745,0,AVG,0,-1972138,-,1,745,-1972138,-,1,745,AVG-0,0,-1972137,-,1,745,-1972137,-,1,745,0,0,-1,,,745,-1,,,745,1,0,-1511,,,745,-1511,,,745,0,0,0,0,2026-09-30,2026-10-01
2026-09-30 08:18:28,SPY,764.2850000000001,,744.5,744,0,AVG,0,-65066,,,744,-65066,,,744,AVG-0,0,-65066,,,744,-65066,,,744,0,0,0,,,744,0,,,744,1,0,-276,,,744,-276,,,744,0,0,0,0,2026-09-30,2026-10-01
2026-09-30 08:18:28,SPY,764.2850000000001,,743.5,743,0,AVG,0,-39512,,,743,-39512,,,743,AVG-0,0,-39512,,,743,-39512,,,743,0,0,0,,,743,0,,,743,1,0,-809,,,743,-809,,,743,0,0,0,0,2026-09-30,2026-10-01
2026-09-30 08:18:28,SPY,764.2850000000001,,742.5,742,0,AVG,0,-208714,,,742,-208714,,,742,AVG-0,0,-208714,,,742,-208714,,,742,0,0,0,,,742,0,,,742,1,0,-473,,,742,-473,,,742,0,0,0,0,2026-09-30,2026-10-01
2026-09-30 08:18:28,SPY,764.2850000000001,,741.5,741,0,AVG,0,-57780,,,741,-57780,,,741,AVG-0,0,-57780,,,741,-57780,,,741,0,0,0,,,741,0,,,741,1,0,-740,,,741,-740,,,741,0,0,0,0,2026-09-30,2026-10-01
2026-09-30 08:18:28,SPY,764.2850000000001,,740.5,740,0,AVG,0,-529132,,,740,-529132,,,740,AVG-0,0,-529132,,,740,-529132,,,740,0,0,0,,,740,0,,,740,1,0,-158,,,740,-158,,,740,0,0,0,0,2026-09-30,2026-10-01
2026-09-30 08:18:28,SPY,764.2850000000001,,739.5,739,0,AVG,0,-41377,,,739,-41377,,,739,AVG-0,0,-41377,,,739,-41377,,,739,0,0,0,,,739,0,,,739,1,0,-74,,,739,-74,,,739,0,0,0,0,2026-09-30,2026-10-01
2026-09-30 08:18:28,SPY,764.2850000000001,,738.5,738,0,AVG,0,-87971,,,738,-87971,,,738,AVG-0,0,-87971,,,738,-87971,,,738,0,0,0,,,738,0,,,738,1,0,-39,,,738,-39,,,738,0,0,0,0,2026-09-30,2026-10-01
2026-09-30 08:18:28,SPY,764.2850000000001,,737.5,737,0,AVG,0,-54427,,,737,-54427,,,737,AVG-0,0,-54427,,,737,-54427,,,737,0,0,0,,,737,0,,,737,1,0,-55,,,737,-55,,,737,0,0,0,0,2026-09-30,2026-10-01
2026-09-30 08:18:28,SPY,764.2850000000001,,736.5,736,0,AVG,0,-260826,,,736,-260826,,,736,AVG-0,0,-260826,,,736,-260826,,,736,0,0,0,,,736,0,,,736,1,0,-15,,,736,-15,,,736,0,0,0,0,2026-09-30,2026-10-01
2026-09-30 08:18:28,SPY,764.2850000000001,,735.5,735,0,AVG,0,-237984,,,735,-237984,,,735,AVG-0,0,-237984,,,735,-237984,,,735,0,0,0,,,735,0,,,735,1,0,-21,,,735,-21,,,735,0,0,0,0,2026-09-30,2026-10-01
2026-09-30 08:18:28,SPY,764.2850000000001,,734.5,734,0,AVG,0,-91101,,,734,-91101,,,734,AVG-0,0,-91101,,,734,-91101,,,734,0,0,0,,,734,0,,,734,1,0,-10,,,734,-10,,,734,0,0,0,0,2026-09-30,2026-10-01
2026-09-30 08:18:28,SPY,764.2850000000001,,733.5,733,0,AVG,0,-44099,,,733,-44099,,,733,AVG-0,0,-44099,,,733,-44099,,,733,0,0,0,,,733,0,,,733,1,0,-7,,,733,-7,,,733,0,0,0,0,2026-09-30,2026-10-01
2026-09-30 08:18:28,SPY,764.2850000000001,,732.5,732,0,AVG,0,-309815,,,732,-309815,,,732,AVG-0,0,-309815,,,732,-309815,,,732,0,0,0,,,732,0,,,732,1,0,-9,,,732,-9,,,732,0,0,0,0,2026-09-30,2026-10-01
2026-09-30 08:18:28,SPY,764.2850000000001,,731.5,731,0,AVG,0,-13165,,,731,-13165,,,731,AVG-0,0,-13165,,,731,-13165,,,731,0,0,0,,,731,0,,,731,1,0,-6,,,731,-6,,,731,0,0,0,0,2026-09-30,2026-10-01
2026-09-30 08:18:28,SPY,764.2850000000001,,730.5,730,0,AVG,0,-336141,,,730,-336141,,,730,AVG-0,0,-336141,,,730,-336141,,,730,0,0,0,,,730,0,,,730,1,0,-1,,,730,-1,,,730,0,0,0,0,2026-09-30,2026-10-01
2026-09-30 08:18:28,SPY,764.2850000000001,,729.5,729,0,AVG,0,-181838,,,729,-181838,,,729,AVG-0,0,-181838,,,729,-181838,,,729,0,0,0,,,729,0,,,729,1,0,0,,,729,0,,,729,0,0,0,0,2026-09-30,2026-10-01
2026-09-30 08:18:28,SPY,764.2850000000001,,728.5,728,0,AVG,0,-112404,,,728,-112404,,,728,AVG-0,0,-112404,,,728,-112404,,,728,0,0,0,,,728,0,,,728,1,0,0,,,728,0,,,728,0,0,0,0,2026-09-30,2026-10-01
2026-09-30 08:18:28,SPY,764.2850000000001,,727.5,727,0,AVG,0,-66811,,,727,-66811,,,727,AVG-0,0,-66811,,,727,-66811,,,727,0,0,0,,,727,0,,,727,1,0,0,,,727,0,,,727,0,0,0,0,2026-09-30,2026-10-01
2026-09-30 08:18:28,SPY,764.2850000000001,,726.5,726,0,AVG,0,-52906,,,726,-52906,,,726,AVG-0,0,-52906,,,726,-52906,,,726,0,0,0,,,726,0,,,726,1,0,0,,,726,0,,,726,0,0,0,0,2026-09-30,2026-10-01
2026-09-30 08:18:28,SPY,764.2850000000001,,725.5,725,0,AVG,0,-631925,,,725,-631925,,,725,AVG-0,0,-631925,,,725,-631925,,,725,0,0,0,,,725,0,,,725,1,0,0,,,725,0,,,725,0,0,0,0,2026-09-30,2026-10-01
2026-09-30 08:18:28,SPY,764.2850000000001,,724.5,724,0,AVG,0,-94772,,,724,-94772,,,724,AVG-0,0,-94772,,,724,-94772,,,724,0,0,0,,,724,0,,,724,1,0,0,,,724,0,,,724,0,0,0,0,2026-09-30,2026-10-01
2026-09-30 08:18:28,SPY,764.2850000000001,,723.5,723,0,AVG,0,-21068,,,723,-21068,,,723,AVG-0,0,-21068,,,723,-21068,,,723,0,0,0,,,723,0,,,723,1,0,0,,,723,0,,,723,0,0,0,0,2026-09-30,2026-10-01
2026-09-30 08:18:28,SPY,764.2850000000001,,722.5,722,0,AVG,0,-62571,,,722,-62571,,,722,AVG-0,0,-62571,,,722,-62571,,,722,0,0,0,,,722,0,,,722,1,0,0,,,722,0,,,722,0,0,0,0,2026-09-30,2026-10-01
2026-09-30 08:18:28,SPY,764.2850000000001,,721.5,721,0,AVG,0,-5732,,,721,-5732,,,721,AVG-0,0,-5732,,,721,-5732,,,721,0,0,0,,,721,0,,,721,1,0,0,,,721,0,,,721,0,0,0,0,2026-09-30,2026-10-01
2026-09-30 08:18:28,SPY,764.2850000000001,,720.5,720,0,AVG,0,-97427,,,720,-97427,,,720,AVG-0,0,-97427,,,720,-97427,,,720,0,0,0,,,720,0,,,720,1,0,0,,,720,0,,,720,0,0,0,0,2026-09-30,2026-10-01
2026-09-30 08:18:28,SPY,764.2850000000001,,719.5,719,0,AVG,0,-3197,,,719,-3197,,,719,AVG-0,0,-3197,,,719,-3197,,,719,0,0,0,,,719,0,,,719,1,0,0,,,719,0,,,719,0,0,0,0,2026-09-30,2026-10-01
2026-09-30 08:18:28,SPY,764.2850000000001,,718.5,718,0,AVG,0,-10408,,,718,-10408,,,718,AVG-0,0,-10408,,,718,-10408,,,718,0,0,0,,,718,0,,,718,1,0,0,,,718,0,,,718,0,0,0,0,2026-09-30,2026-10-01
2026-09-30 08:18:28,SPY,764.2850000000001,,717.5,717,0,AVG,0,-2710,,,717,-2710,,,717,AVG-0,0,-2710,,,717,-2710,,,717,0,0,0,,,717,0,,,717,1,0,0,,,717,0,,,717,0,0,0,0,2026-09-30,2026-10-01
2026-09-30 08:18:28,SPY,764.2850000000001,,716.5,716,0,AVG,0,-21013,,,716,-21013,,,716,AVG-0,0,-21013,,,716,-21013,,,716,0,0,0,,,716,0,,,716,1,0,0,,,716,0,,,716,0,0,0,0,2026-09-30,2026-10-01
2026-09-30 08:18:28,SPY,764.2850000000001,,715.5,715,0,AVG,0,-37029,,,715,-37029,,,715,AVG-0,0,-37029,,,715,-37029,,,715,0,0,0,,,715,0,,,715,1,0,0,,,715,0,,,715,0,0,0,0,2026-09-30,2026-10-01
2026-09-30 08:18:28,SPY,764.2850000000001,,714.5,714,0,AVG,0,-7679,,,714,-7679,,,714,AVG-0,0,-7679,,,714,-7679,,,714,0,0,0,,,714,0,,,714,1,0,0,,,714,0,,,714,0,0,0,0,2026-09-30,2026-10-01
2026-09-30 08:18:28,SPY,764.2850000000001,,713.5,713,0,AVG,0,-1723,,,713,-1723,,,713,AVG-0,0,-1723,,,713,-1723,,,713,0,0,0,,,713,0,,,713,1,0,0,,,713,0,,,713,0,0,0,0,2026-09-30,2026-10-01
2026-09-30 08:18:28,SPY,764.2850000000001,,712.5,712,0,AVG,0,-1376,,,712,-1376,,,712,AVG-0,0,-1376,,,712,-1376,,,712,0,0,0,,,712,0,,,712,1,0,0,,,712,0,,,712,0,0,0,0,2026-09-30,2026-10-01
2026-09-30 08:18:28,SPY,764.2850000000001,,711.5,711,0,AVG,0,-5132,,,711,-5132,,,711,AVG-0,0,-5132,,,711,-5132,,,711,0,0,0,,,711,0,,,711,1,0,0,,,711,0,,,711,0,0,0,0,2026-09-30,2026-10-01
2026-09-30 08:18:28,SPY,764.2850000000001,,710.5,710,0,AVG,0,-39807,,,710,-39807,,,710,AVG-0,0,-39807,,,710,-39807,,,710,0,0,0,,,710,0,,,710,1,0,0,,,710,0,,,710,0,0,0,0,2026-09-30,2026-10-01
2026-09-30 08:18:28,SPY,764.2850000000001,,709.5,709,0,AVG,0,-2615,,,709,-2615,,,709,AVG-0,0,-2615,,,709,-2615,,,709,0,0,0,,,709,0,,,709,1,0,0,,,709,0,,,709,0,0,0,0,2026-09-30,2026-10-01
2026-09-30 08:18:28,SPY,764.2850000000001,,708.5,708,0,AVG,0,-3411,,,708,-3411,,,708,AVG-0,0,-3411,,,708,-3411,,,708,0,0,0,,,708,0,,,708,1,0,0,,,708,0,,,708,0,0,0,0,2026-09-30,2026-10-01
2026-09-30 08:18:28,SPY,764.2850000000001,,707.5,707,0,AVG,0,-1078,,,707,-1078,,,707,AVG-0,0,-1078,,,707,-1078,,,707,0,0,0,,,707,0,,,707,1,0,0,,,707,0,,,707,0,0,0,0,2026-09-30,2026-10-01
2026-09-30 08:18:28,SPY,764.2850000000001,,706.5,706,0,AVG,0,-895,,,706,-895,,,706,AVG-0,0,-895,,,706,-895,,,706,0,0,0,,,706,0,,,706,1,0,0,,,706,0,,,706,0,0,0,0,2026-09-30,2026-10-01
2026-09-30 08:18:28,SPY,764.2850000000001,,705.5,705,0,AVG,0,-13587,,,705,-13587,,,705,AVG-0,0,-13587,,,705,-13587,,,705,0,0,0,,,705,0,,,705,1,0,0,,,705,0,,,705,0,0,0,0,2026-09-30,2026-10-01
2026-09-30 08:18:28,SPY,764.2850000000001,,704.5,704,0,AVG,0,-1059,,,704,-1059,,,704,AVG-0,0,-1059,,,704,-1059,,,704,0,0,0,,,704,0,,,704,1,0,0,,,704,0,,,704,0,0,0,0,2026-09-30,2026-10-01
2026-09-30 08:18:28,SPY,764.2850000000001,,703.5,703,0,AVG,0,-868,,,703,-868,,,703,AVG-0,0,-868,,,703,-868,,,703,0,0,0,,,703,0,,,703,1,0,0,,,703,0,,,703,0,0,0,0,2026-09-30,2026-10-01
2026-09-30 08:18:28,SPY,764.2850000000001,,702.5,702,0,AVG,0,-687,,,702,-687,,,702,AVG-0,0,-687,,,702,-687,,,702,0,0,0,,,702,0,,,702,1,0,0,,,702,0,,,702,0,0,0,0,2026-09-30,2026-10-01
2026-09-30 08:18:28,SPY,764.2850000000001,,701.5,701,0,AVG,0,-1157,,,701,-1157,,,701,AVG-0,0,-1157,,,701,-1157,,,701,0,0,0,,,701,0,,,701,1,0,0,,,701,0,,,701,0,0,0,0,2026-09-30,2026-10-01
2026-09-30 08:18:28,SPY,764.2850000000001,,700.5,700,0,AVG,0,-18269,,,700,-18269,,,700,AVG-0,0,-18269,,,700,-18269,,,700,0,0,0,,,700,0,,,700,1,0,0,,,700,0,,,700,0,0,0,0,2026-09-30,2026-10-01
2026-09-30 08:18:28,SPY,764.2850000000001,,699.5,699,0,AVG,0,0,,,699,0,,,699,AVG-0,0,0,,,699,0,,,699,0,0,0,,,699,0,,,699,1,0,0,,,699,0,,,699,0,0,0,0,2026-09-30,2026-10-01
2026-09-30 08:18:28,SPY,764.2850000000001,,698.5,698,0,AVG,0,0,,,698,0,,,698,AVG-0,0,0,,,698,0,,,698,0,0,0,,,698,0,,,698,1,0,0,,,698,0,,,698,0,0,0,0,2026-09-30,2026-10-01
2026-09-30 08:18:28,SPY,764.2850000000001,,697.5,697,0,AVG,0,0,,,697,0,,,697,AVG-0,0,0,,,697,0,,,697,0,0,0,,,697,0,,,697,1,0,0,,,697,0,,,697,0,0,0,0,2026-09-30,2026-10-01
2026-09-30 08:18:28,SPY,764.2850000000001,,696.5,696,0,AVG,0,0,,,696,0,,,696,AVG-0,0,0,,,696,0,,,696,0,0,0,,,696,0,,,696,1,0,0,,,696,0,,,696,0,0,0,0,2026-09-30,2026-10-01
2026-09-30 08:18:28,SPY,764.2850000000001,,695.5,695,0,AVG,0,-3994,,,695,-3994,,,695,AVG-0,0,-3994,,,695,-3994,,,695,0,0,0,,,695,0,,,695,1,0,0,,,695,0,,,695,0,0,0,0,2026-09-30,2026-10-01
2026-09-30 08:18:28,SPY,764.2850000000001,,694.5,694,0,AVG,0,0,,,694,0,,,694,AVG-0,0,0,,,694,0,,,694,0,0,0,,,694,0,,,694,1,0,0,,,694,0,,,694,0,0,0,0,2026-09-30,2026-10-01
2026-09-30 08:18:28,SPY,764.2850000000001,,693.5,693,0,AVG,0,0,,,693,0,,,693,AVG-0,0,0,,,693,0,,,693,0,0,0,,,693,0,,,693,1,0,0,,,693,0,,,693,0,0,0,0,2026-09-30,2026-10-01
2026-09-30 08:18:28,SPY,764.2850000000001,,692.5,692,0,AVG,0,0,,,692,0,,,692,AVG-0,0,0,,,692,0,,,692,0,0,0,,,692,0,,,692,1,0,0,,,692,0,,,692,0,0,0,0,2026-09-30,2026-10-01
2026-09-30 08:18:28,SPY,764.2850000000001,,691.5,691,0,AVG,0,0,,,691,0,,,691,AVG-0,0,0,,,691,0,,,691,0,0,0,,,691,0,,,691,1,0,0,,,691,0,,,691,0,0,0,0,2026-09-30,2026-10-01
2026-09-30 08:18:28,SPY,764.2850000000001,,690.5,690,0,AVG,0,-3462,,,690,-3462,,,690,AVG-0,0,-3462,,,690,-3462,,,690,0,0,0,,,690,0,,,690,1,0,0,,,690,0,,,690,0,0,0,0,2026-09-30,2026-10-01
2026-09-30 08:18:28,SPY,764.2850000000001,,689.5,689,0,AVG,0,0,,,689,0,,,689,AVG-0,0,0,,,689,0,,,689,0,0,0,,,689,0,,,689,1,0,0,,,689,0,,,689,0,0,0,0,2026-09-30,2026-10-01
2026-09-30 08:18:28,SPY,764.2850000000001,,688.5,688,0,AVG,0,0,,,688,0,,,688,AVG-0,0,0,,,688,0,,,688,0,0,0,,,688,0,,,688,1,0,0,,,688,0,,,688,0,0,0,0,2026-09-30,2026-10-01
2026-09-30 08:18:28,SPY,764.2850000000001,,687.5,687,0,AVG,0,0,,,687,0,,,687,AVG-0,0,0,,,687,0,,,687,0,0,0,,,687,0,,,687,1,0,0,,,687,0,,,687,0,0,0,0,2026-09-30,2026-10-01
2026-09-30 08:18:28,SPY,764.2850000000001,,686.5,686,0,AVG,0,0,,,686,0,,,686,AVG-0,0,0,,,686,0,,,686,0,0,0,,,686,0,,,686,1,0,0,,,686,0,,,686,0,0,0,0,2026-09-30,2026-10-01
2026-09-30 08:18:28,SPY,764.2850000000001,,685.5,685,0,AVG,0,-1163,,,685,-1163,,,685,AVG-0,0,-1163,,,685,-1163,,,685,0,0,0,,,685,0,,,685,1,0,0,,,685,0,,,685,0,0,0,0,2026-09-30,2026-10-01
2026-09-30 08:18:28,SPY,764.2850000000001,,684.5,684,0,AVG,0,0,,,684,0,,,684,AVG-0,0,0,,,684,0,,,684,0,0,0,,,684,0,,,684,1,0,0,,,684,0,,,684,0,0,0,0,2026-09-30,2026-10-01
2026-09-30 08:18:28,SPY,764.2850000000001,,683.5,683,0,AVG,0,0,,,683,0,,,683,AVG-0,0,0,,,683,0,,,683,0,0,0,,,683,0,,,683,1,0,0,,,683,0,,,683,0,0,0,0,2026-09-30,2026-10-01
2026-09-30 08:18:28,SPY,764.2850000000001,,682.5,682,0,AVG,0,0,,,682,0,,,682,AVG-0,0,0,,,682,0,,,682,0,0,0,,,682,0,,,682,1,0,0,,,682,0,,,682,0,0,0,0,2026-09-30,2026-10-01
2026-09-30 08:18:28,SPY,764.2850000000001,,681.5,681,0,AVG,0,0,,,681,0,,,681,AVG-0,0,0,,,681,0,,,681,0,0,0,,,681,0,,,681,1,0,0,,,681,0,,,681,0,0,0,0,2026-09-30,2026-10-01
2026-09-30 08:18:28,SPY,764.2850000000001,,680.5,680,0,AVG,0,-1480,,,680,-1480,,,680,AVG-0,0,-1480,,,680,-1480,,,680,0,0,0,,,680,0,,,680,1,0,0,,,680,0,,,680,0,0,0,0,2026-09-30,2026-10-01
2026-09-30 08:18:28,SPY,764.2850000000001,,679.5,679,0,AVG,0,0,,,679,0,,,679,AVG-0,0,0,,,679,0,,,679,0,0,0,,,679,0,,,679,1,0,0,,,679,0,,,679,0,0,0,0,2026-09-30,2026-10-01
2026-09-30 08:18:28,SPY,764.2850000000001,,678.5,678,0,AVG,0,0,,,678,0,,,678,AVG-0,0,0,,,678,0,,,678,0,0,0,,,678,0,,,678,1,0,0,,,678,0,,,678,0,0,0,0,2026-09-30,2026-10-01
2026-09-30 08:18:28,SPY,764.2850000000001,,677.5,677,0,AVG,0,0,,,677,0,,,677,AVG-0,0,0,,,677,0,,,677,0,0,0,,,677,0,,,677,1,0,0,,,677,0,,,677,0,0,0,0,2026-09-30,2026-10-01
2026-09-30 08:18:28,SPY,764.2850000000001,,676.5,676,0,AVG,0,0,,,676,0,,,676,AVG-0,0,0,,,676,0,,,676,0,0,0,,,676,0,,,676,1,0,0,,,676,0,,,676,0,0,0,0,2026-09-30,2026-10-01
2026-09-30 08:18:28,SPY,764.2850000000001,,675.5,675,0,AVG,0,-588,,,675,-588,,,675,AVG-0,0,-588,,,675,-588,,,675,0,0,0,,,675,0,,,675,1,0,0,,,675,0,,,675,0,0,0,0,2026-09-30,2026-10-01
2026-09-30 08:18:28,SPY,764.2850000000001,,674.5,674,0,AVG,0,0,,,674,0,,,674,AVG-0,0,0,,,674,0,,,674,0,0,0,,,674,0,,,674,1,0,0,,,674,0,,,674,0,0,0,0,2026-09-30,2026-10-01
2026-09-30 08:18:28,SPY,764.2850000000001,,673.5,673,0,AVG,0,0,,,673,0,,,673,AVG-0,0,0,,,673,0,,,673,0,0,0,,,673,0,,,673,1,0,0,,,673,0,,,673,0,0,0,0,2026-09-30,2026-10-01
2026-09-30 08:18:28,SPY,764.2850000000001,,672.5,672,0,AVG,0,0,,,672,0,,,672,AVG-0,0,0,,,672,0,,,672,0,0,0,,,672,0,,,672,1,0,0,,,672,0,,,672,0,0,0,0,2026-09-30,2026-10-01
2026-09-30 08:18:28,SPY,764.2850000000001,,671.5,671,0,AVG,0,0,,,671,0,,,671,AVG-0,0,0,,,671,0,,,671,0,0,0,,,671,0,,,671,1,0,0,,,671,0,,,671,0,0,0,0,2026-09-30,2026-10-01
2026-09-30 08:18:28,SPY,764.2850000000001,,670.5,670,0,AVG,0,-274,,,670,-274,,,670,AVG-0,0,-274,,,670,-274,,,670,0,0,0,,,670,0,,,670,1,0,0,,,670,0,,,670,0,0,0,0,2026-09-30,2026-10-01
2026-09-30 08:18:28,SPY,764.2850000000001,,669.5,669,0,AVG,0,0,,,669,0,,,669,AVG-0,0,0,,,669,0,,,669,0,0,0,,,669,0,,,669,1,0,0,,,669,0,,,669,0,0,0,0,2026-09-30,2026-10-01
2026-09-30 08:18:28,SPY,764.2850000000001,,668.5,668,0,AVG,0,0,,,668,0,,,668,AVG-0,0,0,,,668,0,,,668,0,0,0,,,668,0,,,668,1,0,0,,,668,0,,,668,0,0,0,0,2026-09-30,2026-10-01
2026-09-30 08:18:28,SPY,764.2850000000001,,667.5,667,0,AVG,0,0,,,667,0,,,667,AVG-0,0,0,,,667,0,,,667,0,0,0,,,667,0,,,667,1,0,0,,,667,0,,,667,0,0,0,0,2026-09-30,2026-10-01
2026-09-30 08:18:28,SPY,764.2850000000001,,666.5,666,0,AVG,0,0,,,666,0,,,666,AVG-0,0,0,,,666,0,,,666,0,0,0,,,666,0,,,666,1,0,0,,,666,0,,,666,0,0,0,0,2026-09-30,2026-10-01
2026-09-30 08:18:28,SPY,764.2850000000001,,665.5,665,0,AVG,0,-64,,,665,-64,,,665,AVG-0,0,-64,,,665,-64,,,665,0,0,0,,,665,0,,,665,1,0,0,,,665,0,,,665,0,0,0,0,2026-09-30,2026-10-01
2026-09-30 08:18:28,SPY,764.2850000000001,,664.5,664,0,AVG,0,0,,,664,0,,,664,AVG-0,0,0,,,664,0,,,664,0,0,0,,,664,0,,,664,1,0,0,,,664,0,,,664,0,0,0,0,2026-09-30,2026-10-01
2026-09-30 08:18:28,SPY,764.2850000000001,,663.5,663,0,AVG,0,0,,,663,0,,,663,AVG-0,0,0,,,663,0,,,663,0,0,0,,,663,0,,,663,1,0,0,,,663,0,,,663,0,0,0,0,2026-09-30,2026-10-01
2026-09-30 08:18:28,SPY,764.2850000000001,,662.5,662,0,AVG,0,0,,,662,0,,,662,AVG-0,0,0,,,662,0,,,662,0,0,0,,,662,0,,,662,1,0,0,,,662,0,,,662,0,0,0,0,2026-09-30,2026-10-01
2026-09-30 08:18:28,SPY,764.2850000000001,,661.5,661,0,AVG,0,0,,,661,0,,,661,AVG-0,0,0,,,661,0,,,661,0,0,0,,,661,0,,,661,1,0,0,,,661,0,,,661,0,0,0,0,2026-09-30,2026-10-01
2026-09-30 08:18:28,SPY,764.2850000000001,,660.5,660,0,AVG,0,-27,,,660,-27,,,660,AVG-0,0,-27,,,660,-27,,,660,0,0,0,,,660,0,,,660,1,0,0,,,660,0,,,660,0,0,0,0,2026-09-30,2026-10-01
2026-09-30 08:18:28,SPY,764.2850000000001,,659.5,659,0,AVG,0,0,,,659,0,,,659,AVG-0,0,0,,,659,0,,,659,0,0,0,,,659,0,,,659,1,0,0,,,659,0,,,659,0,0,0,0,2026-09-30,2026-10-01
2026-09-30 08:18:28,SPY,764.2850000000001,,658.5,658,0,AVG,0,0,,,658,0,,,658,AVG-0,0,0,,,658,0,,,658,0,0,0,,,658,0,,,658,1,0,0,,,658,0,,,658,0,0,0,0,2026-09-30,2026-10-01
2026-09-30 08:18:28,SPY,764.2850000000001,,657.5,657,0,AVG,0,0,,,657,0,,,657,AVG-0,0,0,,,657,0,,,657,0,0,0,,,657,0,,,657,1,0,0,,,657,0,,,657,0,0,0,0,2026-09-30,2026-10-01
2026-09-30 08:18:28,SPY,764.2850000000001,,656.5,656,0,AVG,0,0,,,656,0,,,656,AVG-0,0,0,,,656,0,,,656,0,0,0,,,656,0,,,656,1,0,0,,,656,0,,,656,0,0,0,0,2026-09-30,2026-10-01
2026-09-30 08:18:28,SPY,764.2850000000001,,655.5,655,0,AVG,0,-12,,,655,-12,,,655,AVG-0,0,-12,,,655,-12,,,655,0,0,0,,,655,0,,,655,1,0,0,,,655,0,,,655,0,0,0,0,2026-09-30,2026-10-01
2026-09-30 08:18:28,SPY,764.2850000000001,,654.5,654,0,AVG,0,0,,,654,0,,,654,AVG-0,0,0,,,654,0,,,654,0,0,0,,,654,0,,,654,1,0,0,,,654,0,,,654,0,0,0,0,2026-09-30,2026-10-01
2026-09-30 08:18:28,SPY,764.2850000000001,,653.5,653,0,AVG,0,0,,,653,0,,,653,AVG-0,0,0,,,653,0,,,653,0,0,0,,,653,0,,,653,1,0,0,,,653,0,,,653,0,0,0,0,2026-09-30,2026-10-01
2026-09-30 08:18:28,SPY,764.2850000000001,,652.5,652,0,AVG,0,0,,,652,0,,,652,AVG-0,0,0,,,652,0,,,652,0,0,0,,,652,0,,,652,1,0,0,,,652,0,,,652,0,0,0,0,2026-09-30,2026-10-01
2026-09-30 08:18:28,SPY,764.2850000000001,,651.5,651,0,AVG,0,0,,,651,0,,,651,AVG-0,0,0,,,651,0,,,651,0,0,0,,,651,0,,,651,1,0,0,,,651,0,,,651,0,0,0,0,2026-09-30,2026-10-01
2026-09-30 08:18:28,SPY,764.2850000000001,,650.5,650,0,AVG,0,-15,,,650,-15,,,650,AVG-0,0,-15,,,650,-15,,,650,0,0,0,,,650,0,,,650,1,0,0,,,650,0,,,650,0,0,0,0,2026-09-30,2026-10-01
2026-09-30 08:18:28,SPY,764.2850000000001,,649.5,649,0,AVG,0,0,,,649,0,,,649,AVG-0,0,0,,,649,0,,,649,0,0,0,,,649,0,,,649,1,0,0,,,649,0,,,649,0,0,0,0,2026-09-30,2026-10-01
2026-09-30 08:18:28,SPY,764.2850000000001,,648.5,648,0,AVG,0,0,,,648,0,,,648,AVG-0,0,0,,,648,0,,,648,0,0,0,,,648,0,,,648,1,0,0,,,648,0,,,648,0,0,0,0,2026-09-30,2026-10-01
2026-09-30 08:18:28,SPY,764.2850000000001,,647.5,647,0,AVG,0,0,,,647,0,,,647,AVG-0,0,0,,,647,0,,,647,0,0,0,,,647,0,,,647,1,0,0,,,647,0,,,647,0,0,0,0,2026-09-30,2026-10-01
2026-09-30 08:18:28,SPY,764.2850000000001,,646.5,646,0,AVG,0,0,,,646,0,,,646,AVG-0,0,0,,,646,0,,,646,0,0,0,,,646,0,,,646,1,0,0,,,646,0,,,646,0,0,0,0,2026-09-30,2026-10-01
2026-09-30 08:18:28,SPY,764.2850000000001,,645.5,645,0,AVG,0,0,,,645,0,,,645,AVG-0,0,0,,,645,0,,,645,0,0,0,,,645,0,,,645,1,0,0,,,645,0,,,645,0,0,0,0,2026-09-30,2026-10-01
2026-09-30 08:18:28,SPY,764.2850000000001,,644.5,644,0,AVG,0,0,,,644,0,,,644,AVG-0,0,0,,,644,0,,,644,0,0,0,,,644,0,,,644,1,0,0,,,644,0,,,644,0,0,0,0,2026-09-30,2026-10-01
2026-09-30 08:18:28,SPY,764.2850000000001,,643.5,643,0,AVG,0,0,,,643,0,,,643,AVG-0,0,0,,,643,0,,,643,0,0,0,,,643,0,,,643,1,0,0,,,643,0,,,643,0,0,0,0,2026-09-30,2026-10-01
2026-09-30 08:18:28,SPY,764.2850000000001,,642.5,642,0,AVG,0,0,,,642,0,,,642,AVG-0,0,0,,,642,0,,,642,0,0,0,,,642,0,,,642,1,0,0,,,642,0,,,642,0,0,0,0,2026-09-30,2026-10-01
2026-09-30 08:18:28,SPY,764.2850000000001,,641.5,641,0,AVG,0,0,,,641,0,,,641,AVG-0,0,0,,,641,0,,,641,0,0,0,,,641,0,,,641,1,0,0,,,641,0,,,641,0,0,0,0,2026-09-30,2026-10-01
2026-09-30 08:18:28,SPY,764.2850000000001,,640.5,640,0,AVG,0,0,,,640,0,,,640,AVG-0,0,0,,,640,0,,,640,0,0,0,,,640,0,,,640,1,0,0,,,640,0,,,640,0,0,0,0,2026-09-30,2026-10-01
2026-09-30 08:18:28,SPY,764.2850000000001,,639.5,639,0,AVG,0,0,,,639,0,,,639,AVG-0,0,0,,,639,0,,,639,0,0,0,,,639,0,,,639,1,0,0,,,639,0,,,639,0,0,0,0,2026-09-30,2026-10-01
2026-09-30 08:18:28,SPY,764.2850000000001,,638.5,638,0,AVG,0,0,,,638,0,,,638,AVG-0,0,0,,,638,0,,,638,0,0,0,,,638,0,,,638,1,0,0,,,638,0,,,638,0,0,0,0,2026-09-30,2026-10-01
2026-09-30 08:18:28,SPY,764.2850000000001,,637.5,637,0,AVG,0,0,,,637,0,,,637,AVG-0,0,0,,,637,0,,,637,0,0,0,,,637,0,,,637,1,0,0,,,637,0,,,637,0,0,0,0,2026-09-30,2026-10-01
2026-09-30 08:18:28,SPY,764.2850000000001,,636.5,636,0,AVG,0,0,,,636,0,,,636,AVG-0,0,0,,,636,0,,,636,0,0,0,,,636,0,,,636,1,0,0,,,636,0,,,636,0,0,0,0,2026-09-30,2026-10-01
2026-09-30 08:18:28,SPY,764.2850000000001,,635.5,635,0,AVG,0,0,,,635,0,,,635,AVG-0,0,0,,,635,0,,,635,0,0,0,,,635,0,,,635,1,0,0,,,635,0,,,635,0,0,0,0,2026-09-30,2026-10-01
2026-09-30 08:18:28,SPY,764.2850000000001,,634.5,634,0,AVG,0,0,,,634,0,,,634,AVG-0,0,0,,,634,0,,,634,0,0,0,,,634,0,,,634,1,0,0,,,634,0,,,634,0,0,0,0,2026-09-30,2026-10-01
2026-09-30 08:18:28,SPY,764.2850000000001,,633.5,633,0,AVG,0,0,,,633,0,,,633,AVG-0,0,0,,,633,0,,,633,0,0,0,,,633,0,,,633,1,0,0,,,633,0,,,633,0,0,0,0,2026-09-30,2026-10-01
2026-09-30 08:18:28,SPY,764.2850000000001,,632.5,632,0,AVG,0,0,,,632,0,,,632,AVG-0,0,0,,,632,0,,,632,0,0,0,,,632,0,,,632,1,0,0,,,632,0,,,632,0,0,0,0,2026-09-30,2026-10-01
2026-09-30 08:18:28,SPY,764.2850000000001,,631.5,631,0,AVG,0,0,,,631,0,,,631,AVG-0,0,0,,,631,0,,,631,0,0,0,,,631,0,,,631,1,0,0,,,631,0,,,631,0,0,0,0,2026-09-30,2026-10-01
2026-09-30 08:18:28,SPY,764.2850000000001,,630.5,630,0,AVG,0,0,,,630,0,,,630,AVG-0,0,0,,,630,0,,,630,0,0,0,,,630,0,,,630,1,0,0,,,630,0,,,630,0,0,0,0,2026-09-30,2026-10-01
2026-09-30 08:18:28,SPY,764.2850000000001,,629.5,629,0,AVG,0,0,,,629,0,,,629,AVG-0,0,0,,,629,0,,,629,0,0,0,,,629,0,,,629,1,0,0,,,629,0,,,629,0,0,0,0,2026-09-30,2026-10-01
2026-09-30 08:18:28,SPY,764.2850000000001,,628.5,628,0,AVG,0,0,,,628,0,,,628,AVG-0,0,0,,,628,0,,,628,0,0,0,,,628,0,,,628,1,0,0,,,628,0,,,628,0,0,0,0,2026-09-30,2026-10-01
2026-09-30 08:18:28,SPY,764.2850000000001,,627.5,627,0,AVG,0,0,,,627,0,,,627,AVG-0,0,0,,,627,0,,,627,0,0,0,,,627,0,,,627,1,0,0,,,627,0,,,627,0,0,0,0,2026-09-30,2026-10-01
2026-09-30 08:18:28,SPY,764.2850000000001,,626.5,626,0,AVG,0,0,,,626,0,,,626,AVG-0,0,0,,,626,0,,,626,0,0,0,,,626,0,,,626,1,0,0,,,626,0,,,626,0,0,0,0,2026-09-30,2026-10-01
2026-09-30 08:18:28,SPY,764.2850000000001,,625.5,625,0,AVG,0,0,,,625,0,,,625,AVG-0,0,0,,,625,0,,,625,0,0,0,,,625,0,,,625,1,0,0,,,625,0,,,625,0,0,0,0,2026-09-30,2026-10-01
2026-09-30 08:18:28,SPY,764.2850000000001,,624.5,624,0,AVG,0,0,,,624,0,,,624,AVG-0,0,0,,,624,0,,,624,0,0,0,,,624,0,,,624,1,0,0,,,624,0,,,624,0,0,0,0,2026-09-30,2026-10-01
2026-09-30 08:18:28,SPY,764.2850000000001,,623.5,623,0,AVG,0,0,,,623,0,,,623,AVG-0,0,0,,,623,0,,,623,0,0,0,,,623,0,,,623,1,0,0,,,623,0,,,623,0,0,0,0,2026-09-30,2026-10-01
2026-09-30 08:18:28,SPY,764.2850000000001,,622.5,622,0,AVG,0,0,,,622,0,,,622,AVG-0,0,0,,,622,0,,,622,0,0,0,,,622,0,,,622,1,0,0,,,622,0,,,622,0,0,0,0,2026-09-30,2026-10-01
2026-09-30 08:18:28,SPY,764.2850000000001,,621.5,621,0,AVG,0,0,,,621,0,,,621,AVG-0,0,0,,,621,0,,,621,0,0,0,,,621,0,,,621,1,0,0,,,621,0,,,621,0,0,0,0,2026-09-30,2026-10-01
2026-09-30 08:18:28,SPY,764.2850000000001,,620.5,620,0,AVG,0,0,,,620,0,,,620,AVG-0,0,0,,,620,0,,,620,0,0,0,,,620,0,,,620,1,0,0,,,620,0,,,620,0,0,0,0,2026-09-30,2026-10-01
2026-09-30 08:18:28,SPY,764.2850000000001,,619.5,619,0,AVG,0,0,,,619,0,,,619,AVG-0,0,0,,,619,0,,,619,0,0,0,,,619,0,,,619,1,0,0,,,619,0,,,619,0,0,0,0,2026-09-30,2026-10-01
2026-09-30 08:18:28,SPY,764.2850000000001,,618.5,618,0,AVG,0,0,,,618,0,,,618,AVG-0,0,0,,,618,0,,,618,0,0,0,,,618,0,,,618,1,0,0,,,618,0,,,618,0,0,0,0,2026-09-30,2026-10-01
2026-09-30 08:18:28,SPY,764.2850000000001,,617.5,617,0,AVG,0,0,,,617,0,,,617,AVG-0,0,0,,,617,0,,,617,0,0,0,,,617,0,,,617,1,0,0,,,617,0,,,617,0,0,0,0,2026-09-30,2026-10-01
2026-09-30 08:18:28,SPY,764.2850000000001,,616.5,616,0,AVG,0,0,,,616,0,,,616,AVG-0,0,0,,,616,0,,,616,0,0,0,,,616,0,,,616,1,0,0,,,616,0,,,616,0,0,0,0,2026-09-30,2026-10-01
2026-09-30 08:18:28,SPY,764.2850000000001,,615.5,615,0,AVG,0,0,,,615,0,,,615,AVG-0,0,0,,,615,0,,,615,0,0,0,,,615,0,,,615,1,0,0,,,615,0,,,615,0,0,0,0,2026-09-30,2026-10-01
2026-09-30 08:18:28,SPY,764.2850000000001,,614.5,614,0,AVG,0,0,,,614,0,,,614,AVG-0,0,0,,,614,0,,,614,0,0,0,,,614,0,,,614,1,0,0,,,614,0,,,614,0,0,0,0,2026-09-30,2026-10-01
2026-09-30 08:18:28,SPY,764.2850000000001,,613.5,613,0,AVG,0,0,,,613,0,,,613,AVG-0,0,0,,,613,0,,,613,0,0,0,,,613,0,,,613,1,0,0,,,613,0,,,613,0,0,0,0,2026-09-30,2026-10-01
2026-09-30 08:18:28,SPY,764.2850000000001,,612.5,612,0,AVG,0,0,,,612,0,,,612,AVG-0,0,0,,,612,0,,,612,0,0,0,,,612,0,,,612,1,0,0,,,612,0,,,612,0,0,0,0,2026-09-30,2026-10-01
2026-09-30 08:18:28,SPY,764.2850000000001,,611.5,611,0,AVG,0,0,,,611,0,,,611,AVG-0,0,0,,,611,0,,,611,0,0,0,,,611,0,,,611,1,0,0,,,611,0,,,611,0,0,0,0,2026-09-30,2026-10-01
2026-09-30 08:18:28,SPY,764.2850000000001,,610.5,610,0,AVG,0,0,,,610,0,,,610,AVG-0,0,0,,,610,0,,,610,0,0,0,,,610,0,,,610,1,0,0,,,610,0,,,610,0,0,0,0,2026-09-30,2026-10-01
2026-09-30 08:18:28,SPY,764.2850000000001,,609.5,609,0,AVG,0,0,,,609,0,,,609,AVG-0,0,0,,,609,0,,,609,0,0,0,,,609,0,,,609,1,0,0,,,609,0,,,609,0,0,0,0,2026-09-30,2026-10-01
2026-09-30 08:18:28,SPY,764.2850000000001,,608.5,608,0,AVG,0,0,,,608,0,,,608,AVG-0,0,0,,,608,0,,,608,0,0,0,,,608,0,,,608,1,0,0,,,608,0,,,608,0,0,0,0,2026-09-30,2026-10-01
2026-09-30 08:18:28,SPY,764.2850000000001,,607.5,607,0,AVG,0,0,,,607,0,,,607,AVG-0,0,0,,,607,0,,,607,0,0,0,,,607,0,,,607,1,0,0,,,607,0,,,607,0,0,0,0,2026-09-30,2026-10-01
2026-09-30 08:18:28,SPY,764.2850000000001,,606.5,606,0,AVG,0,0,,,606,0,,,606,AVG-0,0,0,,,606,0,,,606,0,0,0,,,606,0,,,606,1,0,0,,,606,0,,,606,0,0,0,0,2026-09-30,2026-10-01
2026-09-30 08:18:28,SPY,764.2850000000001,,605.5,605,0,AVG,0,0,,,605,0,,,605,AVG-0,0,0,,,605,0,,,605,0,0,0,,,605,0,,,605,1,0,0,,,605,0,,,605,0,0,0,0,2026-09-30,2026-10-01
2026-09-30 08:18:28,SPY,764.2850000000001,,604.5,604,0,AVG,0,0,,,604,0,,,604,AVG-0,0,0,,,604,0,,,604,0,0,0,,,604,0,,,604,1,0,0,,,604,0,,,604,0,0,0,0,2026-09-30,2026-10-01
2026-09-30 08:18:28,SPY,764.2850000000001,,603.5,603,0,AVG,0,0,,,603,0,,,603,AVG-0,0,0,,,603,0,,,603,0,0,0,,,603,0,,,603,1,0,0,,,603,0,,,603,0,0,0,0,2026-09-30,2026-10-01
2026-09-30 08:18:28,SPY,764.2850000000001,,602.5,602,0,AVG,0,0,,,602,0,,,602,AVG-0,0,0,,,602,0,,,602,0,0,0,,,602,0,,,602,1,0,0,,,602,0,,,602,0,0,0,0,2026-09-30,2026-10-01
2026-09-30 08:18:28,SPY,764.2850000000001,,601.5,601,0,AVG,0,0,,,601,0,,,601,AVG-0,0,0,,,601,0,,,601,0,0,0,,,601,0,,,601,1,0,0,,,601,0,,,601,0,0,0,0,2026-09-30,2026-10-01
2026-09-30 08:18:28,SPY,764.2850000000001,,600.5,600,0,AVG,0,0,,,600,0,,,600,AVG-0,0,0,,,600,0,,,600,0,0,0,,,600,0,,,600,1,0,0,,,600,0,,,600,0,0,0,0,2026-09-30,2026-10-01
2026-09-30 08:18:28,SPY,764.2850000000001,,599.5,599,0,AVG,0,0,,,599,0,,,599,AVG-0,0,0,,,599,0,,,599,0,0,0,,,599,0,,,599,1,0,0,,,599,0,,,599,0,0,0,0,2026-09-30,2026-10-01
2026-09-30 08:18:28,SPY,764.2850000000001,,598.5,598,0,AVG,0,0,,,598,0,,,598,AVG-0,0,0,,,598,0,,,598,0,0,0,,,598,0,,,598,1,0,0,,,598,0,,,598,0,0,0,0,2026-09-30,2026-10-01
2026-09-30 08:18:28,SPY,764.2850000000001,,597.5,597,0,AVG,0,0,,,597,0,,,597,AVG-0,0,0,,,597,0,,,597,0,0,0,,,597,0,,,597,1,0,0,,,597,0,,,597,0,0,0,0,2026-09-30,2026-10-01
2026-09-30 08:18:28,SPY,764.2850000000001,,596.5,596,0,AVG,0,0,,,596,0,,,596,AVG-0,0,0,,,596,0,,,596,0,0,0,,,596,0,,,596,1,0,0,,,596,0,,,596,0,0,0,0,2026-09-30,2026-10-01
2026-09-30 08:18:28,SPY,764.2850000000001,,595.5,595,0,AVG,0,0,,,595,0,,,595,AVG-0,0,0,,,595,0,,,595,0,0,0,,,595,0,,,595,1,0,0,,,595,0,,,595,0,0,0,0,2026-09-30,2026-10-01
2026-09-30 08:18:28,SPY,764.2850000000001,,594.5,594,0,AVG,0,0,,,594,0,,,594,AVG-0,0,0,,,594,0,,,594,0,0,0,,,594,0,,,594,1,0,0,,,594,0,,,594,0,0,0,0,2026-09-30,2026-10-01
2026-09-30 08:18:28,SPY,764.2850000000001,,592,590,0,AVG,0,0,,,590,0,,,590,AVG-0,0,0,,,590,0,,,590,0,0,0,,,590,0,,,590,1,0,0,,,590,0,,,590,0,0,0,0,2026-09-30,2026-10-01
2026-09-30 08:18:28,SPY,764.2850000000001,,587.5,585,0,AVG,0,0,,,585,0,,,585,AVG-0,0,0,,,585,0,,,585,0,0,0,,,585,0,,,585,1,0,0,,,585,0,,,585,0,0,0,0,2026-09-30,2026-10-01
2026-09-30 08:18:28,SPY,764.2850000000001,,582.5,580,0,AVG,0,0,,,580,0,,,580,AVG-0,0,0,,,580,0,,,580,0,0,0,,,580,0,,,580,1,0,0,,,580,0,,,580,0,0,0,0,2026-09-30,2026-10-01
2026-09-30 08:18:28,SPY,764.2850000000001,,577.5,575,0,AVG,0,0,,,575,0,,,575,AVG-0,0,0,,,575,0,,,575,0,0,0,,,575,0,,,575,1,0,0,,,575,0,,,575,0,0,0,0,2026-09-30,2026-10-01
2026-09-30 08:18:28,SPY,764.2850000000001,,572.5,570,0,AVG,0,0,,,570,0,,,570,AVG-0,0,0,,,570,0,,,570,0,0,0,,,570,0,,,570,1,0,0,,,570,0,,,570,0,0,0,0,2026-09-30,2026-10-01
2026-09-30 08:18:28,SPY,764.2850000000001,,567.5,565,0,AVG,0,0,,,565,0,,,565,AVG-0,0,0,,,565,0,,,565,0,0,0,,,565,0,,,565,1,0,0,,,565,0,,,565,0,0,0,0,2026-09-30,2026-10-01
2026-09-30 08:18:28,SPY,764.2850000000001,,562.5,560,0,AVG,0,0,,,560,0,,,560,AVG-0,0,0,,,560,0,,,560,0,0,0,,,560,0,,,560,1,0,0,,,560,0,,,560,0,0,0,0,2026-09-30,2026-10-01
2026-09-30 08:18:28,SPY,764.2850000000001,,557.5,555,0,AVG,0,0,,,555,0,,,555,AVG-0,0,0,,,555,0,,,555,0,0,0,,,555,0,,,555,1,0,0,,,555,0,,,555,0,0,0,0,2026-09-30,2026-10-01
2026-09-30 08:18:28,SPY,764.2850000000001,,552.5,550,0,AVG,0,0,,,550,0,,,550,AVG-0,0,0,,,550,0,,,550,0,0,0,,,550,0,,,550,1,0,0,,,550,0,,,550,0,0,0,0,2026-09-30,2026-10-01
2026-09-30 08:18:28,SPY,764.2850000000001,,547.5,545,0,AVG,0,0,,,545,0,,,545,AVG-0,0,0,,,545,0,,,545,0,0,0,,,545,0,,,545,1,0,0,,,545,0,,,545,0,0,0,0,2026-09-30,2026-10-01
2026-09-30 08:18:28,SPY,764.2850000000001,,542.5,540,0,AVG,0,0,,,540,0,,,540,AVG-0,0,0,,,540,0,,,540,0,0,0,,,540,0,,,540,1,0,0,,,540,0,,,540,0,0,0,0,2026-09-30,2026-10-01
2026-09-30 08:18:28,SPY,764.2850000000001,,537.5,535,0,AVG,0,0,,,535,0,,,535,AVG-0,0,0,,,535,0,,,535,0,0,0,,,535,0,,,535,1,0,0,,,535,0,,,535,0,0,0,0,2026-09-30,2026-10-01
2026-09-30 08:18:28,SPY,764.2850000000001,,532.5,530,0,AVG,0,0,,,530,0,,,530,AVG-0,0,0,,,530,0,,,530,0,0,0,,,530,0,,,530,1,0,0,,,530,0,,,530,0,0,0,0,2026-09-30,2026-10-01
2026-09-30 08:18:28,SPY,764.2850000000001,,527.5,525,0,AVG,0,0,,,525,0,,,525,AVG-0,0,0,,,525,0,,,525,0,0,0,,,525,0,,,525,1,0,0,,,525,0,,,525,0,0,0,0,2026-09-30,2026-10-01
2026-09-30 08:18:28,SPY,764.2850000000001,,522.5,520,0,AVG,0,0,,,520,0,,,520,AVG-0,0,0,,,520,0,,,520,0,0,0,,,520,0,,,520,1,0,0,,,520,0,,,520,0,0,0,0,2026-09-30,2026-10-01
2026-09-30 08:18:28,SPY,764.2850000000001,,517.5,515,0,AVG,0,0,,,515,0,,,515,AVG-0,0,0,,,515,0,,,515,0,0,0,,,515,0,,,515,1,0,0,,,515,0,,,515,0,0,0,0,2026-09-30,2026-10-01
2026-09-30 08:18:28,SPY,764.2850000000001,,512.5,510,0,AVG,0,0,,,510,0,,,510,AVG-0,0,0,,,510,0,,,510,0,0,0,,,510,0,,,510,1,0,0,,,510,0,,,510,0,0,0,0,2026-09-30,2026-10-01
2026-09-30 08:18:28,SPY,764.2850000000001,,507.5,505,0,AVG,0,0,,,505,0,,,505,AVG-0,0,0,,,505,0,,,505,0,0,0,,,505,0,,,505,1,0,0,,,505,0,,,505,0,0,0,0,2026-09-30,2026-10-01
2026-09-30 08:18:28,SPY,764.2850000000001,,502.5,500,0,AVG,0,0,,,500,0,,,500,AVG-0,0,0,,,500,0,,,500,0,0,0,,,500,0,,,500,1,0,0,,,500,0,,,500,0,0,0,0,2026-09-30,2026-10-01
2026-09-30 08:18:28,SPY,764.2850000000001,,497.5,495,0,AVG,0,0,,,495,0,,,495,AVG-0,0,0,,,495,0,,,495,0,0,0,,,495,0,,,495,1,0,0,,,495,0,,,495,0,0,0,0,2026-09-30,2026-10-01
2026-09-30 08:18:28,SPY,764.2850000000001,,492.5,490,0,AVG,0,0,,,490,0,,,490,AVG-0,0,0,,,490,0,,,490,0,0,0,,,490,0,,,490,1,0,0,,,490,0,,,490,0,0,0,0,2026-09-30,2026-10-01
2026-09-30 08:18:28,SPY,764.2850000000001,,487.5,485,0,AVG,0,0,,,485,0,,,485,AVG-0,0,0,,,485,0,,,485,0,0,0,,,485,0,,,485,1,0,0,,,485,0,,,485,0,0,0,0,2026-09-30,2026-10-01
2026-09-30 08:18:28,SPY,764.2850000000001,,482.5,480,0,AVG,0,0,,,480,0,,,480,AVG-0,0,0,,,480,0,,,480,0,0,0,,,480,0,,,480,1,0,0,,,480,0,,,480,0,0,0,0,2026-09-30,2026-10-01
2026-09-30 08:18:28,SPY,764.2850000000001,,477.5,475,0,AVG,0,0,,,475,0,,,475,AVG-0,0,0,,,475,0,,,475,0,0,0,,,475,0,,,475,1,0,0,,,475,0,,,475,0,0,0,0,2026-09-30,2026-10-01
2026-09-30 08:18:28,SPY,764.2850000000001,,472.5,470,0,AVG,0,0,,,470,0,,,470,AVG-0,0,0,,,470,0,,,470,0,0,0,,,470,0,,,470,1,0,0,,,470,0,,,470,0,0,0,0,2026-09-30,2026-10-01
2026-09-30 08:18:28,SPY,764.2850000000001,,467.5,465,0,AVG,0,0,,,465,0,,,465,AVG-0,0,0,,,465,0,,,465,0,0,0,,,465,0,,,465,1,0,0,,,465,0,,,465,0,0,0,0,2026-09-30,2026-10-01
2026-09-30 08:18:28,SPY,764.2850000000001,,462.5,460,0,AVG,0,0,,,460,0,,,460,AVG-0,0,0,,,460,0,,,460,0,0,0,,,460,0,,,460,1,0,0,,,460,0,,,460,0,0,0,0,2026-09-30,2026-10-01
2026-09-30 08:18:28,SPY,764.2850000000001,,457.5,455,0,AVG,0,0,,,455,0,,,455,AVG-0,0,0,,,455,0,,,455,0,0,0,,,455,0,,,455,1,0,0,,,455,0,,,455,0,0,0,0,2026-09-30,2026-10-01
2026-09-30 08:18:28,SPY,764.2850000000001,,452.5,450,0,AVG,0,0,,,450,0,,,450,AVG-0,0,0,,,450,0,,,450,0,0,0,,,450,0,,,450,1,0,0,,,450,0,,,450,0,0,0,0,2026-09-30,2026-10-01
2026-09-30 08:18:28,SPY,764.2850000000001,,447.5,445,0,AVG,0,0,,,445,0,,,445,AVG-0,0,0,,,445,0,,,445,0,0,0,,,445,0,,,445,1,0,0,,,445,0,,,445,0,0,0,0,2026-09-30,2026-10-01
2026-09-30 08:18:28,SPY,764.2850000000001,,442.5,440,0,AVG,0,0,,,440,0,,,440,AVG-0,0,0,,,440,0,,,440,0,0,0,,,440,0,,,440,1,0,0,,,440,0,,,440,0,0,0,0,2026-09-30,2026-10-01
2026-09-30 08:18:28,SPY,764.2850000000001,,437.5,435,0,AVG,0,0,,,435,0,,,435,AVG-0,0,0,,,435,0,,,435,0,0,0,,,435,0,,,435,1,0,0,,,435,0,,,435,0,0,0,0,2026-09-30,2026-10-01
2026-09-30 08:18:28,SPY,764.2850000000001,,432.5,430,0,AVG,0,0,,,430,0,,,430,AVG-0,0,0,,,430,0,,,430,0,0,0,,,430,0,,,430,1,0,0,,,430,0,,,430,0,0,0,0,2026-09-30,2026-10-01
2026-09-30 08:18:28,SPY,764.2850000000001,,427.5,425,0,AVG,0,0,,,425,0,,,425,AVG-0,0,0,,,425,0,,,425,0,0,0,,,425,0,,,425,1,0,0,,,425,0,,,425,0,0,0,0,2026-09-30,2026-10-01
2026-09-30 08:18:28,SPY,764.2850000000001,,422.5,420,0,AVG,0,0,,,420,0,,,420,AVG-0,0,0,,,420,0,,,420,0,0,0,,,420,0,,,420,1,0,0,,,420,0,,,420,0,0,0,0,2026-09-30,2026-10-01
2026-09-30 08:18:28,SPY,764.2850000000001,,417.5,415,0,AVG,0,0,,,415,0,,,415,AVG-0,0,0,,,415,0,,,415,0,0,0,,,415,0,,,415,1,0,0,,,415,0,,,415,0,0,0,0,2026-09-30,2026-10-01
2026-09-30 08:18:28,SPY,764.2850000000001,,412.5,410,0,AVG,0,0,,,410,0,,,410,AVG-0,0,0,,,410,0,,,410,0,0,0,,,410,0,,,410,1,0,0,,,410,0,,,410,0,0,0,0,2026-09-30,2026-10-01
2026-09-30 08:18:28,SPY,764.2850000000001,,407.5,405,0,AVG,0,0,,,405,0,,,405,AVG-0,0,0,,,405,0,,,405,0,0,0,,,405,0,,,405,1,0,0,,,405,0,,,405,0,0,0,0,2026-09-30,2026-10-01
2026-09-30 08:18:28,SPY,764.2850000000001,,402.5,400,0,AVG,0,0,,,400,0,,,400,AVG-0,0,0,,,400,0,,,400,0,0,0,,,400,0,,,400,1,0,0,,,400,0,,,400,0,0,0,0,2026-09-30,2026-10-01
2026-09-30 08:18:28,SPY,764.2850000000001,,397.5,395,0,AVG,0,0,,,395,0,,,395,AVG-0,0,0,,,395,0,,,395,0,0,0,,,395,0,,,395,1,0,0,,,395,0,,,395,0,0,0,0,2026-09-30,2026-10-01
2026-09-30 08:18:28,SPY,764.2850000000001,,392.5,390,0,AVG,0,0,,,390,0,,,390,AVG-0,0,0,,,390,0,,,390,0,0,0,,,390,0,,,390,1,0,0,,,390,0,,,390,0,0,0,0,2026-09-30,2026-10-01
2026-09-30 08:18:28,SPY,764.2850000000001,,387.5,385,0,AVG,0,0,,,385,0,,,385,AVG-0,0,0,,,385,0,,,385,0,0,0,,,385,0,,,385,1,0,0,,,385,0,,,385,0,0,0,0,2026-09-30,2026-10-01
2026-09-30 08:18:28,SPY,764.2850000000001,,382.5,380,0,AVG,0,0,,,380,0,,,380,AVG-0,0,0,,,380,0,,,380,0,0,0,,,380,0,,,380,1,0,0,,,380,0,,,380,0,0,0,0,2026-09-30,2026-10-01
2026-09-30 08:18:28,SPY,764.2850000000001,,377.5,375,0,AVG,0,0,,,375,0,,,375,AVG-0,0,0,,,375,0,,,375,0,0,0,,,375,0,,,375,1,0,0,,,375,0,,,375,0,0,0,0,2026-09-30,2026-10-01
2026-09-30 08:18:28,SPY,764.2850000000001,,372.5,370,0,AVG,0,0,,,370,0,,,370,AVG-0,0,0,,,370,0,,,370,0,0,0,,,370,0,,,370,1,0,0,,,370,0,,,370,0,0,0,0,2026-09-30,2026-10-01
2026-09-30 08:18:28,SPY,764.2850000000001,,367.5,365,0,AVG,0,0,,,365,0,,,365,AVG-0,0,0,,,365,0,,,365,0,0,0,,,365,0,,,365,1,0,0,,,365,0,,,365,0,0,0,0,2026-09-30,2026-10-01
2026-09-30 08:18:28,SPY,764.2850000000001,,362.5,360,0,AVG,0,0,,,360,0,,,360,AVG-0,0,0,,,360,0,,,360,0,0,0,,,360,0,,,360,1,0,0,,,360,0,,,360,0,0,0,0,2026-09-30,2026-10-01
2026-09-30 08:18:28,SPY,764.2850000000001,,357.5,355,0,AVG,0,0,,,355,0,,,355,AVG-0,0,0,,,355,0,,,355,0,0,0,,,355,0,,,355,1,0,0,,,355,0,,,355,0,0,0,0,2026-09-30,2026-10-01
2026-09-30 08:18:28,SPY,764.2850000000001,,352.5,350,0,AVG,0,0,,,350,0,,,350,AVG-0,0,0,,,350,0,,,350,0,0,0,,,350,0,,,350,1,0,0,,,350,0,,,350,0,0,0,0,2026-09-30,2026-10-01
2026-09-30 08:18:28,SPY,764.2850000000001,,347.5,345,0,AVG,0,0,,,345,0,,,345,AVG-0,0,0,,,345,0,,,345,0,0,0,,,345,0,,,345,1,0,0,,,345,0,,,345,0,0,0,0,2026-09-30,2026-10-01
2026-09-30 08:18:28,SPY,764.2850000000001,,342.5,340,0,AVG,0,0,,,340,0,,,340,AVG-0,0,0,,,340,0,,,340,0,0,0,,,340,0,,,340,1,0,0,,,340,0,,,340,0,0,0,0,2026-09-30,2026-10-01
2026-09-30 08:18:28,SPY,764.2850000000001,,337.5,335,0,AVG,0,0,,,335,0,,,335,AVG-0,0,0,,,335,0,,,335,0,0,0,,,335,0,,,335,1,0,0,,,335,0,,,335,0,0,0,0,2026-09-30,2026-10-01
2026-09-30 08:18:28,SPY,764.2850000000001,,332.5,330,0,AVG,0,0,,,330,0,,,330,AVG-0,0,0,,,330,0,,,330,0,0,0,,,330,0,,,330,1,0,0,,,330,0,,,330,0,0,0,0,2026-09-30,2026-10-01
2026-09-30 08:18:28,SPY,764.2850000000001,,327.5,325,0,AVG,0,0,,,325,0,,,325,AVG-0,0,0,,,325,0,,,325,0,0,0,,,325,0,,,325,1,0,0,,,325,0,,,325,0,0,0,0,2026-09-30,2026-10-01
2026-09-30 08:18:28,SPY,764.2850000000001,,322.5,320,0,AVG,0,0,,,320,0,,,320,AVG-0,0,0,,,320,0,,,320,0,0,0,,,320,0,,,320,1,0,0,,,320,0,,,320,0,0,0,0,2026-09-30,2026-10-01
2026-09-30 08:18:28,SPY,764.2850000000001,,317.5,315,0,AVG,0,0,,,315,0,,,315,AVG-0,0,0,,,315,0,,,315,0,0,0,,,315,0,,,315,1,0,0,,,315,0,,,315,0,0,0,0,2026-09-30,2026-10-01
2026-09-30 08:18:28,SPY,764.2850000000001,,312.5,310,0,AVG,0,0,,,310,0,,,310,AVG-0,0,0,,,310,0,,,310,0,0,0,,,310,0,,,310,1,0,0,,,310,0,,,310,0,0,0,0,2026-09-30,2026-10-01
2026-09-30 08:18:28,SPY,764.2850000000001,,307.5,305,0,AVG,0,0,,,305,0,,,305,AVG-0,0,0,,,305,0,,,305,0,0,0,,,305,0,,,305,1,0,0,,,305,0,,,305,0,0,0,0,2026-09-30,2026-10-01
2026-09-30 08:18:28,SPY,764.2850000000001,,302.5,300,0,AVG,0,0,,,300,0,,,300,AVG-0,0,0,,,300,0,,,300,0,0,0,,,300,0,,,300,1,0,0,,,300,0,,,300,0,0,0,0,2026-09-30,2026-10-01
2026-09-30 08:18:28,VIX,16.19,,,200,0,AVG,0,0,,,200,0,,,200,AVG-0,0,0,,,200,0,,,200,0,0,0,,,200,0,,,200,1,0,0,,,200,0,,,200,0,0,0,0,2026-09-30,2026-10-07
2026-09-30 08:18:28,VIX,16.19,,195,190,0,AVG,0,0,,,190,0,,,190,AVG-0,0,0,,,190,0,,,190,0,0,0,,,190,0,,,190,1,0,0,,,190,0,,,190,0,0,0,0,2026-09-30,2026-10-07
2026-09-30 08:18:28,VIX,16.19,,185,180,0,AVG,0,3,,,180,3,,,180,AVG-0,0,3,,,180,3,,,180,0,0,0,,,180,0,,,180,1,0,0,,,180,0,,,180,0,0,0,0,2026-09-30,2026-10-07
2026-09-30 08:18:28,VIX,16.19,,175,170,0,AVG,0,0,,,170,0,,,170,AVG-0,0,0,,,170,0,,,170,0,0,0,,,170,0,,,170,1,0,0,,,170,0,,,170,0,0,0,0,2026-09-30,2026-10-07
2026-09-30 08:18:28,VIX,16.19,,165,160,0,AVG,0,0,,,160,0,,,160,AVG-0,0,0,,,160,0,,,160,0,0,0,,,160,0,,,160,1,0,0,,,160,0,,,160,0,0,0,0,2026-09-30,2026-10-07
2026-09-30 08:18:28,VIX,16.19,,155,150,0,AVG,0,0,,,150,0,,,150,AVG-0,0,0,,,150,0,,,150,0,0,0,,,150,0,,,150,1,0,0,,,150,0,,,150,0,0,0,0,2026-09-30,2026-10-07
2026-09-30 08:18:28,VIX,16.19,,145,140,0,AVG,0,4,,,140,4,,,140,AVG-0,0,4,,,140,4,,,140,0,0,0,,,140,0,,,140,1,0,0,,,140,0,,,140,0,0,0,0,2026-09-30,2026-10-07
2026-09-30 08:18:28,VIX,16.19,,135,130,0,AVG,0,0,,,130,0,,,130,AVG-0,0,0,,,130,0,,,130,0,0,0,,,130,0,,,130,1,0,0,,,130,0,,,130,0,0,0,0,2026-09-30,2026-10-07
2026-09-30 08:18:28,VIX,16.19,,125,120,0,AVG,0,1,,,120,1,,,120,AVG-0,0,1,,,120,1,,,120,0,0,0,,,120,0,,,120,1,0,0,,,120,0,,,120,0,0,0,0,2026-09-30,2026-10-07
2026-09-30 08:18:28,VIX,16.19,,115,110,0,AVG,0,0,,,110,0,,,110,AVG-0,0,0,,,110,0,,,110,0,0,0,,,110,0,,,110,1,0,0,,,110,0,,,110,0,0,0,0,2026-09-30,2026-10-07
2026-09-30 08:18:28,VIX,16.19,,105,100,0,AVG,0,3310,,,100,3310,,,100,AVG-0,0,3310,,,100,3310,,,100,0,0,0,,,100,0,,,100,1,0,0,,,100,0,,,100,0,0,0,0,2026-09-30,2026-10-07
2026-09-30 08:18:28,VIX,16.19,,97.5,95,0,AVG,0,40,,,95,40,,,95,AVG-0,0,40,,,95,40,,,95,0,0,0,,,95,0,,,95,1,0,0,,,95,0,,,95,0,0,0,0,2026-09-30,2026-10-07
2026-09-30 08:18:28,VIX,16.19,,92.5,90,0,AVG,0,105,,,90,105,,,90,AVG-0,0,105,,,90,105,,,90,0,0,0,,,90,0,,,90,1,0,0,,,90,0,,,90,0,0,0,0,2026-09-30,2026-10-07
2026-09-30 08:18:28,VIX,16.19,,87.5,85,0,AVG,0,264,,,85,264,,,85,AVG-0,0,264,,,85,264,,,85,0,0,0,,,85,0,,,85,1,0,0,,,85,0,,,85,0,0,0,0,2026-09-30,2026-10-07
2026-09-30 08:18:28,VIX,16.19,,82.5,80,0,AVG,0,131,,,80,131,,,80,AVG-0,0,131,,,80,131,,,80,0,0,0,,,80,0,,,80,1,0,0,,,80,0,,,80,0,0,0,0,2026-09-30,2026-10-07
2026-09-30 08:18:28,VIX,16.19,,77.5,75,0,AVG,0,154,,,75,154,,,75,AVG-0,0,154,,,75,154,,,75,0,0,0,,,75,0,,,75,1,0,0,,,75,0,,,75,0,0,0,0,2026-09-30,2026-10-07
2026-09-30 08:18:28,VIX,16.19,,72.5,70,0,AVG,0,1068,,,70,1068,,,70,AVG-0,0,1068,,,70,1068,,,70,0,0,0,,,70,0,,,70,1,0,0,,,70,0,,,70,0,0,0,0,2026-09-30,2026-10-07
2026-09-30 08:18:28,VIX,16.19,,67.5,65,0,AVG,0,1707,,,65,1707,,,65,AVG-0,0,1707,,,65,1707,,,65,0,0,0,,,65,0,,,65,1,0,0,,,65,0,,,65,0,0,0,0,2026-09-30,2026-10-07
2026-09-30 08:18:28,VIX,16.19,,62.5,60,0,AVG,0,2109,,,60,2109,,,60,AVG-0,0,2109,,,60,2109,,,60,0,0,0,,,60,0,,,60,1,0,0,,,60,0,,,60,0,0,0,0,2026-09-30,2026-10-07
2026-09-30 08:18:28,VIX,16.19,,57.5,55,0,AVG,0,4442,,,55,4442,,,55,AVG-0,0,4442,,,55,4442,,,55,0,0,0,,,55,0,,,55,1,0,0,,,55,0,,,55,0,0,0,0,2026-09-30,2026-10-07
2026-09-30 08:18:28,VIX,16.19,,52.5,50,0,AVG,1.6969999999999998,7547,,,50,7547,,,50,AVG-0,1.6969999999999998,7547,,,50,7547,,,50,0,0,0,,,50,0,,,50,1,0,0,,,50,0,,,50,0,0,0,0,2026-09-30,2026-10-07
2026-09-30 08:18:28,VIX,16.19,,48.75,47.5,0,AVG,0,2489,,,47.5,2489,,,47.5,AVG-0,0,2489,,,47.5,2489,,,47.5,0,0,0,,,47.5,0,,,47.5,1,0,0,,,47.5,0,,,47.5,0,0,0,0,2026-09-30,2026-10-07
2026-09-30 08:18:28,VIX,16.19,,46.25,45,0,AVG,0,5990,,,45,5990,,,45,AVG-0,0,5990,,,45,5990,,,45,0,0,0,,,45,0,,,45,1,0,0,,,45,0,,,45,0,0,0,0,2026-09-30,2026-10-07
2026-09-30 08:18:28,VIX,16.19,,43.75,42.5,0,AVG,0,872,,,42.5,872,,,42.5,AVG-0,0,872,,,42.5,872,,,42.5,0,0,0,,,42.5,0,,,42.5,1,0,0,,,42.5,0,,,42.5,0,0,0,0,2026-09-30,2026-10-07
2026-09-30 08:18:28,VIX,16.19,,41.25,40,0,AVG,0.6247,30798,,,40,30798,,,40,AVG-0,0.6247,30798,,,40,30798,,,40,0,0,0,,,40,0,,,40,1,0,0,,,40,0,,,40,0,0,0,0,2026-09-30,2026-10-07
2026-09-30 08:18:28,VIX,16.19,,39.5,39,0,AVG,0,679,,,39,679,,,39,AVG-0,0,679,,,39,679,,,39,0,0,0,,,39,0,,,39,1,0,0,,,39,0,,,39,0,0,0,0,2026-09-30,2026-10-07
2026-09-30 08:18:28,VIX,16.19,,38.5,38,0,AVG,0,2735,,,38,2735,,,38,AVG-0,0,2735,,,38,2735,,,38,0,0,0,,,38,0,,,38,1,0,0,,,38,0,,,38,0,0,0,0,2026-09-30,2026-10-07
2026-09-30 08:18:28,VIX,16.19,,37.5,37,0,AVG,0.2244,7853,,,37,7853,,,37,AVG-0,0.2244,7853,,,37,7853,,,37,0,0,0,,,37,0,,,37,1,0,0,,,37,0,,,37,0,0,0,0,2026-09-30,2026-10-07
2026-09-30 08:18:28,VIX,16.19,,36.5,36,0,AVG,0,1611,,,36,1611,,,36,AVG-0,0,1611,,,36,1611,,,36,0,0,0,,,36,0,,,36,1,0,0,,,36,0,,,36,0,0,0,0,2026-09-30,2026-10-07
2026-09-30 08:18:28,VIX,16.19,,35.5,35,0,AVG,0,75376,,,35,75376,,,35,AVG-0,0,75376,,,35,75376,,,35,0,0,0,,,35,0,,,35,1,0,0,,,35,0,,,35,0,0,0,0,2026-09-30,2026-10-07
2026-09-30 08:18:28,VIX,16.19,,34.5,34,0,AVG,0,24134,,,34,24134,,,34,AVG-0,0,24134,,,34,24134,,,34,0,0,0,,,34,0,,,34,1,0,0,,,34,0,,,34,0,0,0,0,2026-09-30,2026-10-07
2026-09-30 08:18:28,VIX,16.19,,33.5,33,0,AVG,0,17517,,,33,17517,,,33,AVG-0,0,17517,,,33,17517,,,33,0,0,0,,,33,0,,,33,1,0,0,,,33,0,,,33,0,0,0,0,2026-09-30,2026-10-07
2026-09-30 08:18:28,VIX,16.19,,32.5,32,0,AVG,0,20207,,,32,20207,,,32,AVG-0,0,20207,,,32,20207,,,32,0,0,0,,,32,0,,,32,1,0,0,,,32,0,,,32,0,0,0,0,2026-09-30,2026-10-07
2026-09-30 08:18:28,VIX,16.19,,31.5,31,0,AVG,0,34461,,,31,34461,,,31,AVG-0,0,34461,,,31,34461,,,31,0,0,0,,,31,0,,,31,1,0,0,,,31,0,,,31,0,0,0,0,2026-09-30,2026-10-07
2026-09-30 08:18:28,VIX,16.19,,30.5,30,0,AVG,0.20885,169223,,,30,169223,,,30,AVG-0,0.20885,169223,,,30,169223,,,30,0,0,0,,,30,0,,,30,1,0,0,,,30,0,,,30,0,0,0,0,2026-09-30,2026-10-07
2026-09-30 08:18:28,VIX,16.19,,29.5,29,0,AVG,0,16459,,,29,16459,,,29,AVG-0,0,16459,,,29,16459,,,29,0,0,0,,,29,0,,,29,1,0,2,,,29,2,,,29,0,0,0,0,2026-09-30,2026-10-07
2026-09-30 08:18:28,VIX,16.19,,28.5,28,0,AVG,0,39083,,,28,39083,,,28,AVG-0,0,39083,,,28,39083,,,28,0,0,0,,,28,0,,,28,1,0,2,,,28,2,,,28,0,0,0,0,2026-09-30,2026-10-07
2026-09-30 08:18:28,VIX,16.19,,27.5,27,0,AVG,0,69177,,,27,69177,,,27,AVG-0,0,69177,,,27,69177,,,27,0,0,0,,,27,0,,,27,1,0,0,,,27,0,,,27,0,0,0,0,2026-09-30,2026-10-07
2026-09-30 08:18:28,VIX,16.19,,26.5,26,0,AVG,0.34488,33090,,,26,33089,,,26,AVG-0,0.34488,33090,,,26,33089,,,26,0,0,0,,,26,0,,,26,1,0,3,,,26,3,,,26,0,0,0,0,2026-09-30,2026-10-07
2026-09-30 08:18:28,VIX,16.19,,25.5,25,0,AVG,6.8112200000000005,223552,,,25,223538,,,25,AVG-0,6.8112200000000005,223552,,,25,223538,,,25,0,0,0,,,25,0,,,25,1,0,28,,,25,28,,,25,0,0,0,0,2026-09-30,2026-10-07
2026-09-30 08:18:28,VIX,16.19,,24.75,24.5,0,AVG,0,1927,,,24.5,1927,,,24.5,AVG-0,0,1927,,,24.5,1927,,,24.5,0,0,0,,,24.5,0,,,24.5,1,0,0,,,24.5,0,,,24.5,0,0,0,0,2026-09-30,2026-10-07
2026-09-30 08:18:28,VIX,16.19,,24.25,24,0,AVG,0,111162,,,24,111162,,,24,AVG-0,0,111162,,,24,111162,,,24,0,0,0,,,24,0,,,24,1,0,13,,,24,13,,,24,0,0,0,0,2026-09-30,2026-10-07
2026-09-30 08:18:28,VIX,16.19,,23.75,23.5,0,AVG,0.33336,16990,,,23.5,16989,,,23.5,AVG-0,0.33336,16990,,,23.5,16989,,,23.5,0,0,0,,,23.5,0,,,23.5,1,0,0,,,23.5,0,,,23.5,0,0,0,0,2026-09-30,2026-10-07
2026-09-30 08:18:28,VIX,16.19,,23.25,23,0,AVG,0.72768,58299,,,23,58297,,,23,AVG-0,0.72768,58299,,,23,58297,,,23,0,0,0,,,23,0,,,23,1,0,88,,,23,88,,,23,0,0,0,0,2026-09-30,2026-10-07
2026-09-30 08:18:28,VIX,16.19,,22.75,22.5,0,AVG,0,9862,,,22.5,9862,,,22.5,AVG-0,0,9862,,,22.5,9862,,,22.5,0,0,0,,,22.5,0,,,22.5,1,0,0,,,22.5,0,,,22.5,0,0,0,0,2026-09-30,2026-10-07
2026-09-30 08:18:28,VIX,16.19,,22.25,22,0,AVG,-0.72386,302628,,5,22,302628,,5,22,AVG-0,-0.72386,302628,,5,22,302628,,5,22,0,0,0,,,22,0,,,22,1,0,207,,,22,207,,,22,0,0,0,0,2026-09-30,2026-10-07
2026-09-30 08:18:28,VIX,16.19,,21.75,21.5,0,AVG,0,12288,,,21.5,12288,,,21.5,AVG-0,0,12288,,,21.5,12288,,,21.5,0,0,0,,,21.5,0,,,21.5,1,0,0,,,21.5,0,,,21.5,0,0,0,0,2026-09-30,2026-10-07
2026-09-30 08:18:28,VIX,16.19,,21.25,21,0,AVG,0.31179,172883,,,21,172882,,,21,AVG-0,0.31179,172883,,,21,172882,,,21,0,0,0,,,21,0,,,21,1,0,271,,,21,271,,,21,0,0,0,0,2026-09-30,2026-10-07
2026-09-30 08:18:28,VIX,16.19,,20.75,20.5,0,AVG,0.33515,-1947,,,20.5,-1948,,,20.5,AVG-0,0.33515,-1947,,,20.5,-1948,,,20.5,0,0,0,,,20.5,0,,,20.5,1,0,0,,,20.5,0,,,20.5,0,0,0,0,2026-09-30,2026-10-07
2026-09-30 08:18:28,VIX,16.19,,20.25,20,0,AVG,11.23083,585612,+,2,20,585580,+,2,20,AVG-0,11.23083,585612,+,1,20,585580,+,1,20,0,0,0,,,20,0,,,20,1,0,2025,,4,20,2025,,4,20,0,0,0,0,2026-09-30,2026-10-07
2026-09-30 08:18:28,VIX,16.19,,19.75,19.5,0,AVG,0.38775,628,*,,19.5,626,*,,19.5,AVG-0,0.38775,628,*,,19.5,626,*,,19.5,0,0,0,,,19.5,0,,,19.5,1,0,0,,,19.5,0,,,19.5,0,0,0,0,2026-09-30,2026-10-07
2026-09-30 08:18:28,VIX,16.19,,19.25,19,0,AVG,-44.46793,21544,*,,19,21659,*,,19,AVG-0,-44.46793,21544,*,,19,21659,*,,19,0,0,0,,,19,0,,,19,1,0,1291,,,19,1291,,,19,0,0,0,0,2026-09-30,2026-10-07
2026-09-30 08:18:28,VIX,16.19,,18.75,18.5,0,AVG,0,3485,*,,18.5,3485,*,,18.5,AVG-0,0,3485,M,,18.5,3485,M,,18.5,0,0,0,,,18.5,0,,,18.5,1,0,0,,,18.5,0,,,18.5,0,0,0,0,2026-09-30,2026-10-07
2026-09-30 08:18:28,VIX,16.19,,18.25,18,0,AVG,0.4422400000000004,-188735,M,,18,-188739,M,,18,AVG-0,0.4422400000000004,-188783,*,,18,-188787,*,,18,0,0,48,,4,18,48,,4,18,1,2.3252,1809,,5,18,1798,,5,18,0,0,0,0,2026-09-30,2026-10-07
2026-09-30 08:18:28,VIX,16.19,,17.75,17.5,0,AVG,1.85655,-113749,*,,17.5,-113753,*,,17.5,AVG-0,1.85655,-113749,*,,17.5,-113753,*,,17.5,0,0,0,,,17.5,0,,,17.5,1,0,0,,,17.5,0,,,17.5,0,0,0,0,2026-09-30,2026-10-07
2026-09-30 08:18:28,VIX,16.19,,17.25,17,0,AVG,4.35785,-513810,*,3,17,-513822,*,3,17,AVG-0,4.35785,-523640,-,2,17,-523652,-,2,17,0,0,9830,+,2,17,9830,+,2,17,1,0,3855,+,2,17,3855,+,2,17,0,0,0,0,2026-09-30,2026-10-07
2026-09-30 08:18:28,VIX,16.19,,16.75,16.5,0,AVG,0.70922,-229244,*,,16.5,-229245,*,,16.5,AVG-0,0.70922,-229244,,,16.5,-229245,,,16.5,0,0,0,*,,16.5,0,*,,16.5,1,0,0,*,,16.5,0,*,,16.5,0,0,0,0,2026-09-30,2026-10-07
2026-09-30 08:18:28,VIX,16.19,CURR,16.25,16,0,AVG,6.55477,-612238,-,1,16,-612230,-,1,16,AVG-0,6.55477,-518318,,3,16,-518310,,3,16,0,0,-93920,M-,1,16,-93920,M-,1,16,1,-0.90292,-3792,*,3,N/N,-3780,*,3,N/N,0,0,0,0,2026-09-30,2026-10-07
2026-09-30 08:18:28,VIX,16.19,,15.75,15.5,0,AVG,0.86366,-150200,,,15.5,-150202,,,15.5,AVG-0,0.86366,-150200,,,15.5,-150202,,,15.5,0,0,0,,,15.5,0,,,15.5,1,0,0,M,,15.5,0,M,,15.5,0,0,0,0,2026-09-30,2026-10-07
2026-09-30 08:18:28,VIX,16.19,,15.25,15,0,AVG,7.340170000000001,-311847,,4,15,-311826,,4,15,AVG-0,7.340170000000001,-306732,,4,15,-306711,,4,15,0,0,-5115,,3,15,-5115,,3,15,1,-0.8272999999999999,-22464,-,1,N/N,-22439,-,1,N/N,0,0,0,0,2026-09-30,2026-10-07
2026-09-30 08:18:28,VIX,16.19,,14.75,14.5,0,AVG,0,-55230,,,14.5,-55230,,,14.5,AVG-0,0,-55257,,,14.5,-55257,,,14.5,0,0,27,,5,14.5,27,,5,14.5,1,0,-105,,,14.5,-105,,,14.5,0,0,0,0,2026-09-30,2026-10-07
2026-09-30 08:18:28,VIX,16.19,,14.25,14,0,AVG,0,-20048,,,14,-20048,,,14,AVG-0,0,-20048,,,14,-20048,,,14,0,0,0,,,14,0,,,14,1,0,-58,,,14,-58,,,14,0,0,0,0,2026-09-30,2026-10-07
2026-09-30 08:18:28,VIX,16.19,,13.75,13.5,0,AVG,0,-9760,,,13.5,-9760,,,13.5,AVG-0,0,-9760,,,13.5,-9760,,,13.5,0,0,0,,,13.5,0,,,13.5,1,0,128,,,13.5,128,,,13.5,0,0,0,0,2026-09-30,2026-10-07
2026-09-30 08:18:28,VIX,16.19,,13.25,13,0,AVG,0,-29390,,,13,-29390,,,13,AVG-0,0,-29390,,,13,-29390,,,13,0,0,0,,,13,0,,,13,1,0,-19,,,13,-19,,,13,0,0,0,0,2026-09-30,2026-10-07
2026-09-30 08:18:28,VIX,16.19,,12.75,12.5,0,AVG,0,-2462,,,12.5,-2462,,,12.5,AVG-0,0,-2462,,,12.5,-2462,,,12.5,0,0,0,,,12.5,0,,,12.5,1,0,0,,,12.5,0,,,12.5,0,0,0,0,2026-09-30,2026-10-07
2026-09-30 08:18:28,VIX,16.19,,12.25,12,0,AVG,0,-626,,,12,-626,,,12,AVG-0,0,-626,,,12,-626,,,12,0,0,0,,,12,0,,,12,1,0,-2,,,12,-2,,,12,0,0,0,0,2026-09-30,2026-10-07
2026-09-30 08:18:28,VIX,16.19,,11.75,11.5,0,AVG,0,-123,,,11.5,-123,,,11.5,AVG-0,0,-123,,,11.5,-123,,,11.5,0,0,0,,,11.5,0,,,11.5,1,0,0,,,11.5,0,,,11.5,0,0,0,0,2026-09-30,2026-10-07
2026-09-30 08:18:28,VIX,16.19,,11.25,11,0,AVG,0,-83,,,11,-83,,,11,AVG-0,0,-83,,,11,-83,,,11,0,0,0,,,11,0,,,11,1,0,0,,,11,0,,,11,0,0,0,0,2026-09-30,2026-10-07
2026-09-30 08:18:28,VIX,16.19,,10.75,10.5,0,AVG,0,-165,,,10.5,-165,,,10.5,AVG-0,0,-165,,,10.5,-165,,,10.5,0,0,0,,,10.5,0,,,10.5,1,0,0,,,10.5,0,,,10.5,0,0,0,0,2026-09-30,2026-10-07
2026-09-30 08:18:28,VIX,16.19,,10.25,10,0,AVG,0,618,,,10,618,,,10,AVG-0,0,618,,,10,618,,,10,0,0,0,,,10,0,,,10,1,0,0,,,10,0,,,10,0,0,0,0,2026-09-30,2026-10-07
