TICKER,DATE,EVENT_TYPE,ITEMS,DESCRIPTION,URL
A,2026-06-25,Material Agreement,"1.01,2.03,9.01",8-K,https://www.sec.gov/Archives/edgar/data/1090872/000119312526282845/d75293d8k.htm
A,2026-05-27,Earnings Release,"2.02,5.02,9.01",8-K,https://www.sec.gov/Archives/edgar/data/1090872/000109087226000052/a-20260520.htm
A,2026-05-04,Executive/Board Change,"5.02,7.01,9.01",8-K,https://www.sec.gov/Archives/edgar/data/1090872/000119312526202636/a-20260504.htm
A,2026-04-03,8-K: Other Material Event,"5.01,9.01",8-K,https://www.sec.gov/Archives/edgar/data/1090872/000119312526142101/a-20260331.htm
A,2026-03-20,Bylaws/Fiscal Year Change,"5.03,5.07,9.01",8-K,https://www.sec.gov/Archives/edgar/data/1090872/000119312526117614/a-20260318.htm
A,2026-03-06,Executive/Board Change,"5.02,9.01",8-K,https://www.sec.gov/Archives/edgar/data/1090872/000119312526096487/a-20260305.htm
A,2026-02-25,Earnings Release,"2.02,9.01",8-K,https://www.sec.gov/Archives/edgar/data/1090872/000109087226000015/a-20260225.htm
AA,2026-07-16,Earnings Release,"2.02,9.01",8-K,https://www.sec.gov/Archives/edgar/data/1675149/000119312526306118/aa-20260716.htm
AA,2026-07-02,Material Agreement,"1.01,8.01,9.01",FORM 8-K,https://www.sec.gov/Archives/edgar/data/1675149/000095010326010155/dp249367_8k-mc.htm
AA,2026-07-01,Investor Presentation / Reg FD Disclosure,"7.01,9.01",FORM 8-K,https://www.sec.gov/Archives/edgar/data/1675149/000095010326009899/dp249366_8k-pr.htm
AA,2026-05-11,Executive/Board Change,"5.02,5.07,9.01",8-K,https://www.sec.gov/Archives/edgar/data/1675149/000119312526216915/aa-20260506.htm
AA,2026-05-04,Material Agreement,"1.01,2.03,9.01",8-K,https://www.sec.gov/Archives/edgar/data/1675149/000119312526203996/d15759d8k.htm
AA,2026-04-16,Earnings Release,"2.02,9.01",8-K,https://www.sec.gov/Archives/edgar/data/1675149/000119312526159018/aa-20260416.htm
AA,2026-04-14,Other Material Event,"8.01,9.01",8-K,https://www.sec.gov/Archives/edgar/data/1675149/000119312526154986/d106551d8k.htm
AAL,2026-07-23,Earnings Release,"2.02,7.01,9.01",8-K 07.23.26 EARNINGS RELEASE AND INVESTOR PRESENTATION,https://www.sec.gov/Archives/edgar/data/6201/000000620126000051/aal-20260723.htm
AAL,2026-07-15,Executive/Board Change,"5.02,7.01,9.01",8-K 07.15.2026 NEW DIRECTOR,https://www.sec.gov/Archives/edgar/data/6201/000000620126000046/aal-20260715.htm
AAL,2026-06-16,Executive/Board Change,"5.02,7.01,9.01",8-K 06.14.26,https://www.sec.gov/Archives/edgar/data/6201/000000620126000044/aal-20260614.htm
AAL,2026-06-10,Executive/Board Change,"5.02,5.07,9.01",8-K 06.10.26 2026 ANNUAL MEETING,https://www.sec.gov/Archives/edgar/data/6201/000000620126000039/aal-20260610.htm
AAL,2026-05-29,Material Agreement,"1.01,2.03,9.01",8-K,https://www.sec.gov/Archives/edgar/data/6201/000119312526248886/d118984d8k.htm
AAL,2026-04-23,Earnings Release,"2.02,7.01,9.01",8-K 04.23.26 EARNINGS RELEASE AND INVESTOR PRESENTATION,https://www.sec.gov/Archives/edgar/data/6201/000000620126000031/aal-20260423.htm
AAL,2026-04-20,Investor Presentation / Reg FD Disclosure,"7.01,9.01",8-K,https://www.sec.gov/Archives/edgar/data/6201/000119312526162119/d357173d8k.htm
AAL,2026-03-24,Executive/Board Change,"5.02,7.01,9.01",8-K 03.24.2026 NEW DIRECTOR,https://www.sec.gov/Archives/edgar/data/6201/000000620126000023/aal-20260324.htm
AAOI,2026-08-06,Earnings Release,"2.02,9.01",CURRENT REPORT,https://www.sec.gov/Archives/edgar/data/1158114/000168316826006055/aaoi_8k.htm
AAOI,2026-07-01,Material Agreement,"1.01,2.03,9.01",FORM 8-K,https://www.sec.gov/Archives/edgar/data/1158114/000168316826005221/aaoi_8k.htm
AAOI,2026-06-16,Material Agreement,"1.01,2.03,9.01",FORM 8-K,https://www.sec.gov/Archives/edgar/data/1158114/000168316826004885/aaoi_8k.htm
AAOI,2026-06-05,Executive/Board Change,"5.02,5.07,9.01",FORM 8-K,https://www.sec.gov/Archives/edgar/data/1158114/000168316826004596/aaoi_8k.htm
AAOI,2026-05-14,Material Agreement,"1.01,9.01",FORM 8-K,https://www.sec.gov/Archives/edgar/data/1158114/000110465926061168/tm2614157d2_8k.htm
AAOI,2026-05-13,Material Agreement,"1.01,2.03,9.01",FORM 8-K,https://www.sec.gov/Archives/edgar/data/1158114/000168316826003817/aaoi_8k.htm
AAOI,2026-05-08,8-K: Other Material Event,"4.01,9.01",FORM 8-K,https://www.sec.gov/Archives/edgar/data/1158114/000168316826003572/aaoi_8k.htm
AAOI,2026-05-07,Earnings Release,"2.02,9.01",FORM 8-K,https://www.sec.gov/Archives/edgar/data/1158114/000168316826003562/aaoi_8k.htm
AAP,2026-08-20,Earnings Release,"2.02,9.01",8-K,https://www.sec.gov/Archives/edgar/data/1158449/000119312526357755/aap-20260820.htm
AAP,2026-06-26,Executive/Board Change,"5.02,9.01",8-K,https://www.sec.gov/Archives/edgar/data/1158449/000119312526285423/aap-20260624.htm
AAP,2026-05-22,8-K: Other Material Event,"5.07,9.01",8-K,https://www.sec.gov/Archives/edgar/data/1158449/000119312526236815/aap-20260520.htm
AAP,2026-05-21,Earnings Release,"2.02,9.01",8-K,https://www.sec.gov/Archives/edgar/data/1158449/000119312526233346/aap-20260521.htm
AAP,2026-03-10,Executive/Board Change,"5.02,7.01,9.01",8-K,https://www.sec.gov/Archives/edgar/data/1158449/000119312526100177/aap-20260309.htm
AAPL,2026-07-30,Earnings Release,"2.02,9.01",8-K,https://www.sec.gov/Archives/edgar/data/320193/000032019326000018/aapl-20260730.htm
AAPL,2026-04-30,Earnings Release,"2.02,9.01",8-K,https://www.sec.gov/Archives/edgar/data/320193/000032019326000011/aapl-20260430.htm
AAPL,2026-04-20,Executive/Board Change,5.02,8-K,https://www.sec.gov/Archives/edgar/data/320193/000114036126015711/ef20071035_8k.htm
AAPL,2026-02-24,8-K: Other Material Event,"5.07,9.01",8-K,https://www.sec.gov/Archives/edgar/data/320193/000114036126006577/ef20060722_8k.htm
ABBV,2026-08-18,Other Material Event,"8.01,9.01",FORM 8-K,https://www.sec.gov/Archives/edgar/data/1551152/000110465926098367/tm2623337d1_8k.htm
ABBV,2026-08-05,Other Material Event,"8.01,9.01",FORM 8-K,https://www.sec.gov/Archives/edgar/data/1551152/000110465926091269/tm2621452d4_8k.htm
ABBV,2026-07-31,Earnings Release,"2.02,9.01",8-K,https://www.sec.gov/Archives/edgar/data/1551152/000155115226000023/abbv-20260731.htm
ABBV,2026-07-06,Earnings Release,"2.02,9.01",8-K,https://www.sec.gov/Archives/edgar/data/1551152/000155115226000021/abbv-20260706.htm
ABBV,2026-06-22,Investor Presentation / Reg FD Disclosure,"7.01,9.01",FORM 8-K,https://www.sec.gov/Archives/edgar/data/1551152/000110465926076067/tm2618365d1_8k.htm
ABBV,2026-05-12,8-K: Other Material Event,5.07,FORM 8-K,https://www.sec.gov/Archives/edgar/data/1551152/000110465926059484/tm2614276d1_8k.htm
ABBV,2026-04-29,Earnings Release,"2.02,9.01",8-K,https://www.sec.gov/Archives/edgar/data/1551152/000155115226000013/abbv-20260429.htm
ABBV,2026-04-03,Earnings Release,"2.02,9.01",8-K,https://www.sec.gov/Archives/edgar/data/1551152/000155115226000011/abbv-20260403.htm
ABNB,2026-08-06,Earnings Release,"2.02,9.01",8-K,https://www.sec.gov/Archives/edgar/data/1559720/000119312526337928/d70413d8k.htm
ABNB,2026-06-11,8-K: Other Material Event,5.07,8-K,https://www.sec.gov/Archives/edgar/data/1559720/000155972026000018/abnb-20260605.htm
ABNB,2026-05-07,Earnings Release,"2.02,9.01",8-K,https://www.sec.gov/Archives/edgar/data/1559720/000119312526211816/d23351d8k.htm
ABNB,2026-03-16,Material Agreement,"1.01,2.03,8.01,9.01",8-K,https://www.sec.gov/Archives/edgar/data/1559720/000119312526108514/d106317d8k.htm
ABT,2026-08-20,Investor Presentation / Reg FD Disclosure,"7.01,8.01,9.01",FORM 8-K,https://www.sec.gov/Archives/edgar/data/1800/000110465926099247/tm2623675d1_8k.htm
ABT,2026-07-16,Earnings Release,"2.02,9.01",8-K,https://www.sec.gov/Archives/edgar/data/1800/000162828026048377/abt-20260716.htm
ABT,2026-04-27,Executive/Board Change,"5.02,5.03,5.07,9.01",FORM 8-K,https://www.sec.gov/Archives/edgar/data/1800/000110465926049434/tm2612318d1_8k.htm
ABT,2026-04-17,Other Material Event,"8.01,9.01",FORM 8-K,https://www.sec.gov/Archives/edgar/data/1800/000110465926044892/tm2611915d1_8k.htm
ABT,2026-04-16,Earnings Release,"2.02,9.01",8-K,https://www.sec.gov/Archives/edgar/data/1800/000162828026025365/abt-20260416.htm
ABT,2026-03-23,Other Material Event,"8.01,9.01",FORM 8-K,https://www.sec.gov/Archives/edgar/data/1800/000110465926033079/tm268709d2_8k.htm
ABT,2026-03-09,Material Agreement,"1.01,2.03,9.01",FORM 8-K,https://www.sec.gov/Archives/edgar/data/1800/000110465926025240/tm264905d8_8k.htm
ABT,2026-02-26,Material Agreement,"1.01,9.01",FORM 8-K,https://www.sec.gov/Archives/edgar/data/1800/000110465926020509/tm264905d7_8k.htm
ACHR,2026-08-18,Other Material Event,"3.02,8.01",8-K,https://www.sec.gov/Archives/edgar/data/1824502/000182450226000063/achr-20260818.htm
ACHR,2026-08-10,Earnings Release,"2.02,9.01",8-K,https://www.sec.gov/Archives/edgar/data/1824502/000182450226000056/achr-20260810.htm
ACHR,2026-08-10,Material Agreement,"1.01,3.02,7.01,9.01",FORM 8-K,https://www.sec.gov/Archives/edgar/data/1824502/000110465926093056/tm2622394d1_8k.htm
ACHR,2026-06-30,8-K: Other Material Event,5.07,8-K,https://www.sec.gov/Archives/edgar/data/1824502/000182450226000046/achr-20260626.htm
ACHR,2026-05-14,Other Material Event,"8.01,9.01",8-K,https://www.sec.gov/Archives/edgar/data/1824502/000182450226000042/achr-20260514.htm
ACHR,2026-05-11,Earnings Release,"2.02,9.01",8-K,https://www.sec.gov/Archives/edgar/data/1824502/000182450226000035/achr-20260511.htm
ACHR,2026-03-19,Executive/Board Change,5.02,8-K,https://www.sec.gov/Archives/edgar/data/1824502/000182450226000027/achr-20260313.htm
ACHR,2026-03-12,Investor Presentation / Reg FD Disclosure,7.01,8-K,https://www.sec.gov/Archives/edgar/data/1824502/000182450226000024/achr-20260309.htm
ACN,2026-07-10,Other Material Event,"8.01,9.01",8-K,https://www.sec.gov/Archives/edgar/data/1467373/000119312526300813/d181172d8k.htm
ACN,2026-06-23,Investor Presentation / Reg FD Disclosure,"7.01,9.01",8-K,https://www.sec.gov/Archives/edgar/data/1467373/000146737326000035/acn-20260623.htm
ACN,2026-06-18,Earnings Release,"2.02,9.01",8-K,https://www.sec.gov/Archives/edgar/data/1467373/000146737326000031/acn-20260618.htm
ACN,2026-04-24,Material Agreement,"1.01,1.02,2.03,9.01",8-K,https://www.sec.gov/Archives/edgar/data/1467373/000146737326000019/acn-20260422.htm
ACN,2026-03-19,Earnings Release,"2.02,9.01",8-K,https://www.sec.gov/Archives/edgar/data/1467373/000146737326000013/acn-20260319.htm
AD,2026-08-07,Earnings Release,"2.02,9.01",8-K,https://www.sec.gov/Archives/edgar/data/821130/000082113026000045/ad-20260807.htm
AD,2026-06-01,Acquisition/Disposition of Assets,"2.01,8.01,9.01",8-K,https://www.sec.gov/Archives/edgar/data/821130/000082113026000040/ad-20260601.htm
AD,2026-05-21,8-K: Other Material Event,5.07,8-K,https://www.sec.gov/Archives/edgar/data/821130/000082113026000038/ad-20260519.htm
AD,2026-05-08,Earnings Release,"2.02,9.01",8-K,https://www.sec.gov/Archives/edgar/data/821130/000082113026000034/ad-20260508.htm
AD,2026-05-08,Other Material Event,"8.01,9.01",8-K,https://www.sec.gov/Archives/edgar/data/821130/000082113026000033/ad-20260508.htm
AD,2026-03-24,Executive/Board Change,"5.02,9.01",8-K,https://www.sec.gov/Archives/edgar/data/821130/000082113026000018/ad-20260322.htm
ADAM,2026-08-14,Other Material Event,"8.01,9.01",FORM 8-K,https://www.sec.gov/Archives/edgar/data/1273685/000110465926097101/tm2623199d2_8k.htm
ADAM,2026-08-12,Other Material Event,"8.01,9.01",FORM 8-K,https://www.sec.gov/Archives/edgar/data/1273685/000110465926094556/tm2622924d1_8k.htm
ADAM,2026-08-11,Investor Presentation / Reg FD Disclosure,"7.01,8.01,9.01",8-K,https://www.sec.gov/Archives/edgar/data/1273685/000127368526000071/nymt-20260811.htm
ADAM,2026-07-29,Earnings Release,"2.02,7.01,9.01",8-K,https://www.sec.gov/Archives/edgar/data/1273685/000127368526000067/nymt-20260729.htm
ADAM,2026-06-12,Other Material Event,"8.01,9.01",FORM 8-K,https://www.sec.gov/Archives/edgar/data/1273685/000110465926073212/tm2617546d2_8k.htm
ADAM,2026-06-11,Executive/Board Change,"5.02,5.07,8.01,9.01",8-K,https://www.sec.gov/Archives/edgar/data/1273685/000127368526000048/nymt-20260611.htm
ADAM,2026-04-29,Earnings Release,"2.02,7.01,9.01",8-K,https://www.sec.gov/Archives/edgar/data/1273685/000127368526000043/nymt-20260429.htm
ADAM,2026-03-19,Other Material Event,"8.01,9.01",8-K,https://www.sec.gov/Archives/edgar/data/1273685/000127368526000032/nymt-20260319.htm
ADBE,2026-07-17,Executive/Board Change,5.02,8-K,https://www.sec.gov/Archives/edgar/data/796343/000079634326000120/adbe-20260714.htm
ADBE,2026-06-11,Earnings Release,"2.02,5.02,9.01",8-K,https://www.sec.gov/Archives/edgar/data/796343/000079634326000109/adbe-20260608.htm
ADBE,2026-04-21,Executive/Board Change,"5.02,5.07,8.01,9.01",8-K,https://www.sec.gov/Archives/edgar/data/796343/000079634326000101/adbe-20260415.htm
ADBE,2026-03-12,Earnings Release,"2.02,5.02,7.01,9.01",8-K,https://www.sec.gov/Archives/edgar/data/796343/000079634326000048/adbe-20260309.htm
ADP,2026-07-29,Earnings Release,"2.02,9.01",8-K,https://www.sec.gov/Archives/edgar/data/8670/000000867026000025/adp-20260729.htm
ADP,2026-06-26,Material Agreement,"1.01,2.03,9.01",FORM 8-K,https://www.sec.gov/Archives/edgar/data/8670/000095014226001884/eh260799361_8k.htm
ADP,2026-05-07,Material Agreement,"1.01,8.01,9.01",8-K,https://www.sec.gov/Archives/edgar/data/8670/000119312526212131/d932558d8k.htm
ADP,2026-04-29,Earnings Release,"2.02,9.01",8-K,https://www.sec.gov/Archives/edgar/data/8670/000000867026000016/adp-20260429.htm
ADSK,2026-08-03,Other Material Event,8.01,CURRENT REPORT,https://www.sec.gov/Archives/edgar/data/769397/000121390026084276/ea0300009-8k_autodesk.htm
ADSK,2026-07-13,Other Material Event,8.01,CURRENT REPORT,https://www.sec.gov/Archives/edgar/data/769397/000121390026077574/ea0296272-8k_autodesk.htm
ADSK,2026-06-18,Bylaws/Fiscal Year Change,"5.03,5.07,9.01",8-K,https://www.sec.gov/Archives/edgar/data/769397/000076939726000050/adsk-20260617.htm
ADSK,2026-06-15,Material Agreement,"1.01,2.03,9.01",CURRENT REPORT,https://www.sec.gov/Archives/edgar/data/769397/000121390026068533/ea0294709-8k_autodesk.htm
ADSK,2026-05-28,Earnings Release,"2.02,7.01,9.01",8-K,https://www.sec.gov/Archives/edgar/data/769397/000076939726000041/adsk-20260528.htm
ADSK,2026-05-28,Material Agreement,"1.01,7.01,9.01",CURRENT REPORT,https://www.sec.gov/Archives/edgar/data/769397/000121390026062125/ea0292483-8k_autodesk.htm
ADSK,2026-04-24,Executive/Board Change,"5.02,9.01",8-K,https://www.sec.gov/Archives/edgar/data/769397/000076939726000024/adsk-20260420.htm
ADSK,2026-02-26,Earnings Release,"2.02,7.01,9.01",8-K,https://www.sec.gov/Archives/edgar/data/769397/000076939726000010/adsk-20260226.htm
AFRM,2026-06-25,Material Agreement,"1.01,5.02,9.01",8-K,https://www.sec.gov/Archives/edgar/data/1820953/000162828026045491/afrm-20260618.htm
AFRM,2026-05-07,Earnings Release,"2.02,9.01",8-K,https://www.sec.gov/Archives/edgar/data/1820953/000162828026032105/afrm-20260507.htm
AGX,2026-08-04,Other Material Event,"8.01,9.01",8-K,https://www.sec.gov/Archives/edgar/data/100591/000110465926090398/agx-20260804x8k.htm
AGX,2026-06-10,Other Material Event,"5.07,8.01,9.01",8-K,https://www.sec.gov/Archives/edgar/data/100591/000110465926072358/agx-20260610x8k.htm
AGX,2026-06-04,Earnings Release,"2.02,9.01",8-K,https://www.sec.gov/Archives/edgar/data/100591/000110465926070517/agx-20260604x8k.htm
AGX,2026-04-08,Other Material Event,"8.01,9.01",8-K,https://www.sec.gov/Archives/edgar/data/100591/000110465926040901/agx-20260408x8k.htm
AGX,2026-03-26,Earnings Release,"2.02,9.01",8-K,https://www.sec.gov/Archives/edgar/data/100591/000110465926035201/agx-20260326x8k.htm
AIG,2026-08-06,Earnings Release,"2.02,8.01,9.01",8-K,https://www.sec.gov/Archives/edgar/data/5272/000000527226000072/aig-20260806.htm
AIG,2026-05-14,Executive/Board Change,"5.02,5.07,9.01",8-K,https://www.sec.gov/Archives/edgar/data/5272/000000527226000066/aig-20260513.htm
AIG,2026-04-30,Earnings Release,"2.02,8.01,9.01",8-K,https://www.sec.gov/Archives/edgar/data/5272/000000527226000048/aig-20260430.htm
AIG,2026-04-27,Executive/Board Change,"5.02,9.01",8-K,https://www.sec.gov/Archives/edgar/data/5272/000000527226000042/aig-20260427.htm
AIG,2026-03-16,Executive/Board Change,5.02,8-K,https://www.sec.gov/Archives/edgar/data/5272/000000527226000032/aig-20260310.htm
AKAM,2026-08-06,Earnings Release,"2.02,9.01",8-K,https://www.sec.gov/Archives/edgar/data/1086222/000108622226000083/akam-20260806.htm
AKAM,2026-05-22,Material Agreement,"1.01,2.03,3.02,8.01,9.01",8-K,https://www.sec.gov/Archives/edgar/data/1086222/000119312526237084/d144441d8k.htm
AKAM,2026-05-20,Other Material Event,"8.01,9.01",8-K,https://www.sec.gov/Archives/edgar/data/1086222/000119312526231745/d227940d8k.htm
AKAM,2026-05-18,Material Agreement,"1.01,2.03,8.01,9.01",8-K,https://www.sec.gov/Archives/edgar/data/1086222/000119312526228949/d123781d8k.htm
AKAM,2026-05-13,Executive/Board Change,"5.02,5.03,5.07,9.01",8-K,https://www.sec.gov/Archives/edgar/data/1086222/000108622226000064/akam-20260513.htm
AKAM,2026-05-07,Earnings Release,"2.02,9.01",8-K,https://www.sec.gov/Archives/edgar/data/1086222/000108622226000054/akam-20260507.htm
ALAB,2026-08-04,Earnings Release,"2.02,9.01",8-K,https://www.sec.gov/Archives/edgar/data/1736297/000173629726000033/alab-20260804.htm
ALAB,2026-06-08,8-K: Other Material Event,5.07,8-K,https://www.sec.gov/Archives/edgar/data/1736297/000173629726000027/alab-20260604.htm
ALAB,2026-05-05,Earnings Release,"2.02,9.01",8-K,https://www.sec.gov/Archives/edgar/data/1736297/000173629726000017/alab-20260505.htm
ALGN,2026-07-29,Investor Presentation / Reg FD Disclosure,"7.01,9.01",8-K,https://www.sec.gov/Archives/edgar/data/1097149/000109714926000056/algn-20260729.htm
ALGN,2026-07-29,Earnings Release,"2.02,9.01",8-K,https://www.sec.gov/Archives/edgar/data/1097149/000109714926000054/algn-20260729.htm
ALGN,2026-07-09,Executive/Board Change,5.02,8-K,https://www.sec.gov/Archives/edgar/data/1097149/000109714926000050/algn-20260706.htm
ALGN,2026-06-22,Executive/Board Change,"5.02,7.01,9.01",8-K,https://www.sec.gov/Archives/edgar/data/1097149/000109714926000048/algn-20260617.htm
ALGN,2026-05-20,8-K: Other Material Event,"5.07,9.01",8-K,https://www.sec.gov/Archives/edgar/data/1097149/000109714926000042/algn-20260520.htm
ALGN,2026-05-01,Investor Presentation / Reg FD Disclosure,"7.01,9.01",8-K,https://www.sec.gov/Archives/edgar/data/1097149/000109714926000036/algn-20260430.htm
ALGN,2026-04-29,Earnings Release,"2.02,9.01",8-K,https://www.sec.gov/Archives/edgar/data/1097149/000109714926000033/algn-20260429.htm
ALGN,2026-02-26,Bylaws/Fiscal Year Change,"5.03,9.01",8-K,https://www.sec.gov/Archives/edgar/data/1097149/000109714926000010/algn-20260224.htm
AMAT,2026-08-13,Earnings Release,"2.02,9.01",8-K,https://www.sec.gov/Archives/edgar/data/6951/000162828026056699/amat-20260813.htm
AMAT,2026-05-14,Earnings Release,"2.02,9.01",8-K,https://www.sec.gov/Archives/edgar/data/6951/000162828026035071/amat-20260514.htm
AMAT,2026-03-13,8-K: Other Material Event,5.07,8-K,https://www.sec.gov/Archives/edgar/data/6951/000119312526106339/d114932d8k.htm
AMD,2026-08-19,Executive/Board Change,"5.02,9.01",8-K,https://www.sec.gov/Archives/edgar/data/2488/000000248826000163/amd-20260817.htm
AMD,2026-08-17,Material Agreement,"1.01,2.03,9.01",8-K,https://www.sec.gov/Archives/edgar/data/2488/000119312526354029/d142696d8k.htm
AMD,2026-08-04,Earnings Release,"2.02,7.01,9.01",8-K,https://www.sec.gov/Archives/edgar/data/2488/000000248826000121/amd-20260804.htm
AMD,2026-07-01,Executive/Board Change,5.02,8-K,https://www.sec.gov/Archives/edgar/data/2488/000000248826000115/amd-20260626.htm
AMD,2026-05-15,Material Agreement,"1.01,1.02,2.03,5.02,5.07,9.01",8-K,https://www.sec.gov/Archives/edgar/data/2488/000119312526226746/d118163d8k.htm
AMD,2026-05-05,Earnings Release,"2.02,7.01,9.01",8-K,https://www.sec.gov/Archives/edgar/data/2488/000000248826000072/amd-20260505.htm
AMD,2026-02-24,Material Agreement,"1.01,3.02,7.01,9.01",8-K,https://www.sec.gov/Archives/edgar/data/2488/000000248826000045/amd-20260223.htm
AMGN,2026-08-04,Earnings Release,"2.02,9.01",8-K,https://www.sec.gov/Archives/edgar/data/318154/000031815426000124/amgn-20260804.htm
AMGN,2026-07-31,8-K: Other Material Event,1.05,8-K,https://www.sec.gov/Archives/edgar/data/318154/000031815426000119/amgn-20260729.htm
AMGN,2026-05-20,8-K: Other Material Event,5.07,8-K,https://www.sec.gov/Archives/edgar/data/318154/000119312526232786/amgn-20260519.htm
AMGN,2026-05-19,Executive/Board Change,5.02,8-K,https://www.sec.gov/Archives/edgar/data/318154/000031815426000097/amgn-20260519.htm
AMGN,2026-04-30,Earnings Release,"2.02,9.01",8-K,https://www.sec.gov/Archives/edgar/data/318154/000031815426000054/amgn-20260430.htm
AMGN,2026-04-22,Executive/Board Change,"5.02,9.01",8-K,https://www.sec.gov/Archives/edgar/data/318154/000031815426000048/amgn-20260422.htm
AMR,2026-08-07,Investor Presentation / Reg FD Disclosure,"7.01,9.01",8-K,https://www.sec.gov/Archives/edgar/data/1704715/000170471526000032/amr-20260807.htm
AMR,2026-08-07,Earnings Release,"2.02,9.01",8-K,https://www.sec.gov/Archives/edgar/data/1704715/000170471526000030/amr-20260807.htm
AMR,2026-07-27,Earnings Release,"2.02,9.01",8-K,https://www.sec.gov/Archives/edgar/data/1704715/000170471526000025/amr-20260727.htm
AMR,2026-06-18,Investor Presentation / Reg FD Disclosure,"7.01,9.01",8-K,https://www.sec.gov/Archives/edgar/data/1704715/000170471526000023/amr-20260618.htm
AMR,2026-05-15,8-K: Other Material Event,1.04,8-K,https://www.sec.gov/Archives/edgar/data/1704715/000170471526000021/amr-20260514.htm
AMR,2026-05-08,Investor Presentation / Reg FD Disclosure,"7.01,9.01",8-K,https://www.sec.gov/Archives/edgar/data/1704715/000170471526000019/amr-20260508.htm
AMR,2026-05-08,Earnings Release,"2.02,5.07,9.01",8-K,https://www.sec.gov/Archives/edgar/data/1704715/000170471526000017/amr-20260506.htm
AMR,2026-04-24,Earnings Release,"2.02,9.01",8-K,https://www.sec.gov/Archives/edgar/data/1704715/000170471526000013/amr-20260424.htm
AMZN,2026-07-30,Earnings Release,"2.02,9.01",8-K,https://www.sec.gov/Archives/edgar/data/1018724/000101872426000024/amzn-20260730.htm
AMZN,2026-07-09,Other Material Event,"8.01,9.01",FORM 8-K,https://www.sec.gov/Archives/edgar/data/1018724/000110465926082293/tm2619352d4_8k.htm
AMZN,2026-06-12,Other Material Event,"8.01,9.01",FORM 8-K,https://www.sec.gov/Archives/edgar/data/1018724/000110465926073562/tm2613616d5_8k.htm
AMZN,2026-06-10,Material Agreement,"1.01,2.03,9.01",FORM 8-K,https://www.sec.gov/Archives/edgar/data/1018724/000110465926072140/tm2613616d4_8k.htm
AMZN,2026-05-22,8-K: Other Material Event,5.07,FORM 8-K,https://www.sec.gov/Archives/edgar/data/1018724/000110465926065717/tm2614288d1_8k.htm
AMZN,2026-04-29,Earnings Release,"2.02,9.01",8-K,https://www.sec.gov/Archives/edgar/data/1018724/000101872426000012/amzn-20260429.htm
AMZN,2026-04-14,Investor Presentation / Reg FD Disclosure,"7.01,9.01",FORM 8-K,https://www.sec.gov/Archives/edgar/data/1018724/000110465926042880/tm2611746d1_8k.htm
AMZN,2026-04-09,Investor Presentation / Reg FD Disclosure,"7.01,9.01",FORM 8-K,https://www.sec.gov/Archives/edgar/data/1018724/000110465926041034/tm263815d2_8k.htm
ANET,2026-08-04,Earnings Release,"2.02,9.01",8-K,https://www.sec.gov/Archives/edgar/data/1596532/000159653226000174/anet-20260804.htm
ANET,2026-06-02,8-K: Other Material Event,5.07,8-K,https://www.sec.gov/Archives/edgar/data/1596532/000159653226000118/anet-20260529.htm
ANET,2026-05-05,Earnings Release,"2.02,9.01",8-K,https://www.sec.gov/Archives/edgar/data/1596532/000159653226000074/anet-20260505.htm
ANF,2026-08-20,Executive/Board Change,"5.02,7.01,9.01",8-K,https://www.sec.gov/Archives/edgar/data/1018840/000101884026000039/anf-20260818.htm
ANF,2026-06-04,8-K: Other Material Event,5.07,8-K,https://www.sec.gov/Archives/edgar/data/1018840/000101884026000034/anf-20260603.htm
ANF,2026-05-27,Earnings Release,"2.02,9.01",8-K,https://www.sec.gov/Archives/edgar/data/1018840/000101884026000029/anf-20260527.htm
ANF,2026-03-04,Earnings Release,"2.02,9.01",8-K,https://www.sec.gov/Archives/edgar/data/1018840/000101884026000006/anf-20260304.htm
APA,2026-08-05,Earnings Release,"2.02,9.01",8-K,https://www.sec.gov/Archives/edgar/data/1841666/000184166626000050/apa8k-20260805.htm
APA,2026-07-08,Earnings Release,"2.02,9.01",8-K,https://www.sec.gov/Archives/edgar/data/1841666/000184166626000045/apa8k-20260708.htm
APA,2026-05-26,Executive/Board Change,"5.02,5.07,9.01",8-K,https://www.sec.gov/Archives/edgar/data/1841666/000184166626000037/apa8k-20260521.htm
APA,2026-05-06,Earnings Release,"2.02,9.01",8-K,https://www.sec.gov/Archives/edgar/data/1841666/000184166626000027/apa8k-20260506.htm
APA,2026-04-14,Earnings Release,"2.02,9.01",8-K,https://www.sec.gov/Archives/edgar/data/1841666/000184166626000021/apa8k-20260414.htm
APA,2026-02-25,Earnings Release,"2.02,9.01",8-K,https://www.sec.gov/Archives/edgar/data/1841666/000184166626000012/apa8k-20260225.htm
APH,2026-08-06,Other Material Event,"8.01,9.01",FORM 8-K,https://www.sec.gov/Archives/edgar/data/820313/000110465926091969/tm2622441d1_8k.htm
APH,2026-07-29,Earnings Release,"2.02,9.01",8-K,https://www.sec.gov/Archives/edgar/data/820313/000110465926087904/aph-20260729x8k.htm
APH,2026-05-22,8-K: Other Material Event,"5.07,9.01",FORM 8-K,https://www.sec.gov/Archives/edgar/data/820313/000110465926065682/tm2615386d1_8k.htm
APH,2026-05-12,Material Agreement,"1.01,2.03,9.01",FORM 8-K,https://www.sec.gov/Archives/edgar/data/820313/000110465926059404/tm2613386d5_8k.htm
APH,2026-05-06,Material Agreement,"1.01,8.01,9.01",FORM 8-K,https://www.sec.gov/Archives/edgar/data/820313/000110465926055888/tm2613386d4_8k.htm
APH,2026-04-29,Earnings Release,"2.02,9.01",8-K,https://www.sec.gov/Archives/edgar/data/820313/000110465926050984/aph-20260429x8k.htm
APH,2026-03-30,Material Agreement,"1.01,2.03,9.01",FORM 8-K,https://www.sec.gov/Archives/edgar/data/820313/000110465926036361/tm2610090d1_8k.htm
APH,2026-03-24,Material Agreement,"1.01,8.01,9.01",FORM 8-K,https://www.sec.gov/Archives/edgar/data/820313/000110465926033968/tm267510d9_8k.htm
APLD,2026-07-27,Earnings Release,"2.02,9.01",8-K,https://www.sec.gov/Archives/edgar/data/1144879/000114487926000044/apld-20260727.htm
APLD,2026-06-26,Material Agreement,"1.01,2.03,3.02,9.01",8-K,https://www.sec.gov/Archives/edgar/data/1144879/000149315226030333/form8-k.htm
APLD,2026-06-16,Material Agreement,"1.01,2.03,9.01",8-K,https://www.sec.gov/Archives/edgar/data/1144879/000149315226028899/form8-k.htm
APLD,2026-06-09,Investor Presentation / Reg FD Disclosure,"7.01,9.01",8-K,https://www.sec.gov/Archives/edgar/data/1144879/000149315226027984/form8-k.htm
APLD,2026-06-09,Other Material Event,"8.01,9.01",8-K,https://www.sec.gov/Archives/edgar/data/1144879/000149315226027979/form8-k.htm
APLD,2026-06-09,Investor Presentation / Reg FD Disclosure,"7.01,8.01,9.01",8-K,https://www.sec.gov/Archives/edgar/data/1144879/000149315226027857/form8-k.htm
APLD,2026-05-05,Material Agreement,"1.01,2.01,7.01,9.01",8-K,https://www.sec.gov/Archives/edgar/data/1144879/000149315226021333/form8-k.htm
APLD,2026-04-23,Investor Presentation / Reg FD Disclosure,"7.01,9.01",8-K,https://www.sec.gov/Archives/edgar/data/1144879/000114487926000036/apld-20260423.htm
APP,2026-08-05,Earnings Release,"2.02,9.01",8-K,https://www.sec.gov/Archives/edgar/data/1751008/000175100826000057/app-20260805.htm
APP,2026-06-05,8-K: Other Material Event,5.07,8-K,https://www.sec.gov/Archives/edgar/data/1751008/000175100826000050/app-20260603.htm
APP,2026-05-06,Earnings Release,"2.02,9.01",8-K,https://www.sec.gov/Archives/edgar/data/1751008/000175100826000042/app-20260506.htm
APP,2026-04-07,Executive/Board Change,"5.02,7.01,9.01",8-K,https://www.sec.gov/Archives/edgar/data/1751008/000175100826000014/app-20260402.htm
ARWR,2026-08-04,Earnings Release,"2.02,9.01",8-K,https://www.sec.gov/Archives/edgar/data/879407/000087940726000058/arwr-20260804.htm
ARWR,2026-06-16,Executive/Board Change,"5.02,9.01",8-K,https://www.sec.gov/Archives/edgar/data/879407/000087940726000050/arwr-20260612.htm
ARWR,2026-05-07,Earnings Release,"2.02,9.01",8-K,https://www.sec.gov/Archives/edgar/data/879407/000087940726000045/arwr-20260507.htm
ARWR,2026-03-20,8-K: Other Material Event,"5.07,9.01",8-K,https://www.sec.gov/Archives/edgar/data/879407/000087940726000037/arwr-20260319.htm
ASAN,2026-07-17,Executive/Board Change,5.02,8-K,https://www.sec.gov/Archives/edgar/data/1477720/000162828026048674/asan-20260713.htm
ASAN,2026-06-12,8-K: Other Material Event,5.07,8-K,https://www.sec.gov/Archives/edgar/data/1477720/000162828026042881/asan-20260608.htm
ASAN,2026-05-28,Earnings Release,"2.02,9.01",8-K,https://www.sec.gov/Archives/edgar/data/1477720/000147772026000037/asan-20260528.htm
ASAN,2026-04-20,Executive/Board Change,5.02,8-K,https://www.sec.gov/Archives/edgar/data/1477720/000162828026025988/asan-20260414.htm
ASAN,2026-03-13,Executive/Board Change,"5.02,9.01",8-K,https://www.sec.gov/Archives/edgar/data/1477720/000147772026000019/asan-20260310.htm
ASAN,2026-03-02,Earnings Release,"2.02,8.01,9.01",8-K,https://www.sec.gov/Archives/edgar/data/1477720/000147772026000012/asan-20260226.htm
ASAN,2026-03-02,Executive/Board Change,"5.02,9.01",8-K,https://www.sec.gov/Archives/edgar/data/1477720/000162828026013212/asan-20260226.htm
ASTS,2026-08-10,Earnings Release,"2.02,7.01,9.01",8-K,https://www.sec.gov/Archives/edgar/data/1780312/000119312526342540/asts-20260810.htm
ASTS,2026-07-20,Material Agreement,"1.01,2.03,3.02,8.01,9.01",8-K,https://www.sec.gov/Archives/edgar/data/1780312/000149315226033912/form8-k.htm
ASTS,2026-07-15,Earnings Release,"2.02,7.01,8.01,9.01",8-K,https://www.sec.gov/Archives/edgar/data/1780312/000149315226033365/form8-k.htm
ASTS,2026-06-15,8-K: Other Material Event,"5.07,9.01",8-K,https://www.sec.gov/Archives/edgar/data/1780312/000149315226028544/form8-k.htm
ASTS,2026-05-11,Earnings Release,"2.02,7.01,9.01",8-K,https://www.sec.gov/Archives/edgar/data/1780312/000119312526216946/asts-20260511.htm
ASTS,2026-04-20,Investor Presentation / Reg FD Disclosure,"7.01,8.01,9.01",8-K,https://www.sec.gov/Archives/edgar/data/1780312/000149315226018012/form8-k.htm
ASTS,2026-03-02,Earnings Release,"2.02,7.01,9.01",8-K,https://www.sec.gov/Archives/edgar/data/1780312/000178031226000005/asts-20260302.htm
ASTS,2026-02-23,Other Material Event,8.01,8-K,https://www.sec.gov/Archives/edgar/data/1780312/000149315226007772/form8-k.htm
ATI,2026-08-06,Earnings Release,"2.02,9.01",8-K,https://www.sec.gov/Archives/edgar/data/1018963/000162828026053856/ati-20260806.htm
ATI,2026-06-08,Material Agreement,"1.01,2.03,8.01,9.01",8-K,https://www.sec.gov/Archives/edgar/data/1018963/000119312526261769/d163250d8k.htm
ATI,2026-06-03,Other Material Event,"8.01,9.01",8-K,https://www.sec.gov/Archives/edgar/data/1018963/000119312526255755/d74245d8k.htm
ATI,2026-06-03,Other Material Event,"8.01,9.01",8-K,https://www.sec.gov/Archives/edgar/data/1018963/000119312526254681/d100672d8k.htm
ATI,2026-05-19,8-K: Other Material Event,"5.07,9.01",8-K,https://www.sec.gov/Archives/edgar/data/1018963/000119312526230739/d89066d8k.htm
ATI,2026-04-30,Earnings Release,"2.02,9.01",8-K,https://www.sec.gov/Archives/edgar/data/1018963/000162828026028589/ati-20260430.htm
AVAV,2026-08-07,Executive/Board Change,"5.02,7.01,9.01",FORM 8-K,https://www.sec.gov/Archives/edgar/data/1368622/000110465926092413/tm2622497d1_8k.htm
AVAV,2026-07-29,Executive/Board Change,"5.02,7.01,9.01",FORM 8-K,https://www.sec.gov/Archives/edgar/data/1368622/000110465926087871/tm2621437d1_8k.htm
AVAV,2026-06-29,Earnings Release,"2.02,7.01,9.01",8-K,https://www.sec.gov/Archives/edgar/data/1368622/000110465926078824/avav-20260629x8k.htm
AVAV,2026-06-25,Executive/Board Change,"5.02,7.01,9.01",FORM 8-K,https://www.sec.gov/Archives/edgar/data/1368622/000110465926077575/tm2618946d1_8k.htm
AVAV,2026-06-22,Executive/Board Change,"4.02,5.02",8-K,https://www.sec.gov/Archives/edgar/data/1368622/000110465926076140/avav-20260616x8k.htm
AVAV,2026-04-13,Executive/Board Change,"5.02,7.01,9.01",FORM 8-K,https://www.sec.gov/Archives/edgar/data/1368622/000110465926042388/tm2611632d1_8k.htm
AVAV,2026-04-09,Executive/Board Change,"5.02,7.01,9.01",FORM 8-K,https://www.sec.gov/Archives/edgar/data/1368622/000110465926041267/tm2611447d1_8k.htm
AVAV,2026-03-18,Executive/Board Change,"5.02,9.01",FORM 8-K,https://www.sec.gov/Archives/edgar/data/1368622/000110465926031049/tm268917d3_8k.htm
AVGO,2026-07-06,Other Material Event,8.01,8-K,https://www.sec.gov/Archives/edgar/data/1730168/000119312526295589/d84378d8k.htm
AVGO,2026-06-18,Other Material Event,"8.01,9.01",8-K,https://www.sec.gov/Archives/edgar/data/1730168/000119312526275077/d149683d8k.htm
AVGO,2026-06-11,Other Material Event,"8.01,9.01",8-K,https://www.sec.gov/Archives/edgar/data/1730168/000119312526266777/d152717d8k.htm
AVGO,2026-06-03,Earnings Release,"2.02,8.01,9.01",8-K,https://www.sec.gov/Archives/edgar/data/1730168/000173016826000051/avgo-20260603.htm
AVGO,2026-04-21,8-K: Other Material Event,5.07,8-K,https://www.sec.gov/Archives/edgar/data/1730168/000173016826000039/avgo-20260420.htm
AVGO,2026-04-06,Other Material Event,8.01,8-K,https://www.sec.gov/Archives/edgar/data/1730168/000119312526144028/d87999d8k.htm
AVGO,2026-04-02,Executive/Board Change,5.02,8-K,https://www.sec.gov/Archives/edgar/data/1730168/000119312526140574/d109450d8k.htm
AVGO,2026-03-04,Earnings Release,"2.02,8.01,9.01",8-K,https://www.sec.gov/Archives/edgar/data/1730168/000173016826000011/avgo-20260304.htm
AVPT,2026-08-06,Earnings Release,"2.02,9.01",FORM 8-K,https://www.sec.gov/Archives/edgar/data/1777921/000117184326005319/f8k_080626.htm
AVPT,2026-05-07,8-K: Other Material Event,5.07,FORM 8-K,https://www.sec.gov/Archives/edgar/data/1777921/000143774926015601/avpt20260504_8k.htm
AVPT,2026-05-07,Earnings Release,"2.02,9.01",FORM 8-K,https://www.sec.gov/Archives/edgar/data/1777921/000117184326003157/f8k_050726.htm
AVPT,2026-02-26,Earnings Release,"2.02,9.01",FORM 8-K,https://www.sec.gov/Archives/edgar/data/1777921/000117184326001140/f8k_022626.htm
AXP,2026-08-17,Investor Presentation / Reg FD Disclosure,7.01,8-K,https://www.sec.gov/Archives/edgar/data/4962/000000496226000345/axp-20260817.htm
AXP,2026-08-12,Bylaws/Fiscal Year Change,"3.03,5.03,8.01,9.01",8-K,https://www.sec.gov/Archives/edgar/data/4962/000000496226000338/axp-20260812.htm
AXP,2026-08-05,Other Material Event,8.01,8-K,https://www.sec.gov/Archives/edgar/data/4962/000000496226000327/axp-20260805.htm
AXP,2026-07-24,Earnings Release,"2.02,7.01,9.01",8-K,https://www.sec.gov/Archives/edgar/data/4962/000000496226000318/axp-20260724.htm
AXP,2026-07-15,Investor Presentation / Reg FD Disclosure,7.01,8-K,https://www.sec.gov/Archives/edgar/data/4962/000000496226000302/axp-20260715.htm
AXP,2026-06-25,Investor Presentation / Reg FD Disclosure,"7.01,9.01",8-K,https://www.sec.gov/Archives/edgar/data/4962/000000496226000281/axp-20260625.htm
AXP,2026-06-17,Other Material Event,"8.01,9.01",8-K,https://www.sec.gov/Archives/edgar/data/4962/000000496226000270/axp-20260617.htm
AXP,2026-06-15,Investor Presentation / Reg FD Disclosure,7.01,8-K,https://www.sec.gov/Archives/edgar/data/4962/000000496226000263/axp-20260615.htm
AZO,2026-07-14,Material Agreement,"1.01,2.03,9.01",FORM 8-K,https://www.sec.gov/Archives/edgar/data/866787/000110465926083528/tm2620403d1_8k.htm
AZO,2026-07-09,Material Agreement,"1.01,9.01",FORM 8-K,https://www.sec.gov/Archives/edgar/data/866787/000110465926082304/tm2619274d6_8k.htm
AZO,2026-06-16,Other Material Event,"8.01,9.01",FORM 8-K,https://www.sec.gov/Archives/edgar/data/866787/000117184326004150/f8k_061626.htm
AZO,2026-05-26,Earnings Release,"2.02,9.01",FORM 8-K,https://www.sec.gov/Archives/edgar/data/866787/000117184326003674/f8k_052526.htm
AZO,2026-03-03,Earnings Release,"2.02,9.01",FORM 8-K,https://www.sec.gov/Archives/edgar/data/866787/000117184326001288/f8k_030226.htm
BA,2026-07-28,Earnings Release,"2.02,9.01",8-K,https://www.sec.gov/Archives/edgar/data/12927/000162828026049929/ba-20260728.htm
BA,2026-04-22,Earnings Release,"2.02,9.01",8-K,https://www.sec.gov/Archives/edgar/data/12927/000162828026026391/ba-20260422.htm
BA,2026-04-17,8-K: Other Material Event,5.07,8-K,https://www.sec.gov/Archives/edgar/data/12927/000162828026025684/ba-20260417.htm
BAC,2026-07-24,Other Material Event,"8.01,9.01",8-K,https://www.sec.gov/Archives/edgar/data/70858/000007085826000364/bac-20260723.htm
BAC,2026-07-14,Earnings Release,"2.02,7.01,9.01",8-K,https://www.sec.gov/Archives/edgar/data/70858/000007085826000353/bac-20260714.htm
BAC,2026-05-06,8-K: Other Material Event,5.07,8-K,https://www.sec.gov/Archives/edgar/data/70858/000007085826000273/bac-20260504.htm
BAC,2026-04-15,Earnings Release,"2.02,7.01,9.01",8-K,https://www.sec.gov/Archives/edgar/data/70858/000007085826000222/bac-20260415.htm
BBIO,2026-08-17,Material Agreement,"1.01,8.01,9.01",8-K,https://www.sec.gov/Archives/edgar/data/1743881/000114036126033282/ef20080234_8k.htm
BBIO,2026-08-10,Earnings Release,"2.02,9.01",8-K,https://www.sec.gov/Archives/edgar/data/1743881/000174388126000026/bbio-20260810.htm
BBIO,2026-07-22,Other Material Event,"8.01,9.01",8-K,https://www.sec.gov/Archives/edgar/data/1743881/000114036126029291/ef20078442_form8k.htm
BBIO,2026-07-02,Material Agreement,"1.01,3.02,3.03,5.03,7.01,9.01",8-K,https://www.sec.gov/Archives/edgar/data/1743881/000114036126027445/ef20077282_8k.htm
BBIO,2026-06-26,Executive/Board Change,"5.02,5.07,9.01",8-K,https://www.sec.gov/Archives/edgar/data/1743881/000114036126026506/ef20076710_8k.htm
BBIO,2026-05-27,Other Material Event,"8.01,9.01",8-K,https://www.sec.gov/Archives/edgar/data/1743881/000114036126022979/ef20074977_8k.htm
BBIO,2026-05-13,Other Material Event,"8.01,9.01",8-K,https://www.sec.gov/Archives/edgar/data/1743881/000114036126021036/ef20073370_form8k.htm
BBIO,2026-05-08,Material Agreement,"1.01,1.02,9.01",FORM 8-K,https://www.sec.gov/Archives/edgar/data/1743881/000114036126019761/ny20072667x2_8k.htm
BBWI,2026-07-20,Investor Presentation / Reg FD Disclosure,"7.01,9.01",8-K,https://www.sec.gov/Archives/edgar/data/701985/000070198526000021/bbwi-20260720.htm
BBWI,2026-06-15,8-K: Other Material Event,5.07,8-K,https://www.sec.gov/Archives/edgar/data/701985/000070198526000018/bbwi-20260611.htm
BBWI,2026-05-27,Earnings Release,"2.02,5.02,7.01,9.01",8-K,https://www.sec.gov/Archives/edgar/data/701985/000070198526000012/bbwi-20260520.htm
BBWI,2026-03-04,Earnings Release,"2.02,7.01,9.01",8-K,https://www.sec.gov/Archives/edgar/data/701985/000070198526000005/bbwi-20260304.htm
BBWI,2026-03-03,Investor Presentation / Reg FD Disclosure,"7.01,9.01",8-K,https://www.sec.gov/Archives/edgar/data/701985/000070198526000003/bbwi-20260303.htm
BBWI,2026-02-25,Executive/Board Change,"5.02,9.01",8-K,https://www.sec.gov/Archives/edgar/data/701985/000119312526072032/d925787d8k.htm
BBY,2026-08-03,Executive/Board Change,"5.02,9.01",8-K,https://www.sec.gov/Archives/edgar/data/764478/000076447826000034/bby-20260801.htm
BBY,2026-06-22,Executive/Board Change,"5.02,9.01",8-K,https://www.sec.gov/Archives/edgar/data/764478/000076447826000027/bby-20260619.htm
BBY,2026-06-17,8-K: Other Material Event,5.07,8-K,https://www.sec.gov/Archives/edgar/data/764478/000076447826000024/bby-20260612.htm
BBY,2026-05-28,Earnings Release,"2.02,9.01",8-K,https://www.sec.gov/Archives/edgar/data/764478/000076447826000018/bby-20260528.htm
BBY,2026-04-22,Executive/Board Change,"5.02,9.01",8-K,https://www.sec.gov/Archives/edgar/data/764478/000076447826000012/bby-20260419.htm
BBY,2026-03-03,Earnings Release,"2.02,9.01",8-K,https://www.sec.gov/Archives/edgar/data/764478/000076447826000005/bby-20260303.htm
BE,2026-07-28,Earnings Release,"2.02,7.01,9.01",8-K,https://www.sec.gov/Archives/edgar/data/1664703/000162828026050150/be-20260728.htm
BE,2026-07-09,Investor Presentation / Reg FD Disclosure,7.01,8-K,https://www.sec.gov/Archives/edgar/data/1664703/000162828026047734/be-20260709.htm
BE,2026-06-17,Executive/Board Change,"5.02,9.01",8-K,https://www.sec.gov/Archives/edgar/data/1664703/000119312526274388/d100413d8k.htm
BE,2026-05-27,Bylaws/Fiscal Year Change,"5.03,5.07,9.01",8-K,https://www.sec.gov/Archives/edgar/data/1664703/000162828026038451/be-20260521.htm
BE,2026-04-28,Earnings Release,"2.02,7.01,9.01",8-K,https://www.sec.gov/Archives/edgar/data/1664703/000162828026027913/be-20260428.htm
BE,2026-04-27,Other Material Event,"8.01,9.01",8-K,https://www.sec.gov/Archives/edgar/data/1664703/000119312526179381/d133915d8k.htm
BE,2026-04-13,Material Agreement,"1.01,3.02,9.01",8-K,https://www.sec.gov/Archives/edgar/data/1664703/000162828026024896/be-20260413.htm
BE,2026-03-26,Executive/Board Change,"5.02,7.01,9.01",8-K,https://www.sec.gov/Archives/edgar/data/1664703/000119312526126402/d104322d8k.htm
BG,2026-08-19,Other Material Event,"8.01,9.01",FORM 8-K,https://www.sec.gov/Archives/edgar/data/1996862/000110465926098782/tm2623458d1_8k.htm
BG,2026-07-29,Earnings Release,"2.02,9.01",8-K,https://www.sec.gov/Archives/edgar/data/1996862/000162828026050334/bg-20260729.htm
BG,2026-05-22,8-K: Other Material Event,"5.07,9.01",8-K,https://www.sec.gov/Archives/edgar/data/1996862/000162828026037544/bg-20260520.htm
BG,2026-04-29,Earnings Release,"2.02,9.01",8-K,https://www.sec.gov/Archives/edgar/data/1996862/000162828026028079/bg-20260429.htm
BG,2026-04-02,Material Agreement,"1.01,2.03,9.01",8-K,https://www.sec.gov/Archives/edgar/data/1996862/000162828026023140/bg-20260331.htm
BG,2026-04-01,Executive/Board Change,"5.02,9.01",8-K,https://www.sec.gov/Archives/edgar/data/1996862/000162828026022783/bg-20260326.htm
BG,2026-03-19,Other Material Event,"8.01,9.01",FORM 8-K,https://www.sec.gov/Archives/edgar/data/1996862/000110465926032113/tm268104d3_8k.htm
BG,2026-03-17,Other Material Event,"8.01,9.01",FORM 8-K,https://www.sec.gov/Archives/edgar/data/1996862/000110465926029042/tm268104d2_8k.htm
BGS,2026-08-11,Executive/Board Change,"5.02,7.01,9.01",FORM 8-K,https://www.sec.gov/Archives/edgar/data/1278027/000110465926094128/tm2622795d1_8k.htm
BGS,2026-08-11,Earnings Release,"2.02,7.01,9.01",CURRENT REPORT ON FORM 8K,https://www.sec.gov/Archives/edgar/data/1278027/000110465926094042/bgs-20260811x8k.htm
BGS,2026-06-10,Material Agreement,"1.01,2.03,9.01",FORM 8-K,https://www.sec.gov/Archives/edgar/data/1278027/000110465926072323/tm2617391d1_8k.htm
BGS,2026-06-04,Material Agreement,"1.01,8.01,9.01",FORM 8-K,https://www.sec.gov/Archives/edgar/data/1278027/000110465926070572/tm2616882d1_8k.htm
BGS,2026-06-01,Investor Presentation / Reg FD Disclosure,"7.01,9.01",FORM 8-K,https://www.sec.gov/Archives/edgar/data/1278027/000110465926068744/tm2616326d2_8k.htm
BGS,2026-05-27,8-K: Other Material Event,5.07,FORM 8-K,https://www.sec.gov/Archives/edgar/data/1278027/000110465926066912/tm2615728d1_8k.htm
BGS,2026-05-12,Earnings Release,"2.02,7.01,9.01",CURRENT REPORT ON FORM 8K,https://www.sec.gov/Archives/edgar/data/1278027/000110465926059373/bgs-20260512x8k.htm
BGS,2026-05-05,Executive/Board Change,"5.02,9.01",FORM 8-K,https://www.sec.gov/Archives/edgar/data/1278027/000110465926055718/tm2613537d1_8k.htm
BIIB,2026-07-29,Earnings Release,"2.02,9.01",8-K,https://www.sec.gov/Archives/edgar/data/875045/000087504526000073/biib-20260729.htm
BIIB,2026-07-01,Earnings Release,2.02,8-K,https://www.sec.gov/Archives/edgar/data/875045/000087504526000068/biib-20260701.htm
BIIB,2026-06-10,8-K: Other Material Event,5.07,CURRENT REPORT,https://www.sec.gov/Archives/edgar/data/875045/000095015726000700/form8-k.htm
BIIB,2026-05-14,Material Agreement,"1.01,2.01,2.03,7.01,9.01",8-K,https://www.sec.gov/Archives/edgar/data/875045/000119312526222908/d109852d8k.htm
BIIB,2026-04-29,Earnings Release,"2.02,9.01",8-K,https://www.sec.gov/Archives/edgar/data/875045/000087504526000042/biib-20260429.htm
BIIB,2026-04-06,Earnings Release,2.02,8-K,https://www.sec.gov/Archives/edgar/data/875045/000087504526000039/biib-20260406.htm
BIIB,2026-03-31,Material Agreement,"1.01,8.01,9.01",8-K,https://www.sec.gov/Archives/edgar/data/875045/000119312526134889/d14986d8k.htm
BIIB,2026-03-11,Executive/Board Change,5.02,CURRENT REPORT,https://www.sec.gov/Archives/edgar/data/875045/000095015726000280/form8-k.htm
BKNG,2026-08-04,Earnings Release,"2.02,9.01",8-K,https://www.sec.gov/Archives/edgar/data/1075531/000107553126000036/bkng-20260804.htm
BKNG,2026-06-02,8-K: Other Material Event,"5.07,9.01",8-K,https://www.sec.gov/Archives/edgar/data/1075531/000107553126000031/bkng-20260602.htm
BKNG,2026-05-11,Material Agreement,"1.01,2.03,8.01,9.01",FORM 8-K,https://www.sec.gov/Archives/edgar/data/1075531/000110465926058730/tm2614215d1_8k.htm
BKNG,2026-05-07,Material Agreement,"1.01,2.03,8.01,9.01",FORM 8-K,https://www.sec.gov/Archives/edgar/data/1075531/000110465926057239/tm2613920d1_8k.htm
BKNG,2026-04-28,Earnings Release,"2.02,9.01",8-K,https://www.sec.gov/Archives/edgar/data/1075531/000107553126000024/bkng-20260428.htm
BKNG,2026-04-02,Bylaws/Fiscal Year Change,"5.03,9.01",CURRENT REPORT,https://www.sec.gov/Archives/edgar/data/1075531/000095015726000465/form8-k.htm
BKNG,2026-04-02,Executive/Board Change,5.02,8-K,https://www.sec.gov/Archives/edgar/data/1075531/000107553126000014/bkng-20260402.htm
BKNG,2026-04-01,Executive/Board Change,"5.02,7.01,9.01",8-K,https://www.sec.gov/Archives/edgar/data/1075531/000107553126000012/bkng-20260401.htm
BLK,2026-07-15,Earnings Release,"2.02,7.01,9.01",8-K,https://www.sec.gov/Archives/edgar/data/2012383/000119312526304013/blk-20260715.htm
BLK,2026-06-30,Other Material Event,"8.01,9.01",8-K,https://www.sec.gov/Archives/edgar/data/2012383/000119312526290830/d108689d8k.htm
BLK,2026-05-22,8-K: Other Material Event,5.07,8-K,https://www.sec.gov/Archives/edgar/data/2012383/000119312526237027/d30456d8k.htm
BLK,2026-04-14,Earnings Release,"2.02,7.01,9.01",8-K,https://www.sec.gov/Archives/edgar/data/2012383/000119312526153768/blk-20260414.htm
BLK,2026-04-03,Material Agreement,"1.01,2.03,9.01",8-K,https://www.sec.gov/Archives/edgar/data/2012383/000119312526142112/d101747d8k.htm
BMBL,2026-08-05,Earnings Release,"2.02,9.01",8-K,https://www.sec.gov/Archives/edgar/data/1830043/000183004326000099/bmbl-20260805.htm
BMBL,2026-07-02,Executive/Board Change,5.02,8-K,https://www.sec.gov/Archives/edgar/data/1830043/000119312526294479/d125319d8k.htm
BMBL,2026-06-08,8-K: Other Material Event,5.07,8-K,https://www.sec.gov/Archives/edgar/data/1830043/000119312526261767/d17847d8k.htm
BMBL,2026-05-05,Earnings Release,"2.02,7.01,9.01",8-K,https://www.sec.gov/Archives/edgar/data/1830043/000183004326000046/bmbl-20260505.htm
BMBL,2026-04-24,Material Agreement,"1.01,1.02,2.03",8-K,https://www.sec.gov/Archives/edgar/data/1830043/000119312526177142/d131962d8k.htm
BMBL,2026-03-11,Earnings Release,"2.02,9.01",8-K,https://www.sec.gov/Archives/edgar/data/1830043/000183004326000018/bmbl-20260311.htm
BMY,2026-07-30,Earnings Release,"2.02,7.01,9.01",8-K,https://www.sec.gov/Archives/edgar/data/14272/000001427226000018/bmy-20260730.htm
BMY,2026-05-08,8-K: Other Material Event,5.07,CURRENT REPORT,https://www.sec.gov/Archives/edgar/data/14272/000114036126020036/ef20072750_8k.htm
BMY,2026-04-30,Earnings Release,"2.02,7.01,9.01",8-K,https://www.sec.gov/Archives/edgar/data/14272/000001427226000008/bmy-20260430.htm
BSX,2026-07-29,Earnings Release,"2.02,9.01",8-K,https://www.sec.gov/Archives/edgar/data/885725/000088572526000051/bsx-20260729.htm
BSX,2026-07-27,8-K: Other Material Event,2.05,8-K,https://www.sec.gov/Archives/edgar/data/885725/000088572526000049/bsx-20260721.htm
BSX,2026-05-18,Other Material Event,"8.01,9.01",8-K,https://www.sec.gov/Archives/edgar/data/885725/000088572526000042/bsx-20260518.htm
BSX,2026-05-18,Other Material Event,"8.01,9.01",8-K,https://www.sec.gov/Archives/edgar/data/885725/000088572526000041/bsx-20260518.htm
BSX,2026-05-05,Bylaws/Fiscal Year Change,"5.03,5.07,9.01",8-K,https://www.sec.gov/Archives/edgar/data/885725/000088572526000036/bsx-20260430.htm
BSX,2026-04-22,Earnings Release,"2.02,9.01",8-K,https://www.sec.gov/Archives/edgar/data/885725/000088572526000031/bsx-20260422.htm
BSX,2026-03-30,Other Material Event,"8.01,9.01",8-K,https://www.sec.gov/Archives/edgar/data/885725/000088572526000029/bsx-20260328.htm
BSX,2026-02-26,Material Agreement,"1.01,1.02,2.03,9.01",8-K,https://www.sec.gov/Archives/edgar/data/885725/000088572526000017/bsx-20260226.htm
C,2026-07-14,Earnings Release,"2.02,9.01",8-K,https://www.sec.gov/Archives/edgar/data/831001/000110465926083383/c-20260714x8k.htm
C,2026-05-21,Executive/Board Change,"5.02,5.07,9.01",8-K,https://www.sec.gov/Archives/edgar/data/831001/000110465926065155/c-20260520x8k.htm
C,2026-04-14,Earnings Release,"2.02,9.01",8-K,https://www.sec.gov/Archives/edgar/data/831001/000110465926042942/c-20260414x8k.htm
C,2026-04-03,Investor Presentation / Reg FD Disclosure,"7.01,9.01",8-K,https://www.sec.gov/Archives/edgar/data/831001/000110465926039663/c-20260403x8k.htm
CAKE,2026-07-28,Earnings Release,"2.02,7.01,8.01,9.01",FORM 8-K,https://www.sec.gov/Archives/edgar/data/887596/000110465926087561/tm2621325d1_8k.htm
CAKE,2026-06-03,8-K: Other Material Event,5.07,FORM 8-K,https://www.sec.gov/Archives/edgar/data/887596/000110465926070125/tm2616600d1_8k.htm
CAKE,2026-04-29,Earnings Release,"2.02,7.01,8.01,9.01",FORM 8-K,https://www.sec.gov/Archives/edgar/data/887596/000110465926051574/tm2612833d1_8k.htm
CAKE,2026-03-31,Material Agreement,"1.01,2.03",FORM 8-K,https://www.sec.gov/Archives/edgar/data/887596/000110465926037831/tm2610653d1_8k.htm
CAT,2026-08-04,Earnings Release,"2.02,7.01,9.01",8-K,https://www.sec.gov/Archives/edgar/data/18230/000001823026000040/cat-20260804.htm
CAT,2026-06-11,Investor Presentation / Reg FD Disclosure,"5.07,7.01,9.01",FORM 8-K,https://www.sec.gov/Archives/edgar/data/18230/000110465926072929/tm2617177d1_8k.htm
CAT,2026-04-30,Earnings Release,"2.02,7.01,9.01",8-K,https://www.sec.gov/Archives/edgar/data/18230/000001823026000017/cat-20260430.htm
CAT,2026-04-13,Other Material Event,"8.01,9.01",FORM 8-K,https://www.sec.gov/Archives/edgar/data/18230/000110465926042621/tm2611571d2_8k.htm
CAT,2026-04-10,Executive/Board Change,"5.02,9.01",FORM 8-K,https://www.sec.gov/Archives/edgar/data/18230/000110465926042062/tm2611571d1_8k.htm
CAT,2026-03-26,Other Material Event,8.01,8-K,https://www.sec.gov/Archives/edgar/data/18230/000001823026000013/cat-20260326.htm
CAVA,2026-08-11,Earnings Release,"2.02,9.01",8-K,https://www.sec.gov/Archives/edgar/data/1639438/000162828026055709/cava-20260811.htm
CAVA,2026-08-03,Executive/Board Change,"5.02,9.01",8-K,https://www.sec.gov/Archives/edgar/data/1639438/000162828026051556/cava-20260729.htm
CAVA,2026-06-24,Executive/Board Change,"5.02,5.07,9.01",8-K,https://www.sec.gov/Archives/edgar/data/1639438/000162828026045042/cava-20260622.htm
CAVA,2026-05-19,Earnings Release,"2.02,9.01",8-K,https://www.sec.gov/Archives/edgar/data/1639438/000162828026036461/cava-20260519.htm
CAVA,2026-04-21,Executive/Board Change,"5.02,9.01",8-K,https://www.sec.gov/Archives/edgar/data/1639438/000162828026026283/cava-20260416.htm
CAVA,2026-03-25,Material Agreement,"1.01,2.03,9.01",8-K,https://www.sec.gov/Archives/edgar/data/1639438/000162828026020983/cava-20260320.htm
CAVA,2026-02-24,Earnings Release,"2.02,9.01",8-K,https://www.sec.gov/Archives/edgar/data/1639438/000162828026011087/cava-20260224.htm
CB,2026-07-21,Earnings Release,"2.02,9.01",8-K,https://www.sec.gov/Archives/edgar/data/896159/000119312526310312/d78544d8k.htm
CB,2026-06-10,Other Material Event,"8.01,9.01",FORM 8-K,https://www.sec.gov/Archives/edgar/data/896159/000110465926072113/tm2617339d1_8k.htm
CB,2026-05-22,Executive/Board Change,"5.02,5.03,5.07,9.01",FORM 8-K,https://www.sec.gov/Archives/edgar/data/896159/000110465926065709/tm2615328d1_8k.htm
CB,2026-05-20,Other Material Event,"8.01,9.01",FORM 8-K,https://www.sec.gov/Archives/edgar/data/896159/000110465926064150/tm2615040d1_8k.htm
CB,2026-04-21,Earnings Release,"2.02,9.01",8-K,https://www.sec.gov/Archives/edgar/data/896159/000119312526166937/d145408d8k.htm
CB,2026-03-11,Bylaws/Fiscal Year Change,"5.03,9.01",FORM 8-K,https://www.sec.gov/Archives/edgar/data/896159/000110465926026429/tm268362d1_8k.htm
CBOE,2026-07-31,Earnings Release,"2.02,9.01",8-K,https://www.sec.gov/Archives/edgar/data/1374310/000162828026051217/cboe-20260731.htm
CBOE,2026-07-28,Material Agreement,"1.01,2.03,9.01",FORM 8-K,https://www.sec.gov/Archives/edgar/data/1374310/000110465926087625/tm2621346d1_8k.htm
CBOE,2026-06-26,Material Agreement,"1.01,2.03,9.01",FORM 8-K,https://www.sec.gov/Archives/edgar/data/1374310/000110465926078295/tm2618643d1_8k.htm
CBOE,2026-05-18,8-K: Other Material Event,5.07,FORM 8-K,https://www.sec.gov/Archives/edgar/data/1374310/000110465926063250/tm2614804d1_8k.htm
CBOE,2026-05-01,Earnings Release,"2.02,2.05,9.01",8-K,https://www.sec.gov/Archives/edgar/data/1374310/000162828026029103/cboe-20260501.htm
CCC,2026-07-30,Earnings Release,"2.02,9.01",8-K,https://www.sec.gov/Archives/edgar/data/1818201/000119312526324886/ccc-20260730.htm
CCC,2026-05-22,8-K: Other Material Event,5.07,8-K,https://www.sec.gov/Archives/edgar/data/1818201/000119312526237116/ccc-20260521.htm
CCC,2026-04-30,Executive/Board Change,"5.02,7.01,9.01",8-K,https://www.sec.gov/Archives/edgar/data/1818201/000119312526194029/ccc-20260427.htm
CCC,2026-04-30,Earnings Release,"2.02,9.01",8-K,https://www.sec.gov/Archives/edgar/data/1818201/000119312526193969/ccc-20260430.htm
CCC,2026-03-02,Executive/Board Change,"5.02,7.01,9.01",8-K,https://www.sec.gov/Archives/edgar/data/1818201/000119312526084317/ccc-20260302.htm
CCC,2026-02-24,Earnings Release,"2.02,9.01",8-K,https://www.sec.gov/Archives/edgar/data/1818201/000119312526066949/ccc-20260224.htm
CCL,2026-08-05,Investor Presentation / Reg FD Disclosure,7.01,FORM 8-K,https://www.sec.gov/Archives/edgar/data/815097/000095014226002267/eh260815320_8k.htm
CCL,2026-06-23,Earnings Release,"2.02,9.01",8-K,https://www.sec.gov/Archives/edgar/data/815097/000081509726000086/ccl-20260623.htm
CCL,2026-05-07,Acquisition/Disposition of Assets,"1.02,2.01,3.01,3.02,3.03,5.01,5.03,7.01,9.01",FORM 8-K,https://www.sec.gov/Archives/edgar/data/815097/000110465926057200/tm2613680d1_8k.htm
CCL,2026-04-20,8-K: Other Material Event,5.07,8-K,https://www.sec.gov/Archives/edgar/data/815097/000081509726000043/ccl-20260417.htm
CCL,2026-03-27,Earnings Release,"2.02,9.01",8-K,https://www.sec.gov/Archives/edgar/data/815097/000081509726000034/ccl-20260327.htm
CDE,2026-08-05,Earnings Release,"2.02,9.01",8-K,https://www.sec.gov/Archives/edgar/data/215466/000021546626000038/cde-20260805.htm
CDE,2026-05-18,Other Material Event,"8.01,9.01",8-K,https://www.sec.gov/Archives/edgar/data/215466/000021546626000030/cde-20260515.htm
CDE,2026-05-13,Executive/Board Change,"5.02,5.03,5.07,8.01,9.01",8-K,https://www.sec.gov/Archives/edgar/data/215466/000021546626000025/cde-20260512.htm
CDE,2026-05-06,Earnings Release,"2.02,9.01",8-K,https://www.sec.gov/Archives/edgar/data/215466/000021546626000021/cde-20260506.htm
CDE,2026-04-23,Material Agreement,"1.01,2.03,7.01,9.01",8-K,https://www.sec.gov/Archives/edgar/data/215466/000114036126016178/ef20071153_8k.htm
CDE,2026-03-23,Material Agreement,"1.01,2.01,3.02,3.03,5.02,5.03,7.01,8.01,9.01",8-K,https://www.sec.gov/Archives/edgar/data/215466/000114036126010650/ef20066748_8k.htm
CEG,2026-08-06,Earnings Release,"2.02,7.01,9.01",8-K,https://www.sec.gov/Archives/edgar/data/1868275/000186827526000097/ceg-20260806.htm
CEG,2026-08-05,Executive/Board Change,"5.02,9.01",8-K,https://www.sec.gov/Archives/edgar/data/1868275/000186827526000089/ceg-20260804.htm
CEG,2026-07-14,Other Material Event,8.01,8-K,https://www.sec.gov/Archives/edgar/data/1868275/000186827526000080/ceg-20260714.htm
CEG,2026-06-02,Other Material Event,"8.01,9.01",FORM 8-K,https://www.sec.gov/Archives/edgar/data/1868275/000110465926069482/tm2616531d1_8k.htm
CEG,2026-05-11,Earnings Release,"2.02,7.01,9.01",8-K,https://www.sec.gov/Archives/edgar/data/1868275/000186827526000063/ceg-20260511.htm
CEG,2026-05-01,8-K: Other Material Event,5.07,8-K,https://www.sec.gov/Archives/edgar/data/1868275/000186827526000050/ceg-20260428.htm
CEG,2026-03-31,Investor Presentation / Reg FD Disclosure,"7.01,9.01",8-K,https://www.sec.gov/Archives/edgar/data/1868275/000186827526000045/ceg-20260331.htm
CEG,2026-03-26,Executive/Board Change,"5.02,9.01",8-K,https://www.sec.gov/Archives/edgar/data/1868275/000186827526000041/ceg-20260323.htm
CELC,2026-08-13,Earnings Release,"2.02,9.01",8-K,https://www.sec.gov/Archives/edgar/data/1603454/000119312526349227/celc-20260813.htm
CELC,2026-07-15,Investor Presentation / Reg FD Disclosure,"7.01,8.01,9.01",8-K,https://www.sec.gov/Archives/edgar/data/1603454/000149315226033223/form8-k.htm
CELC,2026-06-08,Material Agreement,"1.01,1.02,2.03,8.01,9.01",8-K,https://www.sec.gov/Archives/edgar/data/1603454/000149315226027717/form8-k.htm
CELC,2026-06-02,Investor Presentation / Reg FD Disclosure,"7.01,8.01,9.01",8-K,https://www.sec.gov/Archives/edgar/data/1603454/000149315226026761/form8-k.htm
CELC,2026-05-18,Executive/Board Change,"5.02,5.07,9.01",8-K,https://www.sec.gov/Archives/edgar/data/1603454/000149315226024175/form8-k.htm
CELC,2026-05-14,Earnings Release,"2.02,9.01",8-K,https://www.sec.gov/Archives/edgar/data/1603454/000149315226023065/form8-k.htm
CELC,2026-05-01,Investor Presentation / Reg FD Disclosure,"7.01,8.01,9.01",8-K,https://www.sec.gov/Archives/edgar/data/1603454/000149315226020918/form8-k.htm
CELC,2026-03-25,Earnings Release,"2.02,9.01",8-K,https://www.sec.gov/Archives/edgar/data/1603454/000149315226012668/form8-k.htm
CELH,2026-08-10,Executive/Board Change,"5.02,7.01,9.01",8-K,https://www.sec.gov/Archives/edgar/data/1341766/000119312526342430/d135466d8k.htm
CELH,2026-08-06,Earnings Release,"2.02,7.01,9.01",8-K,https://www.sec.gov/Archives/edgar/data/1341766/000134176626000047/celh-20260806.htm
CELH,2026-07-15,Material Agreement,"1.01,2.03,9.01",8-K,https://www.sec.gov/Archives/edgar/data/1341766/000119312526304791/d64754d8k.htm
CELH,2026-06-01,Investor Presentation / Reg FD Disclosure,"7.01,9.01",8-K,https://www.sec.gov/Archives/edgar/data/1341766/000119312526251506/d354004d8k.htm
CELH,2026-05-28,8-K: Other Material Event,5.07,8-K,https://www.sec.gov/Archives/edgar/data/1341766/000119312526245271/d151607d8k.htm
CELH,2026-05-07,Earnings Release,"2.02,7.01,9.01",8-K,https://www.sec.gov/Archives/edgar/data/1341766/000134176626000035/celh-20260507.htm
CELH,2026-02-26,Earnings Release,"2.02,7.01,9.01",8-K,https://www.sec.gov/Archives/edgar/data/1341766/000134176626000017/celh-20260226.htm
CIEN,2026-06-11,Material Agreement,"1.01,2.03,3.02,8.01,9.01",8-K,https://www.sec.gov/Archives/edgar/data/936395/000119312526267607/d118604d8k.htm
CIEN,2026-06-08,Other Material Event,"8.01,9.01",8-K,https://www.sec.gov/Archives/edgar/data/936395/000119312526260665/d125730d8k.htm
CIEN,2026-06-04,Earnings Release,"2.02,9.01",8-K,https://www.sec.gov/Archives/edgar/data/936395/000162828026040614/cien-20260604.htm
CIEN,2026-03-31,8-K: Other Material Event,5.07,8-K,https://www.sec.gov/Archives/edgar/data/936395/000162828026022342/cien-20260326.htm
CIEN,2026-03-05,Earnings Release,"2.02,9.01",8-K,https://www.sec.gov/Archives/edgar/data/936395/000162828026015006/cien-20260305.htm
CIFR,2026-08-04,Earnings Release,"2.02,7.01,9.01",8-K,https://www.sec.gov/Archives/edgar/data/1819989/000181998926000038/cifr-20260804.htm
CIFR,2026-06-15,Material Agreement,"1.01,2.03,9.01",FORM 8K,https://www.sec.gov/Archives/edgar/data/1819989/000095010326008994/dp248453_8k.htm
CIFR,2026-06-09,Other Material Event,"8.01,9.01",FORM 8-K,https://www.sec.gov/Archives/edgar/data/1819989/000095010326008678/dp248139_8k.htm
CIFR,2026-06-08,8-K: Other Material Event,5.07,8-K,https://www.sec.gov/Archives/edgar/data/1819989/000181998926000032/cifr-20260602.htm
CIFR,2026-06-08,Investor Presentation / Reg FD Disclosure,"7.01,8.01,9.01",FORM 8-K,https://www.sec.gov/Archives/edgar/data/1819989/000095010326008635/dp248110_8k.htm
CIFR,2026-05-05,Earnings Release,"2.02,7.01,9.01",8-K,https://www.sec.gov/Archives/edgar/data/1819989/000181998926000025/cifr-20260505.htm
CIFR,2026-03-25,Material Agreement,"1.01,2.03,9.01",FORM 8-K,https://www.sec.gov/Archives/edgar/data/1819989/000095010326004609/dp244113_8k.htm
CIFR,2026-02-24,Earnings Release,"2.02,5.03,7.01,9.01",8-K,https://www.sec.gov/Archives/edgar/data/1819989/000181998926000007/cifr-20260220.htm
CL,2026-07-31,Earnings Release,"2.02,9.01",8-K,https://www.sec.gov/Archives/edgar/data/21665/000002166526000041/cl-20260731.htm
CL,2026-05-13,8-K: Other Material Event,5.07,8-K,https://www.sec.gov/Archives/edgar/data/21665/000002166526000025/cl-20260508.htm
CL,2026-05-01,Earnings Release,"2.02,2.05,9.01",8-K,https://www.sec.gov/Archives/edgar/data/21665/000002166526000022/cl-20260430.htm
CL,2026-04-09,Executive/Board Change,5.02,8-K,https://www.sec.gov/Archives/edgar/data/21665/000002166526000015/cl-20260408.htm
CL,2026-03-17,Other Material Event,"8.01,9.01",8-K,https://www.sec.gov/Archives/edgar/data/21665/000002166526000010/cl-20260317.htm
CL,2026-03-12,Executive/Board Change,5.02,8-K,https://www.sec.gov/Archives/edgar/data/21665/000002166526000008/cl-20260312.htm
CLF,2026-07-24,Executive/Board Change,5.02,8-K,https://www.sec.gov/Archives/edgar/data/764065/000076406526000102/clf-20260721.htm
CLF,2026-07-23,Earnings Release,"2.02,9.01",8-K,https://www.sec.gov/Archives/edgar/data/764065/000076406526000097/clf-20260723.htm
CLF,2026-05-20,8-K: Other Material Event,5.07,8-K,https://www.sec.gov/Archives/edgar/data/764065/000076406526000086/clf-20260514.htm
CLF,2026-04-20,Earnings Release,"2.02,9.01",8-K,https://www.sec.gov/Archives/edgar/data/764065/000076406526000067/clf-20260420.htm
CLF,2026-02-23,Executive/Board Change,5.02,8-K,https://www.sec.gov/Archives/edgar/data/764065/000076406526000044/clf-20260222.htm
CLOV,2026-08-20,Investor Presentation / Reg FD Disclosure,"7.01,9.01",8-K,https://www.sec.gov/Archives/edgar/data/1801170/000180117026000214/clov-20260820.htm
CLOV,2026-08-05,Earnings Release,"2.02,9.01",8-K,https://www.sec.gov/Archives/edgar/data/1801170/000180117026000196/clov-20260805.htm
CLOV,2026-07-17,Other Material Event,8.01,8-K,https://www.sec.gov/Archives/edgar/data/1801170/000180117026000181/clov-20260704.htm
CLOV,2026-06-18,Other Material Event,8.01,8-K,https://www.sec.gov/Archives/edgar/data/1801170/000180117026000166/clov-20260617.htm
CLOV,2026-06-16,Executive/Board Change,5.02,8-K,https://www.sec.gov/Archives/edgar/data/1801170/000180117026000153/clov-20260615.htm
CLOV,2026-06-12,8-K: Other Material Event,5.07,8-K,https://www.sec.gov/Archives/edgar/data/1801170/000180117026000148/clov-20260610.htm
CLOV,2026-06-10,Other Material Event,8.01,8-K,https://www.sec.gov/Archives/edgar/data/1801170/000180117026000137/clov-20260609.htm
CLOV,2026-05-18,Investor Presentation / Reg FD Disclosure,"7.01,9.01",8-K,https://www.sec.gov/Archives/edgar/data/1801170/000180117026000128/clov-20260518.htm
CLS,2026-08-07,Material Agreement,"1.01,9.01",FORM 8-K,https://www.sec.gov/Archives/edgar/data/1030894/000110465926092676/tm2621135d2_8k.htm
CLS,2026-07-27,Earnings Release,"2.02,9.01",8-K,https://www.sec.gov/Archives/edgar/data/1030894/000103089426000043/cls-20260727.htm
CLS,2026-07-06,Executive/Board Change,"5.02,9.01",8-K,https://www.sec.gov/Archives/edgar/data/1030894/000103089426000038/cls-20260706.htm
CLS,2026-05-19,Other Material Event,"5.07,8.01,9.01",8-K,https://www.sec.gov/Archives/edgar/data/1030894/000103089426000035/cls-20260519.htm
CLS,2026-04-28,Material Agreement,"1.01,2.03,9.01",FORM 8-K,https://www.sec.gov/Archives/edgar/data/1030894/000110465926049818/tm2612871d1_8k.htm
CLS,2026-04-27,Earnings Release,"2.02,9.01",8-K,https://www.sec.gov/Archives/edgar/data/1030894/000103089426000030/cls-20260427.htm
CLS,2026-03-24,Executive/Board Change,"5.02,9.01",FORM 8-K,https://www.sec.gov/Archives/edgar/data/1030894/000110465926033887/tm269620d1_8k.htm
CLSK,2026-08-06,Earnings Release,"2.02,9.01",8-K,https://www.sec.gov/Archives/edgar/data/827876/000119312526337999/clsk-20260806.htm
CLSK,2026-07-14,Investor Presentation / Reg FD Disclosure,"7.01,8.01,9.01",8-K,https://www.sec.gov/Archives/edgar/data/827876/000119312526302448/clsk-20260710.htm
CLSK,2026-05-11,Earnings Release,"2.02,9.01",8-K,https://www.sec.gov/Archives/edgar/data/827876/000119312526216866/clsk-20260511.htm
CLSK,2026-03-24,Bylaws/Fiscal Year Change,"3.03,5.03,8.01,9.01",8-K,https://www.sec.gov/Archives/edgar/data/827876/000119312526122201/clsk-20260319.htm
CLSK,2026-03-05,8-K: Other Material Event,"5.07,9.01",8-K,https://www.sec.gov/Archives/edgar/data/827876/000119312526093986/clsk-20260303.htm
CMG,2026-08-05,Investor Presentation / Reg FD Disclosure,7.01,8-K,https://www.sec.gov/Archives/edgar/data/1058090/000105809026000069/cmg-20260804.htm
CMG,2026-07-29,Earnings Release,"2.02,8.01,9.01",8-K,https://www.sec.gov/Archives/edgar/data/1058090/000105809026000063/cmg-20260729.htm
CMG,2026-07-08,Other Material Event,8.01,8-K,https://www.sec.gov/Archives/edgar/data/1058090/000105809026000058/cmg-20260707.htm
CMG,2026-06-17,8-K: Other Material Event,5.07,8-K,https://www.sec.gov/Archives/edgar/data/1058090/000105809026000056/cmg-20260611.htm
CMG,2026-04-29,Earnings Release,"2.02,9.01",8-K,https://www.sec.gov/Archives/edgar/data/1058090/000105809026000027/cmg-20260429.htm
CMG,2026-04-27,Investor Presentation / Reg FD Disclosure,"7.01,9.01",8-K,https://www.sec.gov/Archives/edgar/data/1058090/000105809026000024/cmg-20260427.htm
COHR,2026-08-12,Earnings Release,"2.02,7.01,9.01",8-K,https://www.sec.gov/Archives/edgar/data/820318/000119312526346860/d128030d8k.htm
COHR,2026-05-06,Earnings Release,"2.02,7.01,9.01",8-K,https://www.sec.gov/Archives/edgar/data/820318/000119312526208972/d57080d8k.htm
COHR,2026-04-28,Executive/Board Change,5.02,8-K,https://www.sec.gov/Archives/edgar/data/820318/000119312526187297/d107137d8k.htm
COHR,2026-03-02,Investor Presentation / Reg FD Disclosure,"3.02,7.01,9.01",8-K,https://www.sec.gov/Archives/edgar/data/820318/000119312526084366/d42735d8k.htm
COIN,2026-07-30,Earnings Release,"2.02,9.01",8-K,https://www.sec.gov/Archives/edgar/data/1679788/000167978826000087/coin-20260730.htm
COIN,2026-07-23,Executive/Board Change,"5.02,9.01",8-K,https://www.sec.gov/Archives/edgar/data/1679788/000167978826000080/coin-20260722.htm
COIN,2026-07-09,Executive/Board Change,"5.02,9.01",8-K,https://www.sec.gov/Archives/edgar/data/1679788/000119312526299667/d74758d8k.htm
COIN,2026-06-18,8-K: Other Material Event,5.07,8-K,https://www.sec.gov/Archives/edgar/data/1679788/000167978826000075/coin-20260616.htm
COIN,2026-05-07,Earnings Release,"2.02,9.01",8-K,https://www.sec.gov/Archives/edgar/data/1679788/000167978826000053/coin-20260507.htm
COIN,2026-05-05,8-K: Other Material Event,2.05,8-K,https://www.sec.gov/Archives/edgar/data/1679788/000167978826000049/coin-20260505.htm
COIN,2026-04-10,Executive/Board Change,5.02,8-K,https://www.sec.gov/Archives/edgar/data/1679788/000167978826000035/coin-20260407.htm
COP,2026-08-11,Executive/Board Change,"5.02,9.01",FORM 8-K,https://www.sec.gov/Archives/edgar/data/1163165/000110465926094062/tm2622739d1_8k.htm
COP,2026-08-06,Earnings Release,"2.02,9.01",8-K,https://www.sec.gov/Archives/edgar/data/1163165/000116316526000030/cop-20260806.htm
COP,2026-06-23,Executive/Board Change,5.02,FORM 8-K,https://www.sec.gov/Archives/edgar/data/1163165/000110465926076836/tm2618585d1_8k.htm
COP,2026-05-14,8-K: Other Material Event,5.07,FORM 8-K,https://www.sec.gov/Archives/edgar/data/1163165/000110465926061130/tm2614551d1_8k.htm
COP,2026-04-30,Earnings Release,"2.02,9.01",8-K,https://www.sec.gov/Archives/edgar/data/1163165/000116316526000016/cop-20260430.htm
CORZ,2026-08-14,Investor Presentation / Reg FD Disclosure,"7.01,8.01,9.01",8-K,https://www.sec.gov/Archives/edgar/data/1839341/000183934126000018/core-20260813.htm
CORZ,2026-07-29,Executive/Board Change,"5.02,7.01,9.01",8-K,https://www.sec.gov/Archives/edgar/data/1839341/000183934126000016/core-20260729.htm
CORZ,2026-07-28,Earnings Release,"2.02,7.01,9.01",8-K,https://www.sec.gov/Archives/edgar/data/1839341/000183934126000013/core-20260728.htm
CORZ,2026-07-28,Investor Presentation / Reg FD Disclosure,"3.02,7.01,9.01",8-K,https://www.sec.gov/Archives/edgar/data/1839341/000183934126000012/core-20260727.htm
CORZ,2026-05-26,Executive/Board Change,"5.02,7.01,9.01",8-K,https://www.sec.gov/Archives/edgar/data/1839341/000183934126000005/core-20260526.htm
CORZ,2026-05-15,8-K: Other Material Event,5.07,8-K,https://www.sec.gov/Archives/edgar/data/1839341/000183934126000002/core-20260512.htm
CORZ,2026-05-06,Earnings Release,"2.02,7.01,9.01",8-K,https://www.sec.gov/Archives/edgar/data/1839341/000162828026031246/core-20260506.htm
CORZ,2026-05-06,Material Agreement,"1.01,1.02,2.03,8.01,9.01",8-K,https://www.sec.gov/Archives/edgar/data/1839341/000119312526208905/d47435d8k.htm
COST,2026-07-08,Other Material Event,"8.01,9.01",8-K,https://www.sec.gov/Archives/edgar/data/909832/000090983226000060/cost-20260707.htm
COST,2026-05-28,Earnings Release,"2.02,9.01",8-K,https://www.sec.gov/Archives/edgar/data/909832/000090983226000046/cost-20260528.htm
COST,2026-04-15,Other Material Event,"8.01,9.01",8-K,https://www.sec.gov/Archives/edgar/data/909832/000090983226000041/cost-20260415.htm
COST,2026-03-05,Earnings Release,"2.02,9.01",8-K,https://www.sec.gov/Archives/edgar/data/909832/000090983226000025/cost-20260305.htm
CPSH,2026-08-06,Earnings Release,"2.02,8.01,9.01",FORM 8-K,https://www.sec.gov/Archives/edgar/data/814676/000143774926025985/cpsh20260805_8k.htm
CPSH,2026-06-01,Material Agreement,"1.01,5.03,8.01,9.01",FORM 8-K,https://www.sec.gov/Archives/edgar/data/814676/000143774926018930/cpsh20260528_8k.htm
CPSH,2026-05-08,Executive/Board Change,"5.02,9.01",FORM 8-K,https://www.sec.gov/Archives/edgar/data/814676/000143774926015873/cpsh20260505_8k.htm
CPSH,2026-05-06,Earnings Release,"2.02,8.01,9.01",FORM 8-K,https://www.sec.gov/Archives/edgar/data/814676/000143774926015161/cpsh20260505d_8k.htm
CPSH,2026-05-06,Investor Presentation / Reg FD Disclosure,"5.07,7.01",FORM 8-K,https://www.sec.gov/Archives/edgar/data/814676/000143774926015136/cpsh20260505c_8k.htm
CPSH,2026-03-04,Earnings Release,"2.02,8.01,9.01",FORM 8-K,https://www.sec.gov/Archives/edgar/data/814676/000143774926006916/cpsh20260304_8k.htm
CRDO,2026-06-01,Earnings Release,"2.02,5.02,9.01",8-K,https://www.sec.gov/Archives/edgar/data/1807794/000162828026039474/crdo-20260528.htm
CRDO,2026-04-13,Investor Presentation / Reg FD Disclosure,"3.02,7.01,9.01",8-K,https://www.sec.gov/Archives/edgar/data/1807794/000162828026024892/crdo-20260413.htm
CRDO,2026-03-02,Earnings Release,"2.02,9.01",8-K,https://www.sec.gov/Archives/edgar/data/1807794/000162828026013205/crdo-20260302.htm
CRM,2026-08-05,Executive/Board Change,5.02,8-K,https://www.sec.gov/Archives/edgar/data/1108524/000110852426000160/crm-20260805.htm
CRM,2026-06-02,Executive/Board Change,5.02,8-K,https://www.sec.gov/Archives/edgar/data/1108524/000110852426000138/crm-20260527.htm
CRM,2026-06-01,Executive/Board Change,"5.02,9.01",8-K,https://www.sec.gov/Archives/edgar/data/1108524/000110852426000131/crm-20260528.htm
CRM,2026-05-27,Earnings Release,"2.02,9.01",8-K,https://www.sec.gov/Archives/edgar/data/1108524/000110852426000125/crm-20260527.htm
CRM,2026-03-16,Investor Presentation / Reg FD Disclosure,"7.01,9.01",8-K,https://www.sec.gov/Archives/edgar/data/1108524/000119312526107403/d887663d8k.htm
CRM,2026-03-13,Material Agreement,"1.01,2.03,9.01",8-K,https://www.sec.gov/Archives/edgar/data/1108524/000119312526106356/d114728d8k.htm
CRM,2026-03-12,Material Agreement,"1.01,2.03,9.01",8-K,https://www.sec.gov/Archives/edgar/data/1108524/000119312526104282/d887348d8k.htm
CRM,2026-03-06,Executive/Board Change,5.02,8-K,https://www.sec.gov/Archives/edgar/data/1108524/000110852426000062/crm-20260306.htm
CROX,2026-07-30,Earnings Release,"2.02,8.01,9.01",8-K,https://www.sec.gov/Archives/edgar/data/1334036/000133403626000050/crox-20260730.htm
CROX,2026-06-10,Executive/Board Change,"5.02,5.07,9.01",8-K,https://www.sec.gov/Archives/edgar/data/1334036/000133403626000046/crox-20260609.htm
CROX,2026-04-30,Earnings Release,"2.02,9.01",8-K,https://www.sec.gov/Archives/edgar/data/1334036/000133403626000029/crox-20260430.htm
CRSP,2026-08-03,Earnings Release,"2.02,9.01",8-K,https://www.sec.gov/Archives/edgar/data/1674416/000119312526330644/crsp-20260803.htm
CRSP,2026-06-04,Executive/Board Change,"5.02,5.03,5.07,9.01",8-K,https://www.sec.gov/Archives/edgar/data/1674416/000119312526257593/crsp-20260604.htm
CRSP,2026-05-04,Earnings Release,"2.02,9.01",8-K,https://www.sec.gov/Archives/edgar/data/1674416/000119312526204147/crsp-20260504.htm
CRSP,2026-03-16,Material Agreement,"1.01,2.03,3.02,9.01",8-K,https://www.sec.gov/Archives/edgar/data/1674416/000119312526108333/crsp-20260316.htm
CRSP,2026-03-11,Other Material Event,"8.01,9.01",8-K,https://www.sec.gov/Archives/edgar/data/1674416/000119312526101073/crsp-20260310.htm
CRSR,2026-08-06,Earnings Release,"2.02,9.01",8-K,https://www.sec.gov/Archives/edgar/data/1743759/000119312526337943/crsr-20260806.htm
CRSR,2026-06-18,8-K: Other Material Event,5.07,8-K,https://www.sec.gov/Archives/edgar/data/1743759/000119312526275878/crsr-20260616.htm
CRSR,2026-05-07,Earnings Release,"2.02,9.01",8-K,https://www.sec.gov/Archives/edgar/data/1743759/000119312526211845/crsr-20260507.htm
CRSR,2026-03-11,Executive/Board Change,5.02,8-K,https://www.sec.gov/Archives/edgar/data/1743759/000119312526102218/d95717d8k.htm
CRWD,2026-06-22,Bylaws/Fiscal Year Change,"5.03,5.07,9.01",FORM 8-K,https://www.sec.gov/Archives/edgar/data/1535527/000110465926076376/tm2618192d1_8k.htm
CRWD,2026-06-03,Earnings Release,"2.02,8.01,9.01",8-K,https://www.sec.gov/Archives/edgar/data/1535527/000153552726000022/crwd-20260603.htm
CRWD,2026-04-21,Executive/Board Change,"5.02,7.01,9.01",8-K,https://www.sec.gov/Archives/edgar/data/1535527/000153552726000018/crwd-20260416.htm
CRWD,2026-04-06,Other Material Event,"8.01,9.01",8-K,https://www.sec.gov/Archives/edgar/data/1535527/000153552726000013/crwd-20260406.htm
CRWD,2026-03-03,Earnings Release,"2.02,9.01",8-K,https://www.sec.gov/Archives/edgar/data/1535527/000153552726000007/crwd-20260303.htm
CRWV,2026-08-11,Earnings Release,"2.02,9.01",8-K,https://www.sec.gov/Archives/edgar/data/1769628/000176962826000362/crwv-20260811.htm
CRWV,2026-08-10,Material Agreement,"1.01,2.03,7.01,9.01",8-K,https://www.sec.gov/Archives/edgar/data/1769628/000176962826000357/crwv-20260807.htm
CRWV,2026-06-18,Material Agreement,"1.01,2.03,9.01",8-K,https://www.sec.gov/Archives/edgar/data/1769628/000176962826000291/crwv-20260618.htm
CRWV,2026-06-11,Investor Presentation / Reg FD Disclosure,7.01,8-K,https://www.sec.gov/Archives/edgar/data/1769628/000176962826000278/crwv-20260611.htm
CRWV,2026-06-10,8-K: Other Material Event,5.07,8-K,https://www.sec.gov/Archives/edgar/data/1769628/000176962826000270/crwv-20260608.htm
CRWV,2026-05-18,Material Agreement,"1.01,2.03,7.01,9.01",8-K,https://www.sec.gov/Archives/edgar/data/1769628/000176962826000236/crwv-20260515.htm
CRWV,2026-05-07,Earnings Release,"2.02,9.01",8-K,https://www.sec.gov/Archives/edgar/data/1769628/000176962826000220/crwv-20260507.htm
CRWV,2026-04-21,Material Agreement,"1.01,2.03,8.01,9.01",8-K,https://www.sec.gov/Archives/edgar/data/1769628/000176962826000183/crwv-20260416.htm
CSCO,2026-08-12,Earnings Release,"2.02,9.01",8-K,https://www.sec.gov/Archives/edgar/data/858877/000085887726000106/csco-20260812.htm
CSCO,2026-05-13,Earnings Release,"2.02,2.05,9.01",8-K,https://www.sec.gov/Archives/edgar/data/858877/000085887726000075/csco-20260513.htm
CSCO,2026-05-01,Executive/Board Change,5.02,8-K,https://www.sec.gov/Archives/edgar/data/858877/000085887726000057/csco-20260427.htm
CSCO,2026-04-06,Executive/Board Change,5.02,8-K,https://www.sec.gov/Archives/edgar/data/858877/000085887726000048/csco-20260331.htm
CSX,2026-07-22,Earnings Release,"2.02,9.01",8-K,https://www.sec.gov/Archives/edgar/data/277948/000027794826000031/csx-20260722.htm
CSX,2026-05-14,Executive/Board Change,"5.02,5.07,8.01",FORM 8-K,https://www.sec.gov/Archives/edgar/data/277948/000095010326007181/dp246573_8k.htm
CSX,2026-04-22,Earnings Release,"2.02,9.01",8-K,https://www.sec.gov/Archives/edgar/data/277948/000027794826000013/csx-20260422.htm
CVS,2026-08-17,Executive/Board Change,"5.02,7.01,9.01",8-K,https://www.sec.gov/Archives/edgar/data/64803/000119312526354096/d129035d8k.htm
CVS,2026-08-05,Earnings Release,"2.02,9.01",8-K,https://www.sec.gov/Archives/edgar/data/64803/000006480326000097/cvs-20260805.htm
CVS,2026-05-18,Executive/Board Change,"5.02,5.07",8-K,https://www.sec.gov/Archives/edgar/data/64803/000006480326000082/cvs-20260514.htm
CVS,2026-05-06,Earnings Release,"2.02,9.01",8-K,https://www.sec.gov/Archives/edgar/data/64803/000006480326000051/cvs-20260506.htm
CVS,2026-03-19,Executive/Board Change,5.02,8-K,https://www.sec.gov/Archives/edgar/data/64803/000006480326000017/cvs-20260318.htm
CVX,2026-07-31,Earnings Release,"2.02,9.01",8-K,https://www.sec.gov/Archives/edgar/data/93410/000009341026000162/cvx-20260731.htm
CVX,2026-05-29,8-K: Other Material Event,5.07,8-K,https://www.sec.gov/Archives/edgar/data/93410/000009341026000125/cvx-20260527.htm
CVX,2026-05-29,Executive/Board Change,5.02,8-K,https://www.sec.gov/Archives/edgar/data/93410/000009341026000123/cvx-20260527.htm
CVX,2026-05-01,Earnings Release,"2.02,9.01",8-K,https://www.sec.gov/Archives/edgar/data/93410/000009341026000110/cvx-20260501.htm
CVX,2026-04-09,Earnings Release,2.02,8-K,https://www.sec.gov/Archives/edgar/data/93410/000009341026000108/cvx-20260409.htm
CVX,2026-03-25,Bylaws/Fiscal Year Change,"5.03,9.01",8-K,https://www.sec.gov/Archives/edgar/data/93410/000009341026000103/cvx-20260325.htm
CZR,2026-07-28,Earnings Release,"2.02,9.01",8-K,https://www.sec.gov/Archives/edgar/data/1590895/000159089526000027/czr-20260728.htm
CZR,2026-07-08,Executive/Board Change,5.02,8-K,https://www.sec.gov/Archives/edgar/data/1590895/000159089526000024/czr-20260706.htm
CZR,2026-06-12,8-K: Other Material Event,5.07,8-K,https://www.sec.gov/Archives/edgar/data/1590895/000159089526000022/czr-20260609.htm
CZR,2026-05-28,Material Agreement,"1.01,7.01,9.01",8-K,https://www.sec.gov/Archives/edgar/data/1590895/000119312526242995/d143382d8k.htm
CZR,2026-04-28,Earnings Release,"2.02,9.01",8-K,https://www.sec.gov/Archives/edgar/data/1590895/000159089526000015/czr-20260428.htm
D,2026-07-31,Earnings Release,"2.02,9.01",8-K,https://www.sec.gov/Archives/edgar/data/715957/000119312526326812/d-20260731.htm
D,2026-06-16,Other Material Event,"8.01,9.01",8-K,https://www.sec.gov/Archives/edgar/data/715957/000119312526272001/d122810d8k.htm
D,2026-06-05,Other Material Event,"8.01,9.01",8-K,https://www.sec.gov/Archives/edgar/data/715957/000119312526258533/d129582d8k.htm
D,2026-05-22,Other Material Event,8.01,8-K,https://www.sec.gov/Archives/edgar/data/715957/000119312526235041/d131585d8k.htm
D,2026-05-18,Material Agreement,"1.01,7.01,9.01",8-K,https://www.sec.gov/Archives/edgar/data/715957/000119312526227930/d158175d8k.htm
D,2026-05-07,8-K: Other Material Event,5.07,8-K,https://www.sec.gov/Archives/edgar/data/715957/000119312526212457/d113691d8k.htm
D,2026-05-01,Earnings Release,"2.02,9.01",8-K,https://www.sec.gov/Archives/edgar/data/715957/000119312526199099/d-20260501.htm
D,2026-04-08,Material Agreement,"1.01,8.01,9.01",8-K,https://www.sec.gov/Archives/edgar/data/715957/000119312526147495/d64207d8k.htm
DAL,2026-07-10,Earnings Release,"2.02,9.01",8-K,https://www.sec.gov/Archives/edgar/data/27904/000002790426000029/dal-20260710.htm
DAL,2026-06-22,8-K: Other Material Event,5.07,FORM 8-K,https://www.sec.gov/Archives/edgar/data/27904/000168316826005025/delta_8k.htm
DAL,2026-06-12,Material Agreement,"1.01,2.03",FORM 8-K,https://www.sec.gov/Archives/edgar/data/27904/000168316826004816/delta_8k.htm
DAL,2026-04-08,Earnings Release,"2.02,9.01",8-K,https://www.sec.gov/Archives/edgar/data/27904/000002790426000020/dal-20260408.htm
DAL,2026-03-17,Investor Presentation / Reg FD Disclosure,"7.01,9.01",FORM 8-K,https://www.sec.gov/Archives/edgar/data/27904/000168316826001875/delta_8k.htm
DAL,2026-03-05,Executive/Board Change,"5.02,9.01",FORM 8-K,https://www.sec.gov/Archives/edgar/data/27904/000168316826001510/delta_8k.htm
DASH,2026-08-11,8-K: Other Material Event,5.07,8-K,https://www.sec.gov/Archives/edgar/data/1792789/000114036126032235/ef20079912_8k.htm
DASH,2026-08-05,Earnings Release,"2.02,7.01,9.01",8-K,https://www.sec.gov/Archives/edgar/data/1792789/000179278926000048/dash-20260805.htm
DASH,2026-06-12,Other Material Event,"5.07,8.01",8-K,https://www.sec.gov/Archives/edgar/data/1792789/000179278926000040/dash-20260610.htm
DASH,2026-05-06,Earnings Release,"2.02,7.01,9.01",8-K,https://www.sec.gov/Archives/edgar/data/1792789/000179278926000036/dash-20260506.htm
DAVE,2026-08-14,Executive/Board Change,5.02,8-K,https://www.sec.gov/Archives/edgar/data/1841408/000119312526352390/dave-20260812.htm
DAVE,2026-08-05,Earnings Release,"2.02,9.01",8-K,https://www.sec.gov/Archives/edgar/data/1841408/000119312526335119/dave-20260805.htm
DAVE,2026-06-02,8-K: Other Material Event,5.07,8-K,https://www.sec.gov/Archives/edgar/data/1841408/000119312526253774/dave-20260602.htm
DAVE,2026-05-05,Earnings Release,"2.02,9.01",8-K,https://www.sec.gov/Archives/edgar/data/1841408/000119312526206471/dave-20260505.htm
DAVE,2026-03-09,Material Agreement,"1.01,2.03,3.02,8.01,9.01",8-K,https://www.sec.gov/Archives/edgar/data/1841408/000119312526098802/d108294d8k.htm
DAVE,2026-03-06,Material Agreement,"1.01,8.01,9.01",8-K,https://www.sec.gov/Archives/edgar/data/1841408/000119312526094530/d55376d8k.htm
DAVE,2026-03-03,Other Material Event,"8.01,9.01",8-K,https://www.sec.gov/Archives/edgar/data/1841408/000119312526088439/d864354d8k.htm
DAVE,2026-03-02,Earnings Release,"2.02,5.02,8.01,9.01",8-K,https://www.sec.gov/Archives/edgar/data/1841408/000184140826000003/dave-20260226.htm
DBX,2026-08-06,Earnings Release,"2.02,7.01,9.01",8-K,https://www.sec.gov/Archives/edgar/data/1467623/000146762326000045/dbx-20260806.htm
DBX,2026-06-01,Material Agreement,"1.01,2.03,7.01,8.01,9.01",8-K,https://www.sec.gov/Archives/edgar/data/1467623/000146762326000040/dbx-20260601.htm
DBX,2026-05-26,8-K: Other Material Event,"5.07,9.01",8-K,https://www.sec.gov/Archives/edgar/data/1467623/000146762326000036/dbx-20260521.htm
DBX,2026-05-26,Executive/Board Change,"5.02,7.01,9.01",8-K,https://www.sec.gov/Archives/edgar/data/1467623/000146762326000034/dbx-20260521.htm
DBX,2026-05-07,Earnings Release,"2.02,7.01,9.01",8-K,https://www.sec.gov/Archives/edgar/data/1467623/000146762326000027/dbx-20260507.htm
DDOG,2026-08-06,Earnings Release,"2.02,9.01",8-K,https://www.sec.gov/Archives/edgar/data/1561550/000162828026053829/ddog-20260806.htm
DDOG,2026-06-16,8-K: Other Material Event,5.07,8-K,https://www.sec.gov/Archives/edgar/data/1561550/000162828026043590/ddog-20260615.htm
DDOG,2026-05-07,Earnings Release,"2.02,9.01",8-K,https://www.sec.gov/Archives/edgar/data/1561550/000162828026031677/ddog-20260507.htm
DDOG,2026-04-22,Bylaws/Fiscal Year Change,"3.03,5.03,5.07,8.01,9.01",8-K,https://www.sec.gov/Archives/edgar/data/1561550/000119312526168261/d81305d8k.htm
DDOG,2026-03-02,Executive/Board Change,5.02,8-K,https://www.sec.gov/Archives/edgar/data/1561550/000162828026013236/ddog-20260226.htm
DE,2026-08-20,Earnings Release,"2.02,7.01,9.01",8-K,https://www.sec.gov/Archives/edgar/data/315189/000110465926098904/de-20260820x8k.htm
DE,2026-07-15,Other Material Event,"8.01,9.01",8-K,https://www.sec.gov/Archives/edgar/data/315189/000110465926083910/de-20260710x8k.htm
DE,2026-06-01,Executive/Board Change,5.02,8-K,https://www.sec.gov/Archives/edgar/data/315189/000110465926068930/de-20260526x8k.htm
DE,2026-05-21,Earnings Release,"2.02,7.01,9.01",8-K,https://www.sec.gov/Archives/edgar/data/315189/000110465926064747/de-20260521x8k.htm
DE,2026-05-01,Executive/Board Change,"5.02,7.01,9.01",8-K,https://www.sec.gov/Archives/edgar/data/315189/000110465926053322/de-20260428x8k.htm
DE,2026-03-16,Executive/Board Change,"5.02,9.01",8-K,https://www.sec.gov/Archives/edgar/data/315189/000110465926028536/de-20260312x8k.htm
DE,2026-02-27,8-K: Other Material Event,5.07,8-K,https://www.sec.gov/Archives/edgar/data/315189/000110465926021272/de-20260225x8k.htm
DECK,2026-07-23,Earnings Release,2.02,8-K,https://www.sec.gov/Archives/edgar/data/910521/000091052126000015/deck-20260723.htm
DECK,2026-05-21,Earnings Release,"2.02,9.01",8-K,https://www.sec.gov/Archives/edgar/data/910521/000091052126000007/deck-20260521.htm
DELL,2026-07-06,Bylaws/Fiscal Year Change,"3.03,5.03,9.01",8-K,https://www.sec.gov/Archives/edgar/data/1571996/000119312526296224/d32716d8k.htm
DELL,2026-07-01,Other Material Event,"3.03,5.07,8.01,9.01",8-K,https://www.sec.gov/Archives/edgar/data/1571996/000157199626000036/dell-20260625.htm
DELL,2026-06-17,8-K: Other Material Event,3.02,8-K,https://www.sec.gov/Archives/edgar/data/1571996/000157199626000032/dell-20260611.htm
DELL,2026-06-16,Material Agreement,"1.01,2.03,9.01",8-K,https://www.sec.gov/Archives/edgar/data/1571996/000119312526272720/d20600d8k.htm
DELL,2026-06-12,Other Material Event,"8.01,9.01",8-K,https://www.sec.gov/Archives/edgar/data/1571996/000119312526269594/d131151d8k.htm
DELL,2026-06-10,Material Agreement,"1.01,1.02,2.03,9.01",8-K,https://www.sec.gov/Archives/edgar/data/1571996/000119312526265877/d98058d8k.htm
DELL,2026-05-28,Earnings Release,"2.02,9.01",8-K,https://www.sec.gov/Archives/edgar/data/1571996/000157199626000021/dell-20260528.htm
DELL,2026-04-20,8-K: Other Material Event,3.02,8-K,https://www.sec.gov/Archives/edgar/data/1571996/000157199626000013/dell-20260415.htm
DG,2026-06-02,Earnings Release,"2.02,5.07,7.01,9.01",FORM 8-K,https://www.sec.gov/Archives/edgar/data/29534/000110465926069198/tm2616084d1_8k.htm
DG,2026-03-24,Executive/Board Change,"5.02,7.01,9.01",FORM 8-K,https://www.sec.gov/Archives/edgar/data/29534/000110465926033643/tm269511d1_8k.htm
DG,2026-03-12,Earnings Release,"2.02,7.01,9.01",FORM 8-K,https://www.sec.gov/Archives/edgar/data/29534/000110465926026697/tm268519d1_8k.htm
DHR,2026-08-03,Executive/Board Change,"5.02,7.01,8.01,9.01",8-K,https://www.sec.gov/Archives/edgar/data/313616/000119312526330652/d161342d8k.htm
DHR,2026-07-21,Earnings Release,"2.02,9.01",8-K,https://www.sec.gov/Archives/edgar/data/313616/000031361626000163/dhr-20260721.htm
DHR,2026-06-03,Other Material Event,"2.03,8.01",8-K,https://www.sec.gov/Archives/edgar/data/313616/000119312526255555/d63873d8k.htm
DHR,2026-05-07,Executive/Board Change,"5.02,5.07,9.01",8-K,https://www.sec.gov/Archives/edgar/data/313616/000031361626000127/dhr-20260505.htm
DHR,2026-04-29,Material Agreement,"1.01,8.01,9.01",8-K,https://www.sec.gov/Archives/edgar/data/313616/000119312526191608/d107133d8k.htm
DHR,2026-04-21,Earnings Release,"2.02,9.01",8-K,https://www.sec.gov/Archives/edgar/data/313616/000031361626000109/dhr-20260421.htm
DHR,2026-04-17,Material Agreement,"1.01,2.03,9.01",8-K,https://www.sec.gov/Archives/edgar/data/313616/000119312526160383/d56203d8k.htm
DIS,2026-08-05,Earnings Release,"2.02,9.01",FORM 8-K,https://www.sec.gov/Archives/edgar/data/1744489/000174448926000056/dis-20260805.htm
DIS,2026-05-06,Earnings Release,"2.02,9.01",FORM 8-K,https://www.sec.gov/Archives/edgar/data/1744489/000174448926000036/dis-20260506.htm
DIS,2026-03-20,Executive/Board Change,"5.02,5.07,9.01",FORM 8-K,https://www.sec.gov/Archives/edgar/data/1744489/000162828026020172/dis-20260318.htm
DIS,2026-03-03,Other Material Event,"8.01,9.01",8-K,https://www.sec.gov/Archives/edgar/data/1744489/000119312526088356/d116769d8k.htm
DIS,2026-02-24,Executive/Board Change,"5.02,9.01",FORM 8-K,https://www.sec.gov/Archives/edgar/data/1744489/000174448926000025/dis-20260220.htm
DJT,2026-08-10,Earnings Release,"2.02,9.01",FORM 8-K,https://www.sec.gov/Archives/edgar/data/1849635/000143774926026797/djt20260511_8k.htm
DJT,2026-08-10,Investor Presentation / Reg FD Disclosure,"7.01,9.01",FORM 8-K,https://www.sec.gov/Archives/edgar/data/1849635/000143774926026665/djt20260809_8k.htm
DJT,2026-08-07,8-K: Other Material Event,"1.02,9.01",FORM 8-K,https://www.sec.gov/Archives/edgar/data/1849635/000143774926026597/djt20260804_8k.htm
DJT,2026-08-07,Investor Presentation / Reg FD Disclosure,"7.01,9.01",FORM 8-K,https://www.sec.gov/Archives/edgar/data/1849635/000143774926026595/djt20260806c_8k.htm
DJT,2026-08-06,Investor Presentation / Reg FD Disclosure,"7.01,9.01",FORM 8-K,https://www.sec.gov/Archives/edgar/data/1849635/000143774926026265/djt20260806_8k.htm
DJT,2026-08-05,Investor Presentation / Reg FD Disclosure,"7.01,9.01",FORM 8-K,https://www.sec.gov/Archives/edgar/data/1849635/000143774926025800/djt20260805_8k.htm
DJT,2026-07-20,Investor Presentation / Reg FD Disclosure,7.01,FORM 8-K,https://www.sec.gov/Archives/edgar/data/1849635/000143774926023862/djt20260720d_8k.htm
DJT,2026-07-16,Investor Presentation / Reg FD Disclosure,"7.01,9.01",FORM 8-K,https://www.sec.gov/Archives/edgar/data/1849635/000143774926023709/djt20260709c_8k.htm
DKNG,2026-08-07,Earnings Release,"2.02,9.01",8-K,https://www.sec.gov/Archives/edgar/data/1883685/000188368526000027/dkng-20260807.htm
DKNG,2026-06-26,Investor Presentation / Reg FD Disclosure,7.01,FORM 8-K,https://www.sec.gov/Archives/edgar/data/1883685/000110465926078269/tm2618998d1_8k.htm
DKNG,2026-06-09,Investor Presentation / Reg FD Disclosure,7.01,FORM 8-K,https://www.sec.gov/Archives/edgar/data/1883685/000110465926071581/tm2617134d1_8k.htm
DKNG,2026-05-29,Executive/Board Change,5.02,FORM 8-K,https://www.sec.gov/Archives/edgar/data/1883685/000110465926068267/tm2615900d1_8k.htm
DKNG,2026-05-15,8-K: Other Material Event,5.07,FORM 8-K,https://www.sec.gov/Archives/edgar/data/1883685/000110465926062556/tm2614566d1_8k.htm
DKNG,2026-05-08,Earnings Release,"2.02,9.01",8-K,https://www.sec.gov/Archives/edgar/data/1883685/000188368526000019/dkng-20260508.htm
DKS,2026-06-12,8-K: Other Material Event,5.07,8-K,https://www.sec.gov/Archives/edgar/data/1089063/000108906326000031/dks-20260610.htm
DKS,2026-05-27,Earnings Release,"2.02,8.01,9.01",8-K,https://www.sec.gov/Archives/edgar/data/1089063/000108906326000021/dks-20260526.htm
DKS,2026-03-12,Earnings Release,"2.02,8.01,9.01",8-K,https://www.sec.gov/Archives/edgar/data/1089063/000108906326000005/dks-20260311.htm
DLR,2026-08-19,Other Material Event,"8.01,9.01",8-K,https://www.sec.gov/Archives/edgar/data/1297996/000119312526357083/d145363d8k.htm
DLR,2026-07-23,Earnings Release,"2.02,7.01,9.01",8-K,https://www.sec.gov/Archives/edgar/data/1297996/000110465926086270/dlr-20260723x8k.htm
DLR,2026-07-01,Other Material Event,"3.03,8.01,9.01",8-K,https://www.sec.gov/Archives/edgar/data/1297996/000119312526292577/d332992d8k.htm
DLR,2026-06-29,Investor Presentation / Reg FD Disclosure,"3.02,7.01,8.01,9.01",8-K,https://www.sec.gov/Archives/edgar/data/1297996/000119312526288761/d100507d8k.htm
DLR,2026-06-22,Investor Presentation / Reg FD Disclosure,"3.02,7.01,8.01,9.01",8-K,https://www.sec.gov/Archives/edgar/data/1297996/000119312526276844/d50837d8k.htm
DLR,2026-06-01,8-K: Other Material Event,5.07,8-K,https://www.sec.gov/Archives/edgar/data/1297996/000110465926068907/dlr-20260529x8k.htm
DLR,2026-05-04,Other Material Event,"8.01,9.01",8-K,https://www.sec.gov/Archives/edgar/data/1297996/000119312526202581/d140571d8k.htm
DLR,2026-04-23,Earnings Release,"2.02,7.01,9.01",8-K,https://www.sec.gov/Archives/edgar/data/1297996/000110465926047702/dlr-20260423x8k.htm
DLTR,2026-08-06,Investor Presentation / Reg FD Disclosure,"7.01,9.01",8-K,https://www.sec.gov/Archives/edgar/data/935703/000093570326000101/dltr-20260806.htm
DLTR,2026-07-02,Other Material Event,"8.01,9.01",8-K,https://www.sec.gov/Archives/edgar/data/935703/000093570326000075/dltr-20260701.htm
DLTR,2026-06-23,Bylaws/Fiscal Year Change,"5.03,5.07,9.01",8-K,https://www.sec.gov/Archives/edgar/data/935703/000093570326000071/dltr-20260616.htm
DLTR,2026-05-28,Earnings Release,"2.02,7.01,9.01",8-K,https://www.sec.gov/Archives/edgar/data/935703/000093570326000064/dltr-20260528.htm
DLTR,2026-05-07,Investor Presentation / Reg FD Disclosure,"7.01,9.01",8-K,https://www.sec.gov/Archives/edgar/data/935703/000093570326000059/dltr-20260507.htm
DLTR,2026-03-23,Material Agreement,"1.01,1.02,2.03,9.01",8-K,https://www.sec.gov/Archives/edgar/data/935703/000093570326000027/dltr-20260319.htm
DLTR,2026-03-16,Earnings Release,"2.02,7.01,9.01",8-K,https://www.sec.gov/Archives/edgar/data/935703/000093570326000024/dltr-20260316.htm
DLTR,2026-02-23,Investor Presentation / Reg FD Disclosure,"7.01,9.01",8-K,https://www.sec.gov/Archives/edgar/data/935703/000093570326000020/dltr-20260223.htm
DOCU,2026-06-04,Earnings Release,"2.02,9.01",8-K,https://www.sec.gov/Archives/edgar/data/1261333/000126133326000072/docu-20260604.htm
DOCU,2026-06-03,8-K: Other Material Event,"5.07,9.01",FORM 8-K,https://www.sec.gov/Archives/edgar/data/1261333/000110465926070097/tm2616614d1_8k.htm
DOCU,2026-05-06,Executive/Board Change,"5.02,7.01,9.01",8-K,https://www.sec.gov/Archives/edgar/data/1261333/000126133326000050/docu-20260502.htm
DOCU,2026-03-17,Earnings Release,"2.02,9.01",8-K,https://www.sec.gov/Archives/edgar/data/1261333/000126133326000017/docu-20260317.htm
DOCU,2026-03-06,Executive/Board Change,5.02,8-K,https://www.sec.gov/Archives/edgar/data/1261333/000126133326000006/docu-20260305.htm
DOW,2026-07-23,Earnings Release,"2.02,9.01",8-K,https://www.sec.gov/Archives/edgar/data/1751788/000175178826000144/dow-20260723.htm
DOW,2026-07-10,Other Material Event,"8.01,9.01",8-K,https://www.sec.gov/Archives/edgar/data/1751788/000119312526300937/d166478d8k.htm
DOW,2026-04-23,Earnings Release,"2.02,9.01",8-K,https://www.sec.gov/Archives/edgar/data/1751788/000175178826000131/dow-20260423.htm
DOW,2026-04-14,Executive/Board Change,"5.02,5.07,7.01,8.01,9.01",8-K,https://www.sec.gov/Archives/edgar/data/1751788/000119312526153769/d103960d8k.htm
DPZ,2026-07-20,Earnings Release,"2.02,9.01",8-K,https://www.sec.gov/Archives/edgar/data/1286681/000128668126000034/dpz-20260720.htm
DPZ,2026-07-14,Executive/Board Change,"5.02,8.01,9.01",8-K,https://www.sec.gov/Archives/edgar/data/1286681/000128668126000029/dpz-20260708.htm
DPZ,2026-06-22,Executive/Board Change,"5.02,7.01,9.01",8-K,https://www.sec.gov/Archives/edgar/data/1286681/000119312526277510/d50178d8k.htm
DPZ,2026-04-27,Executive/Board Change,5.02,8-K,https://www.sec.gov/Archives/edgar/data/1286681/000128668126000026/dpz-20260421.htm
DPZ,2026-04-27,Earnings Release,"2.02,9.01",8-K,https://www.sec.gov/Archives/edgar/data/1286681/000128668126000024/dpz-20260427.htm
DPZ,2026-04-24,8-K: Other Material Event,5.07,8-K,https://www.sec.gov/Archives/edgar/data/1286681/000128668126000021/dpz-20260421.htm
DPZ,2026-02-23,Earnings Release,"2.02,9.01",8-K,https://www.sec.gov/Archives/edgar/data/1286681/000119312526062313/dpz-20260223.htm
DUK,2026-08-13,Other Material Event,"8.01,9.01",FORM 8-K,https://www.sec.gov/Archives/edgar/data/1326160/000110465926095903/tm2623082d1_8k.htm
DUK,2026-08-05,Investor Presentation / Reg FD Disclosure,"7.01,9.01",FORM 8-K,https://www.sec.gov/Archives/edgar/data/1326160/000110465926091159/tm2622337d1_8k.htm
DUK,2026-08-04,Earnings Release,"2.02,9.01",8-K,https://www.sec.gov/Archives/edgar/data/1326160/000132616026000037/duk-20260804.htm
DUK,2026-07-17,Investor Presentation / Reg FD Disclosure,"7.01,9.01",FORM 8-K,https://www.sec.gov/Archives/edgar/data/1326160/000110465926084653/tm2620766d1_8k.htm
DUK,2026-07-06,Investor Presentation / Reg FD Disclosure,"7.01,9.01",FORM 8-K,https://www.sec.gov/Archives/edgar/data/1326160/000110465926080476/tm2619723d1_8k.htm
DUK,2026-05-13,8-K: Other Material Event,"5.07,9.01",FORM 8-K,https://www.sec.gov/Archives/edgar/data/1326160/000110465926060251/tm2614506d1_8k.htm
DUK,2026-05-05,Earnings Release,"2.02,9.01",8-K,https://www.sec.gov/Archives/edgar/data/1326160/000132616026000022/duk-20260505.htm
DUK,2026-04-01,Acquisition/Disposition of Assets,"2.01,7.01,9.01",FORM 8-K,https://www.sec.gov/Archives/edgar/data/1326160/000110465926038007/tm2610676d1_8k.htm
DVN,2026-08-20,Executive/Board Change,5.02,8-K,https://www.sec.gov/Archives/edgar/data/1090012/000119312526359267/d146895d8k.htm
DVN,2026-08-04,Earnings Release,"2.02,9.01",8-K,https://www.sec.gov/Archives/edgar/data/1090012/000119312526332824/d359332d8k.htm
DVN,2026-06-30,8-K: Other Material Event,5.07,8-K,https://www.sec.gov/Archives/edgar/data/1090012/000119312526290829/d214249d8k.htm
DVN,2026-06-25,Material Agreement,"1.01,2.03,8.01,9.01",8-K,https://www.sec.gov/Archives/edgar/data/1090012/000119312526282884/d162931d8k.htm
DVN,2026-06-05,Other Material Event,"8.01,9.01",8-K,https://www.sec.gov/Archives/edgar/data/1090012/000119312526259922/d167577d8k.htm
DVN,2026-05-22,Other Material Event,"8.01,9.01",8-K,https://www.sec.gov/Archives/edgar/data/1090012/000119312526235632/d55276d8k.htm
DVN,2026-05-21,Investor Presentation / Reg FD Disclosure,"7.01,8.01,9.01",8-K,https://www.sec.gov/Archives/edgar/data/1090012/000119312526233515/d148066d8k.htm
DVN,2026-05-07,Acquisition/Disposition of Assets,"2.01,5.02,5.03,7.01,9.01",8-K,https://www.sec.gov/Archives/edgar/data/1090012/000119312526211971/d799973d8k.htm
DY,2026-08-04,Executive/Board Change,"5.02,9.01",8-K,https://www.sec.gov/Archives/edgar/data/67215/000006721526000032/dy-20260804.htm
DY,2026-06-01,Executive/Board Change,"5.02,5.07",8-K,https://www.sec.gov/Archives/edgar/data/67215/000006721526000028/dy-20260528.htm
DY,2026-05-27,Earnings Release,"2.02,9.01",8-K,https://www.sec.gov/Archives/edgar/data/67215/000006721526000023/dy-20260527.htm
DY,2026-03-24,Executive/Board Change,"5.02,9.01",8-K,https://www.sec.gov/Archives/edgar/data/67215/000006721526000011/dy-20260324.htm
DY,2026-03-04,Earnings Release,"2.02,9.01",8-K,https://www.sec.gov/Archives/edgar/data/67215/000006721526000004/dy-20260304.htm
EAT,2026-08-12,Earnings Release,"2.02,8.01,9.01",8-K,https://www.sec.gov/Archives/edgar/data/703351/000070335126000026/eat-20260810.htm
EAT,2026-06-17,Other Material Event,8.01,8-K,https://www.sec.gov/Archives/edgar/data/703351/000070335126000022/eat-20260616.htm
EAT,2026-04-29,Earnings Release,"2.02,9.01",8-K,https://www.sec.gov/Archives/edgar/data/703351/000070335126000013/eat-20260429.htm
EAT,2026-03-02,Executive/Board Change,"5.02,9.01",8-K,https://www.sec.gov/Archives/edgar/data/703351/000070335126000008/eat-20260226.htm
EBAY,2026-08-05,Earnings Release,"2.02,9.01",8-K,https://www.sec.gov/Archives/edgar/data/1065088/000106508826000174/ebay-20260805.htm
EBAY,2026-06-18,8-K: Other Material Event,5.07,8-K,https://www.sec.gov/Archives/edgar/data/1065088/000106508826000135/ebay-20260617.htm
EBAY,2026-05-12,Investor Presentation / Reg FD Disclosure,"7.01,8.01,9.01",,https://www.sec.gov/Archives/edgar/data/1065088/000155278126000322/e26249_ebay-8k.htm
EBAY,2026-05-05,Investor Presentation / Reg FD Disclosure,"7.01,9.01",,https://www.sec.gov/Archives/edgar/data/1065088/000155278126000302/e26238_ebay-8k.htm
EBAY,2026-04-29,Earnings Release,"2.02,9.01",8-K,https://www.sec.gov/Archives/edgar/data/1065088/000106508826000092/ebay-20260429.htm
EBAY,2026-03-24,Executive/Board Change,"5.02,7.01,9.01",8-K,https://www.sec.gov/Archives/edgar/data/1065088/000106508826000060/ebay-20260319.htm
ECHO,2026-08-07,Investor Presentation / Reg FD Disclosure,"7.01,9.01",8-K,https://www.sec.gov/Archives/edgar/data/1415404/000141540426000042/sats-20260807x8k.htm
ECHO,2026-08-03,Executive/Board Change,"1.03,2.04,5.02,7.01,8.01,9.01",8-K,https://www.sec.gov/Archives/edgar/data/1415404/000141540426000038/sats-20260728x8k.htm
ECHO,2026-07-28,Acquisition/Disposition of Assets,"1.02,2.01,8.01,9.01",8-K,https://www.sec.gov/Archives/edgar/data/1415404/000141540426000035/sats-20260728x8k.htm
ECHO,2026-07-07,Executive/Board Change,"5.02,8.01",FORM 8-K,https://www.sec.gov/Archives/edgar/data/1415404/000110465926080994/tm2619909d1_8k.htm
ECHO,2026-06-25,Executive/Board Change,"5.02,9.01",8-K,https://www.sec.gov/Archives/edgar/data/1415404/000141540426000030/sats-20260623x8k.htm
ECHO,2026-06-18,Other Material Event,"8.01,9.01",8-K,https://www.sec.gov/Archives/edgar/data/1415404/000141540426000027/sats-20260617x8k.htm
ECHO,2026-06-01,8-K: Other Material Event,"2.04,9.01",8-K,https://www.sec.gov/Archives/edgar/data/1415404/000141540426000020/sats-20260601x8k.htm
ECHO,2026-05-22,Other Material Event,"8.01,9.01",8-K,https://www.sec.gov/Archives/edgar/data/1415404/000141540426000013/sats-20260522x8k.htm
EL,2026-08-19,Earnings Release,"2.02,9.01",8-K,https://www.sec.gov/Archives/edgar/data/1001250/000100125026000038/el-20260819.htm
EL,2026-07-24,Executive/Board Change,"5.02,9.01",8-K,https://www.sec.gov/Archives/edgar/data/1001250/000100125026000033/el-20260720.htm
EL,2026-05-01,Earnings Release,"2.02,9.01",8-K,https://www.sec.gov/Archives/edgar/data/1001250/000100125026000017/el-20260501.htm
EL,2026-03-24,Other Material Event,"8.01,9.01",8-K,https://www.sec.gov/Archives/edgar/data/1001250/000100125026000010/el-20260323.htm
ELF,2026-08-05,Earnings Release,"2.02,9.01",8-K,https://www.sec.gov/Archives/edgar/data/1600033/000160003326000036/elf-20260805.htm
ELF,2026-05-20,Earnings Release,"2.02,9.01",8-K,https://www.sec.gov/Archives/edgar/data/1600033/000160003326000018/elf-20260520.htm
EMR,2026-08-04,Earnings Release,"2.02,9.01",8-K,https://www.sec.gov/Archives/edgar/data/32604/000003260426000042/emr-20260804.htm
EMR,2026-05-05,Earnings Release,"2.02,5.02,7.01,9.01",8-K,https://www.sec.gov/Archives/edgar/data/32604/000003260426000034/emr-20260505.htm
ENPH,2026-08-10,Investor Presentation / Reg FD Disclosure,"7.01,9.01",8-K,https://www.sec.gov/Archives/edgar/data/1463101/000146310126000092/enph-20260810.htm
ENPH,2026-07-28,Earnings Release,"2.02,9.01",8-K,https://www.sec.gov/Archives/edgar/data/1463101/000146310126000080/enph-20260728.htm
ENPH,2026-06-18,Other Material Event,8.01,8-K,https://www.sec.gov/Archives/edgar/data/1463101/000146310126000061/enph-20260615.htm
ENPH,2026-06-15,Executive/Board Change,5.02,8-K,https://www.sec.gov/Archives/edgar/data/1463101/000146310126000055/enph-20260611.htm
ENPH,2026-05-15,Executive/Board Change,"5.02,5.07,9.01",FORM 8-K ANNUAL MEETING VOTING RESULTS,https://www.sec.gov/Archives/edgar/data/1463101/000146310126000049/enph-20260513.htm
ENPH,2026-04-28,Earnings Release,"2.02,9.01",8-K,https://www.sec.gov/Archives/edgar/data/1463101/000146310126000046/enph-20260428.htm
ENPH,2026-04-06,Earnings Release,"2.02,8.01",8-K,https://www.sec.gov/Archives/edgar/data/1463101/000146310126000037/enph-20260331.htm
ENSG,2026-08-20,Material Agreement,"1.01,2.03,7.01,9.01",8-K,https://www.sec.gov/Archives/edgar/data/1125376/000112537626000038/ensg-20260819.htm
ENSG,2026-07-27,Earnings Release,"2.02,9.01",8-K,https://www.sec.gov/Archives/edgar/data/1125376/000112537626000036/ensg-20260727.htm
ENSG,2026-06-15,Other Material Event,"8.01,9.01",8-K,https://www.sec.gov/Archives/edgar/data/1125376/000112537626000031/ensg-20260612.htm
ENSG,2026-06-10,Other Material Event,8.01,8-K,https://www.sec.gov/Archives/edgar/data/1125376/000112537626000029/ensg-20260513.htm
ENSG,2026-05-18,8-K: Other Material Event,5.07,8-K,https://www.sec.gov/Archives/edgar/data/1125376/000112537626000026/ensg-20260513.htm
ENSG,2026-04-30,Earnings Release,"2.02,9.01",8-K,https://www.sec.gov/Archives/edgar/data/1125376/000112537626000023/ensg-20260430.htm
EOG,2026-08-04,Earnings Release,"2.02,7.01,9.01",8-K,https://www.sec.gov/Archives/edgar/data/821189/000082118926000147/eog-20260804.htm
EOG,2026-07-09,Earnings Release,2.02,8-K,https://www.sec.gov/Archives/edgar/data/821189/000082118926000140/eog-20260709.htm
EOG,2026-05-21,Other Material Event,"5.07,8.01",8-K,https://www.sec.gov/Archives/edgar/data/821189/000082118926000107/eog-20260521.htm
EOG,2026-05-05,Earnings Release,"2.02,7.01,9.01",8-K,https://www.sec.gov/Archives/edgar/data/821189/000082118926000102/eog-20260505.htm
EOG,2026-04-09,Earnings Release,2.02,8-K,https://www.sec.gov/Archives/edgar/data/821189/000082118926000078/eog-20260409.htm
EOG,2026-02-24,Earnings Release,"2.02,7.01,9.01",8-K,https://www.sec.gov/Archives/edgar/data/821189/000082118926000052/eog-20260224.htm
EOSE,2026-08-06,Material Agreement,"1.01,3.02,9.01",FORM 8-K,https://www.sec.gov/Archives/edgar/data/1805077/000095010326012019/dp251424_8k.htm
EOSE,2026-08-05,Earnings Release,"2.02,9.01",8-K,https://www.sec.gov/Archives/edgar/data/1805077/000162828026052903/eose-20260805.htm
EOSE,2026-07-23,Other Material Event,"8.01,9.01",8-K,https://www.sec.gov/Archives/edgar/data/1805077/000162828026049296/eose-20260721.htm
EOSE,2026-07-15,Earnings Release,"2.02,7.01,8.01,9.01",8-K,https://www.sec.gov/Archives/edgar/data/1805077/000162828026048253/eose-20260715.htm
EOSE,2026-07-09,Executive/Board Change,"5.02,8.01,9.01",8-K,https://www.sec.gov/Archives/edgar/data/1805077/000162828026047796/eose-20260708.htm
EOSE,2026-07-02,Other Material Event,"8.01,9.01",FORM 8-K,https://www.sec.gov/Archives/edgar/data/1805077/000095010326010023/dp249395_8k.htm
EOSE,2026-07-01,Other Material Event,"8.01,9.01",FORM 8-K,https://www.sec.gov/Archives/edgar/data/1805077/000095010326009976/dp249372_8k.htm
EOSE,2026-06-30,Material Agreement,"1.01,8.01",FORM 8-K,https://www.sec.gov/Archives/edgar/data/1805077/000095010326009739/dp249222_8k.htm
EQIX,2026-08-06,Other Material Event,"8.01,9.01",FORM 8-K,https://www.sec.gov/Archives/edgar/data/1101239/000110465926092009/tm2622384d1_8k.htm
EQIX,2026-07-29,Material Agreement,"1.01,1.02,2.03,9.01",8-K,https://www.sec.gov/Archives/edgar/data/1101239/000110123926000148/eqix-20260727.htm
EQIX,2026-07-29,Earnings Release,"2.02,9.01",8-K,https://www.sec.gov/Archives/edgar/data/1101239/000110123926000145/eqix-20260729.htm
EQIX,2026-07-14,Executive/Board Change,"5.02,9.01",8-K,https://www.sec.gov/Archives/edgar/data/1101239/000110123926000131/eqix-20260708.htm
EQIX,2026-05-15,8-K: Other Material Event,"5.07,9.01",8-K,https://www.sec.gov/Archives/edgar/data/1101239/000110123926000109/eqix-20260513.htm
EQIX,2026-05-11,Executive/Board Change,"5.02,9.01",8-K,https://www.sec.gov/Archives/edgar/data/1101239/000110123926000095/eqix-20260505.htm
EQIX,2026-05-07,Other Material Event,"8.01,9.01",FORM 8-K,https://www.sec.gov/Archives/edgar/data/1101239/000110465926057167/tm2613784d1_8k.htm
EQIX,2026-04-29,Earnings Release,"2.02,9.01",8-K,https://www.sec.gov/Archives/edgar/data/1101239/000110123926000089/eqix-20260429.htm
ETH,2026-08-07,Material Agreement,"1.01,9.01",8-K,https://www.sec.gov/Archives/edgar/data/2020455/000119312526339266/eth-20260806.htm
ETH,2026-07-17,Other Material Event,"8.01,9.01",8-K,https://www.sec.gov/Archives/edgar/data/2020455/000202045526000010/eth-20260717.htm
ETH,2026-07-02,Executive/Board Change,5.02,8-K,https://www.sec.gov/Archives/edgar/data/2020455/000202045526000005/eth-20260626.htm
ETH,2026-04-07,Other Material Event,"8.01,9.01",8-K,https://www.sec.gov/Archives/edgar/data/2020455/000119312526144595/eth-20260402.htm
ETH,2026-03-16,Other Material Event,8.01,8-K,https://www.sec.gov/Archives/edgar/data/2020455/000119312526108396/eth-20260316.htm
ETHE,2026-08-07,Material Agreement,"1.01,9.01",8-K,https://www.sec.gov/Archives/edgar/data/1725210/000119312526339268/ethe-20260806.htm
ETHE,2026-07-17,Other Material Event,"8.01,9.01",8-K,https://www.sec.gov/Archives/edgar/data/1725210/000172521026000010/ethe-20260717.htm
ETHE,2026-07-02,Executive/Board Change,5.02,8-K,https://www.sec.gov/Archives/edgar/data/1725210/000172521026000005/ethe-20260626.htm
ETHE,2026-04-07,Other Material Event,"8.01,9.01",8-K,https://www.sec.gov/Archives/edgar/data/1725210/000119312526144586/ethe-20260402.htm
ETHE,2026-03-16,Other Material Event,8.01,8-K,https://www.sec.gov/Archives/edgar/data/1725210/000119312526108392/ethe-20260316.htm
ETN,2026-07-31,Earnings Release,"2.02,9.01",8-K,https://www.sec.gov/Archives/edgar/data/1551182/000155118226000027/etn-20260731.htm
ETN,2026-06-11,Investor Presentation / Reg FD Disclosure,"7.01,8.01,9.01",FORM 8-K,https://www.sec.gov/Archives/edgar/data/1551182/000095014226001733/eh260792115_8k.htm
ETN,2026-05-05,Earnings Release,"2.02,9.01",8-K,https://www.sec.gov/Archives/edgar/data/1551182/000155118226000010/etn-20260505.htm
ETN,2026-04-23,8-K: Other Material Event,5.07,8-K,https://www.sec.gov/Archives/edgar/data/1551182/000114036126016399/ef20071273_8k.htm
ETN,2026-03-10,8-K: Other Material Event,"1.02,2.03,9.01",8-K,https://www.sec.gov/Archives/edgar/data/1551182/000114036126008836/ef20067414_8k.htm
ETN,2026-03-02,Executive/Board Change,5.02,8-K,https://www.sec.gov/Archives/edgar/data/1551182/000114036126007362/ef20066947_8k.htm
ETN,2026-03-02,Executive/Board Change,"5.02,9.01",8-K,https://www.sec.gov/Archives/edgar/data/1551182/000114036126007206/ef20066779_8k.htm
ETR,2026-08-07,Other Material Event,"8.01,9.01",8-K,https://www.sec.gov/Archives/edgar/data/65984/000119312526339472/d42703d8k.htm
ETR,2026-07-29,Earnings Release,"2.02,7.01,9.01",8-K,https://www.sec.gov/Archives/edgar/data/65984/000006598426000279/etr-20260729.htm
ETR,2026-06-23,Other Material Event,8.01,8-K,https://www.sec.gov/Archives/edgar/data/65984/000006598426000265/etr-20260622.htm
ETR,2026-05-12,8-K: Other Material Event,5.07,8-K,https://www.sec.gov/Archives/edgar/data/65984/000006598426000232/etr-20260508.htm
ETR,2026-05-12,Executive/Board Change,5.02,8-K,https://www.sec.gov/Archives/edgar/data/65984/000006598426000231/etr-20260507.htm
ETR,2026-05-07,Material Agreement,"1.01,8.01,9.01",8-K,https://www.sec.gov/Archives/edgar/data/65984/000119312526211827/d52765d8k.htm
ETR,2026-04-29,Earnings Release,"2.02,7.01,9.01",8-K,https://www.sec.gov/Archives/edgar/data/65984/000006598426000217/etr-20260429.htm
ETR,2026-03-30,Executive/Board Change,5.02,8-K,https://www.sec.gov/Archives/edgar/data/65984/000006598426000214/etr-20260325.htm
ETSY,2026-08-05,Earnings Release,"2.02,2.05,7.01,8.01,9.01",8-K,https://www.sec.gov/Archives/edgar/data/1370637/000137063726000079/etsy-20260803.htm
ETSY,2026-07-30,Material Agreement,"1.01,2.01,7.01,9.01",8-K,https://www.sec.gov/Archives/edgar/data/1370637/000137063726000071/etsy-20260730.htm
ETSY,2026-07-16,Material Agreement,"1.01,9.01",8-K,https://www.sec.gov/Archives/edgar/data/1370637/000137063726000066/etsy-20260712.htm
ETSY,2026-06-12,8-K: Other Material Event,"5.07,9.01",8-K,https://www.sec.gov/Archives/edgar/data/1370637/000137063726000058/etsy-20260609.htm
ETSY,2026-05-28,Material Agreement,"1.01,9.01",8-K,https://www.sec.gov/Archives/edgar/data/1370637/000137063726000054/etsy-20260521.htm
ETSY,2026-04-29,Earnings Release,"2.02,9.01",8-K,https://www.sec.gov/Archives/edgar/data/1370637/000137063726000042/etsy-20260429.htm
EXPE,2026-08-05,Earnings Release,"2.02,7.01,8.01,9.01",8-K,https://www.sec.gov/Archives/edgar/data/1324424/000132442426000051/expe-20260805.htm
EXPE,2026-06-23,8-K: Other Material Event,5.07,8-K,https://www.sec.gov/Archives/edgar/data/1324424/000132442426000042/expe-20260617.htm
EXPE,2026-05-07,Earnings Release,"2.02,8.01,9.01",8-K,https://www.sec.gov/Archives/edgar/data/1324424/000132442426000031/expe-20260507.htm
EXPE,2026-04-23,Executive/Board Change,"5.02,7.01,9.01",8-K,https://www.sec.gov/Archives/edgar/data/1324424/000132442426000016/expe-20260417.htm
EXPE,2026-04-10,Other Material Event,"8.01,9.01",FORM 8-K,https://www.sec.gov/Archives/edgar/data/1324424/000110465926042073/tm2611456d1_8k.htm
EXPE,2026-03-30,Material Agreement,"1.01,1.02,2.03,8.01,9.01",FORM 8-K,https://www.sec.gov/Archives/edgar/data/1324424/000110465926036875/tm269986d1_8k.htm
F,2026-07-28,Earnings Release,"2.02,9.01",8-K,https://www.sec.gov/Archives/edgar/data/37996/000003799626000155/f-20260728.htm
F,2026-07-02,Other Material Event,"8.01,9.01",8-K,https://www.sec.gov/Archives/edgar/data/37996/000003799626000151/f-20260702.htm
F,2026-05-21,Material Agreement,"1.01,2.03,8.01,9.01",8-K,https://www.sec.gov/Archives/edgar/data/37996/000003799626000093/f-20260520.htm
F,2026-05-19,8-K: Other Material Event,5.07,8-K,https://www.sec.gov/Archives/edgar/data/37996/000003799626000090/f-20260514.htm
F,2026-04-29,Earnings Release,"2.02,9.01",8-K,https://www.sec.gov/Archives/edgar/data/37996/000003799626000084/f-20260429.htm
F,2026-04-15,Executive/Board Change,"5.02,7.01,9.01",8-K,https://www.sec.gov/Archives/edgar/data/37996/000003799626000081/f-20260415.htm
F,2026-04-15,Material Agreement,"1.01,2.03,9.01",8-K,https://www.sec.gov/Archives/edgar/data/37996/000003799626000079/f-20260415.htm
F,2026-04-02,Other Material Event,"8.01,9.01",8-K,https://www.sec.gov/Archives/edgar/data/37996/000003799626000075/f-20260402.htm
FANG,2026-08-03,Earnings Release,"2.02,9.01",8-K,https://www.sec.gov/Archives/edgar/data/1539838/000153983826000137/fang-20260803.htm
FANG,2026-07-13,Earnings Release,2.02,8-K,https://www.sec.gov/Archives/edgar/data/1539838/000153983826000134/fang-20260713.htm
FANG,2026-06-15,Material Agreement,"1.01,2.03,9.01",FORM 8-K,https://www.sec.gov/Archives/edgar/data/1539838/000110465926074049/tm2617786d1_8k.htm
FANG,2026-05-20,Executive/Board Change,"5.02,5.07",8-K,https://www.sec.gov/Archives/edgar/data/1539838/000153983826000090/fang-20260520.htm
FANG,2026-05-04,Earnings Release,"2.02,9.01",8-K,https://www.sec.gov/Archives/edgar/data/1539838/000153983826000073/fang-20260504.htm
FANG,2026-04-13,Earnings Release,2.02,8-K,https://www.sec.gov/Archives/edgar/data/1539838/000153983826000070/fang-20260413.htm
FANG,2026-04-13,Other Material Event,"8.01,9.01",FORM 8-K,https://www.sec.gov/Archives/edgar/data/1539838/000110465926042635/tm2611659d1_8k.htm
FANG,2026-04-06,Other Material Event,"8.01,9.01",FORM 8-K,https://www.sec.gov/Archives/edgar/data/1539838/000110465926039799/tm2611130d1_8k.htm
FBP,2026-07-22,Acquisition/Disposition of Assets,"2.01,9.01",8-K,https://www.sec.gov/Archives/edgar/data/1057706/000105770626000020/fbpPRQ22026.htm
FBP,2026-05-12,Executive/Board Change,"5.02,5.07,9.01",8-K,https://www.sec.gov/Archives/edgar/data/1057706/000114036126020795/ef20073187_8k.htm
FBP,2026-04-22,Earnings Release,"2.02,9.01",8-K,https://www.sec.gov/Archives/edgar/data/1057706/000105770626000010/fbpPRQ12026.htm
FCX,2026-07-23,Earnings Release,"2.02,7.01,9.01",8-K,https://www.sec.gov/Archives/edgar/data/831259/000083125926000033/fcx-20260723.htm
FCX,2026-06-10,8-K: Other Material Event,5.07,8-K,https://www.sec.gov/Archives/edgar/data/831259/000083125926000030/fcx-20260610.htm
FCX,2026-05-20,Material Agreement,"1.01,1.02,2.03,9.01",8-K,https://www.sec.gov/Archives/edgar/data/831259/000083125926000027/fcx-20260514.htm
FCX,2026-04-23,Earnings Release,"2.02,7.01,9.01",8-K,https://www.sec.gov/Archives/edgar/data/831259/000083125926000021/fcx-20260423.htm
FCX,2026-03-23,Executive/Board Change,5.02,8-K,https://www.sec.gov/Archives/edgar/data/831259/000083125926000018/fcx-20260320.htm
FCX,2026-02-24,Other Material Event,"8.01,9.01",8-K,https://www.sec.gov/Archives/edgar/data/831259/000083125926000014/fcx-20260218.htm
FDX,2026-07-24,Executive/Board Change,"5.02,9.01",FORM 8-K,https://www.sec.gov/Archives/edgar/data/1048911/000110465926086643/tm2621019d1_8k.htm
FDX,2026-07-21,Earnings Release,"2.02,9.01",8-K,https://www.sec.gov/Archives/edgar/data/1048911/000104891126000108/fdx-20260721.htm
FDX,2026-07-10,Other Material Event,"8.01,9.01",FORM 8-K,https://www.sec.gov/Archives/edgar/data/1048911/000110465926082672/tm2620197d1_8k.htm
FDX,2026-06-25,Other Material Event,"8.01,9.01",FORM 8-K,https://www.sec.gov/Archives/edgar/data/1048911/000110465926077558/tm2618879d1_8k.htm
FDX,2026-06-23,Earnings Release,"2.02,9.01",8-K,https://www.sec.gov/Archives/edgar/data/1048911/000104891126000050/fdx-20260623.htm
FDX,2026-06-08,Executive/Board Change,"5.02,9.01",FORM 8-K,https://www.sec.gov/Archives/edgar/data/1048911/000110465926071411/tm2617052d1_8k.htm
FDX,2026-06-01,Material Agreement,"1.01,2.01,5.02,8.01,9.01",FORM 8-K,https://www.sec.gov/Archives/edgar/data/1048911/000110465926068519/tm2616055d1_8k.htm
FDX,2026-05-22,Other Material Event,8.01,FORM 8-K,https://www.sec.gov/Archives/edgar/data/1048911/000110465926065767/tm2615459d1_8k.htm
FFIV,2026-07-27,Earnings Release,"2.02,9.01",8-K,https://www.sec.gov/Archives/edgar/data/1048695/000104869526000063/ffiv-20260727.htm
FFIV,2026-06-23,Executive/Board Change,"5.02,7.01,9.01",8-K,https://www.sec.gov/Archives/edgar/data/1048695/000104869526000059/ffiv-20260617.htm
FFIV,2026-04-28,Executive/Board Change,"5.02,8.01,9.01",8-K,https://www.sec.gov/Archives/edgar/data/1048695/000104869526000044/ffiv-20260424.htm
FFIV,2026-04-28,Earnings Release,"2.02,9.01",8-K,https://www.sec.gov/Archives/edgar/data/1048695/000104869526000042/ffiv-20260428.htm
FFIV,2026-03-13,Executive/Board Change,"5.02,5.07,9.01",8-K,https://www.sec.gov/Archives/edgar/data/1048695/000104869526000036/ffiv-20260312.htm
FICO,2026-07-29,Earnings Release,"2.02,9.01",8-K EARNINGS RELEASES Q3-26,https://www.sec.gov/Archives/edgar/data/814547/000081454726000031/fico-20260729.htm
FICO,2026-06-08,Material Agreement,"1.01,2.03,8.01,9.01",8-K,https://www.sec.gov/Archives/edgar/data/814547/000119312526260817/d140061d8k.htm
FICO,2026-04-28,Earnings Release,"2.02,9.01",8-K EARNINGS RELEASES Q2-26,https://www.sec.gov/Archives/edgar/data/814547/000081454726000020/fico-20260428.htm
FICO,2026-03-20,Material Agreement,"1.01,2.03,9.01",8-K,https://www.sec.gov/Archives/edgar/data/814547/000119312526117936/d56220d8k.htm
FICO,2026-03-11,Other Material Event,"8.01,9.01",8-K,https://www.sec.gov/Archives/edgar/data/814547/000119312526102450/d92566d8k.htm
FICO,2026-03-11,Other Material Event,"8.01,9.01",8-K,https://www.sec.gov/Archives/edgar/data/814547/000119312526101201/d838805d8k.htm
FICO,2026-03-05,Bylaws/Fiscal Year Change,"5.03,5.07,9.01",8-K,https://www.sec.gov/Archives/edgar/data/814547/000119312526093964/d106510d8k.htm
FISV,2026-08-06,Earnings Release,"2.02,9.01",8-K,https://www.sec.gov/Archives/edgar/data/798354/000079835426000028/fi-20260806.htm
FISV,2026-07-07,Executive/Board Change,"5.02,7.01",8-K,https://www.sec.gov/Archives/edgar/data/798354/000119312526297448/d110419d8k.htm
FISV,2026-06-23,Material Agreement,"1.01,2.03,8.01,9.01",8-K,https://www.sec.gov/Archives/edgar/data/798354/000119312526279413/d38671d8k.htm
FISV,2026-06-17,Material Agreement,"1.01,9.01",8-K,https://www.sec.gov/Archives/edgar/data/798354/000119312526274276/d122989d8k.htm
FISV,2026-06-16,Investor Presentation / Reg FD Disclosure,"7.01,9.01",8-K,https://www.sec.gov/Archives/edgar/data/798354/000119312526271750/d333695d8k.htm
FISV,2026-06-15,Executive/Board Change,"5.02,7.01,9.01",8-K,https://www.sec.gov/Archives/edgar/data/798354/000119312526270336/d153349d8k.htm
FISV,2026-05-22,8-K: Other Material Event,5.07,8-K,https://www.sec.gov/Archives/edgar/data/798354/000119312526237041/d140530d8k.htm
FISV,2026-05-05,Earnings Release,"2.02,9.01",8-K,https://www.sec.gov/Archives/edgar/data/798354/000079835426000014/fi-20260505.htm
FLY,2026-08-11,Earnings Release,"2.02,9.01",8-K,https://www.sec.gov/Archives/edgar/data/1860160/000186016026000022/fly-20260811.htm
FLY,2026-06-05,8-K: Other Material Event,5.07,8-K,https://www.sec.gov/Archives/edgar/data/1860160/000119312526259679/fly-20260604.htm
FLY,2026-06-02,Material Agreement,"1.01,9.01",8-K,https://www.sec.gov/Archives/edgar/data/1860160/000119312526252407/d156539d8k.htm
FLY,2026-05-04,Earnings Release,"2.02,9.01",8-K,https://www.sec.gov/Archives/edgar/data/1860160/000186016026000008/fly-20260504.htm
FLY,2026-04-21,Executive/Board Change,"5.02,9.01",8-K,https://www.sec.gov/Archives/edgar/data/1860160/000119312526166820/fly-20260415.htm
FLY,2026-04-03,Material Agreement,"1.01,2.03,5.02,8.01",8-K,https://www.sec.gov/Archives/edgar/data/1860160/000119312526142298/d118914d8k.htm
FLY,2026-03-19,Earnings Release,"2.02,9.01",8-K,https://www.sec.gov/Archives/edgar/data/1860160/000119312526115970/fly-20260319.htm
FLY,2026-03-03,Executive/Board Change,"5.02,9.01",8-K,https://www.sec.gov/Archives/edgar/data/1860160/000119312526088567/d946352d8k.htm
FN,2026-08-17,Material Agreement,"1.01,2.02,2.03,5.02,9.01",8-K,https://www.sec.gov/Archives/edgar/data/1408710/000140871026000026/fn-20260811.htm
FN,2026-05-04,Earnings Release,"2.02,9.01",8-K,https://www.sec.gov/Archives/edgar/data/1408710/000140871026000014/fn-20260504.htm
FSLR,2026-07-30,Earnings Release,"2.02,9.01",8-K,https://www.sec.gov/Archives/edgar/data/1274494/000127449426000169/fslr-20260730.htm
FSLR,2026-05-15,8-K: Other Material Event,5.07,8-K,https://www.sec.gov/Archives/edgar/data/1274494/000127449426000138/fslr-20260513.htm
FSLR,2026-04-30,Earnings Release,"2.02,9.01",8-K,https://www.sec.gov/Archives/edgar/data/1274494/000127449426000108/fslr-20260430.htm
FSLR,2026-02-24,Earnings Release,"2.02,9.01",8-K,https://www.sec.gov/Archives/edgar/data/1274494/000127449426000020/fslr-20260224.htm
FSLY,2026-08-17,Material Agreement,"1.01,2.03",8-K,https://www.sec.gov/Archives/edgar/data/1517413/000151741326000238/fsly-20260817.htm
FSLY,2026-08-05,Earnings Release,"2.02,7.01,9.01",8-K,https://www.sec.gov/Archives/edgar/data/1517413/000151741326000212/fsly-20260805.htm
FSLY,2026-06-09,Executive/Board Change,"5.02,5.07",8-K,https://www.sec.gov/Archives/edgar/data/1517413/000151741326000193/fsly-20260603.htm
FSLY,2026-05-06,Earnings Release,"2.02,9.01",8-K,https://www.sec.gov/Archives/edgar/data/1517413/000151741326000129/fsly-20260506.htm
FSLY,2026-03-05,8-K: Other Material Event,4.01,8-K,https://www.sec.gov/Archives/edgar/data/1517413/000151741326000089/fsly-20260304.htm
FTNT,2026-07-29,Earnings Release,"2.02,9.01",FORM 8-K,https://www.sec.gov/Archives/edgar/data/1262039/000126203926000018/ftnt-20260729.htm
FTNT,2026-06-16,8-K: Other Material Event,5.07,FORM 8-K,https://www.sec.gov/Archives/edgar/data/1262039/000126203926000015/ftnt-20260612.htm
FTNT,2026-05-06,Earnings Release,"2.02,9.01",FORM 8-K,https://www.sec.gov/Archives/edgar/data/1262039/000126203926000010/ftnt-20260506.htm
FUBO,2026-08-05,Earnings Release,"2.02,9.01",8-K,https://www.sec.gov/Archives/edgar/data/1484769/000149315226036098/form8-k.htm
FUBO,2026-07-29,Executive/Board Change,"5.02,5.03,5.07,9.01",8-K,https://www.sec.gov/Archives/edgar/data/1484769/000149315226035251/form8-k.htm
FUBO,2026-07-09,Executive/Board Change,"5.02,7.01,9.01",8-K,https://www.sec.gov/Archives/edgar/data/1484769/000149315226032696/form8-k.htm
FUBO,2026-05-06,Earnings Release,"2.02,9.01",8-K,https://www.sec.gov/Archives/edgar/data/1484769/000149315226021406/form8-k.htm
FUBO,2026-04-06,Earnings Release,"2.02,9.01",8-K,https://www.sec.gov/Archives/edgar/data/1484769/000149315226015252/form8-k.htm
FUBO,2026-03-23,Bylaws/Fiscal Year Change,"5.03,9.01",8-K,https://www.sec.gov/Archives/edgar/data/1484769/000149315226012169/form8-k.htm
FUBO,2026-03-20,Other Material Event,8.01,8-K,https://www.sec.gov/Archives/edgar/data/1484769/000149315226011823/form8-k.htm
GD,2026-08-07,Executive/Board Change,"5.02,9.01",8-K,https://www.sec.gov/Archives/edgar/data/40533/000119312526340490/d129075d8k.htm
GD,2026-08-04,Other Material Event,"8.01,9.01",8-K,https://www.sec.gov/Archives/edgar/data/40533/000119312526332899/d122083d8k.htm
GD,2026-07-29,Earnings Release,"2.02,9.01",8-K,https://www.sec.gov/Archives/edgar/data/40533/000004053326000029/gd-20260729.htm
GD,2026-05-11,8-K: Other Material Event,5.07,8-K,https://www.sec.gov/Archives/edgar/data/40533/000004053326000014/gd-20260511.htm
GD,2026-04-29,Earnings Release,"2.02,9.01",8-K,https://www.sec.gov/Archives/edgar/data/40533/000004053326000010/gd-20260429.htm
GE,2026-07-16,Earnings Release,"2.02,9.01",8-K,https://www.sec.gov/Archives/edgar/data/40545/000004054526000047/ge-20260716.htm
GE,2026-06-25,Bylaws/Fiscal Year Change,"5.03,9.01",8-K,https://www.sec.gov/Archives/edgar/data/40545/000004054526000042/ge-20260625.htm
GE,2026-06-11,Executive/Board Change,"5.02,9.01",8-K,https://www.sec.gov/Archives/edgar/data/40545/000004054526000039/ge-20260608.htm
GE,2026-05-07,Executive/Board Change,"5.02,5.07",8-K,https://www.sec.gov/Archives/edgar/data/40545/000004054526000032/ge-20260505.htm
GE,2026-04-21,Earnings Release,"2.02,9.01",8-K,https://www.sec.gov/Archives/edgar/data/40545/000004054526000026/ge-20260421.htm
GEN,2026-08-06,Earnings Release,"2.02,9.01",8-K,https://www.sec.gov/Archives/edgar/data/849399/000084939926000028/gen-20260806.htm
GEN,2026-05-07,Earnings Release,"2.02,8.01,9.01",8-K,https://www.sec.gov/Archives/edgar/data/849399/000084939926000014/nlok-20260507.htm
GEN,2026-03-27,Material Agreement,1.01,8-K,https://www.sec.gov/Archives/edgar/data/849399/000084939926000011/gen-20260327.htm
GEV,2026-07-22,Earnings Release,"2.02,9.01",8-K,https://www.sec.gov/Archives/edgar/data/1996810/000199681026000147/gev-20260722.htm
GEV,2026-05-22,8-K: Other Material Event,5.07,8-K,https://www.sec.gov/Archives/edgar/data/1996810/000199681026000115/gev-20260520.htm
GEV,2026-04-22,Earnings Release,"2.02,9.01",8-K,https://www.sec.gov/Archives/edgar/data/1996810/000199681026000063/gev-20260422.htm
GH,2026-07-30,Earnings Release,"2.02,9.01",8-K,https://www.sec.gov/Archives/edgar/data/1576280/000157628026000036/gh-20260730.htm
GH,2026-06-18,8-K: Other Material Event,5.07,8-K,https://www.sec.gov/Archives/edgar/data/1576280/000119312526275864/d166199d8k.htm
GH,2026-05-07,Earnings Release,"2.02,9.01",8-K,https://www.sec.gov/Archives/edgar/data/1576280/000157628026000024/gh-20260507.htm
GH,2026-04-27,Executive/Board Change,5.02,8-K,https://www.sec.gov/Archives/edgar/data/1576280/000119312526182391/d122370d8k.htm
GILD,2026-08-04,Earnings Release,"2.02,9.01",FORM 8-K,https://www.sec.gov/Archives/edgar/data/882095/000088209526000028/gild-20260804.htm
GILD,2026-05-20,Material Agreement,"1.01,2.03,8.01,9.01",FORM 8-K,https://www.sec.gov/Archives/edgar/data/882095/000110465926064518/tm2615045d1_8k.htm
GILD,2026-05-07,Earnings Release,"2.02,9.01",FORM 8-K,https://www.sec.gov/Archives/edgar/data/882095/000088209526000022/gild-20260507.htm
GILD,2026-05-04,8-K: Other Material Event,"5.07,9.01",FORM 8-K,https://www.sec.gov/Archives/edgar/data/882095/000088209526000008/gild-20260430.htm
GILD,2026-04-28,Investor Presentation / Reg FD Disclosure,"7.01,8.01,9.01",FORM 8-K,https://www.sec.gov/Archives/edgar/data/882095/000110465926049874/tm2612748d1_8k.htm
GILD,2026-02-23,Material Agreement,"1.01,7.01,9.01",FORM 8-K,https://www.sec.gov/Archives/edgar/data/882095/000110465926018314/tm267044d1_8k.htm
GIS,2026-07-01,Earnings Release,"2.02,9.01",8-K,https://www.sec.gov/Archives/edgar/data/40704/000162828026046337/gis-20260701.htm
GIS,2026-05-06,Executive/Board Change,"5.02,9.01",8-K,https://www.sec.gov/Archives/edgar/data/40704/000162828026031456/gis-20260504.htm
GIS,2026-05-04,Executive/Board Change,5.02,8-K,https://www.sec.gov/Archives/edgar/data/40704/000162828026029930/gis-20260504.htm
GIS,2026-04-16,Other Material Event,"8.01,9.01",8-K,https://www.sec.gov/Archives/edgar/data/40704/000004070426000004/gis-20260416.htm
GIS,2026-03-18,Earnings Release,"2.02,9.01",8-K,https://www.sec.gov/Archives/edgar/data/40704/000162828026019020/gis-20260318.htm
GLW,2026-07-28,Earnings Release,2.02,8-K,https://www.sec.gov/Archives/edgar/data/24741/000002474126000253/glw-20260728.htm
GLW,2026-05-15,Investor Presentation / Reg FD Disclosure,7.01,CURRENT REPORT,https://www.sec.gov/Archives/edgar/data/24741/000120677426000285/glw4638701-8k.htm
GLW,2026-05-06,Investor Presentation / Reg FD Disclosure,"3.02,7.01,9.01",CURRENT REPORT,https://www.sec.gov/Archives/edgar/data/24741/000120677426000273/glw4631061-8k.htm
GLW,2026-05-04,Investor Presentation / Reg FD Disclosure,7.01,CURRENT REPORT,https://www.sec.gov/Archives/edgar/data/24741/000120677426000266/glw4630361-8k.htm
GLW,2026-05-04,8-K: Other Material Event,5.07,CURRENT REPORT,https://www.sec.gov/Archives/edgar/data/24741/000120677426000265/glw4630381-8k.htm
GLW,2026-04-28,Earnings Release,"2.02,7.01",8-K,https://www.sec.gov/Archives/edgar/data/24741/000002474126000198/glw-20260428.htm
GLW,2026-02-27,Investor Presentation / Reg FD Disclosure,7.01,CURRENT REPORT,https://www.sec.gov/Archives/edgar/data/24741/000120677426000108/glw4601691-8k.htm
GM,2026-08-11,Material Agreement,"1.01,2.03,8.01,9.01",8-K,https://www.sec.gov/Archives/edgar/data/1467858/000119312526344698/d145571d8k.htm
GM,2026-07-21,Earnings Release,"2.02,9.01",8-K,https://www.sec.gov/Archives/edgar/data/1467858/000146785826000049/gm-20260721.htm
GM,2026-06-04,Executive/Board Change,"5.02,5.07,9.01",8-K,https://www.sec.gov/Archives/edgar/data/1467858/000146785826000044/gm-20260602.htm
GM,2026-05-26,Executive/Board Change,5.02,8-K,https://www.sec.gov/Archives/edgar/data/1467858/000119312526239340/d110158d8k.htm
GM,2026-04-28,Earnings Release,"2.02,9.01",8-K,https://www.sec.gov/Archives/edgar/data/1467858/000146785826000033/gm-20260428.htm
GM,2026-03-23,Material Agreement,"1.01,2.03,9.01",8-K,https://www.sec.gov/Archives/edgar/data/1467858/000119312526119684/d114837d8k.htm
GME,2026-08-03,Material Agreement,"1.01,3.02,8.01,9.01",8-K,https://www.sec.gov/Archives/edgar/data/1326380/000132638026000042/gme-20260802.htm
GME,2026-07-08,Bylaws/Fiscal Year Change,"5.03,5.07,7.01,9.01",8-K,https://www.sec.gov/Archives/edgar/data/1326380/000132638026000038/gme-20260707.htm
GME,2026-06-26,Investor Presentation / Reg FD Disclosure,"7.01,9.01",8-K,https://www.sec.gov/Archives/edgar/data/1326380/000132638026000035/form8-kxguidance.htm
GME,2026-06-23,Other Material Event,8.01,8-K,https://www.sec.gov/Archives/edgar/data/1326380/000132638026000029/gme-20260623.htm
GME,2026-06-02,Earnings Release,"2.02,7.01,9.01",8-K,https://www.sec.gov/Archives/edgar/data/1326380/000132638026000020/gme-20260602.htm
GME,2026-05-04,Investor Presentation / Reg FD Disclosure,"7.01,8.01,9.01",8-K,https://www.sec.gov/Archives/edgar/data/1326380/000119312526202468/d138475d8k.htm
GME,2026-03-24,Earnings Release,"2.02,7.01,9.01",8-K,https://www.sec.gov/Archives/edgar/data/1326380/000132638026000012/gme-20260324.htm
GNRC,2026-07-29,Earnings Release,"2.02,9.01",FORM 8-K,https://www.sec.gov/Archives/edgar/data/1474735/000143774926024731/gnrc20260728_8k.htm
GNRC,2026-06-12,8-K: Other Material Event,5.07,FORM 8-K,https://www.sec.gov/Archives/edgar/data/1474735/000143774926020488/gnrc20260612_8k.htm
GNRC,2026-04-29,Earnings Release,"2.02,7.01,9.01",FORM 8-K,https://www.sec.gov/Archives/edgar/data/1474735/000143774926013726/gnrc20260428_8k.htm
GNRC,2026-03-25,Executive/Board Change,"5.02,7.01,9.01",FORM 8-K,https://www.sec.gov/Archives/edgar/data/1474735/000143774926009685/gnrc20260325_8k.htm
GOLD,2026-05-07,Earnings Release,"2.02,9.01",8-K,https://www.sec.gov/Archives/edgar/data/1591588/000119312526209702/gold-20260506.htm
GOLD,2026-03-16,Executive/Board Change,"5.02,9.01",8-K,https://www.sec.gov/Archives/edgar/data/1591588/000119312526107707/gold-20260310.htm
GOOG,2026-08-10,Other Material Event,"8.01,9.01",8-K,https://www.sec.gov/Archives/edgar/data/1652044/000119312526342390/d171253d8k.htm
GOOG,2026-07-22,Earnings Release,"2.02,9.01",8-K,https://www.sec.gov/Archives/edgar/data/1652044/000165204426000066/goog-20260722.htm
GOOG,2026-06-11,Executive/Board Change,"5.02,5.07,9.01",8-K,https://www.sec.gov/Archives/edgar/data/1652044/000119312526267578/d57679d8k.htm
GOOG,2026-06-05,Material Agreement,"1.01,3.03,5.03,9.01",8-K,https://www.sec.gov/Archives/edgar/data/1652044/000119312526259830/d36818d8k.htm
GOOG,2026-06-05,Executive/Board Change,5.02,8-K,https://www.sec.gov/Archives/edgar/data/1652044/000165204426000059/goog-20260602.htm
GOOG,2026-06-04,Material Agreement,"1.01,7.01,8.01,9.01",8-K,https://www.sec.gov/Archives/edgar/data/1652044/000119312526257724/d83560d8k.htm
GOOG,2026-05-21,Other Material Event,"8.01,9.01",8-K,https://www.sec.gov/Archives/edgar/data/1652044/000119312526234488/d144566d8k.htm
GOOG,2026-05-11,Other Material Event,"8.01,9.01",8-K,https://www.sec.gov/Archives/edgar/data/1652044/000119312526216986/d109021d8k.htm
GOOGL,2026-08-10,Other Material Event,"8.01,9.01",8-K,https://www.sec.gov/Archives/edgar/data/1652044/000119312526342390/d171253d8k.htm
GOOGL,2026-07-22,Earnings Release,"2.02,9.01",8-K,https://www.sec.gov/Archives/edgar/data/1652044/000165204426000066/goog-20260722.htm
GOOGL,2026-06-11,Executive/Board Change,"5.02,5.07,9.01",8-K,https://www.sec.gov/Archives/edgar/data/1652044/000119312526267578/d57679d8k.htm
GOOGL,2026-06-05,Material Agreement,"1.01,3.03,5.03,9.01",8-K,https://www.sec.gov/Archives/edgar/data/1652044/000119312526259830/d36818d8k.htm
GOOGL,2026-06-05,Executive/Board Change,5.02,8-K,https://www.sec.gov/Archives/edgar/data/1652044/000165204426000059/goog-20260602.htm
GOOGL,2026-06-04,Material Agreement,"1.01,7.01,8.01,9.01",8-K,https://www.sec.gov/Archives/edgar/data/1652044/000119312526257724/d83560d8k.htm
GOOGL,2026-05-21,Other Material Event,"8.01,9.01",8-K,https://www.sec.gov/Archives/edgar/data/1652044/000119312526234488/d144566d8k.htm
GOOGL,2026-05-11,Other Material Event,"8.01,9.01",8-K,https://www.sec.gov/Archives/edgar/data/1652044/000119312526216986/d109021d8k.htm
GS,2026-08-11,Bylaws/Fiscal Year Change,"5.03,9.01",8-K,https://www.sec.gov/Archives/edgar/data/886982/000119312526344912/d179572d8k.htm
GS,2026-07-27,Bylaws/Fiscal Year Change,"3.03,5.03,9.01",8-K,https://www.sec.gov/Archives/edgar/data/886982/000119312526318147/d113214d8k.htm
GS,2026-07-21,8-K: Other Material Event,9.01,8-K,https://www.sec.gov/Archives/edgar/data/886982/000119312526310408/d102046d8k.htm
GS,2026-07-20,Other Material Event,8.01,8-K,https://www.sec.gov/Archives/edgar/data/886982/000119312526308384/d279459d8k.htm
GS,2026-07-14,Earnings Release,"2.02,7.01,9.01",8-K,https://www.sec.gov/Archives/edgar/data/886982/000088698226000294/gs-20260714.htm
GS,2026-06-24,Other Material Event,"8.01,9.01",8-K,https://www.sec.gov/Archives/edgar/data/886982/000119312526281123/d103941d8k.htm
GS,2026-06-03,8-K: Other Material Event,9.01,8-K,https://www.sec.gov/Archives/edgar/data/886982/000119312526255626/d107600d8k.htm
GS,2026-05-12,Bylaws/Fiscal Year Change,"5.03,9.01",8-K,https://www.sec.gov/Archives/edgar/data/886982/000119312526219511/d142159d8k.htm
GT,2026-08-05,Earnings Release,"2.02,9.01",8-K,https://www.sec.gov/Archives/edgar/data/42582/000162828026053379/gt-20260805.htm
GT,2026-07-21,8-K: Other Material Event,2.05,8-K,https://www.sec.gov/Archives/edgar/data/42582/000162828026049010/gt-20260716.htm
GT,2026-06-26,Executive/Board Change,"5.02,9.01",8-K,https://www.sec.gov/Archives/edgar/data/42582/000162828026045795/gt-20260622.htm
GT,2026-06-04,Other Material Event,"8.01,9.01",8-K,https://www.sec.gov/Archives/edgar/data/42582/000119312526256547/d113133d8k.htm
GT,2026-05-06,Earnings Release,"2.02,9.01",8-K,https://www.sec.gov/Archives/edgar/data/42582/000162828026031290/gt-20260506.htm
GT,2026-04-15,8-K: Other Material Event,5.07,8-K,https://www.sec.gov/Archives/edgar/data/42582/000162828026025265/gt-20260413.htm
GT,2026-03-20,8-K: Other Material Event,2.05,8-K,https://www.sec.gov/Archives/edgar/data/42582/000162828026020222/gt-20260316.htm
HAL,2026-07-21,Earnings Release,"2.02,7.01,9.01",8-K,https://www.sec.gov/Archives/edgar/data/45012/000004501226000057/hal-20260721.htm
HAL,2026-06-29,Other Material Event,8.01,8-K,https://www.sec.gov/Archives/edgar/data/45012/000004501226000055/hal-20260624.htm
HAL,2026-05-20,8-K: Other Material Event,5.07,8-K,https://www.sec.gov/Archives/edgar/data/45012/000004501226000045/hal-20260520.htm
HAL,2026-04-21,Earnings Release,"2.02,7.01,9.01",8-K,https://www.sec.gov/Archives/edgar/data/45012/000004501226000036/hal-20260421.htm
HCC,2026-08-05,Earnings Release,"2.02,9.01",8-K,https://www.sec.gov/Archives/edgar/data/1691303/000119312526335017/hcc-20260805.htm
HCC,2026-04-30,Earnings Release,"2.02,9.01",8-K,https://www.sec.gov/Archives/edgar/data/1691303/000119312526197165/hcc-20260430.htm
HCC,2026-04-21,Executive/Board Change,"5.02,5.07,9.01",8-K,https://www.sec.gov/Archives/edgar/data/1691303/000169130326000011/hcc-20260420.htm
HD,2026-08-18,Earnings Release,"2.02,9.01",8-K,https://www.sec.gov/Archives/edgar/data/354950/000035495026000145/hd-20260818.htm
HD,2026-08-12,Executive/Board Change,"5.02,7.01,9.01",8-K,https://www.sec.gov/Archives/edgar/data/354950/000035495026000141/hd-20260811.htm
HD,2026-05-26,Bylaws/Fiscal Year Change,"5.03,5.07,9.01",8-K,https://www.sec.gov/Archives/edgar/data/354950/000035495026000105/hd-20260521.htm
HD,2026-05-19,Earnings Release,"2.02,9.01",8-K,https://www.sec.gov/Archives/edgar/data/354950/000035495026000101/hd-20260519.htm
HD,2026-02-24,Earnings Release,"2.02,9.01",8-K,https://www.sec.gov/Archives/edgar/data/354950/000035495026000026/hd-20260224.htm
HIMS,2026-08-10,Earnings Release,"2.02,9.01",8-K,https://www.sec.gov/Archives/edgar/data/1773751/000177375126000161/hims-20260810.htm
HIMS,2026-07-17,Executive/Board Change,5.02,8-K,https://www.sec.gov/Archives/edgar/data/1773751/000177375126000149/hims-20260713.htm
HIMS,2026-07-01,Material Agreement,"1.01,2.03,9.01",8-K,https://www.sec.gov/Archives/edgar/data/1773751/000177375126000146/hims-20260626.htm
HIMS,2026-06-15,8-K: Other Material Event,5.07,8-K,https://www.sec.gov/Archives/edgar/data/1773751/000177375126000096/hims-20260611.htm
HIMS,2026-06-02,Material Agreement,"1.01,2.03,8.01,9.01",8-K,https://www.sec.gov/Archives/edgar/data/1773751/000177375126000091/hims-20260529.htm
HIMS,2026-05-21,Material Agreement,"1.01,2.03,3.02,9.01",8-K,https://www.sec.gov/Archives/edgar/data/1773751/000119312526234847/d264371d8k.htm
HIMS,2026-05-19,Other Material Event,"8.01,9.01",8-K,https://www.sec.gov/Archives/edgar/data/1773751/000119312526229749/d227898d8k.htm
HIMS,2026-05-11,Earnings Release,"2.02,9.01",8-K,https://www.sec.gov/Archives/edgar/data/1773751/000177375126000074/hims-20260511.htm
HIVE,2026-08-19,Investor Presentation / Reg FD Disclosure,"7.01,8.01,9.01",FORM 8-K,https://www.sec.gov/Archives/edgar/data/1720424/000106299326004522/form8k.htm
HIVE,2026-08-17,Earnings Release,"2.02,9.01",FORM 8-K,https://www.sec.gov/Archives/edgar/data/1720424/000106299326004447/form8k.htm
HIVE,2026-07-01,Material Agreement,"1.01,2.03,3.02,8.01,9.01",FORM 8-K,https://www.sec.gov/Archives/edgar/data/1720424/000106299326003439/form8k.htm
HIVE,2026-06-25,Other Material Event,"8.01,9.01",FORM 8-K,https://www.sec.gov/Archives/edgar/data/1720424/000106299326003344/form8k.htm
HIVE,2026-06-25,Investor Presentation / Reg FD Disclosure,"7.01,8.01,9.01",FORM 8-K,https://www.sec.gov/Archives/edgar/data/1720424/000106299326003340/form8k.htm
HIVE,2026-06-22,Material Agreement,"1.01,7.01,8.01,9.01",FORM 8-K,https://www.sec.gov/Archives/edgar/data/1720424/000106299326003293/form8k.htm
HIVE,2026-06-02,Earnings Release,"2.02,9.01",FORM 8-K,https://www.sec.gov/Archives/edgar/data/1720424/000106299326002965/form8k.htm
HIVE,2026-05-19,Other Material Event,"8.01,9.01",FORM 8-K,https://www.sec.gov/Archives/edgar/data/1720424/000106299326002783/form8k.htm
HL,2026-08-04,Earnings Release,"2.02,8.01",8-K,https://www.sec.gov/Archives/edgar/data/719413/000119312526333077/hl-20260804.htm
HL,2026-05-22,Executive/Board Change,"5.02,5.07,9.01",FORM 8-K,https://www.sec.gov/Archives/edgar/data/719413/000143774926018228/hl20260522_8k.htm
HL,2026-05-05,Earnings Release,"2.02,8.01",8-K,https://www.sec.gov/Archives/edgar/data/719413/000119312526206729/hl-20260505.htm
HL,2026-04-10,8-K: Other Material Event,"1.02,2.04,9.01",FORM 8-K,https://www.sec.gov/Archives/edgar/data/719413/000143774926011930/hl20260409_8k.htm
HL,2026-03-25,Acquisition/Disposition of Assets,"2.01,8.01,9.01",FORM 8-K,https://www.sec.gov/Archives/edgar/data/719413/000143774926009820/hl20260325_8k.htm
HNST,2026-08-05,Earnings Release,"2.02,9.01",8-K,https://www.sec.gov/Archives/edgar/data/1530979/000162828026053315/hnst-20260805.htm
HNST,2026-06-18,Material Agreement,"1.01,2.03,9.01",8-K,https://www.sec.gov/Archives/edgar/data/1530979/000162828026044390/hnst-20260614.htm
HNST,2026-05-27,Executive/Board Change,"5.02,5.07",8-K,https://www.sec.gov/Archives/edgar/data/1530979/000162828026038504/hnst-20260520.htm
HNST,2026-05-12,Other Material Event,"8.01,9.01",8-K,https://www.sec.gov/Archives/edgar/data/1530979/000162828026033725/hnst-20260511.htm
HNST,2026-05-06,Earnings Release,"2.02,9.01",8-K,https://www.sec.gov/Archives/edgar/data/1530979/000162828026031240/hnst-20260506.htm
HNST,2026-04-06,Material Agreement,"1.01,1.02,2.03,9.01",8-K,https://www.sec.gov/Archives/edgar/data/1530979/000162828026023738/hnst-20260331.htm
HNST,2026-02-25,Earnings Release,"2.02,5.02,9.01",8-K,https://www.sec.gov/Archives/edgar/data/1530979/000162828026011624/hnst-20260225.htm
HON,2026-08-19,Executive/Board Change,"5.02,7.01,9.01",8-K,https://www.sec.gov/Archives/edgar/data/773840/000077384026000130/hon-20260819.htm
HON,2026-07-23,Earnings Release,"2.02,9.01",8-K,https://www.sec.gov/Archives/edgar/data/773840/000077384026000120/hon-20260723.htm
HON,2026-06-29,Material Agreement,"1.01,2.01,2.02,3.03,5.02,5.03,7.01,9.01",8-K,https://www.sec.gov/Archives/edgar/data/773840/000077384026000084/hon-20260625.htm
HON,2026-06-15,Executive/Board Change,"5.02,7.01,8.01",8-K,https://www.sec.gov/Archives/edgar/data/773840/000077384026000080/hon-20260615.htm
HON,2026-06-05,Investor Presentation / Reg FD Disclosure,"7.01,8.01,9.01",8-K,https://www.sec.gov/Archives/edgar/data/773840/000077384026000072/hon-20260605.htm
HON,2026-06-02,Executive/Board Change,"5.02,7.01,9.01",8-K,https://www.sec.gov/Archives/edgar/data/773840/000077384026000068/hon-20260601.htm
HON,2026-05-27,8-K: Other Material Event,5.07,8-K,https://www.sec.gov/Archives/edgar/data/773840/000119312526242011/d35048d8k.htm
HON,2026-04-23,Other Material Event,"8.01,9.01",8-K,https://www.sec.gov/Archives/edgar/data/773840/000077384026000058/hon-20260423_d2.htm
HOOD,2026-07-29,Earnings Release,"2.02,9.01",8-K,https://www.sec.gov/Archives/edgar/data/1783879/000178387926000113/hood-20260729.htm
HOOD,2026-06-26,Executive/Board Change,5.02,8-K,https://www.sec.gov/Archives/edgar/data/1783879/000178387926000083/hood-20260625.htm
HOOD,2026-06-25,Material Agreement,"1.01,2.03,3.02,7.01,8.01,9.01",8-K,https://www.sec.gov/Archives/edgar/data/1783879/000178387926000077/hood-20260622.htm
HOOD,2026-06-23,Other Material Event,"8.01,9.01",8-K,https://www.sec.gov/Archives/edgar/data/1783879/000178387926000074/hood-20260622.htm
HOOD,2026-06-16,8-K: Other Material Event,2.05,8-K,https://www.sec.gov/Archives/edgar/data/1783879/000178387926000071/hood-20260616.htm
HOOD,2026-06-03,8-K: Other Material Event,5.07,8-K,https://www.sec.gov/Archives/edgar/data/1783879/000178387926000068/hood-20260602.htm
HOOD,2026-05-08,Executive/Board Change,5.02,8-K,https://www.sec.gov/Archives/edgar/data/1783879/000178387926000065/hood-20260507.htm
HOOD,2026-04-28,Earnings Release,"2.02,9.01",8-K,https://www.sec.gov/Archives/edgar/data/1783879/000178387926000061/hood-20260428.htm
HPE,2026-08-04,Investor Presentation / Reg FD Disclosure,7.01,8-K,https://www.sec.gov/Archives/edgar/data/1645590/000164559026000074/hpe-20260804.htm
HPE,2026-07-24,Executive/Board Change,"5.02,7.01,9.01",8-K,https://www.sec.gov/Archives/edgar/data/1645590/000164559026000072/hpe-20260724.htm
HPE,2026-06-01,Material Agreement,"1.01,2.02,5.02,7.01,9.01",8-K,https://www.sec.gov/Archives/edgar/data/1645590/000164559026000052/hpe-20260601.htm
HPE,2026-05-14,Investor Presentation / Reg FD Disclosure,7.01,8-K,https://www.sec.gov/Archives/edgar/data/1645590/000164559026000045/hpe-20260513.htm
HPE,2026-05-04,Investor Presentation / Reg FD Disclosure,7.01,8-K,https://www.sec.gov/Archives/edgar/data/1645590/000164559026000040/hpe-20260504.htm
HPE,2026-04-03,Executive/Board Change,"5.02,5.07,9.01",8-K,https://www.sec.gov/Archives/edgar/data/1645590/000164559026000036/hpe-20260401.htm
HPE,2026-03-23,Other Material Event,"8.01,9.01",8-K,https://www.sec.gov/Archives/edgar/data/1645590/000114036126010765/ef20068405_8k.htm
HPE,2026-03-18,Other Material Event,"8.01,9.01",8-K,https://www.sec.gov/Archives/edgar/data/1645590/000114036126010222/ef20068126_8k.htm
HPQ,2026-06-26,Bylaws/Fiscal Year Change,"5.03,9.01",8-K,https://www.sec.gov/Archives/edgar/data/47217/000004721726000041/hpq-20260624.htm
HPQ,2026-05-27,Earnings Release,"2.02,9.01",8-K,https://www.sec.gov/Archives/edgar/data/47217/000004721726000027/hpq-20260527.htm
HPQ,2026-04-21,Executive/Board Change,"5.02,5.07,9.01",8-K,https://www.sec.gov/Archives/edgar/data/47217/000004721726000019/hpq-20260416.htm
HPQ,2026-02-24,Earnings Release,"2.02,9.01",8-K,https://www.sec.gov/Archives/edgar/data/47217/000004721726000009/hpq-20260224.htm
HSY,2026-07-30,Earnings Release,"2.02,9.01","FORM 8-K DATED JULY 30, 2026",https://www.sec.gov/Archives/edgar/data/47111/000162828026050769/hsy-20260730.htm
HSY,2026-06-09,Executive/Board Change,"5.02,9.01","FORM 8-K DATED JUNE 3, 2026",https://www.sec.gov/Archives/edgar/data/47111/000162828026041894/hsy-20260603.htm
HSY,2026-05-28,Executive/Board Change,"5.02,7.01,9.01","FORM 8-K DATED MAY 28, 2026",https://www.sec.gov/Archives/edgar/data/47111/000162828026038847/hsy-20260528.htm
HSY,2026-05-08,8-K: Other Material Event,"5.07,9.01","FORM 8-K DATED MAY 5, 2026",https://www.sec.gov/Archives/edgar/data/47111/000162828026032947/hsy-20260505.htm
HSY,2026-04-30,Earnings Release,"2.02,9.01","FORM 8-K DATED APRIL 30, 2026",https://www.sec.gov/Archives/edgar/data/47111/000162828026028569/hsy-20260430.htm
HSY,2026-04-14,Executive/Board Change,"5.02,9.01","FORM 8-K DATED APRIL 14, 2026",https://www.sec.gov/Archives/edgar/data/47111/000162828026025076/hsy-20260414.htm
HSY,2026-03-31,Earnings Release,"2.02,7.01,9.01","FORM 8-K DATED MARCH 31, 2026",https://www.sec.gov/Archives/edgar/data/47111/000162828026022272/hsy-20260331.htm
HUM,2026-07-29,Executive/Board Change,"5.02,9.01",8-K,https://www.sec.gov/Archives/edgar/data/49071/000004907126000047/hum-20260728.htm
HUM,2026-07-29,Earnings Release,"2.02,7.01,9.01",8-K,https://www.sec.gov/Archives/edgar/data/49071/000004907126000045/hum-20260729.htm
HUM,2026-06-01,Investor Presentation / Reg FD Disclosure,7.01,8-K,https://www.sec.gov/Archives/edgar/data/49071/000004907126000027/hum-20260601.htm
HUM,2026-05-19,Material Agreement,"1.01,2.03,9.01",8-K,https://www.sec.gov/Archives/edgar/data/49071/000004907126000025/hum-20260515.htm
HUM,2026-04-29,Earnings Release,"2.02,7.01,9.01",8-K,https://www.sec.gov/Archives/edgar/data/49071/000004907126000021/hum-20260429.htm
HUM,2026-04-20,8-K: Other Material Event,5.07,8-K,https://www.sec.gov/Archives/edgar/data/49071/000004907126000015/hum-20260416.htm
HUM,2026-04-10,Executive/Board Change,5.02,8-K,https://www.sec.gov/Archives/edgar/data/49071/000004907126000013/hum-20260410.htm
HUM,2026-03-09,Material Agreement,"1.01,2.03,8.01,9.01",8-K,https://www.sec.gov/Archives/edgar/data/49071/000162828026016031/hum-20260305.htm
HUMA,2026-08-12,Earnings Release,"2.02,9.01",FORM 8-K,https://www.sec.gov/Archives/edgar/data/1818382/000110465926094440/tm2622949d1_8k.htm
HUMA,2026-07-31,8-K: Other Material Event,3.01,FORM 8-K,https://www.sec.gov/Archives/edgar/data/1818382/000110465926089281/tm2621850d1_8k.htm
HUMA,2026-06-11,Material Agreement,"1.01,7.01,9.01",FORM 8-K,https://www.sec.gov/Archives/edgar/data/1818382/000110465926072980/tm2617224d2_8k.htm
HUMA,2026-06-10,Other Material Event,"8.01,9.01",FORM 8-K,https://www.sec.gov/Archives/edgar/data/1818382/000110465926072382/tm2617224d1_8k.htm
HUMA,2026-06-09,Bylaws/Fiscal Year Change,"5.03,5.07,9.01",FORM 8-K,https://www.sec.gov/Archives/edgar/data/1818382/000110465926071862/tm2617355d1_8k.htm
HUMA,2026-06-05,Other Material Event,8.01,FORM 8-K,https://www.sec.gov/Archives/edgar/data/1818382/000110465926071000/tm2616944d2_8k.htm
HUMA,2026-05-08,8-K: Other Material Event,3.01,FORM 8-K,https://www.sec.gov/Archives/edgar/data/1818382/000110465926057974/tm2614071d1_8k.htm
HUMA,2026-04-24,Material Agreement,"1.01,7.01,9.01",FORM 8-K,https://www.sec.gov/Archives/edgar/data/1818382/000110465926048164/tm2612631d1_8k.htm
IBIT,2026-03-31,Executive/Board Change,5.02,FORM 8-K,https://www.sec.gov/Archives/edgar/data/1980994/000143774926010480/bit20260328_8k.htm
IBM,2026-08-14,8-K: Other Material Event,9.01,FORM 8-K,https://www.sec.gov/Archives/edgar/data/51143/000110465926097089/tm2623193d1_8k.htm
IBM,2026-07-22,Earnings Release,"2.02,9.01",8-K,https://www.sec.gov/Archives/edgar/data/51143/000005114326000077/ibm-20260722.htm
IBM,2026-07-14,Earnings Release,"2.02,7.01,9.01",8-K,https://www.sec.gov/Archives/edgar/data/51143/000005114326000070/ibm-20260714.htm
IBM,2026-06-23,Material Agreement,"1.01,2.03,9.01",8-K,https://www.sec.gov/Archives/edgar/data/51143/000005114326000061/ibm-20260622.htm
IBM,2026-05-28,Investor Presentation / Reg FD Disclosure,7.01,8-K,https://www.sec.gov/Archives/edgar/data/51143/000005114326000047/ibm-20260528.htm
IBM,2026-05-01,Executive/Board Change,"5.02,5.03,5.07",8-K,https://www.sec.gov/Archives/edgar/data/51143/000005114326000043/ibm-20260428.htm
IBM,2026-04-22,Earnings Release,"2.02,9.01",8-K,https://www.sec.gov/Archives/edgar/data/51143/000005114326000036/ibm-20260422.htm
IBM,2026-03-03,Bylaws/Fiscal Year Change,"5.03,9.01",8-K,https://www.sec.gov/Archives/edgar/data/51143/000005114326000015/ibm-20260301.htm
INBX,2026-08-13,Earnings Release,"2.02,9.01",8-K,https://www.sec.gov/Archives/edgar/data/2007919/000200791926000044/inhibrx-20260813.htm
INBX,2026-07-16,Material Agreement,"1.01,2.03,3.02,7.01,9.01",8-K,https://www.sec.gov/Archives/edgar/data/2007919/000200791926000037/inhibrx-20260715.htm
INBX,2026-06-15,Investor Presentation / Reg FD Disclosure,"7.01,8.01,9.01",8-K,https://www.sec.gov/Archives/edgar/data/2007919/000200791926000033/inhibrx-20260615.htm
INBX,2026-06-03,8-K: Other Material Event,5.07,8-K,https://www.sec.gov/Archives/edgar/data/2007919/000200791926000030/inhibrx-20260603.htm
INBX,2026-05-14,Earnings Release,"2.02,9.01",8-K,https://www.sec.gov/Archives/edgar/data/2007919/000200791926000028/inhibrx-20260514.htm
INBX,2026-05-11,Investor Presentation / Reg FD Disclosure,"7.01,8.01,9.01",8-K,https://www.sec.gov/Archives/edgar/data/2007919/000200791926000020/inhibrx-20260511.htm
INBX,2026-04-21,Investor Presentation / Reg FD Disclosure,"7.01,8.01,9.01",8-K,https://www.sec.gov/Archives/edgar/data/2007919/000200791926000010/inhibrx-20260421.htm
INBX,2026-03-19,Earnings Release,"2.02,9.01",8-K,https://www.sec.gov/Archives/edgar/data/2007919/000200791926000007/inhibrx-20260319.htm
INTC,2026-08-12,Investor Presentation / Reg FD Disclosure,"7.01,8.01,9.01",8-K,https://www.sec.gov/Archives/edgar/data/50863/000119312526346806/d117670d8k.htm
INTC,2026-07-23,Earnings Release,"2.02,9.01",8-K,https://www.sec.gov/Archives/edgar/data/50863/000005086326000155/intc-20260723.htm
INTC,2026-05-15,8-K: Other Material Event,5.07,8-K,https://www.sec.gov/Archives/edgar/data/50863/000005086326000118/intc-20260513.htm
INTC,2026-04-30,Other Material Event,"8.01,9.01",8-K,https://www.sec.gov/Archives/edgar/data/50863/000119312526197845/d143782d8k.htm
INTC,2026-04-24,Executive/Board Change,"5.02,9.01",8-K,https://www.sec.gov/Archives/edgar/data/50863/000005086326000083/intc-20260424.htm
INTC,2026-04-23,Earnings Release,"2.02,9.01",8-K,https://www.sec.gov/Archives/edgar/data/50863/000005086326000077/intc-20260423.htm
INTC,2026-04-08,Other Material Event,"8.01,9.01",8-K,https://www.sec.gov/Archives/edgar/data/50863/000005086326000072/intc-20260408.htm
INTC,2026-04-03,Executive/Board Change,"5.02,9.01",8-K,https://www.sec.gov/Archives/edgar/data/50863/000005086326000069/intc-20260330.htm
INTU,2026-06-11,Other Material Event,"8.01,9.01",8-K,https://www.sec.gov/Archives/edgar/data/896878/000119312526267866/d159651d8k.htm
INTU,2026-05-20,Earnings Release,"2.02,2.05,7.01,8.01,9.01",8-K,https://www.sec.gov/Archives/edgar/data/896878/000089687826000024/intu-20260520.htm
INTU,2026-04-28,Executive/Board Change,5.02,8-K,https://www.sec.gov/Archives/edgar/data/896878/000089687826000020/intu-20260428.htm
INTU,2026-03-16,Investor Presentation / Reg FD Disclosure,7.01,8-K,https://www.sec.gov/Archives/edgar/data/896878/000089687826000017/intu-20260316.htm
INTU,2026-02-26,Earnings Release,"2.02,8.01,9.01",8-K,https://www.sec.gov/Archives/edgar/data/896878/000089687826000012/intu-20260226.htm
IONQ,2026-08-07,8-K: Other Material Event,"3.02,9.01",8-K,https://www.sec.gov/Archives/edgar/data/1824920/000119312526338998/ionq-20260807.htm
IONQ,2026-08-05,Earnings Release,"2.02,9.01",8-K,https://www.sec.gov/Archives/edgar/data/1824920/000119312526335040/ionq-20260805.htm
IONQ,2026-07-31,Other Material Event,"8.01,9.01",8-K,https://www.sec.gov/Archives/edgar/data/1824920/000119312526327127/ionq-20260731.htm
IONQ,2026-07-28,Other Material Event,"8.01,9.01",8-K,https://www.sec.gov/Archives/edgar/data/1824920/000119312526321221/ionq-20260728.htm
IONQ,2026-06-22,8-K: Other Material Event,5.07,8-K,https://www.sec.gov/Archives/edgar/data/1824920/000119312526276342/ionq-20260616.htm
IONQ,2026-05-06,Earnings Release,"2.02,9.01",8-K,https://www.sec.gov/Archives/edgar/data/1824920/000119312526208923/ionq-20260506.htm
IONQ,2026-04-24,Other Material Event,8.01,FORM 8-K,https://www.sec.gov/Archives/edgar/data/1824920/000095014226001187/eh260771393_8k.htm
IONQ,2026-03-25,Executive/Board Change,"5.02,9.01",8-K,https://www.sec.gov/Archives/edgar/data/1824920/000119312526124402/ionq-20260319.htm
IREN,2026-08-13,Investor Presentation / Reg FD Disclosure,"7.01,9.01",8-K,https://www.sec.gov/Archives/edgar/data/1878848/000114036126032638/ef20080141_8k.htm
IREN,2026-08-04,Investor Presentation / Reg FD Disclosure,"7.01,8.01,9.01",8-K,https://www.sec.gov/Archives/edgar/data/1878848/000114036126031053/ny20079234x2_8k.htm
IREN,2026-07-20,Earnings Release,"2.02,9.01",8-K,https://www.sec.gov/Archives/edgar/data/1878848/000114036126028871/ef20078253_8k.htm
IREN,2026-07-01,Executive/Board Change,5.02,8-K,https://www.sec.gov/Archives/edgar/data/1878848/000114036126027202/ef20077190_8k.htm
IREN,2026-06-01,Material Agreement,"1.01,2.03",8-K,https://www.sec.gov/Archives/edgar/data/1878848/000114036126023427/ef20075181_8k.htm
IREN,2026-05-26,Material Agreement,"1.01,7.01,9.01",8-K,https://www.sec.gov/Archives/edgar/data/1878848/000187884826000030/iren-20260519.htm
IREN,2026-05-14,Material Agreement,"1.01,2.03,3.02,8.01,9.01",8-K,https://www.sec.gov/Archives/edgar/data/1878848/000114036126021285/ef20073507_8k.htm
IREN,2026-05-12,Other Material Event,"8.01,9.01",8-K,https://www.sec.gov/Archives/edgar/data/1878848/000114036126020669/ef20073131_8k.htm
IRM,2026-08-05,Earnings Release,"2.02,9.01",8-K,https://www.sec.gov/Archives/edgar/data/1020569/000102056926000068/irm-20260805.htm
IRM,2026-06-26,Material Agreement,"1.01,2.03,9.01",FORM 8-K,https://www.sec.gov/Archives/edgar/data/1020569/000110465926078307/tm2618739d1_8k.htm
IRM,2026-05-12,Other Material Event,"5.07,8.01,9.01",8-K,https://www.sec.gov/Archives/edgar/data/1020569/000102056926000055/irm-20260507.htm
IRM,2026-04-30,Earnings Release,"2.02,9.01",8-K,https://www.sec.gov/Archives/edgar/data/1020569/000102056926000036/irm-20260430.htm
IRM,2026-03-09,Other Material Event,"8.01,9.01",8-K,https://www.sec.gov/Archives/edgar/data/1020569/000102056926000016/irm-20260309.htm
ISRG,2026-07-27,Bylaws/Fiscal Year Change,"5.03,9.01",8-K,https://www.sec.gov/Archives/edgar/data/1035267/000103526726000063/isrg-20260723.htm
ISRG,2026-07-16,Earnings Release,"2.02,9.01",8-K,https://www.sec.gov/Archives/edgar/data/1035267/000103526726000047/isrg-20260716.htm
ISRG,2026-05-28,Executive/Board Change,"5.02,9.01",8-K,https://www.sec.gov/Archives/edgar/data/1035267/000103526726000042/isrg-20260528.htm
ISRG,2026-05-04,Executive/Board Change,"5.02,5.07,7.01",8-K,https://www.sec.gov/Archives/edgar/data/1035267/000103526726000035/isrg-20260430.htm
ISRG,2026-04-21,Earnings Release,"2.02,9.01",8-K,https://www.sec.gov/Archives/edgar/data/1035267/000103526726000029/isrg-20260421.htm
ISRG,2026-03-02,Other Material Event,"8.01,9.01",8-K,https://www.sec.gov/Archives/edgar/data/1035267/000103526726000012/isrg-20260301.htm
JBLU,2026-07-28,Earnings Release,"2.02,7.01,9.01",8-K,https://www.sec.gov/Archives/edgar/data/1158463/000115846326000076/jblu-20260727.htm
JBLU,2026-06-01,Investor Presentation / Reg FD Disclosure,7.01,8-K,https://www.sec.gov/Archives/edgar/data/1158463/000115846326000068/jblu-20260601.htm
JBLU,2026-05-20,8-K: Other Material Event,5.07,8-K,https://www.sec.gov/Archives/edgar/data/1158463/000115846326000065/jblu-20260514.htm
JBLU,2026-04-28,Earnings Release,"2.02,7.01,9.01",8-K,https://www.sec.gov/Archives/edgar/data/1158463/000115846326000060/jblu-20260424.htm
JBLU,2026-04-17,Other Material Event,8.01,8-K,https://www.sec.gov/Archives/edgar/data/1158463/000115846326000054/jblu-20260414.htm
JBLU,2026-03-17,Investor Presentation / Reg FD Disclosure,"7.01,9.01",8-K,https://www.sec.gov/Archives/edgar/data/1158463/000115846326000030/jblu-20260317.htm
JNJ,2026-08-04,Executive/Board Change,"5.02,9.01",8-K,https://www.sec.gov/Archives/edgar/data/200406/000020040626000167/jnj-20260804.htm
JNJ,2026-07-29,Investor Presentation / Reg FD Disclosure,"7.01,9.01",8-K,https://www.sec.gov/Archives/edgar/data/200406/000020040626000163/jnj-20260729.htm
JNJ,2026-07-28,Investor Presentation / Reg FD Disclosure,"7.01,9.01",8-K,https://www.sec.gov/Archives/edgar/data/200406/000020040626000155/jnj-20260727.htm
JNJ,2026-07-15,Earnings Release,"2.02,9.01",8-K,https://www.sec.gov/Archives/edgar/data/200406/000020040626000146/jnj-20260715.htm
JNJ,2026-04-28,8-K: Other Material Event,"5.07,9.01",8-K,https://www.sec.gov/Archives/edgar/data/200406/000020040626000089/jnj-20260423.htm
JNJ,2026-04-14,Earnings Release,"2.02,8.01,9.01",8-K,https://www.sec.gov/Archives/edgar/data/200406/000020040626000076/jnj-20260414.htm
JPM,2026-07-23,Other Material Event,"8.01,9.01",8-K,https://www.sec.gov/Archives/edgar/data/19617/000119312526314128/d103985d8k.htm
JPM,2026-07-23,Bylaws/Fiscal Year Change,5.03,8-K,https://www.sec.gov/Archives/edgar/data/19617/000001961726000288/jpm-20260721.htm
JPM,2026-07-14,Investor Presentation / Reg FD Disclosure,"7.01,9.01",8-K,https://www.sec.gov/Archives/edgar/data/19617/000162828026048086/jpm-20260714.htm
JPM,2026-07-14,Earnings Release,"2.02,9.01",8-K,https://www.sec.gov/Archives/edgar/data/19617/000162828026048078/jpm-20260714.htm
JPM,2026-06-25,Executive/Board Change,5.02,8-K,https://www.sec.gov/Archives/edgar/data/19617/000001961726000241/jpm-20260624.htm
JPM,2026-06-24,Investor Presentation / Reg FD Disclosure,"7.01,9.01",8-K,https://www.sec.gov/Archives/edgar/data/19617/000162828026045169/jpm-20260624.htm
JPM,2026-06-24,Other Material Event,"8.01,9.01",8-K,https://www.sec.gov/Archives/edgar/data/19617/000162828026045167/jpm-20260624.htm
JPM,2026-06-02,Other Material Event,"8.01,9.01",8-K,https://www.sec.gov/Archives/edgar/data/19617/000119312526253533/d113536d8k.htm
KHC,2026-08-05,Earnings Release,"2.02,9.01",8-K,https://www.sec.gov/Archives/edgar/data/1637459/000163745926000052/khc-20260805.htm
KHC,2026-07-27,Bylaws/Fiscal Year Change,"5.03,9.01",8-K,https://www.sec.gov/Archives/edgar/data/1637459/000163745926000047/khc-20260722.htm
KHC,2026-06-18,Executive/Board Change,5.02,8-K,https://www.sec.gov/Archives/edgar/data/1637459/000163745926000037/khc-20260612.htm
KHC,2026-06-08,Investor Presentation / Reg FD Disclosure,7.01,8-K,https://www.sec.gov/Archives/edgar/data/1637459/000119312526262099/d11167d8k.htm
KHC,2026-05-21,Material Agreement,"1.01,2.03,7.01,9.01",8-K,https://www.sec.gov/Archives/edgar/data/1637459/000119312526234627/d101070d8k.htm
KHC,2026-05-19,8-K: Other Material Event,5.07,8-K,https://www.sec.gov/Archives/edgar/data/1637459/000163745926000028/khc-20260514.htm
KHC,2026-05-13,Other Material Event,"8.01,9.01",8-K,https://www.sec.gov/Archives/edgar/data/1637459/000119312526219918/d61056d8k.htm
KHC,2026-05-07,Investor Presentation / Reg FD Disclosure,"7.01,9.01",8-K,https://www.sec.gov/Archives/edgar/data/1637459/000119312526210459/d86414d8k.htm
KMB,2026-08-04,Earnings Release,"2.02,9.01",8-K,https://www.sec.gov/Archives/edgar/data/55785/000162828026052113/kmb-20260804.htm
KMB,2026-05-14,8-K: Other Material Event,5.07,2026 ANNUAL MEETING RESULTS,https://www.sec.gov/Archives/edgar/data/55785/000162828026035124/pre-20260514.htm
KMB,2026-05-05,Executive/Board Change,5.02,8-K,https://www.sec.gov/Archives/edgar/data/55785/000162828026030566/pre-20260501.htm
KMB,2026-04-28,Earnings Release,"2.02,9.01",8-K,https://www.sec.gov/Archives/edgar/data/55785/000162828026027718/pre-20260428.htm
KN,2026-07-23,Earnings Release,"2.02,9.01",8-K,https://www.sec.gov/Archives/edgar/data/1587523/000158752326000027/kn-20260723.htm
KN,2026-04-29,8-K: Other Material Event,5.07,8-K,https://www.sec.gov/Archives/edgar/data/1587523/000158752326000021/kn-20260428.htm
KN,2026-04-23,Earnings Release,"2.02,9.01",8-K,https://www.sec.gov/Archives/edgar/data/1587523/000158752326000016/kn-20260423.htm
KO,2026-07-28,Earnings Release,"2.02,9.01",8-K,https://www.sec.gov/Archives/edgar/data/21344/000162828026049922/ko-20260728.htm
KO,2026-07-16,Other Material Event,8.01,8-K,https://www.sec.gov/Archives/edgar/data/21344/000162828026048466/ko-20260716.htm
KO,2026-06-25,Executive/Board Change,"5.02,9.01",,https://www.sec.gov/Archives/edgar/data/21344/000155278126000366/e26287_ko-8k.htm
KO,2026-05-01,8-K: Other Material Event,5.07,8-K,https://www.sec.gov/Archives/edgar/data/21344/000162828026029230/ko-20260429.htm
KO,2026-04-28,Earnings Release,"2.02,9.01",8-K,https://www.sec.gov/Archives/edgar/data/21344/000162828026027723/ko-20260428.htm
KR,2026-07-01,Other Material Event,8.01,FORM 8-K,https://www.sec.gov/Archives/edgar/data/56873/000110465926079552/tm2619434d1_8k.htm
KR,2026-06-26,Executive/Board Change,"5.02,5.07,9.01",FORM 8-K,https://www.sec.gov/Archives/edgar/data/56873/000110465926078272/tm2619103d1_8k.htm
KR,2026-06-18,Earnings Release,"2.02,9.01",FORM 8-K,https://www.sec.gov/Archives/edgar/data/56873/000110465926075395/tm2618219d1_8k.htm
KR,2026-05-27,Executive/Board Change,5.02,FORM 8-K,https://www.sec.gov/Archives/edgar/data/56873/000110465926066818/tm2615685d1_8k.htm
KR,2026-03-05,Earnings Release,"2.02,9.01",FORM 8-K,https://www.sec.gov/Archives/edgar/data/56873/000110465926023800/tm267907d1_8k.htm
KSS,2026-08-18,Other Material Event,"8.01,9.01",8-K,https://www.sec.gov/Archives/edgar/data/885639/000119312526355669/kss-20260818.htm
KSS,2026-07-29,Executive/Board Change,"5.02,7.01,9.01",8-K,https://www.sec.gov/Archives/edgar/data/885639/000119312526323775/kss-20260728.htm
KSS,2026-07-01,Material Agreement,"1.01,9.01",8-K,https://www.sec.gov/Archives/edgar/data/885639/000119312526292702/d152011d8k.htm
KSS,2026-06-15,Executive/Board Change,"5.02,9.01",8-K,https://www.sec.gov/Archives/edgar/data/885639/000119312526271291/kss-20260610.htm
KSS,2026-05-28,Earnings Release,"2.02,7.01,8.01,9.01",8-K,https://www.sec.gov/Archives/edgar/data/885639/000119312526242967/d84873d8k.htm
KSS,2026-05-21,Executive/Board Change,"5.02,5.07,9.01",8-K,https://www.sec.gov/Archives/edgar/data/885639/000119312526234927/kss-20260520.htm
KSS,2026-05-20,Other Material Event,"8.01,9.01",8-K,https://www.sec.gov/Archives/edgar/data/885639/000119312526232840/kss-20260520.htm
KSS,2026-03-10,Earnings Release,"2.02,7.01,8.01,9.01",8-K,https://www.sec.gov/Archives/edgar/data/885639/000119312526099319/d65722d8k.htm
KTOS,2026-08-04,Earnings Release,"2.02,9.01",8-K,https://www.sec.gov/Archives/edgar/data/1069258/000106925826000075/ktos-20260804.htm
KTOS,2026-05-15,8-K: Other Material Event,"5.07,9.01",8-K,https://www.sec.gov/Archives/edgar/data/1069258/000106925826000064/ktos-20260515.htm
KTOS,2026-05-06,Earnings Release,"2.02,9.01",8-K,https://www.sec.gov/Archives/edgar/data/1069258/000106925826000051/ktos-20260506.htm
KTOS,2026-03-25,Executive/Board Change,5.02,8-K,https://www.sec.gov/Archives/edgar/data/1069258/000106925826000034/ktos-20260319.htm
KTOS,2026-03-06,Acquisition/Disposition of Assets,"2.01,9.01",8-K,https://www.sec.gov/Archives/edgar/data/1069258/000106925826000026/ktos-20260302.htm
KTOS,2026-03-02,Material Agreement,"1.01,8.01,9.01",8-K,https://www.sec.gov/Archives/edgar/data/1069258/000106925826000024/ktos-20260226.htm
KTOS,2026-02-23,Earnings Release,"2.02,9.01",8-K,https://www.sec.gov/Archives/edgar/data/1069258/000106925826000012/ktos-20260223.htm
LAC,2026-08-13,Material Agreement,"1.01,2.03,3.02,9.01",8-K,https://www.sec.gov/Archives/edgar/data/1966983/000119312526349161/d131555d8k.htm
LAC,2026-08-13,Earnings Release,"2.02,7.01,9.01",8-K,https://www.sec.gov/Archives/edgar/data/1966983/000119312526347834/lac-20260813.htm
LAC,2026-08-06,Material Agreement,"1.01,2.03,3.02,8.01,9.01",8-K,https://www.sec.gov/Archives/edgar/data/1966983/000119312526336637/d60367d8k.htm
LAC,2026-06-23,8-K: Other Material Event,"5.07,9.01",8-K,https://www.sec.gov/Archives/edgar/data/1966983/000119312526278497/lac-20260623.htm
LAC,2026-05-14,Earnings Release,"2.02,7.01,9.01",8-K,https://www.sec.gov/Archives/edgar/data/1966983/000119312526222734/lac-20260514.htm
LAC,2026-05-05,Executive/Board Change,"5.02,7.01,9.01",8-K,https://www.sec.gov/Archives/edgar/data/1966983/000119312526205164/d115308d8k.htm
LAC,2026-03-19,Material Agreement,"1.01,9.01",8-K,https://www.sec.gov/Archives/edgar/data/1966983/000119312526115215/d42655d8k.htm
LAC,2026-03-19,Earnings Release,"2.02,7.01,9.01",8-K,https://www.sec.gov/Archives/edgar/data/1966983/000119312526115091/lac-20260319.htm
LAMR,2026-08-06,Earnings Release,"2.02,9.01",8-K,https://www.sec.gov/Archives/edgar/data/1090425/000109042526000021/lamr-20260806.htm
LAMR,2026-05-19,Executive/Board Change,"5.02,5.07,9.01",8-K,https://www.sec.gov/Archives/edgar/data/1090425/000119312526230735/d227765d8k.htm
LAMR,2026-05-14,Other Material Event,"8.01,9.01",8-K,https://www.sec.gov/Archives/edgar/data/1090425/000119312526224221/d74412d8k.htm
LAMR,2026-05-07,Earnings Release,"2.02,9.01",8-K,https://www.sec.gov/Archives/edgar/data/1090425/000109042526000014/lamr-20260507.htm
LAMR,2026-02-26,Other Material Event,"8.01,9.01",8-K,https://www.sec.gov/Archives/edgar/data/1090425/000119312526076937/d25344d8k.htm
LCID,2026-08-12,Other Material Event,"8.01,9.01",FORM 8-K,https://www.sec.gov/Archives/edgar/data/1811210/000110465926094879/tm2622757d2_8k.htm
LCID,2026-08-04,Earnings Release,"2.02,9.01",8-K,https://www.sec.gov/Archives/edgar/data/1811210/000162828026052548/lcid-20260804.htm
LCID,2026-07-14,Investor Presentation / Reg FD Disclosure,7.01,8-K,https://www.sec.gov/Archives/edgar/data/1811210/000162828026048119/lcid-20260714.htm
LCID,2026-07-06,8-K: Other Material Event,"2.03,9.01",8-K,https://www.sec.gov/Archives/edgar/data/1811210/000162828026047248/lcid-20260706.htm
LCID,2026-07-02,Earnings Release,"2.02,5.02,7.01,9.01",8-K,https://www.sec.gov/Archives/edgar/data/1811210/000162828026046718/lcid-20260701.htm
LCID,2026-06-22,Executive/Board Change,"2.05,5.02,9.01",8-K,https://www.sec.gov/Archives/edgar/data/1811210/000162828026044501/lcid-20260622.htm
LCID,2026-06-05,Executive/Board Change,"5.02,5.07,9.01",8-K,https://www.sec.gov/Archives/edgar/data/1811210/000162828026041205/lcid-20260604.htm
LCID,2026-06-01,Executive/Board Change,"5.02,7.01,9.01",8-K,https://www.sec.gov/Archives/edgar/data/1811210/000162828026039266/lcid-20260530.htm
LEN,2026-06-12,Investor Presentation / Reg FD Disclosure,"7.01,9.01",8-K,https://www.sec.gov/Archives/edgar/data/920760/000119312526268580/d31288d8k.htm
LEN,2026-06-11,Earnings Release,"2.02,9.01",8-K,https://www.sec.gov/Archives/edgar/data/920760/000162828026042551/len-20260611.htm
LEN,2026-06-08,Executive/Board Change,"5.02,7.01,9.01",8-K,https://www.sec.gov/Archives/edgar/data/920760/000162828026041334/len-20260605.htm
LEN,2026-04-13,8-K: Other Material Event,"5.07,9.01",8-K,https://www.sec.gov/Archives/edgar/data/920760/000162828026024894/len-20260408.htm
LEN,2026-03-12,Earnings Release,"2.02,9.01",8-K,https://www.sec.gov/Archives/edgar/data/920760/000162828026017308/len-20260312.htm
LEU,2026-08-18,Executive/Board Change,5.02,8-K,https://www.sec.gov/Archives/edgar/data/1065059/000162828026057731/leu-20260815.htm
LEU,2026-08-06,Other Material Event,"8.01,9.01",8-K,https://www.sec.gov/Archives/edgar/data/1065059/000162828026053897/leu-20260806.htm
LEU,2026-08-05,Earnings Release,"2.02,9.01",8-K,https://www.sec.gov/Archives/edgar/data/1065059/000162828026053433/leu-20260805.htm
LEU,2026-07-02,Material Agreement,"1.01,9.01",8-K,https://www.sec.gov/Archives/edgar/data/1065059/000162828026046801/leu-20260630.htm
LEU,2026-06-18,Material Agreement,"1.01,3.03,5.02,5.07,9.01",8-K,https://www.sec.gov/Archives/edgar/data/1065059/000162828026044386/leu-20260618.htm
LEU,2026-06-18,Other Material Event,"8.01,9.01",8-K,https://www.sec.gov/Archives/edgar/data/1065059/000162828026044360/leu-20260618.htm
LEU,2026-05-05,Earnings Release,"2.02,9.01",8-K,https://www.sec.gov/Archives/edgar/data/1065059/000162828026030674/leu-20260505.htm
LEU,2026-04-20,Material Agreement,"1.01,9.01",8-K,https://www.sec.gov/Archives/edgar/data/1065059/000162828026025916/leu-20260416.htm
LITE,2026-08-11,Earnings Release,"2.02,9.01",8-K,https://www.sec.gov/Archives/edgar/data/1633978/000162828026055726/lite-20260811.htm
LITE,2026-07-30,Executive/Board Change,5.02,8-K,https://www.sec.gov/Archives/edgar/data/1633978/000162828026051078/lite-20260727.htm
LITE,2026-06-01,8-K: Other Material Event,3.02,8-K,https://www.sec.gov/Archives/edgar/data/1633978/000119312526249535/d112771d8k.htm
LITE,2026-05-05,Earnings Release,"2.02,9.01",8-K,https://www.sec.gov/Archives/edgar/data/1633978/000162828026030530/lite-20260505.htm
LITE,2026-04-08,8-K: Other Material Event,3.02,8-K,https://www.sec.gov/Archives/edgar/data/1633978/000119312526146256/d13152d8k.htm
LITE,2026-03-02,Bylaws/Fiscal Year Change,"3.02,5.03,7.01,9.01",8-K,https://www.sec.gov/Archives/edgar/data/1633978/000119312526085412/d41019d8k.htm
LLY,2026-08-05,Earnings Release,"2.02,9.01",8-K,https://www.sec.gov/Archives/edgar/data/59478/000005947826000077/lly-20260805.htm
LLY,2026-05-20,Other Material Event,"8.01,9.01",8-K,https://www.sec.gov/Archives/edgar/data/59478/000119312526232707/d148580d8k.htm
LLY,2026-05-07,8-K: Other Material Event,5.07,8-K,https://www.sec.gov/Archives/edgar/data/59478/000005947826000048/lly-20260504.htm
LLY,2026-04-30,Earnings Release,"2.02,9.01",8-K,https://www.sec.gov/Archives/edgar/data/59478/000005947826000043/lly-20260430.htm
LMND,2026-07-29,Executive/Board Change,5.02,8-K,https://www.sec.gov/Archives/edgar/data/1691421/000169142126000050/lmnd-20260727.htm
LMND,2026-07-29,Earnings Release,"2.02,9.01",8-K,https://www.sec.gov/Archives/edgar/data/1691421/000169142126000047/lmnd-20260729.htm
LMND,2026-06-24,Material Agreement,"1.01,2.03",8-K,https://www.sec.gov/Archives/edgar/data/1691421/000169142126000041/lmnd-20260622.htm
LMND,2026-06-05,8-K: Other Material Event,5.07,8-K,https://www.sec.gov/Archives/edgar/data/1691421/000169142126000038/lmnd-20260603.htm
LMND,2026-04-29,Earnings Release,"2.02,9.01",8-K,https://www.sec.gov/Archives/edgar/data/1691421/000169142126000029/lmnd-20260429.htm
LMT,2026-07-23,Earnings Release,"2.02,9.01",8-K,https://www.sec.gov/Archives/edgar/data/936468/000162828026049277/lmt-20260723.htm
LMT,2026-05-13,8-K: Other Material Event,5.07,8-K,https://www.sec.gov/Archives/edgar/data/936468/000093646826000011/lmt-20260512.htm
LMT,2026-04-23,Earnings Release,"2.02,9.01",8-K,https://www.sec.gov/Archives/edgar/data/936468/000162828026026683/lmt-20260423.htm
LNG,2026-08-06,Earnings Release,"2.02,9.01",8-K,https://www.sec.gov/Archives/edgar/data/3570/000000357026000030/lng-20260806.htm
LNG,2026-07-28,Investor Presentation / Reg FD Disclosure,"7.01,9.01",8-K,https://www.sec.gov/Archives/edgar/data/3570/000000357026000025/lng-20260728.htm
LNG,2026-07-14,Executive/Board Change,"5.02,7.01,9.01",8-K,https://www.sec.gov/Archives/edgar/data/3570/000000357026000023/lng-20260714.htm
LNG,2026-07-02,Material Agreement,"1.01,2.03,9.01",8-K,https://www.sec.gov/Archives/edgar/data/3570/000119312526294777/d73800d8k.htm
LNG,2026-06-09,Material Agreement,"1.01,9.01",8-K,https://www.sec.gov/Archives/edgar/data/3570/000119312526263943/d318413d8k.htm
LNG,2026-05-27,Material Agreement,"1.01,7.01,9.01",8-K,https://www.sec.gov/Archives/edgar/data/3570/000119312526240568/d130605d8k.htm
LNG,2026-05-15,8-K: Other Material Event,"5.07,9.01",8-K,https://www.sec.gov/Archives/edgar/data/3570/000000357026000019/lng-20260514.htm
LNG,2026-05-07,Earnings Release,"2.02,9.01",8-K,https://www.sec.gov/Archives/edgar/data/3570/000000357026000016/lng-20260507.htm
LOW,2026-08-19,Earnings Release,"2.02,9.01",8-K,https://www.sec.gov/Archives/edgar/data/60667/000006066726000113/low-20260819.htm
LOW,2026-06-02,8-K: Other Material Event,5.07,FORM 8-K SHAREHOLDER VOTING RESULTS,https://www.sec.gov/Archives/edgar/data/60667/000006066726000091/low-20260529.htm
LOW,2026-05-20,Earnings Release,"2.02,9.01",8-K,https://www.sec.gov/Archives/edgar/data/60667/000006066726000062/low-20260520.htm
LOW,2026-02-25,Earnings Release,"2.02,9.01",8-K,https://www.sec.gov/Archives/edgar/data/60667/000006066726000020/low-20260225.htm
LRCX,2026-07-29,Earnings Release,"2.02,9.01",8-K,https://www.sec.gov/Archives/edgar/data/707549/000070754926000033/lrcx-20260729.htm
LRCX,2026-04-22,Earnings Release,"2.02,9.01",8-K,https://www.sec.gov/Archives/edgar/data/707549/000070754926000020/lrcx-20260422.htm
LULU,2026-08-13,Other Material Event,8.01,UPDATE TO LEADERSHIP TEAM,https://www.sec.gov/Archives/edgar/data/1397187/000139718726000120/lulu-20260813.htm
LULU,2026-06-26,Executive/Board Change,"5.02,5.07",APPOINTMENT OF LAURA GENTILE & MARC MAURER TO BOD AND VOTING RESULTS,https://www.sec.gov/Archives/edgar/data/1397187/000139718726000088/lulu-20260624.htm
LULU,2026-06-04,Earnings Release,"2.02,9.01",8-K,https://www.sec.gov/Archives/edgar/data/1397187/000139718726000077/lulu-20260604.htm
LULU,2026-05-27,Material Agreement,"1.01,7.01,9.01",CURRENT REPORT,https://www.sec.gov/Archives/edgar/data/1397187/000121390026061531/ea0292191-8k_lululemon.htm
LULU,2026-04-28,Executive/Board Change,"5.02,7.01,9.01",CURRENT REPORT,https://www.sec.gov/Archives/edgar/data/1397187/000121390026048264/ea0287949-8k_lululemon.htm
LULU,2026-04-22,Executive/Board Change,"5.02,7.01,9.01",8-K,https://www.sec.gov/Archives/edgar/data/1397187/000139718726000070/lulu-20260421.htm
LULU,2026-03-17,Earnings Release,"2.02,9.01",8-K,https://www.sec.gov/Archives/edgar/data/1397187/000139718726000019/lulu-20260317.htm
LULU,2026-03-17,Executive/Board Change,"5.02,7.01,9.01",8-K,https://www.sec.gov/Archives/edgar/data/1397187/000139718726000017/lulu-20260313.htm
LUNR,2026-08-13,Earnings Release,"2.02,9.01",8-K,https://www.sec.gov/Archives/edgar/data/1844452/000162828026056476/lunr-20260813.htm
LUNR,2026-08-03,Material Agreement,"1.01,7.01,8.01,9.01",8-K,https://www.sec.gov/Archives/edgar/data/1844452/000119312526330778/d323986d8k.htm
LUNR,2026-06-08,8-K: Other Material Event,5.07,8-K,https://www.sec.gov/Archives/edgar/data/1844452/000162828026041526/lunr-20260608.htm
LUNR,2026-06-03,Material Agreement,"1.01,9.01",8-K,https://www.sec.gov/Archives/edgar/data/1844452/000119312526254475/d62861d8k.htm
LUNR,2026-05-14,Earnings Release,"2.02,9.01",8-K,https://www.sec.gov/Archives/edgar/data/1844452/000162828026034807/lunr-20260514.htm
LUNR,2026-03-19,Earnings Release,"2.02,9.01",8-K,https://www.sec.gov/Archives/edgar/data/1844452/000162828026019633/lunr-20260319.htm
LUNR,2026-02-27,Material Agreement,"1.01,9.01",8-K,https://www.sec.gov/Archives/edgar/data/1844452/000119312526082954/d103562d8k.htm
LUNR,2026-02-25,Material Agreement,"1.01,3.02,7.01,9.01",8-K,https://www.sec.gov/Archives/edgar/data/1844452/000119312526068729/d51414d8k.htm
LVS,2026-07-22,Earnings Release,"2.02,9.01",8-K,https://www.sec.gov/Archives/edgar/data/1300514/000130051426000078/lvs-20260722.htm
LVS,2026-05-18,8-K: Other Material Event,5.07,8-K,https://www.sec.gov/Archives/edgar/data/1300514/000130051426000073/lvs-20260514.htm
LVS,2026-05-13,Material Agreement,"1.01,2.03,9.01",8-K,https://www.sec.gov/Archives/edgar/data/1300514/000130051426000070/lvs-20260513.htm
LVS,2026-05-05,Other Material Event,"8.01,9.01",8-K,https://www.sec.gov/Archives/edgar/data/1300514/000130051426000062/lvs-20260504.htm
LVS,2026-04-22,Earnings Release,"2.02,9.01",8-K,https://www.sec.gov/Archives/edgar/data/1300514/000130051426000039/lvs-20260422.htm
LVS,2026-03-05,Executive/Board Change,5.02,8-K,https://www.sec.gov/Archives/edgar/data/1300514/000130051426000021/lvs-20260303.htm
LYFT,2026-08-06,Earnings Release,"2.02,7.01,9.01",8-K,https://www.sec.gov/Archives/edgar/data/1759509/000162828026054305/lyft-20260806.htm
LYFT,2026-07-27,Executive/Board Change,5.02,8-K,https://www.sec.gov/Archives/edgar/data/1759509/000162828026049801/lyft-20260723.htm
LYFT,2026-06-04,Bylaws/Fiscal Year Change,"5.03,5.07,9.01",8-K,https://www.sec.gov/Archives/edgar/data/1759509/000162828026040783/lyft-20260603.htm
LYFT,2026-05-07,Earnings Release,"2.02,7.01,9.01",8-K,https://www.sec.gov/Archives/edgar/data/1759509/000162828026032102/lyft-20260507.htm
M,2026-06-03,Earnings Release,"2.02,9.01",8-K,https://www.sec.gov/Archives/edgar/data/794367/000162828026040037/n-20260603.htm
M,2026-05-18,Executive/Board Change,"5.02,5.07",8-K,https://www.sec.gov/Archives/edgar/data/794367/000079436726000038/n-20260515.htm
M,2026-03-26,Executive/Board Change,5.02,8-K,https://www.sec.gov/Archives/edgar/data/794367/000079436726000012/n-20260325.htm
M,2026-03-18,Earnings Release,"2.02,9.01",8-K,https://www.sec.gov/Archives/edgar/data/794367/000162828026019024/m-20260318.htm
M,2026-02-27,Other Material Event,8.01,8-K,https://www.sec.gov/Archives/edgar/data/794367/000079436726000006/n-20260227.htm
MA,2026-07-30,Earnings Release,"2.02,9.01",8-K,https://www.sec.gov/Archives/edgar/data/1141391/000114139126000081/ma-20260730.htm
MA,2026-06-17,8-K: Other Material Event,5.07,8-K,https://www.sec.gov/Archives/edgar/data/1141391/000114139126000041/ma-20260616.htm
MA,2026-06-08,Other Material Event,"8.01,9.01",8-K,https://www.sec.gov/Archives/edgar/data/1141391/000119312526261669/d128075d8k.htm
MA,2026-06-02,Executive/Board Change,"5.02,9.01",8-K,https://www.sec.gov/Archives/edgar/data/1141391/000114139126000037/ma-20260529.htm
MA,2026-05-07,Executive/Board Change,"5.02,9.01",8-K,https://www.sec.gov/Archives/edgar/data/1141391/000114139126000034/ma-20260505.htm
MA,2026-04-30,Earnings Release,"2.02,9.01",8-K,https://www.sec.gov/Archives/edgar/data/1141391/000114139126000029/ma-20260430.htm
MAIN,2026-08-12,Material Agreement,"1.01,9.01",8-K,https://www.sec.gov/Archives/edgar/data/1396440/000139644026000102/main-20260811.htm
MAIN,2026-08-06,Earnings Release,"2.02,9.01",8-K,https://www.sec.gov/Archives/edgar/data/1396440/000139644026000090/main-20260806.htm
MAIN,2026-08-04,Other Material Event,"8.01,9.01",8-K,https://www.sec.gov/Archives/edgar/data/1396440/000139644026000088/main-20260804.htm
MAIN,2026-07-16,Earnings Release,"2.02,9.01",8-K,https://www.sec.gov/Archives/edgar/data/1396440/000139644026000086/main-20260716.htm
MAIN,2026-07-09,Earnings Release,"2.02,9.01",8-K,https://www.sec.gov/Archives/edgar/data/1396440/000139644026000084/main-20260709.htm
MAIN,2026-06-30,Material Agreement,"1.01,2.03,8.01,9.01",8-K,https://www.sec.gov/Archives/edgar/data/1396440/000139644026000082/main-20260629.htm
MAIN,2026-06-11,Investor Presentation / Reg FD Disclosure,7.01,8-K,https://www.sec.gov/Archives/edgar/data/1396440/000139644026000079/main-20260611.htm
MAIN,2026-05-07,Earnings Release,"2.02,9.01",8-K,https://www.sec.gov/Archives/edgar/data/1396440/000139644026000068/main-20260507.htm
MARA,2026-08-06,Earnings Release,"2.02,9.01",8-K,https://www.sec.gov/Archives/edgar/data/1507605/000150760526000020/mara-20260806.htm
MARA,2026-08-04,Executive/Board Change,"5.02,7.01,9.01",8-K,https://www.sec.gov/Archives/edgar/data/1507605/000149315226035933/form8-k.htm
MARA,2026-07-09,Material Agreement,"1.01,2.01,7.01,9.01",FORM 8-K,https://www.sec.gov/Archives/edgar/data/1507605/000095014226002012/eh260804074_8k.htm
MARA,2026-06-25,Other Material Event,"8.01,9.01",FORM 8-K,https://www.sec.gov/Archives/edgar/data/1507605/000095014226001875/eh260796591_8k.htm
MARA,2026-06-22,Executive/Board Change,"5.02,5.07,9.01",8-K,https://www.sec.gov/Archives/edgar/data/1507605/000149315226029615/form8-k.htm
MARA,2026-05-11,Earnings Release,"2.02,9.01",8-K,https://www.sec.gov/Archives/edgar/data/1507605/000150760526000014/mara-20260511.htm
MARA,2026-04-30,Material Agreement,"1.01,7.01,9.01",8-K,https://www.sec.gov/Archives/edgar/data/1507605/000119312526193982/d54802d8k.htm
MARA,2026-03-26,Other Material Event,8.01,FORM 8-K,https://www.sec.gov/Archives/edgar/data/1507605/000095014226000873/eh260755847_8k.htm
MCD,2026-08-04,Executive/Board Change,"5.02,7.01,9.01",8-K,https://www.sec.gov/Archives/edgar/data/63908/000006390826000069/mcd-20260803.htm
MCD,2026-08-04,Earnings Release,"2.02,9.01",8-K,https://www.sec.gov/Archives/edgar/data/63908/000006390826000067/mcd-20260804.htm
MCD,2026-05-22,8-K: Other Material Event,5.07,8-K,https://www.sec.gov/Archives/edgar/data/63908/000006390826000055/mcd-20260520.htm
MCD,2026-05-07,Earnings Release,"2.02,9.01",8-K,https://www.sec.gov/Archives/edgar/data/63908/000006390826000048/mcd-20260507.htm
MDB,2026-07-06,Bylaws/Fiscal Year Change,"5.03,5.07",8-K,https://www.sec.gov/Archives/edgar/data/1441816/000162828026047228/mdb-20260630.htm
MDB,2026-05-28,Earnings Release,"2.02,9.01",8-K,https://www.sec.gov/Archives/edgar/data/1441816/000162828026038798/mdb-20260528.htm
MDB,2026-03-02,Earnings Release,"2.02,5.02,5.03,9.01",8-K,https://www.sec.gov/Archives/edgar/data/1441816/000162828026013199/mdb-20260302.htm
MDGL,2026-08-12,Executive/Board Change,"5.02,7.01,9.01",8-K,https://www.sec.gov/Archives/edgar/data/1157601/000162828026055962/mdgl-20260811.htm
MDGL,2026-07-30,Earnings Release,"2.02,9.01",8-K,https://www.sec.gov/Archives/edgar/data/1157601/000162828026050775/mdgl-20260730.htm
MDGL,2026-06-17,Executive/Board Change,"5.02,5.07,9.01",FORM 8-K,https://www.sec.gov/Archives/edgar/data/1157601/000110465926075130/tm2617490d2_8k.htm
MDGL,2026-05-06,Earnings Release,"2.02,9.01",8-K,https://www.sec.gov/Archives/edgar/data/1157601/000162828026030896/mdgl-20260506.htm
MDGL,2026-04-28,Executive/Board Change,5.02,8-K,https://www.sec.gov/Archives/edgar/data/1157601/000162828026027956/mdgl-20260422.htm
MDT,2026-06-03,Earnings Release,"2.02,9.01",8-K,https://www.sec.gov/Archives/edgar/data/1613103/000162828026040034/mdt-20260603.htm
MDT,2026-05-18,Executive/Board Change,"5.02,9.01",8-K,https://www.sec.gov/Archives/edgar/data/1613103/000162828026035959/mdt-20260518.htm
MDT,2026-04-27,Investor Presentation / Reg FD Disclosure,"7.01,9.01",8-K,https://www.sec.gov/Archives/edgar/data/1613103/000162828026027272/mdt-20260424.htm
MDT,2026-03-24,Investor Presentation / Reg FD Disclosure,7.01,8-K,https://www.sec.gov/Archives/edgar/data/1613103/000161310326000005/mdt-20260324.htm
MELI,2026-08-05,Earnings Release,"2.02,9.01",8-K,https://www.sec.gov/Archives/edgar/data/1099590/000109959026000021/meli-20260805.htm
MELI,2026-06-12,8-K: Other Material Event,5.07,CURRENT REPORT,https://www.sec.gov/Archives/edgar/data/1099590/000199937126012770/meli-8k_060926.htm
MELI,2026-05-07,Earnings Release,"2.02,9.01",8-K,https://www.sec.gov/Archives/edgar/data/1099590/000109959026000014/meli-20260507.htm
MELI,2026-04-03,Executive/Board Change,"5.02,9.01",CURRENT REPORT,https://www.sec.gov/Archives/edgar/data/1099590/000199937126007656/meli_8k-033126.htm
MELI,2026-02-24,Earnings Release,"2.02,9.01",8-K,https://www.sec.gov/Archives/edgar/data/1099590/000109959026000003/meli-20260224.htm
META,2026-07-29,Earnings Release,"2.02,9.01",8-K,https://www.sec.gov/Archives/edgar/data/1326801/000162828026050596/meta-20260729.htm
META,2026-05-29,8-K: Other Material Event,5.07,8-K,https://www.sec.gov/Archives/edgar/data/1326801/000162828026039193/meta-20260527.htm
META,2026-05-04,Other Material Event,"8.01,9.01",8-K,https://www.sec.gov/Archives/edgar/data/1326801/000119312526204128/d134616d8k.htm
META,2026-04-29,Earnings Release,"2.02,9.01",8-K,https://www.sec.gov/Archives/edgar/data/1326801/000162828026028364/meta-20260429.htm
META,2026-04-14,Executive/Board Change,5.02,8-K,https://www.sec.gov/Archives/edgar/data/1326801/000162828026025108/meta-20260408.htm
MGM,2026-07-29,Earnings Release,"2.02,9.01",8-K,https://www.sec.gov/Archives/edgar/data/789570/000078957026000075/mgm-20260729.htm
MGM,2026-05-14,Material Agreement,"1.01,2.03,9.01",8-K,https://www.sec.gov/Archives/edgar/data/789570/000119312526224106/d134850d8k.htm
MGM,2026-05-08,8-K: Other Material Event,5.07,8-K,https://www.sec.gov/Archives/edgar/data/789570/000078957026000037/mgm-20260506.htm
MGM,2026-04-29,Earnings Release,"2.02,9.01",8-K,https://www.sec.gov/Archives/edgar/data/789570/000078957026000034/mgm-20260429.htm
MGM,2026-04-07,Material Agreement,"1.01,9.01",8-K,https://www.sec.gov/Archives/edgar/data/789570/000078957026000029/mgm-20260403.htm
MGNI,2026-08-05,Earnings Release,"2.02,9.01",8-K,https://www.sec.gov/Archives/edgar/data/1595974/000162828026053334/mgni-20260805.htm
MGNI,2026-06-11,8-K: Other Material Event,5.07,8-K,https://www.sec.gov/Archives/edgar/data/1595974/000162828026042512/mgni-20260608.htm
MGNI,2026-05-06,Earnings Release,"2.02,9.01",8-K,https://www.sec.gov/Archives/edgar/data/1595974/000159597426000023/mgni-20260506.htm
MGNI,2026-04-20,Executive/Board Change,"5.02,7.01,9.01",8-K,https://www.sec.gov/Archives/edgar/data/1595974/000159597426000016/mgni-20260420.htm
MGNI,2026-04-10,Executive/Board Change,5.02,8-K,https://www.sec.gov/Archives/edgar/data/1595974/000159597426000013/mgni-20260407.htm
MGNI,2026-02-25,Earnings Release,"2.02,9.01",8-K,https://www.sec.gov/Archives/edgar/data/1595974/000159597426000010/mgni-20260225.htm
MMM,2026-08-19,Material Agreement,"1.01,1.02,2.03",8-K,https://www.sec.gov/Archives/edgar/data/66740/000006674026000268/mmm-20260817.htm
MMM,2026-07-21,Earnings Release,"2.02,9.01",8-K,https://www.sec.gov/Archives/edgar/data/66740/000006674026000242/mmm-20260721.htm
MMM,2026-06-08,Executive/Board Change,"5.02,9.01",8-K,https://www.sec.gov/Archives/edgar/data/66740/000006674026000229/mmm-20260605.htm
MMM,2026-05-13,8-K: Other Material Event,5.07,8-K,https://www.sec.gov/Archives/edgar/data/66740/000006674026000221/mmm-20260512.htm
MMM,2026-05-06,Material Agreement,"1.01,2.03",8-K,https://www.sec.gov/Archives/edgar/data/66740/000006674026000188/mmm-20260430.htm
MMM,2026-04-21,Earnings Release,"2.02,9.01",8-K,https://www.sec.gov/Archives/edgar/data/66740/000006674026000171/mmm-20260421.htm
MNST,2026-08-06,Earnings Release,"2.02,7.01,9.01",FORM 8-K,https://www.sec.gov/Archives/edgar/data/865752/000110465926092046/tm2622396d1_8k.htm
MNST,2026-07-08,Other Material Event,"8.01,9.01",FORM 8-K,https://www.sec.gov/Archives/edgar/data/865752/000110465926081842/tm2619964d1_8k.htm
MNST,2026-06-04,Executive/Board Change,5.02,FORM 8-K,https://www.sec.gov/Archives/edgar/data/865752/000110465926070506/tm2616810d1_8k.htm
MNST,2026-05-15,Other Material Event,"5.07,8.01,9.01",FORM 8-K,https://www.sec.gov/Archives/edgar/data/865752/000110465926062567/tm2614725d1_8k.htm
MNST,2026-05-07,Earnings Release,"2.02,7.01,9.01",FORM 8-K,https://www.sec.gov/Archives/edgar/data/865752/000110465926057188/tm2613885d1_8k.htm
MNST,2026-02-26,Earnings Release,"2.02,7.01,9.01",FORM 8-K,https://www.sec.gov/Archives/edgar/data/865752/000110465926020525/tm267393d1_8k.htm
MO,2026-07-30,Earnings Release,"2.02,9.01",8-K,https://www.sec.gov/Archives/edgar/data/764180/000076418026000093/mo-20260730.htm
MO,2026-05-18,Executive/Board Change,"5.02,5.07,9.01",8-K,https://www.sec.gov/Archives/edgar/data/764180/000076418026000073/mo-20260513.htm
MO,2026-04-30,Earnings Release,"2.02,9.01",8-K,https://www.sec.gov/Archives/edgar/data/764180/000076418026000056/mo-20260430.htm
MOH,2026-07-22,Earnings Release,"2.02,9.01",8-K,https://www.sec.gov/Archives/edgar/data/1179929/000117992926000036/moh-20260722.htm
MOH,2026-06-10,Investor Presentation / Reg FD Disclosure,"7.01,9.01",FORM 8-K,https://www.sec.gov/Archives/edgar/data/1179929/000143774926020160/moh20260610_8k.htm
MOH,2026-05-11,Executive/Board Change,"5.02,5.03,5.07,9.01",8-K,https://www.sec.gov/Archives/edgar/data/1179929/000117992926000026/moh-20260506.htm
MOH,2026-05-08,Investor Presentation / Reg FD Disclosure,"7.01,9.01",FORM 8-K,https://www.sec.gov/Archives/edgar/data/1179929/000143774926015766/moh20260507_8k.htm
MOH,2026-04-22,Earnings Release,"2.02,9.01",8-K,https://www.sec.gov/Archives/edgar/data/1179929/000117992926000020/moh-20260422.htm
MOH,2026-02-26,Investor Presentation / Reg FD Disclosure,7.01,FORM 8-K,https://www.sec.gov/Archives/edgar/data/1179929/000143774926005871/moh20260226_8k.htm
MOS,2026-08-17,Other Material Event,"2.03,8.01,9.01",8-K,https://www.sec.gov/Archives/edgar/data/1285785/000119312526354095/d168739d8k.htm
MOS,2026-08-17,Other Material Event,"8.01,9.01",8-K,https://www.sec.gov/Archives/edgar/data/1285785/000119312526353193/d172855d8k.htm
MOS,2026-08-14,Other Material Event,"8.01,9.01",8-K,https://www.sec.gov/Archives/edgar/data/1285785/000119312526352365/d178370d8k.htm
MOS,2026-08-10,Other Material Event,"8.01,9.01",8-K,https://www.sec.gov/Archives/edgar/data/1285785/000119312526341391/d319503d8k.htm
MOS,2026-08-04,Earnings Release,"2.02,9.01",8-K,https://www.sec.gov/Archives/edgar/data/1285785/000128578526000109/mos-20260804.htm
MOS,2026-06-15,Investor Presentation / Reg FD Disclosure,"7.01,9.01",8-K,https://www.sec.gov/Archives/edgar/data/1285785/000128578526000093/mos-20260610.htm
MOS,2026-05-29,8-K: Other Material Event,"5.07,9.01",8-K,https://www.sec.gov/Archives/edgar/data/1285785/000128578526000069/mos-20260529.htm
MOS,2026-05-11,Earnings Release,"2.02,9.01",8-K,https://www.sec.gov/Archives/edgar/data/1285785/000128578526000063/mos-20260511.htm
MP,2026-08-06,Earnings Release,"2.02,9.01",8-K,https://www.sec.gov/Archives/edgar/data/1801368/000180136826000047/mp-20260806.htm
MP,2026-06-10,8-K: Other Material Event,5.07,8-K,https://www.sec.gov/Archives/edgar/data/1801368/000180136826000035/mp-20260609.htm
MP,2026-05-07,Earnings Release,"2.02,9.01",8-K,https://www.sec.gov/Archives/edgar/data/1801368/000180136826000027/mp-20260507.htm
MP,2026-02-26,Earnings Release,"2.02,9.01",8-K,https://www.sec.gov/Archives/edgar/data/1801368/000180136826000007/mp-20260226.htm
MRK,2026-08-04,Earnings Release,"2.02,9.01",FORM 8-K,https://www.sec.gov/Archives/edgar/data/310158/000110465926090045/tm2621496d1_8k.htm
MRK,2026-05-28,8-K: Other Material Event,5.07,FORM 8-K,https://www.sec.gov/Archives/edgar/data/310158/000110465926067509/tm2615833d1_8k.htm
MRK,2026-05-22,Other Material Event,"8.01,9.01",8-K,https://www.sec.gov/Archives/edgar/data/310158/000162828026037738/mrk-20260522.htm
MRK,2026-04-30,Earnings Release,"2.02,9.01",FORM 8-K,https://www.sec.gov/Archives/edgar/data/310158/000110465926052081/tm2612241d1_8k.htm
MRNA,2026-07-31,Earnings Release,"2.02,9.01",8-K,https://www.sec.gov/Archives/edgar/data/1682852/000168285226000147/mrna-20260731.htm
MRNA,2026-07-08,Executive/Board Change,"5.02,7.01,9.01",8-K,https://www.sec.gov/Archives/edgar/data/1682852/000168285226000134/mrna-20260706.htm
MRNA,2026-05-11,Bylaws/Fiscal Year Change,"5.03,5.07,9.01",8-K,https://www.sec.gov/Archives/edgar/data/1682852/000168285226000101/mrna-20260506.htm
MRNA,2026-05-01,Earnings Release,"2.02,9.01",8-K,https://www.sec.gov/Archives/edgar/data/1682852/000168285226000057/mrna-20260501.htm
MRNA,2026-03-05,Material Agreement,1.01,8-K,https://www.sec.gov/Archives/edgar/data/1682852/000168285226000047/mrna-20260303.htm
MRVL,2026-08-19,Material Agreement,"1.01,3.02,9.01",8-K,https://www.sec.gov/Archives/edgar/data/1835632/000119312526356217/d412696d8k.htm
MRVL,2026-07-09,Other Material Event,"8.01,9.01",8-K,https://www.sec.gov/Archives/edgar/data/1835632/000119312526299843/d82462d8k.htm
MRVL,2026-06-25,Other Material Event,"5.07,8.01,9.01",8-K,https://www.sec.gov/Archives/edgar/data/1835632/000162828026045564/mrvl-20260625.htm
MRVL,2026-06-11,Executive/Board Change,"5.02,7.01,9.01",8-K,https://www.sec.gov/Archives/edgar/data/1835632/000119312526267688/d151562d8k.htm
MRVL,2026-05-27,Earnings Release,"2.02,9.01",FORM 8-K,https://www.sec.gov/Archives/edgar/data/1835632/000183563226000014/mrvl-20260527.htm
MRVL,2026-04-15,Material Agreement,"1.01,8.01,9.01",8-K,https://www.sec.gov/Archives/edgar/data/1835632/000119312526157134/d123910d8k.htm
MRVL,2026-03-31,Bylaws/Fiscal Year Change,"3.02,5.03,7.01,9.01",8-K,https://www.sec.gov/Archives/edgar/data/1835632/000119312526134462/d113606d8k.htm
MRVL,2026-03-19,Other Material Event,"8.01,9.01",8-K,https://www.sec.gov/Archives/edgar/data/1835632/000162828026019851/mrvl-20260319.htm
MS,2026-07-15,Earnings Release,"2.02,9.01",8-K,https://www.sec.gov/Archives/edgar/data/895421/000089542126000207/ms-20260715.htm
MS,2026-06-24,Other Material Event,"8.01,9.01",FORM 8-K,https://www.sec.gov/Archives/edgar/data/895421/000095010326009448/dp248866_8k.htm
MS,2026-05-15,8-K: Other Material Event,5.07,FORM 8-K,https://www.sec.gov/Archives/edgar/data/895421/000095010326007291/dp246746_8k.htm
MS,2026-04-15,Earnings Release,"2.02,9.01",8-K,https://www.sec.gov/Archives/edgar/data/895421/000089542126000111/ms-20260415.htm
MSFT,2026-07-29,Earnings Release,"2.02,9.01",8-K,https://www.sec.gov/Archives/edgar/data/789019/000119312526323632/msft-20260729.htm
MSFT,2026-06-05,Executive/Board Change,5.02,8-K,https://www.sec.gov/Archives/edgar/data/789019/000119312526258667/d26760d8k.htm
MSFT,2026-05-14,Executive/Board Change,"5.02,9.01",8-K,https://www.sec.gov/Archives/edgar/data/789019/000119312526224155/d125909d8k.htm
MSFT,2026-04-29,Earnings Release,"2.02,9.01",8-K,https://www.sec.gov/Archives/edgar/data/789019/000119312526191457/msft-20260429.htm
MSTR,2026-08-17,Investor Presentation / Reg FD Disclosure,"7.01,8.01",8-K,https://www.sec.gov/Archives/edgar/data/1050446/000119312526353240/mstr-20260817.htm
MSTR,2026-08-10,Investor Presentation / Reg FD Disclosure,"7.01,8.01",8-K,https://www.sec.gov/Archives/edgar/data/1050446/000119312526341297/mstr-20260810.htm
MSTR,2026-08-03,Investor Presentation / Reg FD Disclosure,"7.01,8.01",8-K,https://www.sec.gov/Archives/edgar/data/1050446/000119312526329565/mstr-20260803.htm
MSTR,2026-07-30,Earnings Release,"2.02,7.01,9.01",8-K,https://www.sec.gov/Archives/edgar/data/1050446/000162828026051027/mstr-20260730.htm
MSTR,2026-07-27,Investor Presentation / Reg FD Disclosure,"7.01,8.01",8-K,https://www.sec.gov/Archives/edgar/data/1050446/000119312526316917/mstr-20260727.htm
MSTR,2026-07-20,Investor Presentation / Reg FD Disclosure,"7.01,8.01",8-K,https://www.sec.gov/Archives/edgar/data/1050446/000119312526308369/mstr-20260720.htm
MSTR,2026-07-13,Investor Presentation / Reg FD Disclosure,"7.01,8.01",8-K,https://www.sec.gov/Archives/edgar/data/1050446/000119312526301483/mstr-20260713.htm
MSTR,2026-07-06,Executive/Board Change,"5.02,7.01,8.01",8-K,https://www.sec.gov/Archives/edgar/data/1050446/000119312526295586/mstr-20260706.htm
MU,2026-06-24,Earnings Release,"2.02,9.01",8-K,https://www.sec.gov/Archives/edgar/data/723125/000072312526000013/mu-20260624.htm
MU,2026-06-09,Executive/Board Change,"5.02,9.01",FORM 8-K,https://www.sec.gov/Archives/edgar/data/723125/000110465926071845/tm2617112d1_8k.htm
MU,2026-04-01,Other Material Event,"8.01,9.01",FORM 8-K,https://www.sec.gov/Archives/edgar/data/723125/000110465926038249/tm2610810d1_8k.htm
MU,2026-03-25,Other Material Event,"8.01,9.01",FORM 8-K,https://www.sec.gov/Archives/edgar/data/723125/000110465926034174/tm269755d1_8k.htm
MU,2026-03-18,Earnings Release,"2.02,9.01",8-K,https://www.sec.gov/Archives/edgar/data/723125/000072312526000004/mu-20260318.htm
NCLH,2026-07-30,Earnings Release,"2.02,9.01",FORM 8-K,https://www.sec.gov/Archives/edgar/data/1513761/000117184326005050/f8k_073026.htm
NCLH,2026-06-16,Executive/Board Change,"5.02,5.07,9.01",FORM 8-K,https://www.sec.gov/Archives/edgar/data/1513761/000110465926074589/tm2617973d1_8k.htm
NCLH,2026-05-29,Other Material Event,8.01,FORM 8-K,https://www.sec.gov/Archives/edgar/data/1513761/000110465926068271/tm2615923d1_8k.htm
NCLH,2026-05-04,Earnings Release,"2.02,9.01",FORM 8-K,https://www.sec.gov/Archives/edgar/data/1513761/000117184326002957/f8k_050426.htm
NCLH,2026-03-27,Material Agreement,"1.01,5.02,7.01,9.01",FORM 8-K,https://www.sec.gov/Archives/edgar/data/1513761/000110465926035746/tm2610052d1_8k.htm
NCLH,2026-03-27,Executive/Board Change,"5.02,9.01",FORM 8-K,https://www.sec.gov/Archives/edgar/data/1513761/000110465926035686/tm268760d2_8k.htm
NCLH,2026-03-16,Other Material Event,8.01,FORM 8-K,https://www.sec.gov/Archives/edgar/data/1513761/000110465926027944/tm268760d1_8k.htm
NCLH,2026-03-02,Earnings Release,"2.02,9.01",FORM 8-K,https://www.sec.gov/Archives/edgar/data/1513761/000117184326001220/f8k_030226.htm
NEE,2026-08-11,Other Material Event,"8.01,9.01",8-K,https://www.sec.gov/Archives/edgar/data/753308/000075330826000065/nee-20260810.htm
NEE,2026-07-24,Earnings Release,"2.02,9.01",8-K,https://www.sec.gov/Archives/edgar/data/753308/000075330826000058/nee-20260724.htm
NEE,2026-07-08,Bylaws/Fiscal Year Change,"5.03,9.01",FORM 8-K,https://www.sec.gov/Archives/edgar/data/753308/000110465926081863/tm2614888d16_8k.htm
NEE,2026-06-22,Other Material Event,"8.01,9.01",8-K,https://www.sec.gov/Archives/edgar/data/753308/000075330826000052/nee-20260622.htm
NEE,2026-06-15,Other Material Event,"8.01,9.01",8-K,https://www.sec.gov/Archives/edgar/data/753308/000075330826000046/nee-20260615.htm
NEE,2026-06-01,Other Material Event,"8.01,9.01",8-K,https://www.sec.gov/Archives/edgar/data/753308/000075330826000043/nee-20260601.htm
NEE,2026-05-27,8-K: Other Material Event,5.07,8-K,https://www.sec.gov/Archives/edgar/data/753308/000075330826000041/nee-20260521.htm
NEE,2026-05-26,Other Material Event,"8.01,9.01",8-K,https://www.sec.gov/Archives/edgar/data/753308/000075330826000039/nee-20260526.htm
NEM,2026-08-20,Executive/Board Change,5.02,FORM 8-K,https://www.sec.gov/Archives/edgar/data/1164727/000110465926099237/tm2623668d1_8k.htm
NEM,2026-08-13,Material Agreement,"1.01,7.01,9.01",FORM 8-K,https://www.sec.gov/Archives/edgar/data/1164727/000110465926095968/tm2623048d1_8k.htm
NEM,2026-07-23,Earnings Release,"2.02,9.01",8-K,https://www.sec.gov/Archives/edgar/data/1164727/000116472726000034/nem-20260723.htm
NEM,2026-06-15,Executive/Board Change,"5.02,7.01,9.01",FORM 8-K,https://www.sec.gov/Archives/edgar/data/1164727/000110465926074137/tm2617970d1_8k.htm
NEM,2026-05-13,8-K: Other Material Event,5.07,FORM 8-K,https://www.sec.gov/Archives/edgar/data/1164727/000110465926060260/tm2614426d1_8k.htm
NEM,2026-04-28,Executive/Board Change,5.02,FORM 8-K,https://www.sec.gov/Archives/edgar/data/1164727/000110465926050355/tm2612965d1_8k.htm
NEM,2026-04-23,Earnings Release,"2.02,9.01",8-K,https://www.sec.gov/Archives/edgar/data/1164727/000116472726000017/nem-20260423.htm
NET,2026-08-13,Material Agreement,"1.01,2.03,3.02,8.01,9.01",FORM 8-K,https://www.sec.gov/Archives/edgar/data/1477333/000095010326012340/dp251721_8k.htm
NET,2026-08-06,Earnings Release,"2.02,7.01,9.01",8-K,https://www.sec.gov/Archives/edgar/data/1477333/000147733326000053/cloud-20260806.htm
NET,2026-06-30,Executive/Board Change,"5.02,5.07,9.01",8-K,https://www.sec.gov/Archives/edgar/data/1477333/000147733326000042/cloud-20260630.htm
NET,2026-05-07,Earnings Release,"2.02,7.01,9.01",8-K,https://www.sec.gov/Archives/edgar/data/1477333/000147733326000033/cloud-20260507.htm
NFLX,2026-07-30,Executive/Board Change,5.02,8-K,https://www.sec.gov/Archives/edgar/data/1065280/000106528026000214/nflx-20260726.htm
NFLX,2026-07-22,Other Material Event,"8.01,9.01",8-K,https://www.sec.gov/Archives/edgar/data/1065280/000119312526312575/d171951d8k.htm
NFLX,2026-07-16,Earnings Release,"2.02,9.01",8-K,https://www.sec.gov/Archives/edgar/data/1065280/000106528026000211/nflx-20260716.htm
NFLX,2026-06-05,Other Material Event,"5.07,8.01",8-K,https://www.sec.gov/Archives/edgar/data/1065280/000106528026000189/nflx-20260604.htm
NFLX,2026-04-23,Other Material Event,8.01,8-K,https://www.sec.gov/Archives/edgar/data/1065280/000106528026000139/nflx-20260422.htm
NFLX,2026-04-16,Earnings Release,"2.02,5.02,9.01",8-K,https://www.sec.gov/Archives/edgar/data/1065280/000106528026000137/nflx-20260410.htm
NFLX,2026-02-27,8-K: Other Material Event,1.02,8-K,https://www.sec.gov/Archives/edgar/data/1065280/000119312526082247/d120618d8k.htm
NKE,2026-08-10,Executive/Board Change,5.02,8-K,https://www.sec.gov/Archives/edgar/data/320187/000032018726000112/nke-20260804.htm
NKE,2026-06-30,Earnings Release,"2.02,9.01",8-K,https://www.sec.gov/Archives/edgar/data/320187/000032018726000076/nke-20260630.htm
NKE,2026-06-23,Earnings Release,"2.02,5.02,7.01,9.01",8-K,https://www.sec.gov/Archives/edgar/data/320187/000032018726000070/nke-20260616.htm
NKE,2026-06-18,Executive/Board Change,"5.02,7.01,9.01",8-K,https://www.sec.gov/Archives/edgar/data/320187/000032018726000068/nke-20260615.htm
NKE,2026-03-31,Earnings Release,"2.02,9.01",8-K,https://www.sec.gov/Archives/edgar/data/320187/000032018726000026/nke-20260331.htm
NKE,2026-03-09,Material Agreement,"1.01,1.02,2.03,9.01",8-K,https://www.sec.gov/Archives/edgar/data/320187/000032018726000020/nke-20260306.htm
NKE,2026-03-05,8-K: Other Material Event,2.05,8-K,https://www.sec.gov/Archives/edgar/data/320187/000032018726000017/nke-20260227.htm
NOW,2026-07-22,Earnings Release,"2.02,9.01",8-K,https://www.sec.gov/Archives/edgar/data/1373715/000137371526000072/now-20260722.htm
NOW,2026-05-22,Executive/Board Change,"5.02,5.07,9.01",8-K,https://www.sec.gov/Archives/edgar/data/1373715/000137371526000065/now-20260521.htm
NOW,2026-05-15,Material Agreement,"1.01,2.03,8.01,9.01",8-K,https://www.sec.gov/Archives/edgar/data/1373715/000119312526226644/d60522d8k.htm
NOW,2026-04-22,Material Agreement,"1.01,2.02,2.03,9.01",8-K,https://www.sec.gov/Archives/edgar/data/1373715/000137371526000054/now-20260417.htm
NOW,2026-04-01,Material Agreement,"1.01,2.03,9.01",8-K,https://www.sec.gov/Archives/edgar/data/1373715/000137371526000030/now-20260401.htm
NTAP,2026-05-28,Earnings Release,"2.02,8.01,9.01",8-K,https://www.sec.gov/Archives/edgar/data/1002047/000119312526245196/ntap-20260521.htm
NTAP,2026-02-26,Earnings Release,"2.02,9.01",8-K,https://www.sec.gov/Archives/edgar/data/1002047/000119312526076545/ntap-20260226.htm
NTNX,2026-08-04,8-K: Other Material Event,2.05,8-K,https://www.sec.gov/Archives/edgar/data/1618732/000119312526331661/ntnx-20260804.htm
NTNX,2026-05-27,Earnings Release,"2.02,9.01",FORM 8-K,https://www.sec.gov/Archives/edgar/data/1618732/000117184326003724/f8k_052726.htm
NTNX,2026-05-05,8-K: Other Material Event,3.02,8-K,https://www.sec.gov/Archives/edgar/data/1618732/000119312526204667/ntnx-20260504.htm
NTNX,2026-04-07,Investor Presentation / Reg FD Disclosure,"7.01,9.01",FORM 8-K,https://www.sec.gov/Archives/edgar/data/1618732/000117184326002298/f8k_040726.htm
NTNX,2026-03-26,Bylaws/Fiscal Year Change,"5.03,9.01",8-K,https://www.sec.gov/Archives/edgar/data/1618732/000119312526126340/ntnx-20260324.htm
NTNX,2026-02-25,Earnings Release,"2.02,3.02,7.01,9.01",FORM 8-K,https://www.sec.gov/Archives/edgar/data/1618732/000117184326001101/f8k_022526.htm
NUE,2026-07-27,Earnings Release,"2.02,7.01,9.01",8-K,https://www.sec.gov/Archives/edgar/data/73309/000119312526318190/d468854d8k.htm
NUE,2026-05-19,8-K: Other Material Event,5.07,8-K,https://www.sec.gov/Archives/edgar/data/73309/000119312526230790/d45402d8k.htm
NUE,2026-04-27,Earnings Release,"2.02,7.01,9.01",8-K,https://www.sec.gov/Archives/edgar/data/73309/000119312526182332/d150975d8k.htm
NUE,2026-03-03,Executive/Board Change,"5.02,9.01",8-K,https://www.sec.gov/Archives/edgar/data/73309/000119312526086912/d94870d8k.htm
NVAX,2026-08-06,Earnings Release,"2.02,9.01",8-K,https://www.sec.gov/Archives/edgar/data/1000694/000100069426000019/nvax-20260806.htm
NVAX,2026-06-23,8-K: Other Material Event,5.07,FORM 8-K,https://www.sec.gov/Archives/edgar/data/1000694/000110465926076648/tm2618472d1_8k.htm
NVAX,2026-05-06,Earnings Release,"2.02,9.01",8-K,https://www.sec.gov/Archives/edgar/data/1000694/000162828026030924/nvax-20260506.htm
NVAX,2026-02-26,Earnings Release,"2.02,9.01",8-K,https://www.sec.gov/Archives/edgar/data/1000694/000100069426000011/nvax-20260226.htm
NVDA,2026-08-17,Material Agreement,"1.01,2.03,7.01",8-K,https://www.sec.gov/Archives/edgar/data/1045810/000104581026000069/nvda-20260817.htm
NVDA,2026-07-02,Executive/Board Change,5.02,8-K,https://www.sec.gov/Archives/edgar/data/1045810/000104581026000060/nvda-20260628.htm
NVDA,2026-06-30,8-K: Other Material Event,5.07,8-K,https://www.sec.gov/Archives/edgar/data/1045810/000104581026000056/nvda-20260624.htm
NVDA,2026-06-18,Other Material Event,"8.01,9.01",8-K,https://www.sec.gov/Archives/edgar/data/1045810/000119312526275783/d48176d8k.htm
NVDA,2026-05-20,Earnings Release,"2.02,9.01",8-K,https://www.sec.gov/Archives/edgar/data/1045810/000104581026000051/nvda-20260520.htm
NVDA,2026-05-08,Executive/Board Change,5.02,8-K,https://www.sec.gov/Archives/edgar/data/1045810/000104581026000028/nvda-20260507.htm
NVDA,2026-04-27,Executive/Board Change,5.02,8-K,https://www.sec.gov/Archives/edgar/data/1045810/000104581026000026/nvda-20260424.htm
NVDA,2026-03-06,Executive/Board Change,"5.02,9.01",8-K,https://www.sec.gov/Archives/edgar/data/1045810/000104581026000024/nvda-20260302.htm
NVTS,2026-07-27,Earnings Release,"2.02,7.01,9.01",8-K,https://www.sec.gov/Archives/edgar/data/1821769/000162828026049795/i-20260727.htm
NVTS,2026-07-08,Investor Presentation / Reg FD Disclosure,"7.01,9.01",FORM 8-K,https://www.sec.gov/Archives/edgar/data/1821769/000110465926081576/tm2620013d1_8k.htm
NVTS,2026-06-26,8-K: Other Material Event,5.07,FORM 8-K,https://www.sec.gov/Archives/edgar/data/1821769/000110465926078274/tm2619097d1_8k.htm
NVTS,2026-06-15,Other Material Event,8.01,FORM 8-K,https://www.sec.gov/Archives/edgar/data/1821769/000110465926074127/tm2617991d1_8k.htm
NVTS,2026-06-09,Executive/Board Change,5.02,FORM 8-K,https://www.sec.gov/Archives/edgar/data/1821769/000110465926071850/tm2617349d1_8k.htm
NVTS,2026-06-04,Other Material Event,8.01,FORM 8-K,https://www.sec.gov/Archives/edgar/data/1821769/000110465926070530/tm2616859d1_8k.htm
NVTS,2026-05-22,Other Material Event,8.01,FORM 8-K,https://www.sec.gov/Archives/edgar/data/1821769/000110465926065737/tm2615305d2_8k.htm
NVTS,2026-05-22,Material Agreement,"1.01,9.01",FORM 8-K,https://www.sec.gov/Archives/edgar/data/1821769/000110465926065731/tm2614473d1_8k.htm
NX,2026-06-04,Earnings Release,"2.02,9.01",FORM 8-K,https://www.sec.gov/Archives/edgar/data/1423221/000117184326003917/f8k_060426.htm
NX,2026-05-28,Investor Presentation / Reg FD Disclosure,"7.01,9.01",FORM 8-K,https://www.sec.gov/Archives/edgar/data/1423221/000117184326003761/f8k_052826.htm
NX,2026-03-05,Earnings Release,"2.02,9.01",FORM 8-K,https://www.sec.gov/Archives/edgar/data/1423221/000117184326001364/f8k_030526.htm
NX,2026-03-03,Bylaws/Fiscal Year Change,"5.03,5.07,9.01",FORM 8-K,https://www.sec.gov/Archives/edgar/data/1423221/000110465926022858/tm267884d1_8k.htm
NX,2026-02-26,Investor Presentation / Reg FD Disclosure,"7.01,9.01",FORM 8-K,https://www.sec.gov/Archives/edgar/data/1423221/000117184326001142/f8k_022626.htm
NXPI,2026-07-28,Earnings Release,"2.02,9.01",8-K,https://www.sec.gov/Archives/edgar/data/1413447/000141344726000044/nxpi-20260728.htm
NXPI,2026-06-11,Other Material Event,"5.07,8.01",8-K,https://www.sec.gov/Archives/edgar/data/1413447/000141344726000039/nxpi-20260610.htm
NXPI,2026-04-28,Earnings Release,"2.02,9.01",8-K,https://www.sec.gov/Archives/edgar/data/1413447/000141344726000032/nxpi-20260428.htm
NXPI,2026-04-20,Other Material Event,8.01,8-K,https://www.sec.gov/Archives/edgar/data/1413447/000141344726000016/nxpi-20260420.htm
NXPI,2026-03-12,Other Material Event,"8.01,9.01",8-K,https://www.sec.gov/Archives/edgar/data/1413447/000141344726000010/nxpi-20260312.htm
NXT,2026-08-19,Bylaws/Fiscal Year Change,"5.03,5.07,9.01",8-K,https://www.sec.gov/Archives/edgar/data/1852131/000185213126000052/nxt-20260818.htm
NXT,2026-07-30,Earnings Release,"2.02,9.01",8-K,https://www.sec.gov/Archives/edgar/data/1852131/000185213126000045/nxt-20260730.htm
NXT,2026-06-22,Investor Presentation / Reg FD Disclosure,"3.02,7.01,9.01",8-K,https://www.sec.gov/Archives/edgar/data/1852131/000185213126000026/nxt-20260621.htm
NXT,2026-05-28,Investor Presentation / Reg FD Disclosure,"3.02,7.01,9.01",8-K,https://www.sec.gov/Archives/edgar/data/1852131/000185213126000020/nxt-20260528.htm
NXT,2026-05-12,Earnings Release,"2.02,5.02,9.01",8-K,https://www.sec.gov/Archives/edgar/data/1852131/000185213126000014/nxt-20260510.htm
NXT,2026-04-29,Executive/Board Change,5.02,8-K,https://www.sec.gov/Archives/edgar/data/1852131/000185213126000009/nxt-20260423.htm
OKLO,2026-07-28,Executive/Board Change,5.02,8-K,https://www.sec.gov/Archives/edgar/data/1849056/000184905626000039/oklo-20260722.htm
OKLO,2026-06-08,8-K: Other Material Event,5.07,8-K,https://www.sec.gov/Archives/edgar/data/1849056/000184905626000028/oklo-20260603.htm
OKLO,2026-05-13,Material Agreement,"1.01,1.02,9.01",FORM 8-K,https://www.sec.gov/Archives/edgar/data/1849056/000110465926060385/tm2614461d1_8k.htm
OKLO,2026-04-14,Executive/Board Change,"5.02,9.01",8-K,https://www.sec.gov/Archives/edgar/data/1849056/000184905626000006/oklo-20260410.htm
OKTA,2026-06-23,Executive/Board Change,"5.02,5.07,9.01",8-K,https://www.sec.gov/Archives/edgar/data/1660134/000166013426000054/okta-20260618.htm
OKTA,2026-05-28,Earnings Release,"2.02,7.01,9.01",8-K,https://www.sec.gov/Archives/edgar/data/1660134/000166013426000050/okta-20260528.htm
OKTA,2026-04-22,Executive/Board Change,"5.02,9.01",8-K,https://www.sec.gov/Archives/edgar/data/1660134/000119312526170498/d118360d8k.htm
OKTA,2026-03-23,Executive/Board Change,"5.02,9.01",8-K,https://www.sec.gov/Archives/edgar/data/1660134/000166013426000029/okta-20260319.htm
OKTA,2026-03-11,Executive/Board Change,"5.02,9.01",8-K,https://www.sec.gov/Archives/edgar/data/1660134/000166013426000024/okta-20260305.htm
OKTA,2026-03-04,Earnings Release,"2.02,7.01,9.01",8-K,https://www.sec.gov/Archives/edgar/data/1660134/000166013426000016/okta-20260304.htm
ONDS,2026-08-13,Earnings Release,"2.02,9.01",8-K,https://www.sec.gov/Archives/edgar/data/1646188/000119312526347973/onds-20260813.htm
ONDS,2026-08-10,Acquisition/Disposition of Assets,"2.01,3.02,8.01,9.01",8-K,https://www.sec.gov/Archives/edgar/data/1646188/000119312526341399/onds-20260810.htm
ONDS,2026-08-07,Executive/Board Change,"5.02,9.01",8-K,https://www.sec.gov/Archives/edgar/data/1646188/000119312526340352/onds-20260803.htm
ONDS,2026-07-24,Other Material Event,"3.02,8.01,9.01",CURRENT REPORT,https://www.sec.gov/Archives/edgar/data/1646188/000121390026081490/ea0298575-8k_ondas.htm
ONDS,2026-07-06,Material Agreement,"1.01,2.01,3.02,7.01,8.01,9.01",CURRENT REPORT,https://www.sec.gov/Archives/edgar/data/1646188/000121390026075227/ea0296702-8k_ondas.htm
ONDS,2026-06-26,Other Material Event,"3.02,8.01,9.01",CURRENT REPORT,https://www.sec.gov/Archives/edgar/data/1646188/000121390026072365/ea0295696-8k_ondas.htm
ONDS,2026-06-22,Other Material Event,"3.02,8.01,9.01",CURRENT REPORT,https://www.sec.gov/Archives/edgar/data/1646188/000121390026070403/ea0295121-8k_ondas.htm
ONDS,2026-06-18,Investor Presentation / Reg FD Disclosure,"7.01,8.01,9.01",CURRENT REPORT,https://www.sec.gov/Archives/edgar/data/1646188/000121390026069889/ea0295043-8k_ondas.htm
OPEN,2026-08-19,Material Agreement,"1.01,2.03,3.02,8.01,9.01",8-K,https://www.sec.gov/Archives/edgar/data/1801169/000114036126033739/ef20080596_8k.htm
OPEN,2026-08-13,Material Agreement,"1.01,3.02,7.01,9.01",8-K,https://www.sec.gov/Archives/edgar/data/1801169/000114036126032600/ef20080105_8k.htm
OPEN,2026-08-04,Earnings Release,"2.02,7.01,9.01",8-K,https://www.sec.gov/Archives/edgar/data/1801169/000180116926000019/open-20260804.htm
OPEN,2026-06-12,8-K: Other Material Event,5.07,8-K,https://www.sec.gov/Archives/edgar/data/1801169/000180116926000016/open-20260611.htm
OPEN,2026-05-07,Earnings Release,"2.02,7.01,9.01",8-K,https://www.sec.gov/Archives/edgar/data/1801169/000180116926000013/open-20260507.htm
ORCL,2026-06-10,Earnings Release,"2.02,8.01,9.01",8-K,https://www.sec.gov/Archives/edgar/data/1341439/000119312526265848/orcl-20260610.htm
ORCL,2026-05-12,Executive/Board Change,"5.02,7.01,9.01",8-K,https://www.sec.gov/Archives/edgar/data/1341439/000119312526219708/d76569d8k.htm
ORCL,2026-04-06,Executive/Board Change,"5.02,7.01,9.01",8-K,https://www.sec.gov/Archives/edgar/data/1341439/000119312526142939/d132760d8k.htm
ORCL,2026-03-10,Earnings Release,"2.02,8.01,9.01",8-K,https://www.sec.gov/Archives/edgar/data/1341439/000119312526100148/orcl-20260310.htm
OSCR,2026-08-06,Earnings Release,"2.02,9.01",8-K,https://www.sec.gov/Archives/edgar/data/1568651/000156865126000066/oscr-20260806.htm
OSCR,2026-06-09,8-K: Other Material Event,5.07,8-K,https://www.sec.gov/Archives/edgar/data/1568651/000156865126000059/oscr-20260604.htm
OSCR,2026-06-08,Investor Presentation / Reg FD Disclosure,7.01,8-K,https://www.sec.gov/Archives/edgar/data/1568651/000156865126000054/oscr-20260608.htm
OSCR,2026-06-02,Executive/Board Change,5.02,8-K,https://www.sec.gov/Archives/edgar/data/1568651/000156865126000048/oscr-20260529.htm
OSCR,2026-05-06,Earnings Release,"2.02,9.01",8-K,https://www.sec.gov/Archives/edgar/data/1568651/000156865126000036/oscr-20260506.htm
OSCR,2026-04-21,Investor Presentation / Reg FD Disclosure,"7.01,9.01",8-K,https://www.sec.gov/Archives/edgar/data/1568651/000156865126000028/oscr-20260421.htm
OSCR,2026-03-02,Investor Presentation / Reg FD Disclosure,7.01,8-K,https://www.sec.gov/Archives/edgar/data/1568651/000156865126000014/oscr-20260302.htm
OSK,2026-07-28,Earnings Release,"2.02,9.01",8-K,https://www.sec.gov/Archives/edgar/data/775158/000119312526318909/osk-20260728.htm
OSK,2026-05-08,8-K: Other Material Event,5.07,FORM 8-K,https://www.sec.gov/Archives/edgar/data/775158/000110465926057760/tm2614002d1_8k.htm
OSK,2026-05-08,Earnings Release,"2.02,9.01",8-K,https://www.sec.gov/Archives/edgar/data/775158/000119312526213376/osk-20260508.htm
OSK,2026-03-16,Material Agreement,"1.01,2.03,9.01",FORM 8-K,https://www.sec.gov/Archives/edgar/data/775158/000110465926028611/tm268947d1_8k.htm
OXY,2026-08-05,Earnings Release,"2.02,9.01",8-K,https://www.sec.gov/Archives/edgar/data/797468/000162828026053377/oxy-20260805.htm
OXY,2026-07-10,Earnings Release,"2.02,9.01",8-K,https://www.sec.gov/Archives/edgar/data/797468/000162828026047886/oxy-20260710.htm
OXY,2026-05-05,Earnings Release,"2.02,9.01",8-K,https://www.sec.gov/Archives/edgar/data/797468/000162828026030567/oxy-20260505.htm
OXY,2026-05-04,Executive/Board Change,"5.02,5.07,7.01,9.01",CURRENT REPORT,https://www.sec.gov/Archives/edgar/data/797468/000095015726000569/form8-k.htm
OXY,2026-04-10,Earnings Release,"2.02,9.01",8-K,https://www.sec.gov/Archives/edgar/data/797468/000162828026024581/oxy-20260410.htm
OXY,2026-03-09,Material Agreement,"1.01,3.03,8.01,9.01",CURRENT REPORT,https://www.sec.gov/Archives/edgar/data/797468/000095015726000265/form8-k.htm
PANW,2026-06-02,Earnings Release,"2.02,9.01",8-K,https://www.sec.gov/Archives/edgar/data/1327567/000132756726000012/panw-20260602.htm
PANW,2026-04-13,Material Agreement,"1.01,2.03,9.01",8-K,https://www.sec.gov/Archives/edgar/data/1327567/000119312526151637/d49517d8k.htm
PANW,2026-03-23,Other Material Event,8.01,8-K,https://www.sec.gov/Archives/edgar/data/1327567/000119312526119729/d84927d8k.htm
PANW,2026-03-11,Other Material Event,"8.01,9.01",8-K,https://www.sec.gov/Archives/edgar/data/1327567/000132756726000009/panw-20260310.htm
PATH,2026-06-29,8-K: Other Material Event,5.07,8-K,https://www.sec.gov/Archives/edgar/data/1734722/000173472226000043/path-20260625.htm
PATH,2026-05-28,Earnings Release,"2.02,8.01,9.01",8-K,https://www.sec.gov/Archives/edgar/data/1734722/000173472226000037/path-20260528.htm
PATH,2026-03-25,Executive/Board Change,"5.02,7.01,9.01",8-K,https://www.sec.gov/Archives/edgar/data/1734722/000173472226000015/path-20260324.htm
PATH,2026-03-11,Earnings Release,"2.02,8.01,9.01",8-K,https://www.sec.gov/Archives/edgar/data/1734722/000173472226000007/path-20260305.htm
PD,2026-07-14,Executive/Board Change,"5.02,7.01,9.01",8-K,https://www.sec.gov/Archives/edgar/data/1568100/000156810026000040/pd-20260711.htm
PD,2026-06-22,8-K: Other Material Event,5.07,8-K,https://www.sec.gov/Archives/edgar/data/1568100/000156810026000035/pd-20260618.htm
PD,2026-06-22,Executive/Board Change,"5.02,7.01,9.01",8-K,https://www.sec.gov/Archives/edgar/data/1568100/000156810026000033/pd-20260622.htm
PD,2026-05-28,Earnings Release,"2.02,8.01,9.01",8-K,https://www.sec.gov/Archives/edgar/data/1568100/000156810026000030/pd-20260527.htm
PD,2026-05-11,Executive/Board Change,"5.02,7.01,9.01",8-K,https://www.sec.gov/Archives/edgar/data/1568100/000114036126020610/ef20072978_8k.htm
PD,2026-03-12,Earnings Release,"2.02,9.01",8-K,https://www.sec.gov/Archives/edgar/data/1568100/000156810026000011/pd-20260312.htm
PENN,2026-08-06,Earnings Release,"2.02,9.01",8-K,https://www.sec.gov/Archives/edgar/data/921738/000092173826000019/penn-20260806.htm
PENN,2026-06-18,8-K: Other Material Event,5.07,8-K,https://www.sec.gov/Archives/edgar/data/921738/000114036126025759/ef20076371_8k.htm
PENN,2026-05-28,Material Agreement,"1.01,2.03,9.01",FORM 8-K,https://www.sec.gov/Archives/edgar/data/921738/000110465926067476/tm2615773d1_8k.htm
PENN,2026-04-23,Earnings Release,"2.02,9.01",8-K,https://www.sec.gov/Archives/edgar/data/921738/000092173826000011/penn-20260423.htm
PENN,2026-04-16,Material Agreement,"1.01,2.03,9.01",FORM 8-K,https://www.sec.gov/Archives/edgar/data/921738/000110465926044358/tm2611966d1_8k.htm
PENN,2026-03-16,Material Agreement,"1.01,2.03,9.01",FORM 8-K,https://www.sec.gov/Archives/edgar/data/921738/000110465926028502/tm2530634d5_8k.htm
PENN,2026-02-26,Earnings Release,"2.02,9.01",8-K,https://www.sec.gov/Archives/edgar/data/921738/000092173826000006/penn-20260226.htm
PENN,2026-02-23,Material Agreement,"1.01,5.02,7.01,9.01",FORM 8-K,https://www.sec.gov/Archives/edgar/data/921738/000110465926018332/tm267014d1_8k.htm
PEP,2026-07-09,Earnings Release,"2.02,9.01",8-K,https://www.sec.gov/Archives/edgar/data/77476/000007747626000037/pep-20260709.htm
PEP,2026-05-22,Other Material Event,"8.01,9.01",FORM 8-K,https://www.sec.gov/Archives/edgar/data/77476/000110465926065758/tm2615167d1_8k.htm
PEP,2026-05-08,8-K: Other Material Event,5.07,8-K,https://www.sec.gov/Archives/edgar/data/77476/000007747626000024/pep-20260506.htm
PEP,2026-04-16,Earnings Release,"2.02,9.01",8-K,https://www.sec.gov/Archives/edgar/data/77476/000007747626000019/pep-20260416.htm
PFE,2026-08-04,Earnings Release,"2.02,9.01",8-K,https://www.sec.gov/Archives/edgar/data/78003/000007800326000094/pfe-20260804.htm
PFE,2026-06-18,Investor Presentation / Reg FD Disclosure,7.01,8-K,https://www.sec.gov/Archives/edgar/data/78003/000007800326000087/pfe-20260618.htm
PFE,2026-06-18,Executive/Board Change,"5.02,9.01",8-K,https://www.sec.gov/Archives/edgar/data/78003/000007800326000085/pfe-20260618.htm
PFE,2026-05-05,Earnings Release,"2.02,9.01",8-K,https://www.sec.gov/Archives/edgar/data/78003/000007800326000053/pfe-20260505.htm
PFE,2026-04-27,8-K: Other Material Event,5.07,8-K,https://www.sec.gov/Archives/edgar/data/78003/000007800326000044/pfe-20260423.htm
PG,2026-07-29,Investor Presentation / Reg FD Disclosure,"7.01,9.01",8-K,https://www.sec.gov/Archives/edgar/data/80424/000008042426000097/pg-20260729.htm
PG,2026-07-29,Executive/Board Change,"5.02,7.01,9.01",8-K,https://www.sec.gov/Archives/edgar/data/80424/000008042426000094/pg-20260729.htm
PG,2026-07-29,Earnings Release,"2.02,9.01",FY2526 Q4 AMJ 8-K,https://www.sec.gov/Archives/edgar/data/80424/000008042426000093/pg-20260729.htm
PG,2026-07-14,Investor Presentation / Reg FD Disclosure,"7.01,9.01",8-K,https://www.sec.gov/Archives/edgar/data/80424/000008042426000082/pg-20260714.htm
PG,2026-04-24,Investor Presentation / Reg FD Disclosure,"7.01,9.01",8-K,https://www.sec.gov/Archives/edgar/data/80424/000008042426000057/pg-20260424.htm
PG,2026-04-24,Earnings Release,"2.02,9.01",FY2526 Q3 JFM 8-K,https://www.sec.gov/Archives/edgar/data/80424/000008042426000056/pg-20260424.htm
PG,2026-04-14,Investor Presentation / Reg FD Disclosure,"7.01,9.01",8-K,https://www.sec.gov/Archives/edgar/data/80424/000008042426000048/pg-20260414.htm
PH,2026-08-13,Acquisition/Disposition of Assets,"2.01,2.03,9.01",8-K,https://www.sec.gov/Archives/edgar/data/76334/000119312526349148/d105152d8k.htm
PH,2026-08-06,Earnings Release,"2.02,9.01",8-K,https://www.sec.gov/Archives/edgar/data/76334/000007633426000082/ph-20260806.htm
PH,2026-04-30,Earnings Release,"2.02,9.01",8-K,https://www.sec.gov/Archives/edgar/data/76334/000007633426000070/ph-20260430.htm
PH,2026-03-17,Executive/Board Change,5.02,8-K,https://www.sec.gov/Archives/edgar/data/76334/000119312526110795/d102851d8k.htm
PINS,2026-08-07,Executive/Board Change,5.02,8-K,https://www.sec.gov/Archives/edgar/data/1506293/000150629326000107/pins-20260805.htm
PINS,2026-08-04,Earnings Release,"2.02,9.01",8-K,https://www.sec.gov/Archives/edgar/data/1506293/000150629326000102/pins-20260804.htm
PINS,2026-05-26,8-K: Other Material Event,5.07,8-K,https://www.sec.gov/Archives/edgar/data/1506293/000150629326000074/pins-20260521.htm
PINS,2026-05-04,Earnings Release,"2.02,5.02,9.01",8-K,https://www.sec.gov/Archives/edgar/data/1506293/000150629326000066/pins-20260430.htm
PINS,2026-03-05,Material Agreement,"1.01,2.03,3.02,9.01",8-K,https://www.sec.gov/Archives/edgar/data/1506293/000119312526092744/d107385d8k.htm
PINS,2026-03-03,Material Agreement,"1.01,2.03,3.02,8.01,9.01",8-K,https://www.sec.gov/Archives/edgar/data/1506293/000119312526086731/d22903d8k.htm
PL,2026-07-10,8-K: Other Material Event,5.07,8-K,https://www.sec.gov/Archives/edgar/data/1836833/000119312526300286/pl-20260709.htm
PL,2026-06-05,Material Agreement,"1.01,9.01",8-K,https://www.sec.gov/Archives/edgar/data/1836833/000114036126024109/ef20075554_8k.htm
PL,2026-06-04,Earnings Release,"2.02,9.01",8-K,https://www.sec.gov/Archives/edgar/data/1836833/000119312526257401/pl-20260604.htm
PL,2026-05-04,Other Material Event,"8.01,9.01",8-K,https://www.sec.gov/Archives/edgar/data/1836833/000119312526204366/pl-20260504.htm
PL,2026-03-27,Other Material Event,"8.01,9.01",8-K,https://www.sec.gov/Archives/edgar/data/1836833/000119312526127750/pl-20260327.htm
PL,2026-03-19,Earnings Release,"2.02,9.01",8-K,https://www.sec.gov/Archives/edgar/data/1836833/000119312526115951/pl-20260319.htm
PLAY,2026-08-04,Executive/Board Change,"5.02,9.01",8-K,https://www.sec.gov/Archives/edgar/data/1525769/000152576926000032/play-20260803.htm
PLAY,2026-06-25,8-K: Other Material Event,"5.07,9.01",8-K,https://www.sec.gov/Archives/edgar/data/1525769/000152576926000029/play-20260625.htm
PLAY,2026-06-15,Earnings Release,"2.02,9.01",8-K,https://www.sec.gov/Archives/edgar/data/1525769/000152576926000025/play-20260615.htm
PLAY,2026-05-01,Executive/Board Change,"5.02,7.01,9.01",8-K,https://www.sec.gov/Archives/edgar/data/1525769/000152576926000010/play-20260501.htm
PLAY,2026-03-31,Earnings Release,"2.02,9.01",8-K,https://www.sec.gov/Archives/edgar/data/1525769/000152576926000006/play-20260331.htm
PLTR,2026-08-03,Earnings Release,"2.02,7.01,9.01",8-K,https://www.sec.gov/Archives/edgar/data/1321655/000132165526000039/pltr-20260803.htm
PLTR,2026-06-09,8-K: Other Material Event,5.07,8-K,https://www.sec.gov/Archives/edgar/data/1321655/000132165526000033/pltr-20260603.htm
PLTR,2026-05-04,Earnings Release,"2.02,7.01,9.01",8-K,https://www.sec.gov/Archives/edgar/data/1321655/000132165526000026/pltr-20260504.htm
PM,2026-07-22,Earnings Release,"2.02,9.01",8-K,https://www.sec.gov/Archives/edgar/data/1413329/000162828026049107/pm-20260722.htm
PM,2026-07-09,Executive/Board Change,"5.02,9.01",8-K,https://www.sec.gov/Archives/edgar/data/1413329/000162828026047782/pm-20260706.htm
PM,2026-06-29,Other Material Event,8.01,FORM 8-K,https://www.sec.gov/Archives/edgar/data/1413329/000110465926078814/tm2618983d1_8k.htm
PM,2026-06-11,Investor Presentation / Reg FD Disclosure,"7.01,9.01",8-K,https://www.sec.gov/Archives/edgar/data/1413329/000162828026042357/pm-20260611.htm
PM,2026-06-02,Investor Presentation / Reg FD Disclosure,"7.01,9.01",8-K,https://www.sec.gov/Archives/edgar/data/1413329/000162828026039666/pm-20260602.htm
PM,2026-05-20,Executive/Board Change,"5.02,7.01,9.01",8-K,https://www.sec.gov/Archives/edgar/data/1413329/000162828026036721/pm-20260518.htm
PM,2026-05-08,8-K: Other Material Event,5.07,8-K,https://www.sec.gov/Archives/edgar/data/1413329/000162828026032644/pm-20260506.htm
PM,2026-05-06,Investor Presentation / Reg FD Disclosure,"7.01,9.01",8-K,https://www.sec.gov/Archives/edgar/data/1413329/000162828026030959/pm-20260506.htm
PNC,2026-07-21,Other Material Event,"8.01,9.01",8-K,https://www.sec.gov/Archives/edgar/data/713676/000162828026048994/pnc-20260716.htm
PNC,2026-07-15,Investor Presentation / Reg FD Disclosure,"7.01,9.01",8-K,https://www.sec.gov/Archives/edgar/data/713676/000162828026048308/pnc-20260715.htm
PNC,2026-07-15,Earnings Release,"2.02,9.01",8-K,https://www.sec.gov/Archives/edgar/data/713676/000162828026048244/pnc-20260715.htm
PNC,2026-06-22,Investor Presentation / Reg FD Disclosure,"7.01,9.01",8-K,https://www.sec.gov/Archives/edgar/data/713676/000162828026044499/pnc-20260622.htm
PNC,2026-05-26,Other Material Event,"8.01,9.01",8-K,https://www.sec.gov/Archives/edgar/data/713676/000071367626000042/pnc-20260520.htm
PNC,2026-04-24,Executive/Board Change,"5.02,5.07,9.01",8-K,https://www.sec.gov/Archives/edgar/data/713676/000071367626000031/pnc-20260422.htm
PNC,2026-04-15,Investor Presentation / Reg FD Disclosure,"7.01,9.01",8-K,https://www.sec.gov/Archives/edgar/data/713676/000071367626000029/pnc-20260415.htm
PNC,2026-04-15,Earnings Release,"2.02,9.01",8-K,https://www.sec.gov/Archives/edgar/data/713676/000071367626000026/pnc-20260415.htm
POOL,2026-07-29,Investor Presentation / Reg FD Disclosure,"7.01,9.01",8-K,https://www.sec.gov/Archives/edgar/data/945841/000119312526323723/pool-20260729.htm
POOL,2026-07-23,Earnings Release,"2.02,7.01,9.01",8-K,https://www.sec.gov/Archives/edgar/data/945841/000119312526313430/pool-20260723.htm
POOL,2026-05-04,Executive/Board Change,"5.02,7.01,9.01",8-K,https://www.sec.gov/Archives/edgar/data/945841/000119312526204112/pool-20260504.htm
POOL,2026-04-29,Investor Presentation / Reg FD Disclosure,"5.07,7.01,9.01",8-K,https://www.sec.gov/Archives/edgar/data/945841/000119312526191530/pool-20260429.htm
POOL,2026-04-23,Earnings Release,"2.02,7.01,9.01",8-K,https://www.sec.gov/Archives/edgar/data/945841/000119312526172135/pool-20260423.htm
POOL,2026-02-25,Investor Presentation / Reg FD Disclosure,"7.01,9.01",8-K,https://www.sec.gov/Archives/edgar/data/945841/000119312526071578/pool-20260225.htm
PPG,2026-07-28,Earnings Release,"2.02,9.01",8-K,https://www.sec.gov/Archives/edgar/data/79879/000007987926000246/ppg-20260728.htm
PPG,2026-04-28,Earnings Release,"2.02,9.01",8-K,https://www.sec.gov/Archives/edgar/data/79879/000007987926000167/ppg-20260428.htm
PPG,2026-04-28,Executive/Board Change,"5.02,9.01",8-K,https://www.sec.gov/Archives/edgar/data/79879/000007987926000164/ppg-20260428.htm
PPG,2026-04-21,Executive/Board Change,"5.02,5.07,9.01",8-K,https://www.sec.gov/Archives/edgar/data/79879/000007987926000149/ppg-20260415.htm
PPG,2026-04-15,Earnings Release,"2.02,9.01",8-K,https://www.sec.gov/Archives/edgar/data/79879/000007987926000129/ppg-20260415.htm
PPL,2026-08-17,Other Material Event,8.01,8-K,https://www.sec.gov/Archives/edgar/data/922224/000092222426000046/ppl-20260814.htm
PPL,2026-08-07,Earnings Release,"2.02,7.01,9.01",8-K,https://www.sec.gov/Archives/edgar/data/922224/000092222426000042/ppl-20260807.htm
PPL,2026-06-30,Executive/Board Change,"5.02,7.01,9.01",8-K,https://www.sec.gov/Archives/edgar/data/922224/000092222426000040/ppl-20260630.htm
PPL,2026-06-04,Other Material Event,"8.01,9.01",8-K,https://www.sec.gov/Archives/edgar/data/922224/000092222426000036/ppl-20260604.htm
PPL,2026-05-18,Material Agreement,"1.01,2.03,9.01",8-K,https://www.sec.gov/Archives/edgar/data/922224/000092222426000034/ppl-20260513.htm
PPL,2026-05-15,Other Material Event,"2.03,8.01,9.01",8-K,https://www.sec.gov/Archives/edgar/data/922224/000092222426000032/ppl-20260512.htm
PPL,2026-05-13,Executive/Board Change,"5.02,5.07,9.01",8-K,https://www.sec.gov/Archives/edgar/data/922224/000092222426000030/ppl-20260513.htm
PPL,2026-05-08,Earnings Release,"2.02,7.01,9.01",8-K,https://www.sec.gov/Archives/edgar/data/922224/000092222426000024/ppl-20260508.htm
PR,2026-08-05,Earnings Release,"2.02,7.01,9.01",8-K,https://www.sec.gov/Archives/edgar/data/1658566/000165856626000094/pr-20260805.htm
PR,2026-05-19,Executive/Board Change,"5.02,5.07,9.01",8-K,https://www.sec.gov/Archives/edgar/data/1658566/000165856626000075/pr-20260519.htm
PR,2026-05-06,Material Agreement,"1.01,1.02,2.03,9.01",8-K,https://www.sec.gov/Archives/edgar/data/1658566/000119312526209025/d150936d8k.htm
PR,2026-05-06,Earnings Release,"2.02,7.01,9.01",8-K,https://www.sec.gov/Archives/edgar/data/1658566/000165856626000069/pr-20260506.htm
PR,2026-02-25,Earnings Release,"2.02,7.01,9.01",8-K,https://www.sec.gov/Archives/edgar/data/1658566/000165856626000031/pr-20260225.htm
PSA,2026-08-10,Executive/Board Change,5.02,8-K,https://www.sec.gov/Archives/edgar/data/1393311/000119312526342525/d131031d8k.htm
PSA,2026-07-29,Earnings Release,"2.02,9.01",8-K,https://www.sec.gov/Archives/edgar/data/1393311/000162828026050608/psa-20260729.htm
PSA,2026-07-22,Material Agreement,"1.01,2.01,2.03,3.02,3.03,5.03,7.01,9.01",8-K,https://www.sec.gov/Archives/edgar/data/1393311/000119312526312563/d137665d8k.htm
PSA,2026-07-20,Material Agreement,"1.01,2.03,9.01",8-K,https://www.sec.gov/Archives/edgar/data/1393311/000119312526308951/d71179d8k.htm
PSA,2026-07-13,Material Agreement,"1.01,9.01",8-K,https://www.sec.gov/Archives/edgar/data/1393311/000119312526301175/d25240d8k.htm
PSA,2026-07-07,Executive/Board Change,5.02,8-K,https://www.sec.gov/Archives/edgar/data/1393311/000119312526297556/d156543d8k.htm
PSA,2026-06-25,Material Agreement,"1.01,1.02,2.03,7.01,9.01",8-K,https://www.sec.gov/Archives/edgar/data/1393311/000119312526282750/d157069d8k.htm
PSA,2026-06-22,Investor Presentation / Reg FD Disclosure,"3.02,7.01,9.01",8-K,https://www.sec.gov/Archives/edgar/data/1393311/000119312526277592/d28234d8k.htm
PSX,2026-08-05,Earnings Release,"2.02,9.01",8-K,https://www.sec.gov/Archives/edgar/data/1534701/000153470126000030/psx-20260805.htm
PSX,2026-05-14,8-K: Other Material Event,5.07,8-K,https://www.sec.gov/Archives/edgar/data/1534701/000119312526224232/d80109d8k.htm
PSX,2026-04-29,Earnings Release,"2.02,9.01",8-K,https://www.sec.gov/Archives/edgar/data/1534701/000153470126000020/psx-20260429.htm
PSX,2026-04-06,Earnings Release,"2.02,9.01",8-K,https://www.sec.gov/Archives/edgar/data/1534701/000153470126000015/psx-20260406.htm
PSX,2026-03-18,Material Agreement,"1.01,2.03,9.01",8-K,https://www.sec.gov/Archives/edgar/data/1534701/000119312526114070/d20718d8k.htm
PSX,2026-03-09,Executive/Board Change,5.02,8-K,https://www.sec.gov/Archives/edgar/data/1534701/000119312526097469/d118908d8k.htm
PTON,2026-08-06,Earnings Release,"2.02,9.01",8-K,https://www.sec.gov/Archives/edgar/data/1639825/000163982526000032/pton-20260806.htm
PTON,2026-05-26,Executive/Board Change,"5.02,7.01,9.01",8-K,https://www.sec.gov/Archives/edgar/data/1639825/000163982526000024/pton-20260521.htm
PTON,2026-05-07,Earnings Release,"2.02,9.01",8-K,https://www.sec.gov/Archives/edgar/data/1639825/000163982526000018/pton-20260507.htm
PTON,2026-03-17,Executive/Board Change,"5.02,7.01,9.01",8-K,https://www.sec.gov/Archives/edgar/data/1639825/000163982526000014/pton-20260314.htm
PTON,2026-03-11,Executive/Board Change,5.02,8-K,https://www.sec.gov/Archives/edgar/data/1639825/000163982526000011/pton-20260306.htm
PURR,2026-06-26,Executive/Board Change,"5.02,9.01",8-K,https://www.sec.gov/Archives/edgar/data/2078856/000119312526285672/purr-20260622.htm
PURR,2026-05-07,Earnings Release,"2.02,7.01,9.01",8-K,https://www.sec.gov/Archives/edgar/data/2078856/000119312526212109/purr-20260507.htm
PWR,2026-08-06,Material Agreement,"1.01,2.03,9.01",8-K,https://www.sec.gov/Archives/edgar/data/1050915/000119312526337945/d164254d8k.htm
PWR,2026-08-04,Material Agreement,"1.01,7.01,9.01",8-K,https://www.sec.gov/Archives/edgar/data/1050915/000119312526331400/d114917d8k.htm
PWR,2026-07-30,Earnings Release,"2.02,7.01,9.01",8-K,https://www.sec.gov/Archives/edgar/data/1050915/000119312526324855/d56853d8k.htm
PWR,2026-05-27,Other Material Event,"5.07,8.01,9.01",8-K,https://www.sec.gov/Archives/edgar/data/1050915/000119312526241989/d122565d8k.htm
PWR,2026-04-30,Earnings Release,"2.02,7.01,9.01",8-K,https://www.sec.gov/Archives/edgar/data/1050915/000119312526193918/d107542d8k.htm
PWR,2026-04-16,Executive/Board Change,"5.02,9.01",8-K,https://www.sec.gov/Archives/edgar/data/1050915/000119312526159117/d126144d8k.htm
PWR,2026-03-04,Executive/Board Change,"5.02,9.01",8-K,https://www.sec.gov/Archives/edgar/data/1050915/000119312526091646/d115375d8k.htm
PYPL,2026-07-28,Earnings Release,"2.02,9.01",8-K,https://www.sec.gov/Archives/edgar/data/1633917/000163391726000080/pypl-20260728.htm
PYPL,2026-05-21,Executive/Board Change,"5.02,5.07,9.01",8-K,https://www.sec.gov/Archives/edgar/data/1633917/000163391726000076/pypl-20260519.htm
PYPL,2026-05-15,Other Material Event,"8.01,9.01",8-K,https://www.sec.gov/Archives/edgar/data/1633917/000119312526226653/d930458d8k.htm
PYPL,2026-05-05,Earnings Release,"2.02,9.01",8-K,https://www.sec.gov/Archives/edgar/data/1633917/000163391726000065/pypl-20260505.htm
PYPL,2026-04-30,Executive/Board Change,"5.02,7.01,9.01",8-K,https://www.sec.gov/Archives/edgar/data/1633917/000119312526197533/d128781d8k.htm
PYPL,2026-03-25,Executive/Board Change,"5.02,9.01",8-K,https://www.sec.gov/Archives/edgar/data/1633917/000163391726000059/pypl-20260320.htm
PZZA,2026-08-06,Earnings Release,"2.02,9.01",8-K,https://www.sec.gov/Archives/edgar/data/901491/000162828026053810/pzza-20260806.htm
PZZA,2026-06-30,Executive/Board Change,"5.02,7.01,9.01",8-K,https://www.sec.gov/Archives/edgar/data/901491/000162828026046242/pzza-20260626.htm
PZZA,2026-05-07,Earnings Release,"2.02,9.01",8-K,https://www.sec.gov/Archives/edgar/data/901491/000162828026031666/pzza-20260507.htm
PZZA,2026-05-06,8-K: Other Material Event,5.07,8-K,https://www.sec.gov/Archives/edgar/data/901491/000162828026030804/pzza-20260430.htm
PZZA,2026-02-26,Earnings Release,"2.02,9.01",8-K,https://www.sec.gov/Archives/edgar/data/901491/000162828026011964/pzza-20260226.htm
QBTS,2026-08-18,Investor Presentation / Reg FD Disclosure,"7.01,9.01",8-K,https://www.sec.gov/Archives/edgar/data/1907982/000190798226000135/qbts-20260818.htm
QBTS,2026-08-17,Executive/Board Change,"5.02,9.01",8-K,https://www.sec.gov/Archives/edgar/data/1907982/000190798226000132/qbts-20260813.htm
QBTS,2026-08-06,Earnings Release,"2.02,9.01",8-K,https://www.sec.gov/Archives/edgar/data/1907982/000190798226000127/qbts-20260806.htm
QBTS,2026-08-05,Investor Presentation / Reg FD Disclosure,"7.01,9.01",8-K,https://www.sec.gov/Archives/edgar/data/1907982/000190798226000123/qbts-20260805.htm
QBTS,2026-08-03,Investor Presentation / Reg FD Disclosure,"7.01,9.01",8-K,https://www.sec.gov/Archives/edgar/data/1907982/000190798226000119/qbts-20260803.htm
QBTS,2026-07-27,Investor Presentation / Reg FD Disclosure,"7.01,9.01",8-K,https://www.sec.gov/Archives/edgar/data/1907982/000190798226000117/qbts-20260727.htm
QBTS,2026-07-24,Investor Presentation / Reg FD Disclosure,"7.01,9.01",8-K,https://www.sec.gov/Archives/edgar/data/1907982/000190798226000109/qbts-20260724.htm
QBTS,2026-07-14,Investor Presentation / Reg FD Disclosure,"3.01,7.01,9.01",8-K,https://www.sec.gov/Archives/edgar/data/1907982/000190798226000099/qbts-20260714.htm
QCOM,2026-07-31,Other Material Event,"8.01,9.01",FORM 8-K,https://www.sec.gov/Archives/edgar/data/804328/000110465926089234/tm2621612d2_8k.htm
QCOM,2026-07-29,Earnings Release,"2.02,9.01",8-K,https://www.sec.gov/Archives/edgar/data/804328/000080432826000085/qcom-20260729.htm
QCOM,2026-06-24,8-K: Other Material Event,3.02,FORM 8-K,https://www.sec.gov/Archives/edgar/data/804328/000110465926077071/tm2618522d1_8k.htm
QCOM,2026-04-29,Earnings Release,"2.02,9.01",8-K,https://www.sec.gov/Archives/edgar/data/804328/000080432826000060/qcom-20260429.htm
QCOM,2026-03-19,8-K: Other Material Event,5.07,8-K,https://www.sec.gov/Archives/edgar/data/804328/000080432826000041/qcom-20260317.htm
QLYS,2026-08-04,Earnings Release,"2.02,9.01",8-K,https://www.sec.gov/Archives/edgar/data/1107843/000110784326000034/qlys-20260804.htm
QLYS,2026-06-11,Executive/Board Change,"5.02,5.07,9.01",8-K,https://www.sec.gov/Archives/edgar/data/1107843/000110784326000024/qlys-20260610.htm
QLYS,2026-05-05,Earnings Release,"2.02,9.01",8-K,https://www.sec.gov/Archives/edgar/data/1107843/000110784326000013/qlys-20260505.htm
QNT,2026-08-11,Earnings Release,"2.02,7.01,9.01",8-K,https://www.sec.gov/Archives/edgar/data/2110105/000162828026055699/qnt-20260811.htm
QS,2026-07-22,Earnings Release,"2.02,9.01",8-K,https://www.sec.gov/Archives/edgar/data/1811414/000119312526312423/qs-20260722.htm
QS,2026-07-22,Material Agreement,"1.01,1.02",8-K,https://www.sec.gov/Archives/edgar/data/1811414/000119312526312381/qs-20260716.htm
QS,2026-06-05,8-K: Other Material Event,5.07,8-K,https://www.sec.gov/Archives/edgar/data/1811414/000119312526259632/qs-20260603.htm
QS,2026-04-22,Earnings Release,"2.02,9.01",8-K,https://www.sec.gov/Archives/edgar/data/1811414/000119312526170507/qs-20260422.htm
QS,2026-03-05,Executive/Board Change,5.02,8-K,https://www.sec.gov/Archives/edgar/data/1811414/000119312526092692/qs-20260304.htm
RBLX,2026-07-30,Earnings Release,"2.02,7.01,9.01",8-K,https://www.sec.gov/Archives/edgar/data/1315098/000162828026051059/rblx-20260730.htm
RBLX,2026-05-29,8-K: Other Material Event,5.07,8-K,https://www.sec.gov/Archives/edgar/data/1315098/000131509826000124/rblx-20260528.htm
RBLX,2026-05-19,Other Material Event,"8.01,9.01",8-K,https://www.sec.gov/Archives/edgar/data/1315098/000131509826000108/rblx-20260513.htm
RBLX,2026-04-30,Earnings Release,"2.02,7.01,9.01",8-K,https://www.sec.gov/Archives/edgar/data/1315098/000162828026028882/rblx-20260430.htm
RBLX,2026-03-20,Executive/Board Change,"5.02,9.01",8-K,https://www.sec.gov/Archives/edgar/data/1315098/000131509826000075/rblx-20260319.htm
RBLX,2026-03-02,Executive/Board Change,5.02,8-K,https://www.sec.gov/Archives/edgar/data/1315098/000131509826000062/rblx-20260224.htm
RCL,2026-08-20,Material Agreement,"1.01,2.03,9.01",FORM 8-K,https://www.sec.gov/Archives/edgar/data/884887/000110465926099245/tm2623517d1_8k.htm
RCL,2026-08-07,Material Agreement,"1.01,9.01",FORM 8-K,https://www.sec.gov/Archives/edgar/data/884887/000110465926092371/tm2622454d1_8k.htm
RCL,2026-07-28,Earnings Release,"2.02,9.01",8-K,https://www.sec.gov/Archives/edgar/data/884887/000088488726000036/rcl-20260728.htm
RCL,2026-07-20,Executive/Board Change,"5.02,7.01,9.01",FORM 8-K,https://www.sec.gov/Archives/edgar/data/884887/000110465926085080/tm2620798d1_8k.htm
RCL,2026-05-28,8-K: Other Material Event,5.07,8-K,https://www.sec.gov/Archives/edgar/data/884887/000088488726000030/rcl-20260528.htm
RCL,2026-05-20,Investor Presentation / Reg FD Disclosure,7.01,FORM 8-K,https://www.sec.gov/Archives/edgar/data/884887/000110465926064412/tm2615230d1_8k.htm
RCL,2026-04-30,Earnings Release,"2.02,9.01",8-K,https://www.sec.gov/Archives/edgar/data/884887/000088488726000024/rcl-20260430.htm
RCL,2026-02-27,Material Agreement,"1.01,2.03,9.01",FORM 8-K,https://www.sec.gov/Archives/edgar/data/884887/000110465926021624/tm267192d1_8k.htm
RDDT,2026-08-12,Executive/Board Change,"5.02,9.01",8-K,https://www.sec.gov/Archives/edgar/data/1713445/000171344526000107/rddt-20260812.htm
RDDT,2026-07-30,Earnings Release,"2.02,9.01",8-K,https://www.sec.gov/Archives/edgar/data/1713445/000171344526000098/rddt-20260730.htm
RDDT,2026-06-10,8-K: Other Material Event,"5.07,9.01",8-K,https://www.sec.gov/Archives/edgar/data/1713445/000171344526000088/rddt-20260608.htm
RDDT,2026-04-30,Earnings Release,"2.02,9.01",8-K,https://www.sec.gov/Archives/edgar/data/1713445/000171344526000067/rddt-20260430.htm
REGN,2026-07-30,Earnings Release,"2.02,9.01",8-K,https://www.sec.gov/Archives/edgar/data/872589/000087258926000023/regn-20260730.htm
REGN,2026-07-06,Earnings Release,2.02,FORM 8-K,https://www.sec.gov/Archives/edgar/data/872589/000110465926080562/tm2619682d1_8k.htm
REGN,2026-06-17,8-K: Other Material Event,5.07,FORM 8-K,https://www.sec.gov/Archives/edgar/data/872589/000110465926075127/tm2618117d1_8k.htm
REGN,2026-04-29,Earnings Release,"2.02,9.01",8-K,https://www.sec.gov/Archives/edgar/data/872589/000087258926000014/regn-20260429.htm
REGN,2026-04-08,Earnings Release,2.02,FORM 8-K,https://www.sec.gov/Archives/edgar/data/872589/000110465926040661/tm2611354d1_8k.htm
RELY,2026-08-05,Earnings Release,"2.02,7.01,9.01",8-K,https://www.sec.gov/Archives/edgar/data/1782170/000162828026053361/rely-20260805.htm
RELY,2026-06-11,8-K: Other Material Event,5.07,8-K,https://www.sec.gov/Archives/edgar/data/1782170/000178217026000063/rely-20260610.htm
RELY,2026-06-08,Executive/Board Change,5.02,8-K,https://www.sec.gov/Archives/edgar/data/1782170/000178217026000057/rely-20260608.htm
RELY,2026-05-06,Earnings Release,"2.02,7.01,9.01",8-K,https://www.sec.gov/Archives/edgar/data/1782170/000162828026031305/rely-20260506.htm
RELY,2026-04-10,Executive/Board Change,"5.02,9.01",8-K,https://www.sec.gov/Archives/edgar/data/1782170/000178217026000031/rely-20260406.htm
RELY,2026-03-20,Executive/Board Change,5.02,8-K,https://www.sec.gov/Archives/edgar/data/1782170/000178217026000026/rely-20260316.htm
RIOT,2026-08-14,Material Agreement,"1.01,2.03",8-K,https://www.sec.gov/Archives/edgar/data/1167419/000110465926097330/riot-20260810x8k.htm
RIOT,2026-08-10,Earnings Release,"2.02,8.01,9.01",8-K,https://www.sec.gov/Archives/edgar/data/1167419/000110465926093406/riot-20260810x8k.htm
RIOT,2026-06-15,Executive/Board Change,"5.02,5.07,9.01",8-K,https://www.sec.gov/Archives/edgar/data/1167419/000110465926074070/riot-20260609x8k.htm
RIOT,2026-04-30,Earnings Release,"2.02,9.01",8-K,https://www.sec.gov/Archives/edgar/data/1167419/000110465926052943/riot-20260430x8k.htm
RIOT,2026-04-27,Material Agreement,"1.01,2.03,9.01",8-K,https://www.sec.gov/Archives/edgar/data/1167419/000110465926049432/riot-20260421x8k.htm
RIOT,2026-04-01,Bylaws/Fiscal Year Change,"5.03,9.01",8-K,https://www.sec.gov/Archives/edgar/data/1167419/000110465926038545/riot-20260326x8k.htm
RIOT,2026-03-02,Earnings Release,"2.02,9.01",8-K,https://www.sec.gov/Archives/edgar/data/1167419/000110465926022288/riot-20260302x8k.htm
RIVN,2026-07-30,Earnings Release,"2.02,9.01",8-K,https://www.sec.gov/Archives/edgar/data/1874178/000187417826000053/rivn-20260730.htm
RIVN,2026-07-09,Other Material Event,"8.01,9.01",FORM 8-K,https://www.sec.gov/Archives/edgar/data/1874178/000110465926081988/tm2617163d3_8k.htm
RIVN,2026-07-06,Earnings Release,2.02,FORM 8-K,https://www.sec.gov/Archives/edgar/data/1874178/000110465926080813/tm2619783d1_8k.htm
RIVN,2026-07-02,Investor Presentation / Reg FD Disclosure,"7.01,9.01",8-K,https://www.sec.gov/Archives/edgar/data/1874178/000187417826000048/rivn-20260702.htm
RIVN,2026-06-26,8-K: Other Material Event,5.07,8-K,https://www.sec.gov/Archives/edgar/data/1874178/000187417826000045/rivn-20260622.htm
RIVN,2026-05-04,8-K: Other Material Event,"3.02,9.01",8-K,https://www.sec.gov/Archives/edgar/data/1874178/000187417826000039/rivn-20260504.htm
RIVN,2026-04-30,Material Agreement,"1.01,2.03,9.01",FORM 8-K,https://www.sec.gov/Archives/edgar/data/1874178/000110465926052895/tm2613102d1_8k.htm
RIVN,2026-04-30,Earnings Release,"2.02,3.02,9.01",8-K,https://www.sec.gov/Archives/edgar/data/1874178/000187417826000033/rivn-20260430.htm
RKLB,2026-08-13,Investor Presentation / Reg FD Disclosure,"7.01,8.01,9.01",8-K,https://www.sec.gov/Archives/edgar/data/1819994/000175392626001463/g085846_8k.htm
RKLB,2026-08-13,Other Material Event,"8.01,9.01",8-K,https://www.sec.gov/Archives/edgar/data/1819994/000175392626001454/g085841_8k.htm
RKLB,2026-08-10,Earnings Release,"2.02,9.01",8-K,https://www.sec.gov/Archives/edgar/data/1819994/000181999426000061/rklb-20260810.htm
RKLB,2026-06-29,Material Agreement,"1.01,7.01,9.01",FORM 8K,https://www.sec.gov/Archives/edgar/data/1819994/000175392626001085/g085783_8k.htm
RKLB,2026-06-05,Executive/Board Change,5.02,8-K,https://www.sec.gov/Archives/edgar/data/1819994/000181999426000056/rklb-20260603.htm
RKLB,2026-05-21,8-K: Other Material Event,5.07,8-K,https://www.sec.gov/Archives/edgar/data/1819994/000181999426000048/rklb-20260520.htm
RKLB,2026-05-20,Other Material Event,"8.01,9.01",8-K,https://www.sec.gov/Archives/edgar/data/1819994/000181999426000045/rklb-20260520.htm
RKLB,2026-05-08,Other Material Event,"8.01,9.01",8-K,https://www.sec.gov/Archives/edgar/data/1819994/000175392626000799/g085715_8k.htm
RKT,2026-08-17,Executive/Board Change,"5.02,7.01,9.01",8-K,https://www.sec.gov/Archives/edgar/data/1805284/000162828026057366/rkt-20260817.htm
RKT,2026-08-06,Earnings Release,"2.02,7.01,9.01",8-K,https://www.sec.gov/Archives/edgar/data/1805284/000180528426000082/rkt-20260806.htm
RKT,2026-07-16,Material Agreement,"1.01,1.02,2.03",FORM 8-K,https://www.sec.gov/Archives/edgar/data/1805284/000095014226002106/eh260807194_8k.htm
RKT,2026-06-16,Material Agreement,1.01,FORM 8-K,https://www.sec.gov/Archives/edgar/data/1805284/000095014226001804/eh260794031_8k.htm
RKT,2026-06-10,8-K: Other Material Event,5.07,8-K,https://www.sec.gov/Archives/edgar/data/1805284/000180528426000070/rkt-20260610.htm
RKT,2026-06-10,Other Material Event,"8.01,9.01",FORM 8-K,https://www.sec.gov/Archives/edgar/data/1805284/000095014226001715/eh260791957_8k.htm
RKT,2026-06-09,Other Material Event,"8.01,9.01",FORM 8-K,https://www.sec.gov/Archives/edgar/data/1805284/000110465926071607/tm2614339d1_8k.htm
RKT,2026-05-07,Earnings Release,"2.02,7.01,9.01",8-K,https://www.sec.gov/Archives/edgar/data/1805284/000180528426000064/rkt-20260507.htm
RL,2026-08-06,Earnings Release,"2.02,9.01",8-K,https://www.sec.gov/Archives/edgar/data/1037038/000162828026053896/rl-20260806.htm
RL,2026-08-03,8-K: Other Material Event,5.07,FORM 8-K,https://www.sec.gov/Archives/edgar/data/1037038/000095014226002236/eh260814840_8k.htm
RL,2026-05-21,Earnings Release,"2.02,9.01",8-K,https://www.sec.gov/Archives/edgar/data/1037038/000162828026037053/rl-20260521.htm
RMBS,2026-08-05,Material Agreement,"1.01,2.03,9.01",8-K,https://www.sec.gov/Archives/edgar/data/917273/000119312526333887/d122300d8k.htm
RMBS,2026-07-27,Earnings Release,"2.02,9.01",8-K,https://www.sec.gov/Archives/edgar/data/917273/000119312526318063/rmbs-20260727.htm
RMBS,2026-04-29,Executive/Board Change,"5.02,9.01",8-K,https://www.sec.gov/Archives/edgar/data/917273/000119312526192210/d20390d8k.htm
RMBS,2026-04-27,Earnings Release,"2.02,9.01",8-K,https://www.sec.gov/Archives/edgar/data/917273/000119312526182076/rmbs-20260427.htm
RMBS,2026-04-24,Other Material Event,"5.07,8.01",8-K,https://www.sec.gov/Archives/edgar/data/917273/000119312526177140/d44557d8k.htm
ROKU,2026-08-06,Earnings Release,"2.02,9.01",8-K,https://www.sec.gov/Archives/edgar/data/1428439/000162828026054321/wk-20260806.htm
ROKU,2026-06-18,Other Material Event,"8.01,9.01",8-K,https://www.sec.gov/Archives/edgar/data/1428439/000162828026044373/roku-20260618.htm
ROKU,2026-06-17,8-K: Other Material Event,5.07,8-K,https://www.sec.gov/Archives/edgar/data/1428439/000162828026043866/wk-20260611.htm
ROKU,2026-06-15,Material Agreement,"1.01,8.01,9.01",8-K,https://www.sec.gov/Archives/edgar/data/1428439/000114036126025115/ef20076172_8k.htm
ROKU,2026-04-30,Earnings Release,"2.02,9.01",8-K,https://www.sec.gov/Archives/edgar/data/1428439/000162828026028851/wk-20260430.htm
ROKU,2026-04-13,Investor Presentation / Reg FD Disclosure,"7.01,9.01",8-K,https://www.sec.gov/Archives/edgar/data/1428439/000162828026024842/wk-20260413.htm
ROST,2026-08-20,Earnings Release,"2.02,9.01",8-K,https://www.sec.gov/Archives/edgar/data/745732/000074573226000038/rost-20260820.htm
ROST,2026-05-27,8-K: Other Material Event,5.07,8-K,https://www.sec.gov/Archives/edgar/data/745732/000074573226000027/rost-20260520.htm
ROST,2026-05-21,Earnings Release,"2.02,9.01",8-K,https://www.sec.gov/Archives/edgar/data/745732/000074573226000025/rost-20260521.htm
ROST,2026-03-03,Earnings Release,"2.02,9.01",8-K,https://www.sec.gov/Archives/edgar/data/745732/000074573226000003/rost-20260303.htm
RTX,2026-07-23,Earnings Release,"2.02,9.01",8-K,https://www.sec.gov/Archives/edgar/data/101829/000010182926000025/rtx-20260723.htm
RTX,2026-05-04,8-K: Other Material Event,5.07,8-K,https://www.sec.gov/Archives/edgar/data/101829/000114036126018932/ef20072402_8k.htm
RTX,2026-04-21,Earnings Release,"2.02,9.01",8-K,https://www.sec.gov/Archives/edgar/data/101829/000010182926000009/rtx-20260421.htm
RTX,2026-03-05,Executive/Board Change,5.02,8-K,https://www.sec.gov/Archives/edgar/data/101829/000114036126008070/ef20067286_8k.htm
RUN,2026-08-05,Earnings Release,"2.02,9.01",8-K,https://www.sec.gov/Archives/edgar/data/1469367/000162828026053349/run-20260805.htm
RUN,2026-06-01,8-K: Other Material Event,"5.07,9.01",8-K,https://www.sec.gov/Archives/edgar/data/1469367/000162828026039250/run-20260528.htm
RUN,2026-05-06,Earnings Release,"2.02,9.01",8-K,https://www.sec.gov/Archives/edgar/data/1469367/000162828026031259/run-20260506.htm
RUN,2026-02-26,Earnings Release,"2.02,9.01",8-K,https://www.sec.gov/Archives/edgar/data/1469367/000162828026012266/run-20260226.htm
RVLV,2026-08-04,Earnings Release,"2.02,9.01",8-K,https://www.sec.gov/Archives/edgar/data/1746618/000119312526332838/rvlv-20260804.htm
RVLV,2026-06-09,8-K: Other Material Event,5.07,8-K,https://www.sec.gov/Archives/edgar/data/1746618/000119312526263840/rvlv-20260605.htm
RVLV,2026-06-03,Investor Presentation / Reg FD Disclosure,"7.01,9.01",8-K,https://www.sec.gov/Archives/edgar/data/1746618/000119312526254659/rvlv-20260603.htm
RVLV,2026-05-05,Earnings Release,"2.02,9.01",8-K,https://www.sec.gov/Archives/edgar/data/1746618/000119312526206442/rvlv-20260505.htm
RVLV,2026-03-20,Executive/Board Change,"5.02,9.01",8-K,https://www.sec.gov/Archives/edgar/data/1746618/000119312526116835/rvlv-20260318.htm
RVLV,2026-02-24,Earnings Release,"2.02,9.01",8-K,https://www.sec.gov/Archives/edgar/data/1746618/000119312526067027/rvlv-20260224.htm
S,2026-06-26,8-K: Other Material Event,5.07,8-K,https://www.sec.gov/Archives/edgar/data/1583708/000158370826000044/s-20260625.htm
S,2026-05-28,Earnings Release,"2.02,2.05,7.01,9.01",8-K,https://www.sec.gov/Archives/edgar/data/1583708/000158370826000039/s-20260528.htm
S,2026-03-25,Executive/Board Change,5.02,8-K,https://www.sec.gov/Archives/edgar/data/1583708/000158370826000025/s-20260319.htm
S,2026-03-12,Earnings Release,"2.02,7.01,9.01",8-K,https://www.sec.gov/Archives/edgar/data/1583708/000158370826000014/s-20260312.htm
S,2026-03-05,Executive/Board Change,5.02,8-K,https://www.sec.gov/Archives/edgar/data/1583708/000158370826000009/s-20260228.htm
SAIL,2026-06-12,Executive/Board Change,5.02,8-K,https://www.sec.gov/Archives/edgar/data/2030781/000203078126000015/sail-20260608.htm
SAIL,2026-06-10,8-K: Other Material Event,5.07,8-K,https://www.sec.gov/Archives/edgar/data/2030781/000203078126000013/sail-20260604.htm
SAIL,2026-06-09,Earnings Release,"2.02,9.01",8-K,https://www.sec.gov/Archives/edgar/data/2030781/000203078126000008/sail-20260609.htm
SAIL,2026-05-08,Investor Presentation / Reg FD Disclosure,7.01,8-K,https://www.sec.gov/Archives/edgar/data/2030781/000162828026033016/sail-20260508.htm
SAIL,2026-03-18,Earnings Release,"2.02,9.01",8-K,https://www.sec.gov/Archives/edgar/data/2030781/000162828026019034/sail-20260318.htm
SBAC,2026-08-03,Earnings Release,"2.02,9.01",8-K,https://www.sec.gov/Archives/edgar/data/1034054/000119312526330639/d154311d8k.htm
SBAC,2026-07-24,Material Agreement,"1.01,1.02,2.03,9.01",8-K,https://www.sec.gov/Archives/edgar/data/1034054/000119312526315142/d130705d8k.htm
SBAC,2026-07-23,Other Material Event,"8.01,9.01",8-K,https://www.sec.gov/Archives/edgar/data/1034054/000119312526314131/d146754d8k.htm
SBAC,2026-07-15,Material Agreement,"1.01,9.01",8-K,https://www.sec.gov/Archives/edgar/data/1034054/000119312526304972/d169827d8k.htm
SBAC,2026-05-22,8-K: Other Material Event,5.07,8-K,https://www.sec.gov/Archives/edgar/data/1034054/000119312526236935/d28338d8k.htm
SBAC,2026-04-29,Earnings Release,"2.02,9.01",8-K,https://www.sec.gov/Archives/edgar/data/1034054/000119312526191545/d49075d8k.htm
SBAC,2026-03-27,Executive/Board Change,5.02,8-K,https://www.sec.gov/Archives/edgar/data/1034054/000119312526129070/d108430d8k.htm
SBAC,2026-02-26,Earnings Release,"2.02,9.01",8-K,https://www.sec.gov/Archives/edgar/data/1034054/000119312526076767/d106126d8k.htm
SBUX,2026-07-29,Earnings Release,"2.02,9.01",8-K,https://www.sec.gov/Archives/edgar/data/829224/000082922426000129/sbux-20260729.htm
SBUX,2026-06-12,Executive/Board Change,5.02,8-K,https://www.sec.gov/Archives/edgar/data/829224/000082922426000106/sbux-20260611.htm
SBUX,2026-05-20,Other Material Event,8.01,8-K,https://www.sec.gov/Archives/edgar/data/829224/000082922426000094/sbux-20260520.htm
SBUX,2026-05-15,8-K: Other Material Event,2.05,8-K,https://www.sec.gov/Archives/edgar/data/829224/000082922426000088/sbux-20260513.htm
SBUX,2026-04-28,Earnings Release,"2.02,9.01",8-K,https://www.sec.gov/Archives/edgar/data/829224/000082922426000078/sbux-20260428.htm
SBUX,2026-04-02,Investor Presentation / Reg FD Disclosure,"7.01,9.01",8-K,https://www.sec.gov/Archives/edgar/data/829224/000082922426000064/sbux-20260402.htm
SBUX,2026-03-30,8-K: Other Material Event,5.07,8-K,https://www.sec.gov/Archives/edgar/data/829224/000082922426000058/sbux-20260325.htm
SCHW,2026-08-12,Other Material Event,"8.01,9.01",8-K,https://www.sec.gov/Archives/edgar/data/316709/000119312526347083/d42452d8k.htm
SCHW,2026-07-21,Earnings Release,"2.02,9.01",8-K,https://www.sec.gov/Archives/edgar/data/316709/000031670926000027/schw-20260721.htm
SCHW,2026-06-29,Other Material Event,"8.01,9.01",8-K,https://www.sec.gov/Archives/edgar/data/316709/000119312526288640/d334556d8k.htm
SCHW,2026-06-01,Bylaws/Fiscal Year Change,"5.03,9.01",8-K,https://www.sec.gov/Archives/edgar/data/316709/000119312526251689/d143555d8k.htm
SCHW,2026-05-22,8-K: Other Material Event,5.07,8-K,https://www.sec.gov/Archives/edgar/data/316709/000119312526237020/d143412d8k.htm
SCHW,2026-05-21,Other Material Event,"8.01,9.01",8-K,https://www.sec.gov/Archives/edgar/data/316709/000119312526234609/d227944d8k.htm
SCHW,2026-04-22,Bylaws/Fiscal Year Change,"3.03,5.03,8.01,9.01",8-K,https://www.sec.gov/Archives/edgar/data/316709/000119312526170805/d157689d8k.htm
SCHW,2026-04-16,Earnings Release,"2.02,9.01",8-K,https://www.sec.gov/Archives/edgar/data/316709/000031670926000016/schw-20260416.htm
SG,2026-08-06,Earnings Release,"2.02,9.01",8-K,https://www.sec.gov/Archives/edgar/data/1477815/000162828026054324/sg-20260806.htm
SG,2026-06-15,8-K: Other Material Event,5.07,8-K,https://www.sec.gov/Archives/edgar/data/1477815/000162828026043310/sg-20260611.htm
SG,2026-05-07,Earnings Release,"2.02,9.01",8-K,https://www.sec.gov/Archives/edgar/data/1477815/000162828026032197/sg-20260507.htm
SG,2026-02-26,Earnings Release,"2.02,9.01",8-K,https://www.sec.gov/Archives/edgar/data/1477815/000162828026012331/sg-20260226.htm
SHAK,2026-08-05,Earnings Release,"2.02,7.01,9.01",8-K,https://www.sec.gov/Archives/edgar/data/1620533/000162053326000033/shak-20260805.htm
SHAK,2026-06-12,Executive/Board Change,"5.02,9.01",FORM 8-K,https://www.sec.gov/Archives/edgar/data/1620533/000110465926073466/tm2617735d1_8k.htm
SHAK,2026-06-11,8-K: Other Material Event,5.07,FORM 8-K,https://www.sec.gov/Archives/edgar/data/1620533/000110465926072950/tm2617505d1_8k.htm
SHAK,2026-06-02,Investor Presentation / Reg FD Disclosure,"7.01,9.01",FORM 8-K,https://www.sec.gov/Archives/edgar/data/1620533/000110465926069246/tm2616608d1_8k.htm
SHAK,2026-05-07,Executive/Board Change,"5.02,7.01,9.01",FORM 8-K,https://www.sec.gov/Archives/edgar/data/1620533/000110465926056664/tm2613751d1_8k.htm
SHAK,2026-05-07,Earnings Release,"2.02,7.01,9.01",8-K,https://www.sec.gov/Archives/edgar/data/1620533/000162053326000024/shak-20260507.htm
SHAK,2026-04-01,Investor Presentation / Reg FD Disclosure,"7.01,9.01",FORM 8-K,https://www.sec.gov/Archives/edgar/data/1620533/000110465926038234/tm2610761d1_8k.htm
SHAK,2026-03-09,Executive/Board Change,5.02,FORM 8-K,https://www.sec.gov/Archives/edgar/data/1620533/000110465926025312/tm268254d1_8k.htm
SHOP,2026-08-05,Earnings Release,"2.02,9.01",8-K,https://www.sec.gov/Archives/edgar/data/1594805/000159480526000046/shop-20260805.htm
SHOP,2026-07-02,Executive/Board Change,"5.02,9.01",8-K,https://www.sec.gov/Archives/edgar/data/1594805/000159480526000035/shop-20260702.htm
SHOP,2026-06-16,Other Material Event,"5.07,8.01,9.01",8-K,https://www.sec.gov/Archives/edgar/data/1594805/000159480526000030/shop-20260616.htm
SHOP,2026-06-02,Investor Presentation / Reg FD Disclosure,"7.01,9.01",8-K,https://www.sec.gov/Archives/edgar/data/1594805/000159480526000028/shop-20260602.htm
SHOP,2026-05-08,Other Material Event,"8.01,9.01",8-K,https://www.sec.gov/Archives/edgar/data/1594805/000159480526000022/shop-20260508.htm
SHOP,2026-05-05,Earnings Release,"2.02,9.01",8-K,https://www.sec.gov/Archives/edgar/data/1594805/000159480526000018/shop-20260505.htm
SIRI,2026-07-30,Earnings Release,"2.02,7.01,9.01",8-K,https://www.sec.gov/Archives/edgar/data/908937/000090893726000020/siri-20260730.htm
SIRI,2026-07-30,Executive/Board Change,"5.02,9.01",FORM 8-K,https://www.sec.gov/Archives/edgar/data/908937/000110465926088449/tm2621617d1_8k.htm
SIRI,2026-06-01,Executive/Board Change,"5.02,5.07,9.01",8-K,https://www.sec.gov/Archives/edgar/data/908937/000090893726000015/siri-20260528.htm
SIRI,2026-04-30,Earnings Release,"2.02,7.01,9.01",8-K,https://www.sec.gov/Archives/edgar/data/908937/000090893726000010/siri-20260430.htm
SIRI,2026-03-10,Other Material Event,8.01,FORM 8-K,https://www.sec.gov/Archives/edgar/data/908937/000110465926025845/tm267872d3_8k.htm
SIRI,2026-03-05,Material Agreement,"1.01,2.03,8.01,9.01",FORM 8-K,https://www.sec.gov/Archives/edgar/data/908937/000110465926023858/tm267872d2_8k.htm
SIRI,2026-03-04,Other Material Event,"8.01,9.01",FORM 8-K,https://www.sec.gov/Archives/edgar/data/908937/000110465926023342/tm267872d1_8k.htm
SIRI,2026-02-27,Other Material Event,"8.01,9.01",FORM 8-K,https://www.sec.gov/Archives/edgar/data/908937/000110465926021044/tm267303d2_8k.htm
SLV,2026-03-31,Executive/Board Change,5.02,FORM 8-K,https://www.sec.gov/Archives/edgar/data/1330568/000143774926010478/slv20260328_8k.htm
SMCI,2026-08-11,Earnings Release,"2.02,9.01",8-K,https://www.sec.gov/Archives/edgar/data/1375365/000137536526000021/smci-20260811.htm
SMCI,2026-08-05,Other Material Event,"8.01,9.01",8-K,https://www.sec.gov/Archives/edgar/data/1375365/000137536526000020/smci-20260805.htm
SMCI,2026-07-21,Earnings Release,"2.02,9.01",8-K,https://www.sec.gov/Archives/edgar/data/1375365/000137536526000019/smci-20260721.htm
SMCI,2026-06-15,Material Agreement,"1.01,3.03,5.03,9.01",8-K,https://www.sec.gov/Archives/edgar/data/1375365/000119312526270430/d151436d8k.htm
SMCI,2026-06-12,Material Agreement,"1.01,7.01,9.01",8-K,https://www.sec.gov/Archives/edgar/data/1375365/000119312526269703/d45696d8k.htm
SMCI,2026-06-09,Other Material Event,"8.01,9.01",8-K,https://www.sec.gov/Archives/edgar/data/1375365/000119312526263942/d47444d8k.htm
SMCI,2026-05-18,Executive/Board Change,"5.02,9.01",8-K,https://www.sec.gov/Archives/edgar/data/1375365/000137536526000015/smci-20260512.htm
SMCI,2026-05-05,Earnings Release,"2.02,9.01",8-K,https://www.sec.gov/Archives/edgar/data/1375365/000137536526000013/smci-20260505.htm
SMR,2026-08-11,Material Agreement,"1.01,9.01",FORM 8-K,https://www.sec.gov/Archives/edgar/data/1822966/000110465926094073/tm2622138d2_8k.htm
SMR,2026-08-05,Earnings Release,"2.02,9.01",8-K,https://www.sec.gov/Archives/edgar/data/1822966/000182296626000086/smr-20260805.htm
SMR,2026-06-02,8-K: Other Material Event,5.07,8-K,https://www.sec.gov/Archives/edgar/data/1822966/000182296626000058/smr-20260529.htm
SMR,2026-05-07,Earnings Release,"2.02,9.01",8-K,https://www.sec.gov/Archives/edgar/data/1822966/000182296626000052/smr-20260507.htm
SMR,2026-04-08,Investor Presentation / Reg FD Disclosure,"7.01,9.01",8-K,https://www.sec.gov/Archives/edgar/data/1822966/000182296626000038/smr-20260408.htm
SMR,2026-02-26,Material Agreement,"1.01,1.02,9.01",8-K,https://www.sec.gov/Archives/edgar/data/1822966/000182296626000019/smr-20260226.htm
SMR,2026-02-26,Earnings Release,"2.02,9.01",8-K,https://www.sec.gov/Archives/edgar/data/1822966/000182296626000016/smr-20260226.htm
SNAP,2026-08-03,Earnings Release,"2.02,9.01",8-K,https://www.sec.gov/Archives/edgar/data/1564408/000156440826000047/snap-20260803.htm
SNAP,2026-07-09,Other Material Event,"8.01,9.01",8-K,https://www.sec.gov/Archives/edgar/data/1564408/000156440826000041/snap-20260709.htm
SNAP,2026-05-20,Executive/Board Change,"5.02,9.01",8-K,https://www.sec.gov/Archives/edgar/data/1564408/000119312526232814/d100806d8k.htm
SNAP,2026-05-06,Earnings Release,"2.02,9.01",8-K,https://www.sec.gov/Archives/edgar/data/1564408/000156440826000024/snap-20260506.htm
SNAP,2026-04-20,Executive/Board Change,5.02,8-K,https://www.sec.gov/Archives/edgar/data/1564408/000119312526164232/d139401d8k.htm
SNAP,2026-04-15,Earnings Release,"2.02,2.05,7.01,9.01",8-K,https://www.sec.gov/Archives/edgar/data/1564408/000119312526155861/d36756d8k.htm
SNDK,2026-08-05,Earnings Release,"2.02,8.01,9.01",8-K,https://www.sec.gov/Archives/edgar/data/2023554/000162828026053346/sndk-20260805.htm
SNDK,2026-05-15,Other Material Event,"8.01,9.01",8-K,https://www.sec.gov/Archives/edgar/data/2023554/000119312526224694/d157363d8k.htm
SNDK,2026-04-30,Earnings Release,"2.02,8.01,9.01",8-K,https://www.sec.gov/Archives/edgar/data/2023554/000162828026028879/sndk-20260430.htm
SNDK,2026-03-25,Material Agreement,"1.01,8.01,9.01",8-K,https://www.sec.gov/Archives/edgar/data/2023554/000119312526122705/d136592d8k.htm
SNOW,2026-07-16,Executive/Board Change,5.02,8-K,https://www.sec.gov/Archives/edgar/data/1640147/000162828026048373/snow-20260715.htm
SNOW,2026-06-30,8-K: Other Material Event,5.07,8-K,https://www.sec.gov/Archives/edgar/data/1640147/000164014726000032/snow-20260629.htm
SNOW,2026-05-27,Earnings Release,"2.02,9.01",8-K,https://www.sec.gov/Archives/edgar/data/1640147/000164014726000027/snow-20260527.htm
SNOW,2026-03-31,Investor Presentation / Reg FD Disclosure,"7.01,9.01",8-K,https://www.sec.gov/Archives/edgar/data/1640147/000164014726000013/snow-20260331.htm
SNOW,2026-02-25,Earnings Release,"2.02,9.01",8-K,https://www.sec.gov/Archives/edgar/data/1640147/000162828026011631/snow-20260225.htm
SNPS,2026-08-12,Executive/Board Change,5.02,8-K,https://www.sec.gov/Archives/edgar/data/883241/000119312526345878/d148701d8k.htm
SNPS,2026-05-27,Material Agreement,"1.01,5.02,7.01",8-K,https://www.sec.gov/Archives/edgar/data/883241/000119312526241920/d96543d8k.htm
SNPS,2026-05-27,Earnings Release,"2.02,9.01",8-K,https://www.sec.gov/Archives/edgar/data/883241/000119312526241911/d126227d8k.htm
SNPS,2026-04-20,Executive/Board Change,"5.02,5.07,9.01",8-K,https://www.sec.gov/Archives/edgar/data/883241/000119312526164085/d467081d8k.htm
SNPS,2026-03-02,Other Material Event,"8.01,9.01",8-K,https://www.sec.gov/Archives/edgar/data/883241/000119312526084396/d113900d8k.htm
SNPS,2026-02-25,Earnings Release,"2.02,8.01,9.01",8-K,https://www.sec.gov/Archives/edgar/data/883241/000119312526071601/d921168d8k.htm
SO,2026-08-06,8-K: Other Material Event,"2.03,3.02,9.01",8-K,https://www.sec.gov/Archives/edgar/data/92122/000009212226000063/so-20260803.htm
SO,2026-08-04,Other Material Event,"8.01,9.01",8-K,https://www.sec.gov/Archives/edgar/data/92122/000009212226000060/so-20260803.htm
SO,2026-08-03,Other Material Event,"8.01,9.01",8-K,https://www.sec.gov/Archives/edgar/data/92122/000009212226000058/so-20260803.htm
SO,2026-07-30,Earnings Release,2.02,8-K,https://www.sec.gov/Archives/edgar/data/92122/000009212226000056/so-20260730.htm
SO,2026-06-08,Other Material Event,"8.01,9.01",8-K,https://www.sec.gov/Archives/edgar/data/92122/000009212226000046/so-20260608.htm
SO,2026-05-15,8-K: Other Material Event,"5.07,9.01",8-K,https://www.sec.gov/Archives/edgar/data/92122/000009212226000040/so-20260513.htm
SO,2026-04-30,Earnings Release,2.02,8-K,https://www.sec.gov/Archives/edgar/data/92122/000009212226000036/so-20260430.htm
SO,2026-03-19,Other Material Event,"8.01,9.01",8-K,https://www.sec.gov/Archives/edgar/data/92122/000009212226000018/so-20260316.htm
SOFI,2026-07-29,Earnings Release,"2.02,9.01",8-K,https://www.sec.gov/Archives/edgar/data/1818874/000181887426000050/sofi-20260729.htm
SOFI,2026-06-18,8-K: Other Material Event,5.07,8-K,https://www.sec.gov/Archives/edgar/data/1818874/000181887426000043/sofi-20260617.htm
SOFI,2026-04-29,Earnings Release,"2.02,9.01",8-K,https://www.sec.gov/Archives/edgar/data/1818874/000181887426000020/sofi-20260429.htm
SOUN,2026-08-05,Earnings Release,"2.02,9.01",8-K,https://www.sec.gov/Archives/edgar/data/1840856/000184085626000019/soun-20260805.htm
SOUN,2026-07-24,Other Material Event,8.01,CURRENT REPORT,https://www.sec.gov/Archives/edgar/data/1840856/000121390026081088/ea0299116-8k425_sound.htm
SOUN,2026-07-13,8-K: Other Material Event,9.01,CURRENT REPORT,https://www.sec.gov/Archives/edgar/data/1840856/000121390026077663/ea0297736-8k_sound.htm
SOUN,2026-07-02,Material Agreement,"1.01,9.01",CURRENT REPORT,https://www.sec.gov/Archives/edgar/data/1840856/000121390026075086/ea0296856-8k425_sound.htm
SOUN,2026-05-27,Bylaws/Fiscal Year Change,"5.03,5.07,8.01,9.01",CURRENT REPORT,https://www.sec.gov/Archives/edgar/data/1840856/000121390026061610/ea0292095-8k_sound.htm
SOUN,2026-05-07,Earnings Release,"2.02,9.01",8-K,https://www.sec.gov/Archives/edgar/data/1840856/000184085626000012/soun-20260507.htm
SOUN,2026-04-21,Material Agreement,"1.01,3.02,7.01,9.01",CURRENT REPORT,https://www.sec.gov/Archives/edgar/data/1840856/000121390026045987/ea0287117-8k425_sound.htm
SOUN,2026-03-18,Executive/Board Change,"5.02,9.01",CURRENT REPORT,https://www.sec.gov/Archives/edgar/data/1840856/000121390026030707/ea0282324-8k_sound.htm
SPCX,2026-08-14,Acquisition/Disposition of Assets,"2.01,3.02,9.01",8-K,https://www.sec.gov/Archives/edgar/data/1181412/000162828026056945/spcx-20260814.htm
SPCX,2026-08-04,Earnings Release,"2.02,9.01",8-K,https://www.sec.gov/Archives/edgar/data/1181412/000162828026052515/spcx-20260804.htm
SPCX,2026-06-26,Other Material Event,"8.01,9.01",8-K,https://www.sec.gov/Archives/edgar/data/1181412/000162828026045763/spcx-closing8xkjune2026.htm
SPCX,2026-06-23,Other Material Event,"8.01,9.01",8-K,https://www.sec.gov/Archives/edgar/data/1181412/000162828026044955/spcx-pricing8xk.htm
SPCX,2026-06-22,Investor Presentation / Reg FD Disclosure,"7.01,8.01,9.01",8-K,https://www.sec.gov/Archives/edgar/data/1181412/000162828026044489/spcx8-kxlaunchseniornotes.htm
SPCX,2026-06-17,Executive/Board Change,5.02,8-K,https://www.sec.gov/Archives/edgar/data/1181412/000162828026043865/spaceexplorationtechnologi.htm
SPCX,2026-06-16,Material Agreement,"1.01,3.02,9.01",8-K,https://www.sec.gov/Archives/edgar/data/1181412/000162828026043411/spaceexplorationtechnologi.htm
SPCX,2026-06-15,Executive/Board Change,"3.02,3.03,5.02,5.03,7.01,8.01,9.01",8-K,https://www.sec.gov/Archives/edgar/data/1181412/000162828026043288/spaceexplorationtechnologi.htm
SPGI,2026-07-28,Earnings Release,"2.02,7.01,9.01",8-K,https://www.sec.gov/Archives/edgar/data/64040/000006404026000040/spgi-20260728.htm
SPGI,2026-07-06,Executive/Board Change,"5.02,7.01,9.01",FORM 8-K,https://www.sec.gov/Archives/edgar/data/64040/000110465926080751/tm2619719d1_8k.htm
SPGI,2026-07-02,Material Agreement,"1.01,2.01,8.01,9.01",FORM 8-K,https://www.sec.gov/Archives/edgar/data/64040/000110465926080005/tm2619099d1_8k.htm
SPGI,2026-05-26,Executive/Board Change,"5.02,7.01,9.01",8-K,https://www.sec.gov/Archives/edgar/data/64040/000006404026000031/spgi-20260519.htm
SPGI,2026-05-21,8-K: Other Material Event,5.07,8-K,https://www.sec.gov/Archives/edgar/data/64040/000006404026000028/spgi-20260520.htm
SPGI,2026-05-21,Other Material Event,"8.01,9.01",FORM 8-K,https://www.sec.gov/Archives/edgar/data/64040/000110465926064848/tm2614786d3_8k.htm
SPGI,2026-05-20,Other Material Event,"8.01,9.01",FORM 8-K,https://www.sec.gov/Archives/edgar/data/64040/000110465926063972/tm2614786d2_8k.htm
SPGI,2026-05-18,Other Material Event,"8.01,9.01",FORM 8-K,https://www.sec.gov/Archives/edgar/data/64040/000110465926063054/tm2614786d1_8k.htm
SPXC,2026-07-30,Earnings Release,"2.02,9.01",8-K,https://www.sec.gov/Archives/edgar/data/88205/000008820526000052/spxc-20260730.htm
SPXC,2026-07-27,Executive/Board Change,"5.02,9.01",8-K,https://www.sec.gov/Archives/edgar/data/88205/000008820526000045/spxc-20260724.htm
SPXC,2026-06-22,Executive/Board Change,5.02,FORM 8-K,https://www.sec.gov/Archives/edgar/data/88205/000110465926076014/tm2618218d1_8k.htm
SPXC,2026-05-12,8-K: Other Material Event,5.07,8-K,https://www.sec.gov/Archives/edgar/data/88205/000008820526000036/spxc-20260512.htm
SPXC,2026-04-30,Earnings Release,"2.02,9.01",8-K,https://www.sec.gov/Archives/edgar/data/88205/000008820526000030/spxc-20260430.htm
SPXC,2026-02-24,Earnings Release,"2.02,9.01",8-K,https://www.sec.gov/Archives/edgar/data/88205/000008820526000007/spxc-20260224.htm
SRE,2026-08-18,Other Material Event,"8.01,9.01",8-K,https://www.sec.gov/Archives/edgar/data/1032208/000119312526355501/d140628d8k.htm
SRE,2026-08-06,Earnings Release,"2.02,9.01",8-K,https://www.sec.gov/Archives/edgar/data/1032208/000103220826000043/sempra-20260806.htm
SRE,2026-07-09,Executive/Board Change,5.02,8-K,https://www.sec.gov/Archives/edgar/data/1032208/000103220826000040/sempra-20260706.htm
SRE,2026-06-16,Investor Presentation / Reg FD Disclosure,7.01,8-K,https://www.sec.gov/Archives/edgar/data/1032208/000103220826000037/sempra-20260615.htm
SRE,2026-06-09,Other Material Event,"8.01,9.01",8-K,https://www.sec.gov/Archives/edgar/data/1032208/000119312526263777/d91240d8k.htm
SRE,2026-05-15,Other Material Event,"8.01,9.01",8-K,https://www.sec.gov/Archives/edgar/data/1032208/000119312526226918/d298887d8k.htm
SRE,2026-05-14,8-K: Other Material Event,5.07,8-K,https://www.sec.gov/Archives/edgar/data/1032208/000103220826000032/sempra-20260512.htm
SRE,2026-05-12,Other Material Event,"8.01,9.01",8-K,https://www.sec.gov/Archives/edgar/data/1032208/000119312526219514/d126786d8k.htm
SRPT,2026-08-05,Earnings Release,"2.02,9.01",8-K,https://www.sec.gov/Archives/edgar/data/873303/000119312526335056/srpt-20260805.htm
SRPT,2026-07-27,Executive/Board Change,"5.02,7.01,9.01",8-K,https://www.sec.gov/Archives/edgar/data/873303/000119312526316995/d101719d8k.htm
SRPT,2026-06-04,Executive/Board Change,"5.02,5.07,9.01",8-K,https://www.sec.gov/Archives/edgar/data/873303/000119312526257501/d88936d8k.htm
SRPT,2026-05-06,Earnings Release,"2.02,9.01",8-K,https://www.sec.gov/Archives/edgar/data/873303/000119312526208966/srpt-20260506.htm
SRPT,2026-02-25,Executive/Board Change,5.02,8-K,https://www.sec.gov/Archives/edgar/data/873303/000119312526072064/srpt-20260225.htm
SRPT,2026-02-25,Earnings Release,"2.02,9.01",8-K,https://www.sec.gov/Archives/edgar/data/873303/000119312526071566/srpt-20260225.htm
STRL,2026-08-03,Earnings Release,"2.02,7.01,9.01",FORM 8-K,https://www.sec.gov/Archives/edgar/data/874238/000087423826000100/strl-20260803.htm
STRL,2026-07-10,Executive/Board Change,5.02,FORM 8-K,https://www.sec.gov/Archives/edgar/data/874238/000087423826000095/strl-20260706.htm
STRL,2026-07-08,Material Agreement,"1.01,2.03,7.01,9.01",FORM 8-K,https://www.sec.gov/Archives/edgar/data/874238/000087423826000093/strl-20260702.htm
STRL,2026-06-09,Investor Presentation / Reg FD Disclosure,"7.01,9.01",FORM 8-K,https://www.sec.gov/Archives/edgar/data/874238/000087423826000087/strl-20260609.htm
STRL,2026-05-21,Executive/Board Change,5.02,FORM 8-K,https://www.sec.gov/Archives/edgar/data/874238/000087423826000083/strl-20260520.htm
STRL,2026-05-12,Investor Presentation / Reg FD Disclosure,7.01,FORM 8-K,https://www.sec.gov/Archives/edgar/data/874238/000087423826000078/strl-20260512.htm
STRL,2026-05-07,8-K: Other Material Event,5.07,FORM 8-K,https://www.sec.gov/Archives/edgar/data/874238/000087423826000058/strl-20260507.htm
STRL,2026-05-04,Earnings Release,"2.02,7.01,9.01",FORM 8-K,https://www.sec.gov/Archives/edgar/data/874238/000087423826000052/strl-20260504.htm
STX,2026-07-28,Earnings Release,"2.02,7.01,9.01",8-K,https://www.sec.gov/Archives/edgar/data/1137789/000113778926000153/stx-20260728.htm
STX,2026-06-12,Investor Presentation / Reg FD Disclosure,"7.01,8.01,9.01",8-K,https://www.sec.gov/Archives/edgar/data/1137789/000119312526268170/d24300d8k.htm
STX,2026-05-28,Investor Presentation / Reg FD Disclosure,"3.02,7.01,8.01,9.01",8-K,https://www.sec.gov/Archives/edgar/data/1137789/000119312526243110/d106085d8k.htm
STX,2026-05-21,Investor Presentation / Reg FD Disclosure,"3.02,7.01,8.01,9.01",8-K,https://www.sec.gov/Archives/edgar/data/1137789/000119312526233588/d72241d8k.htm
STX,2026-05-06,Executive/Board Change,"5.02,9.01",8-K,https://www.sec.gov/Archives/edgar/data/1137789/000113778926000093/stx-20260505.htm
STX,2026-04-28,Earnings Release,"2.02,7.01,9.01",8-K,https://www.sec.gov/Archives/edgar/data/1137789/000113778926000084/stx-20260428.htm
T,2026-08-17,Other Material Event,"8.01,9.01",8-K,https://www.sec.gov/Archives/edgar/data/732717/000119312526354091/d153710d8k.htm
T,2026-08-04,Other Material Event,"8.01,9.01",8-K,https://www.sec.gov/Archives/edgar/data/732717/000119312526332110/d112584d8k.htm
T,2026-07-28,Investor Presentation / Reg FD Disclosure,"2.03,7.01,9.01",8-K,https://www.sec.gov/Archives/edgar/data/732717/000119312526321053/d142142d8k.htm
T,2026-07-22,Earnings Release,"2.02,9.01",8-K 2.01 AT&T 2ND QUARTER 2026 EARNINGS RELEASE,https://www.sec.gov/Archives/edgar/data/732717/000073271726000294/t-20260722.htm
T,2026-06-16,Executive/Board Change,"5.02,9.01",8-K,https://www.sec.gov/Archives/edgar/data/732717/000119312526272580/d151168d8k.htm
T,2026-05-20,Executive/Board Change,"5.02,5.03,5.07,9.01",8-K,https://www.sec.gov/Archives/edgar/data/732717/000119312526232817/d227921d8k.htm
T,2026-04-30,Other Material Event,"8.01,9.01",8-K,https://www.sec.gov/Archives/edgar/data/732717/000119312526197776/d77464d8k.htm
T,2026-04-22,Earnings Release,"2.02,9.01",8-K 2.02 AT&T 1ST QUARTER 2026 EARNINGS RELEASE,https://www.sec.gov/Archives/edgar/data/732717/000073271726000203/t-20260422.htm
TAP,2026-08-06,Earnings Release,"2.02,9.01",8-K,https://www.sec.gov/Archives/edgar/data/24545/000002454526000070/tap-20260806.htm
TAP,2026-06-24,Executive/Board Change,5.02,FORM 8-K,https://www.sec.gov/Archives/edgar/data/24545/000110465926077086/tm2618613d1_8k.htm
TAP,2026-05-27,Material Agreement,"1.01,2.03,9.01",FORM 8-K,https://www.sec.gov/Archives/edgar/data/24545/000110465926066954/tm2614729d15_8k.htm
TAP,2026-05-22,Other Material Event,"8.01,9.01",FORM 8-K,https://www.sec.gov/Archives/edgar/data/24545/000110465926065786/tm2615288d1_8k.htm
TAP,2026-05-08,8-K: Other Material Event,5.07,FORM 8-K,https://www.sec.gov/Archives/edgar/data/24545/000110465926058010/tm2614008d1_8k.htm
TAP,2026-04-30,Earnings Release,"2.02,9.01",8-K,https://www.sec.gov/Archives/edgar/data/24545/000002454526000035/tap-20260430.htm
TDOC,2026-08-13,Executive/Board Change,5.02,8-K,https://www.sec.gov/Archives/edgar/data/1477449/000147744926000042/tdoc-20260810.htm
TDOC,2026-08-03,Executive/Board Change,"5.02,7.01,9.01",8-K,https://www.sec.gov/Archives/edgar/data/1477449/000147744926000040/tdoc-20260803.htm
TDOC,2026-07-29,Earnings Release,"2.02,9.01",8-K,https://www.sec.gov/Archives/edgar/data/1477449/000147744926000036/tdoc-20260729.htm
TDOC,2026-05-21,8-K: Other Material Event,5.07,8-K,https://www.sec.gov/Archives/edgar/data/1477449/000147744926000030/tdoc-20260521.htm
TDOC,2026-04-29,Earnings Release,"2.02,9.01",8-K,https://www.sec.gov/Archives/edgar/data/1477449/000147744926000026/tdoc-20260429.htm
TDOC,2026-03-30,Executive/Board Change,"5.02,7.01,9.01",8-K,https://www.sec.gov/Archives/edgar/data/1477449/000147744926000016/tdoc-20260330.htm
TDOC,2026-02-25,Earnings Release,"2.02,9.01",8-K,https://www.sec.gov/Archives/edgar/data/1477449/000147744926000010/tdoc-20260225.htm
TE,2026-08-12,Earnings Release,"2.02,7.01,9.01",CURRENT REPORT,https://www.sec.gov/Archives/edgar/data/1992243/000121390026088022/ea0301615-8k_t1energy.htm
TE,2026-08-07,Other Material Event,"8.01,9.01",CURRENT REPORT,https://www.sec.gov/Archives/edgar/data/1992243/000121390026086689/ea0301011-8k_t1energy.htm
TE,2026-07-31,Material Agreement,"1.01,2.03,3.02,9.01",CURRENT REPORT,https://www.sec.gov/Archives/edgar/data/1992243/000121390026084067/ea0299867-8k_t1energy.htm
TE,2026-07-30,Material Agreement,"1.01,2.03,3.02,8.01,9.01",CURRENT REPORT,https://www.sec.gov/Archives/edgar/data/1992243/000121390026083033/ea0299711-8k_t1energy.htm
TE,2026-07-28,Earnings Release,"2.02,8.01,9.01",CURRENT REPORT,https://www.sec.gov/Archives/edgar/data/1992243/000121390026081974/ea0299450-8k_t1energy.htm
TE,2026-07-28,Material Agreement,"1.01,1.02,2.01,3.02,7.01,9.01",CURRENT REPORT,https://www.sec.gov/Archives/edgar/data/1992243/000121390026081970/ea0299400-8k_t1energy.htm
TE,2026-06-29,Other Material Event,"8.01,9.01",CURRENT REPORT,https://www.sec.gov/Archives/edgar/data/1992243/000121390026072832/ea0295645-8k_t1energy.htm
TE,2026-06-17,Other Material Event,"5.07,8.01,9.01",CURRENT REPORT,https://www.sec.gov/Archives/edgar/data/1992243/000121390026069670/ea0295062-8k_t1energy.htm
TEAM,2026-08-06,Earnings Release,"2.02,8.01,9.01",8-K,https://www.sec.gov/Archives/edgar/data/1650372/000165037226000031/team-20260806.htm
TEAM,2026-04-30,Earnings Release,"2.02,9.01",8-K,https://www.sec.gov/Archives/edgar/data/1650372/000165037226000024/team-20260430.htm
TEAM,2026-03-11,Executive/Board Change,"2.05,5.02,7.01,9.01",8-K,https://www.sec.gov/Archives/edgar/data/1650372/000165037226000021/team-20260311.htm
TEM,2026-07-30,Earnings Release,"2.02,7.01,9.01",8-K,https://www.sec.gov/Archives/edgar/data/1717115/000119312526326083/tem-20260730.htm
TEM,2026-07-20,Material Agreement,"1.01,9.01",8-K,https://www.sec.gov/Archives/edgar/data/1717115/000119312526309073/d128960d8k.htm
TEM,2026-07-20,Investor Presentation / Reg FD Disclosure,"7.01,9.01",8-K,https://www.sec.gov/Archives/edgar/data/1717115/000119312526308469/d124162d8k.htm
TEM,2026-05-22,8-K: Other Material Event,5.07,8-K,https://www.sec.gov/Archives/edgar/data/1717115/000119312526236814/d109019d8k.htm
TEM,2026-05-13,Material Agreement,"1.01,1.02,2.03,3.02,8.01,9.01",8-K,https://www.sec.gov/Archives/edgar/data/1717115/000119312526220115/d117982d8k.htm
TEM,2026-05-05,Earnings Release,"2.02,7.01,9.01",8-K,https://www.sec.gov/Archives/edgar/data/1717115/000119312526206317/tem-20260505.htm
TEM,2026-02-24,Earnings Release,"2.02,7.01,9.01",8-K,https://www.sec.gov/Archives/edgar/data/1717115/000119312526066931/tem-20260224.htm
TENB,2026-07-29,Earnings Release,"2.02,9.01",8-K,https://www.sec.gov/Archives/edgar/data/1660280/000166028026000032/tenb-20260729.htm
TENB,2026-05-21,Investor Presentation / Reg FD Disclosure,"7.01,9.01",8-K,https://www.sec.gov/Archives/edgar/data/1660280/000166028026000030/tenb-20260521.htm
TENB,2026-05-13,8-K: Other Material Event,5.07,8-K,https://www.sec.gov/Archives/edgar/data/1660280/000166028026000026/tenb-20260513.htm
TENB,2026-04-29,Earnings Release,"2.02,9.01",8-K,https://www.sec.gov/Archives/edgar/data/1660280/000166028026000020/tenb-20260429.htm
TGT,2026-08-19,Earnings Release,"2.02,9.01",8-K,https://www.sec.gov/Archives/edgar/data/27419/000002741926000034/tgt-20260819.htm
TGT,2026-08-14,Material Agreement,"1.01,1.02,2.03,9.01",8-K,https://www.sec.gov/Archives/edgar/data/27419/000002741926000032/tgt-20260814.htm
TGT,2026-07-22,Executive/Board Change,"5.02,9.01",8-K,https://www.sec.gov/Archives/edgar/data/27419/000002741926000028/tgt-20260718.htm
TGT,2026-06-12,Executive/Board Change,"5.02,5.07,9.01",8-K,https://www.sec.gov/Archives/edgar/data/27419/000002741926000026/tgt-20260610.htm
TGT,2026-05-20,Earnings Release,"2.02,9.01",8-K,https://www.sec.gov/Archives/edgar/data/27419/000002741926000020/tgt-20260520.htm
TGT,2026-03-03,Earnings Release,"2.02,9.01",8-K,https://www.sec.gov/Archives/edgar/data/27419/000002741926000012/tgt-20260303.htm
TGTX,2026-08-03,Earnings Release,"2.02,9.01",FORM 8-K,https://www.sec.gov/Archives/edgar/data/1001316/000143774926025304/tgtx20260730_8k.htm
TGTX,2026-06-12,8-K: Other Material Event,5.07,FORM 8-K,https://www.sec.gov/Archives/edgar/data/1001316/000143774926020491/tgtx20260612_8k.htm
TGTX,2026-06-03,Other Material Event,"8.01,9.01",FORM 8-K,https://www.sec.gov/Archives/edgar/data/1001316/000143774926019262/tgtx20260602_8k.htm
TGTX,2026-05-27,Other Material Event,"8.01,9.01",FORM 8-K,https://www.sec.gov/Archives/edgar/data/1001316/000143774926018586/tgtx20260527_8k.htm
TGTX,2026-05-06,Earnings Release,"2.02,9.01",FORM 8-K,https://www.sec.gov/Archives/edgar/data/1001316/000143774926015013/tgtx20260227_8k.htm
TGTX,2026-03-20,Material Agreement,"1.01,2.03,9.01",FORM 8-K,https://www.sec.gov/Archives/edgar/data/1001316/000143774926009253/tgtx20260319_8k.htm
TGTX,2026-02-26,Earnings Release,"2.02,9.01",FORM 8-K,https://www.sec.gov/Archives/edgar/data/1001316/000143774926005733/tgtx20251112_8k.htm
TJX,2026-08-19,Earnings Release,"2.02,9.01",8-K,https://www.sec.gov/Archives/edgar/data/109198/000010919826000045/tjx-20260819.htm
TJX,2026-06-11,8-K: Other Material Event,5.07,8-K,https://www.sec.gov/Archives/edgar/data/109198/000010919826000041/tjx-20260609.htm
TJX,2026-05-20,Earnings Release,"2.02,9.01",8-K,https://www.sec.gov/Archives/edgar/data/109198/000010919826000023/tjx-20260520.htm
TJX,2026-02-25,Earnings Release,"2.02,9.01",8-K,https://www.sec.gov/Archives/edgar/data/109198/000010919826000004/tjx-20260225.htm
TLRY,2026-08-10,8-K: Other Material Event,3.02,8-K,https://www.sec.gov/Archives/edgar/data/1731348/000114036126032052/ef20079834_8k.htm
TLRY,2026-07-28,Earnings Release,"2.02,9.01",FORM 8-K,https://www.sec.gov/Archives/edgar/data/1731348/000117184326004944/f8k_072826.htm
TLRY,2026-06-30,8-K: Other Material Event,3.02,8-K,https://www.sec.gov/Archives/edgar/data/1731348/000114036126026966/ef20077071_8k.htm
TLRY,2026-06-09,8-K: Other Material Event,3.02,8-K,https://www.sec.gov/Archives/edgar/data/1731348/000114036126024650/ef20075844_form8k.htm
TLRY,2026-04-21,Other Material Event,"8.01,9.01",FORM 8-K,https://www.sec.gov/Archives/edgar/data/1731348/000114036126015921/ny20066669x5_8k.htm
TLRY,2026-04-15,Material Agreement,"1.01,9.01",8-K,https://www.sec.gov/Archives/edgar/data/1731348/000114036126014692/ny20066669x2_8k.htm
TLRY,2026-04-15,8-K: Other Material Event,3.02,FORM 8-K,https://www.sec.gov/Archives/edgar/data/1731348/000114036126014638/ny20066669x3_8k.htm
TLRY,2026-04-01,Earnings Release,"2.02,9.01",FORM 8-K,https://www.sec.gov/Archives/edgar/data/1731348/000117184326002136/f8k_040126.htm
TMC,2026-08-19,Investor Presentation / Reg FD Disclosure,"7.01,9.01",FORM 8-K,https://www.sec.gov/Archives/edgar/data/1798562/000110465926098771/tm2623371d1_8k.htm
TMC,2026-08-17,Investor Presentation / Reg FD Disclosure,"7.01,9.01",FORM 8-K,https://www.sec.gov/Archives/edgar/data/1798562/000110465926097581/tm2623371d1_8k.htm
TMC,2026-08-13,Earnings Release,"2.02,9.01",FORM 8-K,https://www.sec.gov/Archives/edgar/data/1798562/000110465926095883/tm2623094d1_8k.htm
TMC,2026-05-29,8-K: Other Material Event,5.07,FORM 8-K,https://www.sec.gov/Archives/edgar/data/1798562/000110465926068344/tm2615944d1_8k.htm
TMC,2026-05-28,Investor Presentation / Reg FD Disclosure,"7.01,9.01",FORM 8-K,https://www.sec.gov/Archives/edgar/data/1798562/000110465926067275/tm2615882d1_8k.htm
TMC,2026-05-14,Earnings Release,"2.02,9.01",FORM 8-K,https://www.sec.gov/Archives/edgar/data/1798562/000110465926061202/tm2614595d1_8k.htm
TMC,2026-05-01,Investor Presentation / Reg FD Disclosure,"7.01,9.01",FORM 8-K,https://www.sec.gov/Archives/edgar/data/1798562/000110465926053506/tm2613309d1_8k.htm
TMC,2026-03-27,Earnings Release,"2.02,9.01",FORM 8-K,https://www.sec.gov/Archives/edgar/data/1798562/000110465926035748/tm269884d4_8k.htm
TMO,2026-07-23,Earnings Release,"2.02,9.01",8-K,https://www.sec.gov/Archives/edgar/data/97745/000009774526000138/tmo-20260723.htm
TMO,2026-05-26,8-K: Other Material Event,5.07,8-K,https://www.sec.gov/Archives/edgar/data/97745/000009774526000117/tmo-20260520.htm
TMO,2026-04-23,Earnings Release,"2.02,9.01",8-K,https://www.sec.gov/Archives/edgar/data/97745/000009774526000086/tmo-20260423.htm
TMO,2026-03-24,Other Material Event,"8.01,9.01",8-K,https://www.sec.gov/Archives/edgar/data/97745/000009774526000066/tmo-20260324.htm
TMUS,2026-07-23,Earnings Release,"2.02,9.01",TMUS FORM 8-K,https://www.sec.gov/Archives/edgar/data/1283699/000128369926000100/tmus-20260723.htm
TMUS,2026-07-07,Executive/Board Change,"5.02,7.01,9.01",8-K,https://www.sec.gov/Archives/edgar/data/1283699/000119312526297534/d170112d8k.htm
TMUS,2026-06-18,8-K: Other Material Event,5.07,8-K,https://www.sec.gov/Archives/edgar/data/1283699/000119312526275787/d167113d8k.htm
TMUS,2026-04-28,Earnings Release,"2.02,9.01",TMUS FORM 8-K,https://www.sec.gov/Archives/edgar/data/1283699/000128369926000062/tmus-20260428.htm
TMUS,2026-04-23,Other Material Event,8.01,8-K,https://www.sec.gov/Archives/edgar/data/1283699/000119312526173749/d114159d8k.htm
TMUS,2026-03-31,Other Material Event,8.01,8-K,https://www.sec.gov/Archives/edgar/data/1283699/000119312526134731/d136365d8k.htm
TMUS,2026-03-27,Executive/Board Change,5.02,8-K,https://www.sec.gov/Archives/edgar/data/1283699/000119312526129021/d124064d8k.htm
TSCO,2026-08-07,Executive/Board Change,5.02,8-K TRACTOR SUPPLY COMPANY,https://www.sec.gov/Archives/edgar/data/916365/000091636526000063/tsco-20260803.htm
TSCO,2026-08-06,Other Material Event,"8.01,9.01",8-K TRACTOR SUPPLY COMPANY,https://www.sec.gov/Archives/edgar/data/916365/000091636526000055/tsco-20260805.htm
TSCO,2026-07-23,Earnings Release,"2.02,9.01",8-K TRACTOR SUPPLY COMPANY,https://www.sec.gov/Archives/edgar/data/916365/000091636526000052/tsco-20260723.htm
TSCO,2026-05-28,Other Material Event,"8.01,9.01",8-K TRACTOR SUPPLY COMPANY,https://www.sec.gov/Archives/edgar/data/916365/000091636526000046/tsco-20260528.htm
TSCO,2026-05-21,Material Agreement,"1.01,2.03,9.01",8-K TRACTOR SUPPLY COMPANY,https://www.sec.gov/Archives/edgar/data/916365/000091636526000039/tsco-20260519.htm
TSCO,2026-05-15,Other Material Event,"5.07,8.01",8-K TRACTOR SUPPLY COMPANY,https://www.sec.gov/Archives/edgar/data/916365/000091636526000033/tsco-20260514.htm
TSCO,2026-05-14,Other Material Event,"8.01,9.01",8-K TRACTOR SUPPLY COMPANY,https://www.sec.gov/Archives/edgar/data/916365/000091636526000028/tsco-20260513.htm
TSCO,2026-04-21,Earnings Release,"2.02,9.01",8-K TRACTOR SUPPLY COMPANY,https://www.sec.gov/Archives/edgar/data/916365/000091636526000020/tsco-20260421.htm
TSLA,2026-07-22,Earnings Release,"2.02,9.01",8-K,https://www.sec.gov/Archives/edgar/data/1318605/000162828026049213/tsla-20260722.htm
TSLA,2026-07-02,Earnings Release,"2.02,9.01",8-K,https://www.sec.gov/Archives/edgar/data/1318605/000162828026046717/tsla-20260702.htm
TSLA,2026-04-22,Earnings Release,"2.02,9.01",8-K,https://www.sec.gov/Archives/edgar/data/1318605/000162828026026551/tsla-20260422.htm
TSLA,2026-04-02,Earnings Release,"2.02,9.01",8-K,https://www.sec.gov/Archives/edgar/data/1318605/000162828026022956/tsla-20260402.htm
TSN,2026-08-13,Investor Presentation / Reg FD Disclosure,7.01,8-K,https://www.sec.gov/Archives/edgar/data/100493/000010049326000063/tsn-20260813.htm
TSN,2026-08-11,Material Agreement,"1.01,8.01,9.01",8-K,https://www.sec.gov/Archives/edgar/data/100493/000114036126032111/ef20079808_8k.htm
TSN,2026-08-10,Other Material Event,"8.01,9.01",8-K,https://www.sec.gov/Archives/edgar/data/100493/000114036126031947/ef20079811_8k.htm
TSN,2026-08-03,Earnings Release,"2.02,9.01",8-K,https://www.sec.gov/Archives/edgar/data/100493/000010049326000057/tsn-20260803.htm
TSN,2026-06-18,Executive/Board Change,"5.02,9.01",8-K,https://www.sec.gov/Archives/edgar/data/100493/000010049326000050/tsn-20260618.htm
TSN,2026-06-09,Other Material Event,"8.01,9.01",8-K,https://www.sec.gov/Archives/edgar/data/100493/000010049326000032/tsn-20260609.htm
TSN,2026-06-08,Executive/Board Change,"5.02,7.01",8-K,https://www.sec.gov/Archives/edgar/data/100493/000010049326000030/tsn-20260608.htm
TSN,2026-05-28,Executive/Board Change,"5.02,7.01",8-K,https://www.sec.gov/Archives/edgar/data/100493/000010049326000026/tsn-20260528.htm
TTD,2026-08-06,Earnings Release,"2.02,9.01",8-K,https://www.sec.gov/Archives/edgar/data/1671933/000167193326000085/ttd-20260806.htm
TTD,2026-07-13,Executive/Board Change,"5.02,9.01",8-K,https://www.sec.gov/Archives/edgar/data/1671933/000167193326000074/ttd-20260707.htm
TTD,2026-06-09,Executive/Board Change,"5.02,9.01",8-K,https://www.sec.gov/Archives/edgar/data/1671933/000167193326000068/ttd-20260605.htm
TTD,2026-06-01,Executive/Board Change,"5.02,9.01",8-K,https://www.sec.gov/Archives/edgar/data/1671933/000167193326000063/ttd-20260601.htm
TTD,2026-05-29,Executive/Board Change,5.02,8-K,https://www.sec.gov/Archives/edgar/data/1671933/000167193326000060/ttd-20260524.htm
TTD,2026-05-08,Executive/Board Change,5.02,8-K,https://www.sec.gov/Archives/edgar/data/1671933/000167193326000057/ttd-20260507.htm
TTD,2026-05-08,8-K: Other Material Event,5.07,8-K,https://www.sec.gov/Archives/edgar/data/1671933/000167193326000055/ttd-20260504.htm
TTD,2026-05-07,Earnings Release,"2.02,9.01",8-K,https://www.sec.gov/Archives/edgar/data/1671933/000167193326000053/ttd-20260507.htm
TTMI,2026-08-17,Material Agreement,"1.01,7.01,9.01",8-K,https://www.sec.gov/Archives/edgar/data/1116942/000119312526353148/d375900d8k.htm
TTMI,2026-08-06,Earnings Release,"2.02,9.01",8-K,https://www.sec.gov/Archives/edgar/data/1116942/000119312526336163/d132953d8k.htm
TTMI,2026-06-18,Other Material Event,"8.01,9.01",8-K,https://www.sec.gov/Archives/edgar/data/1116942/000119312526274429/d144646d8k.htm
TTMI,2026-06-03,Material Agreement,"1.01,1.02,2.03,3.03,7.01,9.01",8-K,https://www.sec.gov/Archives/edgar/data/1116942/000119312526255711/d220132d8k.htm
TTMI,2026-05-27,Investor Presentation / Reg FD Disclosure,7.01,8-K,https://www.sec.gov/Archives/edgar/data/1116942/000119312526240340/d112116d8k.htm
TTMI,2026-05-18,Investor Presentation / Reg FD Disclosure,7.01,8-K,https://www.sec.gov/Archives/edgar/data/1116942/000119312526229075/d131334d8k.htm
TTMI,2026-05-08,Executive/Board Change,"5.02,5.07,8.01,9.01",8-K,https://www.sec.gov/Archives/edgar/data/1116942/000119312526214668/d131458d8k.htm
TTMI,2026-04-29,Earnings Release,"2.02,9.01",8-K,https://www.sec.gov/Archives/edgar/data/1116942/000119312526191490/d103788d8k.htm
TTWO,2026-08-07,Earnings Release,"2.02,9.01",8-K,https://www.sec.gov/Archives/edgar/data/946581/000162828026054580/ttwo-20260807.htm
TTWO,2026-05-21,Earnings Release,"2.02,9.01",8-K,https://www.sec.gov/Archives/edgar/data/946581/000162828026037260/ttwo-20260521.htm
TWLO,2026-08-06,Earnings Release,"2.02,9.01",8-K,https://www.sec.gov/Archives/edgar/data/1447669/000144766926000088/twlo-20260806.htm
TWLO,2026-06-17,Executive/Board Change,"5.02,5.07,9.01",8-K,https://www.sec.gov/Archives/edgar/data/1447669/000144766926000055/twlo-20260616.htm
TWLO,2026-04-30,Earnings Release,"2.02,9.01",8-K,https://www.sec.gov/Archives/edgar/data/1447669/000144766926000046/twlo-20260430.htm
TWLO,2026-03-24,Executive/Board Change,"5.02,7.01,9.01",8-K,https://www.sec.gov/Archives/edgar/data/1447669/000144766926000027/twlo-20260324.htm
TXN,2026-07-22,Earnings Release,"2.02,9.01",8-K,https://www.sec.gov/Archives/edgar/data/97476/000009747626000148/txn-20260722.htm
TXN,2026-06-02,Executive/Board Change,5.02,FORM 8K,https://www.sec.gov/Archives/edgar/data/97476/000095010326008325/dp247795_8k.htm
TXN,2026-04-22,Earnings Release,"2.02,9.01",8-K,https://www.sec.gov/Archives/edgar/data/97476/000009747626000097/txn-20260422.htm
TXN,2026-04-17,8-K: Other Material Event,5.07,8-K,https://www.sec.gov/Archives/edgar/data/97476/000009747626000094/txn-20260416.htm
TXN,2026-03-25,Executive/Board Change,5.02,8-K,https://www.sec.gov/Archives/edgar/data/97476/000119312526124057/d136885d8k.htm
TXRH,2026-08-06,Earnings Release,"2.02,8.01,9.01",8-K,https://www.sec.gov/Archives/edgar/data/1289460/000110465926091980/txrh-20260805x8k.htm
TXRH,2026-05-22,8-K: Other Material Event,5.07,8-K,https://www.sec.gov/Archives/edgar/data/1289460/000110465926065479/txrh-20260521x8k.htm
TXRH,2026-05-07,Earnings Release,"2.02,8.01,9.01",8-K,https://www.sec.gov/Archives/edgar/data/1289460/000110465926057105/txrh-20260506x8k.htm
TXRH,2026-03-05,Executive/Board Change,"5.02,7.01,9.01",FORM 8-K,https://www.sec.gov/Archives/edgar/data/1289460/000110465926024099/tm267926d1_8k.htm
U,2026-08-19,Executive/Board Change,"5.02,7.01,9.01",8-K,https://www.sec.gov/Archives/edgar/data/1810806/000181080626000046/unity-20260817.htm
U,2026-08-06,Earnings Release,"2.02,9.01",8-K,https://www.sec.gov/Archives/edgar/data/1810806/000181080626000041/unity-20260806.htm
U,2026-07-27,Executive/Board Change,5.02,8-K,https://www.sec.gov/Archives/edgar/data/1810806/000181080626000037/unity-20260727.htm
U,2026-07-16,Executive/Board Change,5.02,8-K,https://www.sec.gov/Archives/edgar/data/1810806/000181080626000035/unity-20260713.htm
U,2026-05-14,8-K: Other Material Event,5.07,8-K,https://www.sec.gov/Archives/edgar/data/1810806/000162828026034957/unity-20260513.htm
U,2026-05-07,Earnings Release,"2.02,9.01",8-K,https://www.sec.gov/Archives/edgar/data/1810806/000181080626000030/unity-20260507.htm
U,2026-03-26,Investor Presentation / Reg FD Disclosure,"7.01,9.01",8-K,https://www.sec.gov/Archives/edgar/data/1810806/000181080626000016/unity-20260326.htm
UAL,2026-07-15,Earnings Release,"2.02,7.01,9.01",8-K,https://www.sec.gov/Archives/edgar/data/100517/000010051726000135/ual-20260715.htm
UAL,2026-05-22,8-K: Other Material Event,5.07,FORM 8-K,https://www.sec.gov/Archives/edgar/data/100517/000110465926065739/tm2615419d1_8k.htm
UAL,2026-04-27,Investor Presentation / Reg FD Disclosure,"7.01,9.01",FORM 8-K,https://www.sec.gov/Archives/edgar/data/100517/000110465926048992/tm2612792d1_8k.htm
UAL,2026-04-21,Earnings Release,"2.02,7.01,9.01",8-K,https://www.sec.gov/Archives/edgar/data/100517/000010051726000089/ual-20260421.htm
UBER,2026-08-07,Material Agreement,"1.01,1.02,2.03,9.01",,https://www.sec.gov/Archives/edgar/data/1543151/000155278126000414/e26328_uber-8k.htm
UBER,2026-08-05,Earnings Release,"2.02,9.01",8-K,https://www.sec.gov/Archives/edgar/data/1543151/000154315126000027/uber-20260805.htm
UBER,2026-07-16,Material Agreement,"1.01,2.03,7.01,9.01",,https://www.sec.gov/Archives/edgar/data/1543151/000155278126000382/e26302_uber-8k.htm
UBER,2026-05-11,Executive/Board Change,5.02,,https://www.sec.gov/Archives/edgar/data/1543151/000155278126000320/e26247_uber-8k.htm
UBER,2026-05-08,8-K: Other Material Event,5.07,,https://www.sec.gov/Archives/edgar/data/1543151/000155278126000314/e26243_uber-8k.htm
UBER,2026-05-06,Earnings Release,"2.02,9.01",8-K,https://www.sec.gov/Archives/edgar/data/1543151/000154315126000019/uber-20260506.htm
UEC,2026-07-23,Investor Presentation / Reg FD Disclosure,"5.07,7.01,9.01",FORM 8-K,https://www.sec.gov/Archives/edgar/data/1334933/000143774926024336/uec20260723_8k.htm
UEC,2026-06-09,Earnings Release,"2.02,7.01,9.01",FORM 8-K,https://www.sec.gov/Archives/edgar/data/1334933/000143774926020021/uec20260609_8k.htm
UEC,2026-05-28,Investor Presentation / Reg FD Disclosure,"7.01,9.01",FORM 8-K,https://www.sec.gov/Archives/edgar/data/1334933/000143774926018759/uec20260528_8k.htm
UEC,2026-04-08,Investor Presentation / Reg FD Disclosure,"7.01,9.01",FORM 8-K,https://www.sec.gov/Archives/edgar/data/1334933/000143774926011769/uec20260408_8k.htm
UEC,2026-03-23,Investor Presentation / Reg FD Disclosure,"7.01,9.01",FORM 8-K,https://www.sec.gov/Archives/edgar/data/1334933/000143774926009421/uec20260323_8k.htm
UEC,2026-03-10,Earnings Release,"2.02,7.01,9.01",FORM 8-K,https://www.sec.gov/Archives/edgar/data/1334933/000143774926007558/uec20260310_8k.htm
ULTA,2026-08-17,Executive/Board Change,"5.02,8.01,9.01",8-K,https://www.sec.gov/Archives/edgar/data/1403568/000110465926097497/ulta-20260813x8k.htm
ULTA,2026-07-14,Executive/Board Change,"5.02,7.01,9.01",8-K,https://www.sec.gov/Archives/edgar/data/1403568/000110465926083524/ulta-20260714x8k.htm
ULTA,2026-06-09,Executive/Board Change,"5.02,5.03,5.07,9.01",8-K,https://www.sec.gov/Archives/edgar/data/1403568/000110465926071896/ulta-20260609x8k.htm
ULTA,2026-06-02,Earnings Release,"2.02,9.01",8-K,https://www.sec.gov/Archives/edgar/data/1403568/000110465926069464/ulta-20260602x8k.htm
ULTA,2026-03-12,Earnings Release,"2.02,9.01",8-K,https://www.sec.gov/Archives/edgar/data/1403568/000110465926027061/ulta-20260312x8k.htm
UMAC,2026-08-12,Bylaws/Fiscal Year Change,"4.01,5.03,9.01",CURRENT REPORT,https://www.sec.gov/Archives/edgar/data/1956955/000168316826006280/umac_8k.htm
UMAC,2026-08-11,Investor Presentation / Reg FD Disclosure,"7.01,9.01",CURRENT REPORT,https://www.sec.gov/Archives/edgar/data/1956955/000168316826006179/umac_8k.htm
UMAC,2026-08-06,Earnings Release,"2.02,7.01,9.01",CURRENT REPORT,https://www.sec.gov/Archives/edgar/data/1956955/000168316826006015/umac_8k.htm
UMAC,2026-07-28,Executive/Board Change,5.02,FORM 8-K,https://www.sec.gov/Archives/edgar/data/1956955/000168316826005806/umac_8k.htm
UMAC,2026-06-25,Material Agreement,"1.01,7.01,9.01",CURRENT REPORT,https://www.sec.gov/Archives/edgar/data/1956955/000168316826005100/umac_8k.htm
UMAC,2026-05-29,Other Material Event,8.01,FORM 8-K,https://www.sec.gov/Archives/edgar/data/1956955/000168316826004358/umac_8k.htm
UMAC,2026-05-26,Investor Presentation / Reg FD Disclosure,"7.01,9.01",CURRENT REPORT,https://www.sec.gov/Archives/edgar/data/1956955/000168316826004300/umac_8k.htm
UMAC,2026-05-14,Earnings Release,"2.02,9.01",FORM 8-K,https://www.sec.gov/Archives/edgar/data/1956955/000168316826003912/umac_8k.htm
UMBF,2026-07-28,Earnings Release,"2.02,8.01,9.01",8-K,https://www.sec.gov/Archives/edgar/data/101382/000119312526320980/umbf-20260728.htm
UMBF,2026-04-30,8-K: Other Material Event,"5.07,9.01",8-K,https://www.sec.gov/Archives/edgar/data/101382/000119312526197753/umbf-20260428.htm
UMBF,2026-04-28,Earnings Release,"2.02,8.01,9.01",8-K,https://www.sec.gov/Archives/edgar/data/101382/000119312526186932/umbf-20260428.htm
UNG,2026-07-29,Investor Presentation / Reg FD Disclosure,"7.01,9.01",FORM 8-K,https://www.sec.gov/Archives/edgar/data/1376227/000110465926087856/tm2620060d2_8k.htm
UNG,2026-06-29,Investor Presentation / Reg FD Disclosure,"7.01,9.01",FORM 8-K,https://www.sec.gov/Archives/edgar/data/1376227/000110465926078517/tm2617346d2_8k.htm
UNG,2026-05-28,Investor Presentation / Reg FD Disclosure,"7.01,9.01",FORM 8-K,https://www.sec.gov/Archives/edgar/data/1376227/000110465926067259/tm2614350d2_8k.htm
UNG,2026-04-29,Investor Presentation / Reg FD Disclosure,"7.01,9.01",FORM 8-K,https://www.sec.gov/Archives/edgar/data/1376227/000110465926050932/tm2611631d2_8k.htm
UNG,2026-03-27,Investor Presentation / Reg FD Disclosure,"7.01,9.01",,https://www.sec.gov/Archives/edgar/data/1376227/000207187626000067/i26129_ung-8k.htm
UNG,2026-03-27,Investor Presentation / Reg FD Disclosure,"7.01,9.01",FORM 8-K,https://www.sec.gov/Archives/edgar/data/1376227/000110465926035704/tm268499d2_8k.htm
UNG,2026-03-20,Investor Presentation / Reg FD Disclosure,"7.01,9.01",FORM 8-K,https://www.sec.gov/Archives/edgar/data/1376227/000110465926032669/tm268488d2_8k.htm
UNG,2026-02-27,Investor Presentation / Reg FD Disclosure,"7.01,9.01",FORM 8-K,https://www.sec.gov/Archives/edgar/data/1376227/000110465926021016/tm266376d2_8k.htm
UNH,2026-07-16,Earnings Release,"2.02,9.01",8-K,https://www.sec.gov/Archives/edgar/data/731766/000073176626000191/unh-20260716.htm
UNH,2026-06-05,8-K: Other Material Event,5.07,8-K,https://www.sec.gov/Archives/edgar/data/731766/000073176626000138/unh-20260601.htm
UNH,2026-05-11,Investor Presentation / Reg FD Disclosure,7.01,8-K,https://www.sec.gov/Archives/edgar/data/731766/000073176626000129/unh-20260511.htm
UNH,2026-04-21,Earnings Release,"2.02,9.01",8-K,https://www.sec.gov/Archives/edgar/data/731766/000073176626000121/unh-20260421.htm
UNH,2026-03-09,Investor Presentation / Reg FD Disclosure,7.01,8-K,https://www.sec.gov/Archives/edgar/data/731766/000073176626000067/unh-20260309.htm
UNH,2026-03-02,Executive/Board Change,5.02,8-K,https://www.sec.gov/Archives/edgar/data/731766/000073176626000064/unh-20260224.htm
UNH,2026-02-25,Executive/Board Change,5.02,8-K,https://www.sec.gov/Archives/edgar/data/731766/000073176626000046/unh-20260223.htm
UPS,2026-08-18,Other Material Event,"8.01,9.01",FORM 8-K,https://www.sec.gov/Archives/edgar/data/1090727/000110465926098351/tm2622353d8_8k.htm
UPS,2026-08-12,Other Material Event,"8.01,9.01",FORM 8-K,https://www.sec.gov/Archives/edgar/data/1090727/000110465926094502/tm2622353d5_8k.htm
UPS,2026-07-28,Earnings Release,"2.02,9.01",8-K,https://www.sec.gov/Archives/edgar/data/1090727/000162828026049912/ups-20260728.htm
UPS,2026-06-15,Executive/Board Change,5.02,8-K,https://www.sec.gov/Archives/edgar/data/1090727/000162828026043196/ups-20260613.htm
UPS,2026-05-13,Executive/Board Change,5.02,8-K,https://www.sec.gov/Archives/edgar/data/1090727/000162828026034597/ups-20260513.htm
UPS,2026-05-11,Executive/Board Change,"5.02,5.07,9.01",FORM 8-K - SHAREOWNERS MEETING,https://www.sec.gov/Archives/edgar/data/1090727/000162828026033522/ups-20260507.htm
UPS,2026-04-28,Earnings Release,"2.02,9.01",8-K,https://www.sec.gov/Archives/edgar/data/1090727/000162828026027717/ups-20260428.htm
UPST,2026-08-04,Earnings Release,"2.02,9.01",8-K,https://www.sec.gov/Archives/edgar/data/1647639/000164763926000062/upst-20260804.htm
UPST,2026-05-28,8-K: Other Material Event,5.07,8-K,https://www.sec.gov/Archives/edgar/data/1647639/000164763926000050/upst-20260528.htm
UPST,2026-05-19,Executive/Board Change,"5.02,9.01",8-K,https://www.sec.gov/Archives/edgar/data/1647639/000164763926000048/upst-20260519.htm
UPST,2026-05-05,Earnings Release,"2.02,9.01",8-K,https://www.sec.gov/Archives/edgar/data/1647639/000164763926000045/upst-20260505.htm
UPST,2026-03-10,Other Material Event,"8.01,9.01",8-K,https://www.sec.gov/Archives/edgar/data/1647639/000164763926000036/upst-20260310.htm
UPWK,2026-08-10,Earnings Release,"2.02,9.01",8-K,https://www.sec.gov/Archives/edgar/data/1627475/000162747526000046/upwork-20260810.htm
UPWK,2026-07-16,Executive/Board Change,5.02,8-K,https://www.sec.gov/Archives/edgar/data/1627475/000162747526000042/upwork-20260714.htm
UPWK,2026-06-23,Material Agreement,"1.01,2.03,9.01",8-K,https://www.sec.gov/Archives/edgar/data/1627475/000162747526000039/upwork-20260623.htm
UPWK,2026-06-05,Executive/Board Change,"5.02,5.07",8-K,https://www.sec.gov/Archives/edgar/data/1627475/000162747526000036/upwork-20260604.htm
UPWK,2026-05-07,Earnings Release,"2.02,2.05,7.01,9.01",8-K,https://www.sec.gov/Archives/edgar/data/1627475/000162747526000033/upwork-20260507.htm
UPWK,2026-03-18,Executive/Board Change,5.02,8-K,https://www.sec.gov/Archives/edgar/data/1627475/000162747526000018/upwork-20260312.htm
USAR,2026-08-10,Earnings Release,"2.02,9.01",FORM 8-K - ITEM 2.02,https://www.sec.gov/Archives/edgar/data/1970622/000197062226000056/usar-20260810.htm
USAR,2026-08-07,Acquisition/Disposition of Assets,"2.01,9.01",CURRENT REPORT,https://www.sec.gov/Archives/edgar/data/1970622/000121390026086814/ea0301206-8k_usarare.htm
USAR,2026-07-23,Investor Presentation / Reg FD Disclosure,"3.02,7.01,8.01,9.01",CURRENT REPORT,https://www.sec.gov/Archives/edgar/data/1970622/000121390026080645/ea0299001-8k_usarare.htm
USAR,2026-07-20,Executive/Board Change,"5.02,7.01,9.01",CURRENT REPORT,https://www.sec.gov/Archives/edgar/data/1970622/000121390026079438/ea0298490-8k_usarare.htm
USAR,2026-07-16,Material Agreement,"1.01,8.01,9.01",CURRENT REPORT,https://www.sec.gov/Archives/edgar/data/1970622/000121390026078760/ea0296752-8k_usarare.htm
USAR,2026-06-18,Executive/Board Change,"5.02,9.01",CURRENT REPORT,https://www.sec.gov/Archives/edgar/data/1970622/000121390026070213/ea0295221-8k_usarare.htm
USAR,2026-06-15,Other Material Event,"8.01,9.01",CURRENT REPORT,https://www.sec.gov/Archives/edgar/data/1970622/000121390026068491/ea0294574-8k_usarare.htm
USAR,2026-06-05,Other Material Event,"8.01,9.01",CURRENT REPORT,https://www.sec.gov/Archives/edgar/data/1970622/000121390026065498/ea0292697-8k_usarare.htm
USO,2026-07-29,Investor Presentation / Reg FD Disclosure,"7.01,9.01",FORM 8-K,https://www.sec.gov/Archives/edgar/data/1327068/000110465926087855/tm2620060d1_8k.htm
USO,2026-06-29,Investor Presentation / Reg FD Disclosure,"7.01,9.01",FORM 8-K,https://www.sec.gov/Archives/edgar/data/1327068/000110465926078516/tm2617346d1_8k.htm
USO,2026-05-28,Investor Presentation / Reg FD Disclosure,"7.01,9.01",FORM 8-K,https://www.sec.gov/Archives/edgar/data/1327068/000110465926067258/tm2614350d1_8k.htm
USO,2026-04-29,Investor Presentation / Reg FD Disclosure,"7.01,9.01",FORM 8-K,https://www.sec.gov/Archives/edgar/data/1327068/000110465926050930/tm2611631d1_8k.htm
USO,2026-03-27,Investor Presentation / Reg FD Disclosure,"7.01,9.01",,https://www.sec.gov/Archives/edgar/data/1327068/000207187626000071/i26133_uso-8k.htm
USO,2026-03-27,Investor Presentation / Reg FD Disclosure,"7.01,9.01",FORM 8-K,https://www.sec.gov/Archives/edgar/data/1327068/000110465926035702/tm268499d1_8k.htm
USO,2026-03-20,Investor Presentation / Reg FD Disclosure,"7.01,9.01",FORM 8-K,https://www.sec.gov/Archives/edgar/data/1327068/000110465926032666/tm268488d1_8k.htm
USO,2026-02-27,Investor Presentation / Reg FD Disclosure,"7.01,9.01",FORM 8-K,https://www.sec.gov/Archives/edgar/data/1327068/000110465926021015/tm266376d1_8k.htm
UUUU,2026-07-28,Investor Presentation / Reg FD Disclosure,"7.01,8.01,9.01",FORM 8-K,https://www.sec.gov/Archives/edgar/data/1385849/000106299326003884/form8k.htm
UUUU,2026-07-14,Investor Presentation / Reg FD Disclosure,"7.01,9.01",FORM 8-K,https://www.sec.gov/Archives/edgar/data/1385849/000106299326003630/form8k.htm
UUUU,2026-06-26,Material Agreement,"1.01,2.03,3.02,5.07,8.01,9.01",FORM 8-K,https://www.sec.gov/Archives/edgar/data/1385849/000106299326003385/form8k.htm
UUUU,2026-06-23,Investor Presentation / Reg FD Disclosure,"7.01,9.01",FORM 8-K,https://www.sec.gov/Archives/edgar/data/1385849/000106299326003317/form8k.htm
UUUU,2026-05-15,Executive/Board Change,5.02,FORM 8-K,https://www.sec.gov/Archives/edgar/data/1385849/000106299326002713/form8k.htm
UUUU,2026-04-17,Executive/Board Change,5.02,FORM 8-K,https://www.sec.gov/Archives/edgar/data/1385849/000106299326002047/form8k.htm
UUUU,2026-03-18,Material Agreement,"1.01,9.01",FORM 8-K,https://www.sec.gov/Archives/edgar/data/1385849/000106299326001527/form8k.htm
UUUU,2026-03-03,Executive/Board Change,"5.02,9.01",FORM 8-K,https://www.sec.gov/Archives/edgar/data/1385849/000106299326001257/form8k.htm
V,2026-07-28,Earnings Release,"2.02,8.01,9.01",8-K,https://www.sec.gov/Archives/edgar/data/1403161/000140316126000103/v-20260728.htm
V,2026-07-15,Bylaws/Fiscal Year Change,"5.03,9.01",8-K,https://www.sec.gov/Archives/edgar/data/1403161/000140316126000096/v-20260714.htm
V,2026-06-26,Other Material Event,8.01,8-K,https://www.sec.gov/Archives/edgar/data/1403161/000140316126000086/v-20260624.htm
V,2026-05-12,Material Agreement,"1.01,8.01,9.01",8-K,https://www.sec.gov/Archives/edgar/data/1403161/000119312526219432/d64238d8k.htm
V,2026-05-11,Investor Presentation / Reg FD Disclosure,"7.01,9.01",8-K,https://www.sec.gov/Archives/edgar/data/1403161/000119312526215875/d59695d8k.htm
V,2026-04-28,Earnings Release,"2.02,8.01,9.01",8-K,https://www.sec.gov/Archives/edgar/data/1403161/000140316126000077/v-20260428.htm
V,2026-02-27,Other Material Event,8.01,8-K,https://www.sec.gov/Archives/edgar/data/1403161/000140316126000063/v-20260225.htm
VG,2026-08-11,Earnings Release,"2.02,9.01",8-K,https://www.sec.gov/Archives/edgar/data/2007855/000200785526000063/vg-20260811.htm
VG,2026-07-08,Earnings Release,"2.02,9.01",8-K,https://www.sec.gov/Archives/edgar/data/2007855/000200785526000057/vg-20260708.htm
VG,2026-06-26,Material Agreement,"1.01,2.03,8.01,9.01",8-K,https://www.sec.gov/Archives/edgar/data/2007855/000200785526000055/vg-20260626.htm
VG,2026-06-11,Material Agreement,"1.01,2.03,9.01",8-K,https://www.sec.gov/Archives/edgar/data/2007855/000200785526000051/vg-20260611.htm
VG,2026-06-02,Other Material Event,"2.04,8.01,9.01",8-K,https://www.sec.gov/Archives/edgar/data/2007855/000200785526000048/vg-20260601.htm
VG,2026-06-01,Executive/Board Change,5.02,FORM 8-K,https://www.sec.gov/Archives/edgar/data/2007855/000095010326008083/dp247403_8k.htm
VG,2026-05-29,8-K: Other Material Event,5.07,8-K,https://www.sec.gov/Archives/edgar/data/2007855/000200785526000045/vg-20260527.htm
VG,2026-05-12,Earnings Release,"2.02,9.01",8-K,https://www.sec.gov/Archives/edgar/data/2007855/000200785526000042/vg-20260512.htm
VKTX,2026-07-29,Earnings Release,"2.02,9.01",8-K,https://www.sec.gov/Archives/edgar/data/1607678/000119312526323652/vktx-20260729.htm
VKTX,2026-05-26,8-K: Other Material Event,"5.07,9.01",8-K,https://www.sec.gov/Archives/edgar/data/1607678/000119312526239535/vktx-20260519.htm
VKTX,2026-04-29,Earnings Release,"2.02,9.01",8-K,https://www.sec.gov/Archives/edgar/data/1607678/000119312526191487/vktx-20260429.htm
VLO,2026-07-30,Earnings Release,"2.02,9.01",FORM 8-K SECOND QUARTER 2026 EARNINGS RELEASE,https://www.sec.gov/Archives/edgar/data/1035002/000162828026050822/vlo-20260730.htm
VLO,2026-07-16,Investor Presentation / Reg FD Disclosure,7.01,8-K,https://www.sec.gov/Archives/edgar/data/1035002/000162828026048495/vlo-20260716.htm
VLO,2026-05-08,Executive/Board Change,"5.02,5.07,8.01,9.01",8-K,https://www.sec.gov/Archives/edgar/data/1035002/000162828026032765/vlo-20260507.htm
VLO,2026-04-30,Earnings Release,"2.02,9.01",FORM 8-K FIRST QUARTER 2026 EARNINGS RELEASE,https://www.sec.gov/Archives/edgar/data/1035002/000162828026028602/vlo-20260430.htm
VLO,2026-03-09,Material Agreement,"1.01,9.01",8-K,https://www.sec.gov/Archives/edgar/data/1035002/000119312526098770/d109706d8k.htm
VRNS,2026-07-28,Earnings Release,"2.02,9.01",FORM 8-K,https://www.sec.gov/Archives/edgar/data/1361113/000117184326004948/f8k_072826.htm
VRNS,2026-06-02,Executive/Board Change,"5.02,5.07",FORM 8-K,https://www.sec.gov/Archives/edgar/data/1361113/000117184326003887/f8k_060226.htm
VRNS,2026-04-28,Earnings Release,"2.02,9.01",FORM 8-K,https://www.sec.gov/Archives/edgar/data/1361113/000117184326002774/f8k_042826.htm
VRT,2026-07-29,Earnings Release,"2.02,7.01,9.01",8-K,https://www.sec.gov/Archives/edgar/data/1674101/000162828026050323/vrt-20260729.htm
VRT,2026-06-18,8-K: Other Material Event,5.07,8-K,https://www.sec.gov/Archives/edgar/data/1674101/000162828026044317/vrt-20260617.htm
VRT,2026-06-12,Investor Presentation / Reg FD Disclosure,"7.01,9.01",8-K,https://www.sec.gov/Archives/edgar/data/1674101/000162828026042641/vrt-20260612.htm
VRT,2026-06-03,Other Material Event,"8.01,9.01",8-K,https://www.sec.gov/Archives/edgar/data/1674101/000162828026040031/vrt-20260603.htm
VRT,2026-04-27,Investor Presentation / Reg FD Disclosure,"7.01,9.01",8-K,https://www.sec.gov/Archives/edgar/data/1674101/000162828026027297/vrt-20260427.htm
VRT,2026-04-22,Earnings Release,"2.02,7.01,9.01",8-K,https://www.sec.gov/Archives/edgar/data/1674101/000162828026026379/vrt-20260422.htm
VRT,2026-04-13,Investor Presentation / Reg FD Disclosure,"7.01,9.01",8-K,https://www.sec.gov/Archives/edgar/data/1674101/000162828026024824/vrt-20260413.htm
VRT,2026-03-24,Investor Presentation / Reg FD Disclosure,"7.01,9.01",8-K,https://www.sec.gov/Archives/edgar/data/1674101/000119312526120863/d94872d8k.htm
VST,2026-08-07,Earnings Release,"2.02,9.01",8-K,https://www.sec.gov/Archives/edgar/data/1692819/000169281926000017/vistra-20260807.htm
VST,2026-07-16,Material Agreement,"1.01,2.03,9.01",8-K,https://www.sec.gov/Archives/edgar/data/1692819/000114036126028619/ef20077984_8k.htm
VST,2026-07-14,Other Material Event,8.01,8-K,https://www.sec.gov/Archives/edgar/data/1692819/000114036126028454/ef20077988_8k.htm
VST,2026-06-30,Material Agreement,"1.01,2.03,9.01",8-K,https://www.sec.gov/Archives/edgar/data/1692819/000114036126026944/ef20077059_8k.htm
VST,2026-05-07,Earnings Release,"2.02,9.01",8-K,https://www.sec.gov/Archives/edgar/data/1692819/000169281926000011/vistra-20260507.htm
VST,2026-05-04,8-K: Other Material Event,5.07,8-K,https://www.sec.gov/Archives/edgar/data/1692819/000114036126018872/ef20072328_8k.htm
VST,2026-04-28,Material Agreement,"1.01,2.03,9.01",8-K,https://www.sec.gov/Archives/edgar/data/1692819/000114036126017445/ef20071492_8k.htm
VST,2026-02-26,Earnings Release,"2.02,9.01",8-K,https://www.sec.gov/Archives/edgar/data/1692819/000119312526073364/d21122d8k.htm
VZ,2026-07-24,Executive/Board Change,5.02,8-K,https://www.sec.gov/Archives/edgar/data/732712/000119312526315236/d174102d8k.htm
VZ,2026-07-24,Earnings Release,"2.02,9.01",8-K,https://www.sec.gov/Archives/edgar/data/732712/000073271226000040/vz-20260724.htm
VZ,2026-06-29,Investor Presentation / Reg FD Disclosure,7.01,8-K,https://www.sec.gov/Archives/edgar/data/732712/000119312526286771/d165697d8k.htm
VZ,2026-06-17,Other Material Event,"8.01,9.01",8-K,https://www.sec.gov/Archives/edgar/data/732712/000119312526273410/d15574d8k.htm
VZ,2026-06-02,Other Material Event,"8.01,9.01",8-K,https://www.sec.gov/Archives/edgar/data/732712/000119312526252577/d157846d8k.htm
VZ,2026-05-28,Executive/Board Change,"5.02,5.07",8-K,https://www.sec.gov/Archives/edgar/data/732712/000119312526245230/d48210d8k.htm
VZ,2026-05-14,Other Material Event,"8.01,9.01",8-K,https://www.sec.gov/Archives/edgar/data/732712/000119312526224113/d75552d8k.htm
VZ,2026-05-11,Other Material Event,"8.01,9.01",8-K,https://www.sec.gov/Archives/edgar/data/732712/000119312526215839/d114259d8k.htm
W,2026-08-04,Earnings Release,"2.02,9.01",8-K,https://www.sec.gov/Archives/edgar/data/1616707/000161670726000147/w-20260804.htm
W,2026-05-22,Executive/Board Change,"5.02,5.07,9.01",8-K,https://www.sec.gov/Archives/edgar/data/1616707/000161670726000122/w-20260521.htm
W,2026-05-18,Material Agreement,"1.01,2.03,7.01,9.01",8-K,https://www.sec.gov/Archives/edgar/data/1616707/000119312526229012/d122682d8k.htm
W,2026-05-14,Investor Presentation / Reg FD Disclosure,"7.01,9.01",8-K,https://www.sec.gov/Archives/edgar/data/1616707/000119312526222168/d155001d8k.htm
W,2026-05-13,Investor Presentation / Reg FD Disclosure,"7.01,9.01",8-K,https://www.sec.gov/Archives/edgar/data/1616707/000119312526220660/d153028d8k.htm
W,2026-04-30,Earnings Release,"2.02,9.01",8-K,https://www.sec.gov/Archives/edgar/data/1616707/000161670726000110/w-20260430.htm
W,2026-03-06,Investor Presentation / Reg FD Disclosure,7.01,8-K,https://www.sec.gov/Archives/edgar/data/1616707/000161670726000043/w-20260304.htm
WDAY,2026-06-22,8-K: Other Material Event,5.07,8-K,https://www.sec.gov/Archives/edgar/data/1327811/000132781126000031/wday-20260616.htm
WDAY,2026-05-21,Earnings Release,"2.02,9.01",8-K,https://www.sec.gov/Archives/edgar/data/1327811/000132781126000024/wday-20260521.htm
WDAY,2026-04-24,8-K: Other Material Event,9.01,8-K,https://www.sec.gov/Archives/edgar/data/1327811/000132781126000019/wday-20260420.htm
WDAY,2026-03-06,Executive/Board Change,5.02,8-K,https://www.sec.gov/Archives/edgar/data/1327811/000132781126000016/wday-20260305.htm
WDAY,2026-02-24,Earnings Release,"2.02,9.01",8-K,https://www.sec.gov/Archives/edgar/data/1327811/000132781126000010/wday-20260224.htm
WDC,2026-08-05,Earnings Release,"2.02,9.01",8-K,https://www.sec.gov/Archives/edgar/data/106040/000162828026053305/wdc-20260805.htm
WDC,2026-06-11,Other Material Event,8.01,8-K,https://www.sec.gov/Archives/edgar/data/106040/000119312526267514/d83915d8k.htm
WDC,2026-06-03,Other Material Event,"3.02,8.01",8-K,https://www.sec.gov/Archives/edgar/data/106040/000119312526254621/d106828d8k.htm
WDC,2026-05-28,Executive/Board Change,"5.02,7.01,9.01",8-K,https://www.sec.gov/Archives/edgar/data/106040/000162828026038632/wdc-20260526.htm
WDC,2026-04-30,Earnings Release,"2.02,9.01",8-K,https://www.sec.gov/Archives/edgar/data/106040/000162828026028878/wdc-20260430.htm
WDC,2026-02-24,Bylaws/Fiscal Year Change,"5.03,8.01,9.01",8-K,https://www.sec.gov/Archives/edgar/data/106040/000119312526067035/d41636d8k.htm
WEAT,2026-06-23,8-K: Other Material Event,"4.01,9.01",FORM 8-K,https://www.sec.gov/Archives/edgar/data/1471824/000143774926021459/tags20260623_8k.htm
WEAT,2026-05-22,Material Agreement,"1.01,9.01",FORM 8-K,https://www.sec.gov/Archives/edgar/data/1471824/000143774926018283/tags20260522_8k.htm
WEAT,2026-05-01,Executive/Board Change,5.02,FORM 8-K,https://www.sec.gov/Archives/edgar/data/1471824/000143774926014496/weat20260501_8k.htm
WES,2026-08-05,Earnings Release,"2.02,9.01",8-K,https://www.sec.gov/Archives/edgar/data/1423902/000142390226000092/wes-20260805.htm
WES,2026-06-25,Material Agreement,"1.01,2.03,8.01,9.01",8-K,https://www.sec.gov/Archives/edgar/data/1423902/000142390226000060/wes-20260622.htm
WES,2026-06-12,Material Agreement,"1.01,3.02,7.01,9.01",8-K,https://www.sec.gov/Archives/edgar/data/1423902/000142390226000054/wes-20260611.htm
WES,2026-05-06,Earnings Release,"2.02,7.01,9.01",8-K,https://www.sec.gov/Archives/edgar/data/1423902/000142390226000043/wes-20260506.htm
WFC,2026-08-19,Bylaws/Fiscal Year Change,"5.03,9.01",8-K,https://www.sec.gov/Archives/edgar/data/72971/000119312526356890/d144651d8k.htm
WFC,2026-07-14,Earnings Release,"2.02,7.01,9.01",FORM 8-K,https://www.sec.gov/Archives/edgar/data/72971/000007297126000288/wfc-20260714.htm
WFC,2026-05-20,8-K: Other Material Event,9.01,8-K,https://www.sec.gov/Archives/edgar/data/72971/000119312526232818/d140428d8k.htm
WFC,2026-04-30,Executive/Board Change,"5.02,5.07,9.01",FORM 8-K,https://www.sec.gov/Archives/edgar/data/72971/000007297126000227/wfc-20260428.htm
WFC,2026-04-14,Earnings Release,"2.02,7.01,9.01",FORM 8-K,https://www.sec.gov/Archives/edgar/data/72971/000007297126000213/wfc-20260414.htm
WFC,2026-03-18,Bylaws/Fiscal Year Change,"5.03,9.01",8-K,https://www.sec.gov/Archives/edgar/data/72971/000119312526113964/d32842d8k.htm
WFC,2026-03-17,Bylaws/Fiscal Year Change,"5.03,9.01",8-K,https://www.sec.gov/Archives/edgar/data/72971/000119312526110792/d246307d8k.htm
WFC,2026-02-25,Other Material Event,"8.01,9.01",8-K,https://www.sec.gov/Archives/edgar/data/72971/000119312526068647/d116246d8k.htm
WHR,2026-08-03,Earnings Release,"2.02,9.01",8-K,https://www.sec.gov/Archives/edgar/data/106640/000010664026000056/whr-20260803.htm
WHR,2026-07-01,8-K: Other Material Event,2.05,8-K,https://www.sec.gov/Archives/edgar/data/106640/000010664026000052/whr-20260701.htm
WHR,2026-06-18,Material Agreement,"1.01,3.03,8.01,9.01",8-K,https://www.sec.gov/Archives/edgar/data/106640/000119312526275891/d167057d8k.htm
WHR,2026-06-16,Material Agreement,"1.01,2.03,8.01,9.01",8-K,https://www.sec.gov/Archives/edgar/data/106640/000119312526272923/d144434d8k.htm
WHR,2026-06-02,Other Material Event,"8.01,9.01",8-K,https://www.sec.gov/Archives/edgar/data/106640/000119312526253896/d30459d8k.htm
WHR,2026-06-01,Other Material Event,"8.01,9.01",8-K,https://www.sec.gov/Archives/edgar/data/106640/000119312526250029/d113123d8k.htm
WHR,2026-05-06,Earnings Release,"2.02,9.01",8-K,https://www.sec.gov/Archives/edgar/data/106640/000010664026000031/whr-20260506.htm
WHR,2026-04-24,8-K: Other Material Event,5.07,8-K,https://www.sec.gov/Archives/edgar/data/106640/000010664026000027/whr-20260424.htm
WM,2026-07-28,Earnings Release,"2.02,9.01",FORM 8-K,https://www.sec.gov/Archives/edgar/data/823768/000110465926087575/tm2621414d1_8k.htm
WM,2026-05-14,8-K: Other Material Event,"5.07,9.01",FORM 8-K,https://www.sec.gov/Archives/edgar/data/823768/000110465926060755/tm2614440d2_8k.htm
WM,2026-05-13,Executive/Board Change,"5.02,9.01",FORM 8-K,https://www.sec.gov/Archives/edgar/data/823768/000110465926059860/tm2614440d1_8k.htm
WM,2026-04-28,Earnings Release,"2.02,9.01",FORM 8-K,https://www.sec.gov/Archives/edgar/data/823768/000110465926050425/tm2612889d1_8k.htm
WM,2026-03-25,Material Agreement,"1.01,9.01",FORM 8-K,https://www.sec.gov/Archives/edgar/data/823768/000110465926034537/tm269616d1_8k.htm
WM,2026-03-13,Executive/Board Change,"5.02,9.01",FORM 8-K,https://www.sec.gov/Archives/edgar/data/823768/000110465926027703/tm268718d1_8k.htm
WM,2026-03-06,Executive/Board Change,"5.02,9.01",FORM 8-K,https://www.sec.gov/Archives/edgar/data/823768/000110465926024739/tm268015d1_8k.htm
WMT,2026-08-20,Earnings Release,"2.02,9.01",8-K,https://www.sec.gov/Archives/edgar/data/104169/000010416926000145/wmt-20260820.htm
WMT,2026-06-05,Bylaws/Fiscal Year Change,"5.03,5.07,9.01",8-K,https://www.sec.gov/Archives/edgar/data/104169/000010416926000111/wmt-20260604.htm
WMT,2026-05-21,Earnings Release,"2.02,9.01",8-K,https://www.sec.gov/Archives/edgar/data/104169/000010416926000095/wmt-20260521.htm
WMT,2026-04-30,Other Material Event,"8.01,9.01",8-K,https://www.sec.gov/Archives/edgar/data/104169/000119312526194086/d131601d8k.htm
WMT,2026-03-27,Other Material Event,8.01,8-K,https://www.sec.gov/Archives/edgar/data/104169/000010416926000067/wmt-20260327.htm
WMT,2026-03-13,Other Material Event,8.01,8-K,https://www.sec.gov/Archives/edgar/data/104169/000010416926000057/wmt-20260310.htm
WRBY,2026-08-06,Earnings Release,"2.02,9.01",8-K,https://www.sec.gov/Archives/edgar/data/1504776/000150477626000015/wrby-20260806.htm
WRBY,2026-06-12,8-K: Other Material Event,5.07,8-K,https://www.sec.gov/Archives/edgar/data/1504776/000150477626000013/wrby-20260608.htm
WRBY,2026-05-07,Earnings Release,"2.02,9.01",8-K,https://www.sec.gov/Archives/edgar/data/1504776/000150477626000009/wrby-20260507.htm
WRBY,2026-02-26,Earnings Release,"2.02,8.01,9.01",8-K,https://www.sec.gov/Archives/edgar/data/1504776/000150477626000003/wrby-20260226.htm
WULF,2026-08-05,Earnings Release,"2.02,7.01,9.01",8-K,https://www.sec.gov/Archives/edgar/data/1083301/000108330126000162/wulf-20260805.htm
WULF,2026-07-06,Other Material Event,"8.01,9.01",FORM 8-K,https://www.sec.gov/Archives/edgar/data/1083301/000110465926080583/tm2619468d1_8k.htm
WULF,2026-06-10,8-K: Other Material Event,5.07,8-K,https://www.sec.gov/Archives/edgar/data/1083301/000108330126000115/wulf-20260609.htm
WULF,2026-05-26,Other Material Event,"8.01,9.01",8-K,https://www.sec.gov/Archives/edgar/data/1083301/000108330126000109/wulf-20260522.htm
WULF,2026-05-08,Earnings Release,"2.02,7.01,9.01",8-K,https://www.sec.gov/Archives/edgar/data/1083301/000108330126000083/wulf-20260508.htm
WULF,2026-04-16,Material Agreement,"1.01,8.01,9.01",FORM 8-K,https://www.sec.gov/Archives/edgar/data/1083301/000110465926044387/tm2611661d9_8k.htm
WULF,2026-04-15,Investor Presentation / Reg FD Disclosure,"7.01,9.01",FORM 8-K,https://www.sec.gov/Archives/edgar/data/1083301/000110465926043402/tm2611661d5_8k.htm
WULF,2026-04-14,Earnings Release,"2.02,7.01,8.01,9.01",FORM 8-K,https://www.sec.gov/Archives/edgar/data/1083301/000110465926043279/tm2611661d4_8k.htm
WYFI,2026-08-17,Material Agreement,"1.01,7.01,9.01",CURRENT REPORT,https://www.sec.gov/Archives/edgar/data/2042022/000121390026090492/ea0302334-8k_whitefiber.htm
WYFI,2026-08-03,Executive/Board Change,"5.02,7.01,9.01",CURRENT REPORT,https://www.sec.gov/Archives/edgar/data/2042022/000121390026084223/ea0299775-8k_whitefiber.htm
WYFI,2026-06-10,Investor Presentation / Reg FD Disclosure,"7.01,9.01",CURRENT REPORT,https://www.sec.gov/Archives/edgar/data/2042022/000121390026067329/ea0294306-8k_whitefiber.htm
WYFI,2026-05-27,Material Agreement,"1.01,2.03,7.01,9.01",CURRENT REPORT,https://www.sec.gov/Archives/edgar/data/2042022/000121390026061575/ea0292280-8k_white.htm
WYFI,2026-05-21,Investor Presentation / Reg FD Disclosure,"7.01,9.01",CURRENT REPORT,https://www.sec.gov/Archives/edgar/data/2042022/000121390026060135/ea0291876-8k_white.htm
WYNN,2026-08-04,Earnings Release,"2.02,7.01,8.01,9.01",8-K,https://www.sec.gov/Archives/edgar/data/1174922/000117492226000051/wynn-20260804.htm
WYNN,2026-07-22,Material Agreement,"1.01,7.01,9.01",8-K,https://www.sec.gov/Archives/edgar/data/1174922/000117492226000047/wynn-20260721.htm
WYNN,2026-05-08,8-K: Other Material Event,5.07,8-K,https://www.sec.gov/Archives/edgar/data/1174922/000117492226000037/wynn-20260506.htm
WYNN,2026-05-07,Earnings Release,"2.02,7.01,8.01,9.01",8-K,https://www.sec.gov/Archives/edgar/data/1174922/000117492226000034/wynn-20260507.htm
WYNN,2026-04-30,Investor Presentation / Reg FD Disclosure,"7.01,9.01",8-K,https://www.sec.gov/Archives/edgar/data/1174922/000117492226000027/wynn-20260428.htm
WYNN,2026-03-11,Other Material Event,"8.01,9.01",8-K,https://www.sec.gov/Archives/edgar/data/1174922/000117492226000017/wynn-20260311.htm
XOM,2026-07-31,Earnings Release,"2.02,7.01",FORM 8-K,https://www.sec.gov/Archives/edgar/data/2115436/000211543626000006/xom-20260731.htm
XOM,2026-07-07,Investor Presentation / Reg FD Disclosure,7.01,FORM 8-K,https://www.sec.gov/Archives/edgar/data/2115436/000211543626000003/xom-20260707.htm
XRX,2026-07-30,Earnings Release,"2.02,9.01",8-K,https://www.sec.gov/Archives/edgar/data/1770450/000177045026000034/xrx-20260730.htm
XRX,2026-07-02,Executive/Board Change,"5.02,9.01",8-K,https://www.sec.gov/Archives/edgar/data/1770450/000119312526294480/d111689d8k.htm
XRX,2026-05-27,Executive/Board Change,"5.02,5.07,9.01",8-K,https://www.sec.gov/Archives/edgar/data/1770450/000119312526241888/d152056d8k.htm
XRX,2026-04-30,Earnings Release,"2.02,9.01",8-K,https://www.sec.gov/Archives/edgar/data/1770450/000177045026000025/xrx-20260430.htm
XRX,2026-04-02,Executive/Board Change,"5.02,7.01,9.01",8-K,https://www.sec.gov/Archives/edgar/data/1770450/000119312526140584/d40139d8k.htm
XYZ,2026-08-05,Earnings Release,"2.02,9.01",8-K,https://www.sec.gov/Archives/edgar/data/1512673/000119312526335117/d91486d8k.htm
XYZ,2026-06-18,8-K: Other Material Event,5.07,8-K,https://www.sec.gov/Archives/edgar/data/1512673/000119312526275869/d55271d8k.htm
XYZ,2026-06-05,Executive/Board Change,5.02,8-K,https://www.sec.gov/Archives/edgar/data/1512673/000119312526259540/d140803d8k.htm
XYZ,2026-05-07,Earnings Release,"2.02,9.01",8-K,https://www.sec.gov/Archives/edgar/data/1512673/000119312526212032/d132441d8k.htm
XYZ,2026-05-04,Executive/Board Change,5.02,8-K,https://www.sec.gov/Archives/edgar/data/1512673/000119312526204101/d112286d8k.htm
XYZ,2026-02-26,Earnings Release,"2.02,2.05,9.01",8-K,https://www.sec.gov/Archives/edgar/data/1512673/000119312526076557/d108590d8k.htm
Z,2026-08-05,Earnings Release,"2.02,5.02,9.01",8-K,https://www.sec.gov/Archives/edgar/data/1617640/000161764026000050/z-20260804.htm
Z,2026-06-03,Other Material Event,"5.07,8.01",8-K,https://www.sec.gov/Archives/edgar/data/1617640/000161764026000042/z-20260602.htm
Z,2026-05-06,Earnings Release,"2.02,9.01",8-K,https://www.sec.gov/Archives/edgar/data/1617640/000161764026000038/z-20260506.htm
Z,2026-03-05,Investor Presentation / Reg FD Disclosure,"7.01,8.01,9.01",8-K,https://www.sec.gov/Archives/edgar/data/1617640/000161764026000021/z-20260304.htm
ZM,2026-07-28,Executive/Board Change,5.02,8-K,https://www.sec.gov/Archives/edgar/data/1585521/000162828026050155/zm-20260727.htm
ZM,2026-06-15,8-K: Other Material Event,5.07,8-K,https://www.sec.gov/Archives/edgar/data/1585521/000162828026043169/zm-20260611.htm
ZM,2026-05-21,Earnings Release,"2.02,9.01",8-K,https://www.sec.gov/Archives/edgar/data/1585521/000158552126000069/zm-20260521.htm
ZM,2026-04-02,Executive/Board Change,5.02,8-K,https://www.sec.gov/Archives/edgar/data/1585521/000162828026023131/zm-20260330.htm
ZM,2026-02-25,Earnings Release,"2.02,9.01",8-K,https://www.sec.gov/Archives/edgar/data/1585521/000158552126000026/zm-20260225.htm
ZS,2026-05-26,Earnings Release,"2.02,9.01",8-K,https://www.sec.gov/Archives/edgar/data/1713683/000171368326000095/zs-20260526.htm
ZS,2026-04-16,Executive/Board Change,5.02,8-K,https://www.sec.gov/Archives/edgar/data/1713683/000171368326000082/zs-20260415.htm
ZS,2026-02-26,Earnings Release,"2.02,9.01",8-K,https://www.sec.gov/Archives/edgar/data/1713683/000171368326000047/zs-20260226.htm
